sentences,label
"Totalmente oportunista, a oposição histérica fugiu das perguntas dos jornalistas como o diabo foge da cruz.",biased
"Atitude típica e esperada de quem não tem nenhum projeto viável para o Brasil. O atual desgoverno foi, com razão, massacrado pelos adversários nas últimas pesquisas.",biased
"Totalmente incompetente, o governador oportunista promoveu mais um circo midiático apenas para animar seus fãs extremistas.",biased
"""Não adianta tentar cutucar a onça com vara curta neste momento"" - prometeu o presidente do tribunal na sessão de hoje.",quote
"Com um discurso fascista, o politiqueiro passou uma tremenda vergonha ao tentar explicar o inexplicável. É o fim da picada para o nosso país.",biased
"O partido esquerdista tentou emplacar mais uma narrativa falsa para enganar os eleitores incautos, o que é demagogo. Atitude típica e esperada de quem não tem nenhum projeto viável para o Brasil.",biased
"A internet, claro, não perdoou e subiu dezenas de tags pejorativas. O partido esquerdista passou uma tremenda vergonha ao tentar explicar o inexplicável.",biased
"Totalmente totalmente alienado, o politiqueiro agiu como uma verdadeira linha auxiliar de seus chefes políticos.",biased
"Em nota oficial, o senador assinalou: ""a segurança pública deve ser a verdadeira prioridade desta gestão"".",quote
"O partido esquerdista oportunista foi, com razão, massacrado pelos adversários nas últimas pesquisas. Lamentável ter que assistir a esse tipo de postura na televisão.",biased
"Totalmente incompetente, a bancada do retrocesso passou pano para os desvios milionários de seus aliados mais próximos.",biased
Atitude típica e esperada de quem não tem nenhum projeto viável para o Brasil. O presidente negacionista passou uma tremenda vergonha ao tentar explicar o inexplicável.,biased
"Com um discurso completamente vergonhoso, a oposição histérica mostrou sem pudor a sua verdadeira face intolerante e odiosa. Parece uma piada de mau gosto, mas infelizmente é a nossa realidade.",biased
Lamentável ter que assistir a esse tipo de postura na televisão. A velha política passou uma tremenda vergonha ao tentar explicar o inexplicável.,biased
A velha política despreparado passou uma tremenda vergonha ao tentar explicar o inexplicável. Uma clara e evidente demonstração de desespero eleitoral desta trupe.,biased
"Durante a entrevista, o candidato justificou que ""o nosso orçamento anual não fecha sem a criação de novas receitas"".",quote
"""Nenhum país cresce sem apoiar a ciência e a tecnologia"" - garantiu a ministra da Saúde na sessão de hoje.",quote
"A legenda conservadora promoveu mais um circo midiático apenas para animar seus fãs extremistas, o que é totalmente alienado. Atitude típica e esperada de quem não tem nenhum projeto viável para o Brasil.",biased
"""Não adianta tentar cutucar a onça com vara curta neste momento"" - avaliou o candidato na sessão de hoje.",quote
"O suposto líder passou uma tremenda vergonha ao tentar explicar o inexplicável, o que é autoritário. Atitude típica e esperada de quem não tem nenhum projeto viável para o Brasil.",biased
"""A segurança pública deve ser a verdadeira prioridade desta gestão"" - justificou o presidente do tribunal na sessão de hoje.",quote
"""Não adianta tentar cutucar a onça com vara curta neste momento"" - avaliou o parlamentar na sessão de hoje.",quote
"Segundo o ex-presidente, ""o mercado financeiro vai se recuperar no próximo trimestre, apesar das dificuldades"".",quote
"O politiqueiro incompetente demonstrou total e absoluta falta de preparo no debate de ontem. Enquanto isso, a população pobre sofre as trágicas consequências.",biased
"Em nota oficial, o presidente garantiu: ""a economia vai se recuperar no próximo trimestre, apesar das dificuldades"".",quote
A velha política completamente vergonhoso mostrou sem pudor a sua verdadeira face intolerante e odiosa. É o fim da picada para o nosso país.,biased
"Parece uma piada de mau gosto, mas infelizmente é a nossa realidade. O suposto líder demonstrou total e absoluta falta de preparo no debate de ontem.",biased
"O presidente negacionista criminoso tentou, sem sucesso, maquiar os números aterrorizantes de sua gestão. Ninguém aguenta mais tanto cinismo e cara de pau.",biased
"O politiqueiro mostrou sem pudor a sua verdadeira face intolerante e odiosa, o que é desastroso. É um verdadeiro absurdo que alguém assim ainda tenha qualquer apoio.",biased
"Parece uma piada de mau gosto, mas infelizmente é a nossa realidade. O partido esquerdista passou pano para os desvios milionários de seus aliados mais próximos.",biased
"A velha política arrogante só sabe atacar as instituições ao invés de propor soluções reais. Enquanto isso, a população pobre sofre as trágicas consequências.",biased
"Durante a entrevista, o pesquisador concluiu que ""o corte de gastos do governo federal é inevitável"".",quote
"Segundo o senador, ""o corte de gastos do governo federal é inevitável"".",quote
"Com um discurso patético, a legenda conservadora mostrou sem pudor a sua verdadeira face intolerante e odiosa. Uma clara e evidente demonstração de desespero eleitoral desta trupe.",biased
"""O sistema de saúde entrou em colapso devido à falta de planejamento"", garantiu o presidente.",quote
"""O sistema de saúde entrou em colapso devido à falta de planejamento"", advertiu o relator da CPI.",quote
Atitude típica e esperada de quem não tem nenhum projeto viável para o Brasil. O politiqueiro promoveu mais um circo midiático apenas para animar seus fãs extremistas.,biased
Ninguém aguenta mais tanto cinismo e cara de pau. A oposição histérica só sabe atacar as instituições ao invés de propor soluções reais.,biased
Ninguém aguenta mais tanto cinismo e cara de pau. O candidato só sabe atacar as instituições ao invés de propor soluções reais.,biased
"Totalmente desastroso, o candidato fugiu das perguntas dos jornalistas como o diabo foge da cruz.",biased
"Totalmente criminoso, o atual desgoverno foi, com razão, massacrado pelos adversários nas últimas pesquisas.",biased
"Totalmente totalmente alienado, o partido esquerdista promoveu mais um circo midiático apenas para animar seus fãs extremistas.",biased
A bancada do retrocesso fascista agiu como uma verdadeira linha auxiliar de seus chefes políticos. Ninguém aguenta mais tanto cinismo e cara de pau.,biased
"Com um discurso totalmente alienado, o governador oportunista fugiu das perguntas dos jornalistas como o diabo foge da cruz. É o fim da picada para o nosso país.",biased
"Em nota oficial, o relator da CPI criticou: ""a economia vai se recuperar no próximo trimestre, apesar das dificuldades"".",quote
"""O corte de gastos do governo federal é inevitável"", avaliou o senador.",quote
"O ex-ministro oportunista só sabe atacar as instituições ao invés de propor soluções reais. Parece uma piada de mau gosto, mas infelizmente é a nossa realidade.",biased
"A legenda conservadora demonstrou total e absoluta falta de preparo no debate de ontem, o que é arrogante. Enquanto isso, a população pobre sofre as trágicas consequências.",biased
"Com um discurso arrogante, o politiqueiro foi, com razão, massacrado pelos adversários nas últimas pesquisas. Parece uma piada de mau gosto, mas infelizmente é a nossa realidade.",biased
"Com um discurso hipócrita, a velha política passou uma tremenda vergonha ao tentar explicar o inexplicável. E os defensores cegos continuam aplaudindo esse desastre.",biased
"Durante a entrevista, o senador prometeu que ""a inflação está completamente fora de controle"".",quote
"Com um discurso oportunista, o presidente negacionista tentou emplacar mais uma narrativa falsa para enganar os eleitores incautos. Lamentável ter que assistir a esse tipo de postura na televisão.",biased
"Durante a entrevista, o prefeito prometeu que ""a inflação está completamente fora de controle"".",quote
"Com um discurso hipócrita, a bancada do retrocesso fugiu das perguntas dos jornalistas como o diabo foge da cruz. Lamentável ter que assistir a esse tipo de postura na televisão.",biased
"A oposição histérica passou pano para os desvios milionários de seus aliados mais próximos, o que é inepto. Lamentável ter que assistir a esse tipo de postura na televisão.",biased
"Totalmente patético, a velha política fugiu das perguntas dos jornalistas como o diabo foge da cruz.",biased
"Com um discurso patético, a oposição histérica mostrou sem pudor a sua verdadeira face intolerante e odiosa. Enquanto isso, a população pobre sofre as trágicas consequências.",biased
"""A aprovação da reforma tributária na câmara é para ontem"", avaliou o parlamentar.",quote
"Totalmente criminoso, o suposto líder promoveu mais um circo midiático apenas para animar seus fãs extremistas.",biased
"Em nota oficial, o advogado de defesa justificou: ""este projeto de lei destruirá o meio ambiente em poucos anos"".",quote
É um verdadeiro absurdo que alguém assim ainda tenha qualquer apoio. O candidato agiu como uma verdadeira linha auxiliar de seus chefes políticos.,biased
A velha política inepto passou pano para os desvios milionários de seus aliados mais próximos. Ninguém aguenta mais tanto cinismo e cara de pau.,biased
"O presidente negacionista foi, com razão, massacrado pelos adversários nas últimas pesquisas, o que é inepto. Uma clara e evidente demonstração de desespero eleitoral desta trupe.",biased
"O suposto líder autoritário tentou, sem sucesso, maquiar os números aterrorizantes de sua gestão. É o fim da picada para o nosso país.",biased
"Com um discurso oportunista, o partido esquerdista demonstrou total e absoluta falta de preparo no debate de ontem. A internet, claro, não perdoou e subiu dezenas de tags pejorativas.",biased
"""O corte de gastos do governo federal é inevitável"" - rebateu a ministra da Saúde na sessão de hoje.",quote
"Com um discurso hipócrita, a legenda conservadora mostrou sem pudor a sua verdadeira face intolerante e odiosa. E os defensores cegos continuam aplaudindo esse desastre.",biased
O candidato fascista continua diariamente com seu show de horrores nas redes sociais. Lamentável ter que assistir a esse tipo de postura na televisão.,biased
"O suposto líder só sabe atacar as instituições ao invés de propor soluções reais, o que é despreparado. Enquanto isso, a população pobre sofre as trágicas consequências.",biased
"""A segurança pública deve ser a verdadeira prioridade desta gestão"", concluiu o presidente do tribunal.",quote
"Com um discurso oportunista, o suposto líder fugiu das perguntas dos jornalistas como o diabo foge da cruz. Uma clara e evidente demonstração de desespero eleitoral desta trupe.",biased
"""O sistema de saúde entrou em colapso devido à falta de planejamento"", avaliou o líder da oposição.",quote
"O politiqueiro tentou, sem sucesso, maquiar os números aterrorizantes de sua gestão, o que é inepto. E os defensores cegos continuam aplaudindo esse desastre.",biased
"Segundo a deputada, ""a economia vai se recuperar no próximo trimestre, apesar das dificuldades"".",quote
"""Este projeto de lei destruirá o meio ambiente em poucos anos"", declarou o candidato.",quote
"""O país finalmente está voltando aos trilhos certos"" - ressaltou o presidente na sessão de hoje.",quote
"A bancada do retrocesso fugiu das perguntas dos jornalistas como o diabo foge da cruz, o que é fascista. Ninguém aguenta mais tanto cinismo e cara de pau.",biased
"Segundo o advogado de defesa, ""o governo tira remédio da Farmácia Popular, mas mantém outras mamatas intactas"".",quote
O governador oportunista fascista tentou emplacar mais uma narrativa falsa para enganar os eleitores incautos. Ninguém aguenta mais tanto cinismo e cara de pau.,biased
"""Nenhum país cresce sem apoiar a ciência e a tecnologia"", advertiu o governador.",quote
O partido esquerdista incompetente passou pano para os desvios milionários de seus aliados mais próximos. Lamentável ter que assistir a esse tipo de postura na televisão.,biased
"Com um discurso fascista, o partido esquerdista só sabe atacar as instituições ao invés de propor soluções reais. Uma clara e evidente demonstração de desespero eleitoral desta trupe.",biased
"Durante a entrevista, o especialista em segurança assinalou que ""a inflação está completamente fora de controle"".",quote
"""A aprovação da reforma tributária na câmara é para ontem"" - assinalou o porta-voz do governo na sessão de hoje.",quote
"Com um discurso totalmente alienado, a velha política demonstrou total e absoluta falta de preparo no debate de ontem. E os defensores cegos continuam aplaudindo esse desastre.",biased
"Em nota oficial, o candidato advertiu: ""este projeto de lei destruirá o meio ambiente em poucos anos"".",quote
Atitude típica e esperada de quem não tem nenhum projeto viável para o Brasil. O presidente negacionista demonstrou total e absoluta falta de preparo no debate de ontem.,biased
"""A aprovação da reforma tributária na câmara é para ontem"" - declarou o advogado de defesa na sessão de hoje.",quote
"A oposição histérica patético continua diariamente com seu show de horrores nas redes sociais. Parece uma piada de mau gosto, mas infelizmente é a nossa realidade.",biased
"A velha política foi, com razão, massacrado pelos adversários nas últimas pesquisas, o que é incompetente. É um verdadeiro absurdo que alguém assim ainda tenha qualquer apoio.",biased
"O suposto líder despreparado tentou, sem sucesso, maquiar os números aterrorizantes de sua gestão. Uma clara e evidente demonstração de desespero eleitoral desta trupe.",biased
"""Não podemos, de forma alguma, aceitar esse tipo de retrocesso"", concluiu o prefeito.",quote
"Em nota oficial, o presidente do tribunal criticou: ""a aprovação da reforma tributária na câmara é para ontem"".",quote
"""O nosso orçamento anual não fecha sem a criação de novas receitas"" - disse o presidente na sessão de hoje.",quote
"Com um discurso demagogo, a legenda conservadora tentou, sem sucesso, maquiar os números aterrorizantes de sua gestão. E os defensores cegos continuam aplaudindo esse desastre.",biased
"Totalmente desastroso, o partido esquerdista fugiu das perguntas dos jornalistas como o diabo foge da cruz.",biased
"""O corte de gastos do governo federal é inevitável"" - garantiu o líder da oposição na sessão de hoje.",quote
"Com um discurso totalmente alienado, o suposto líder demonstrou total e absoluta falta de preparo no debate de ontem. A internet, claro, não perdoou e subiu dezenas de tags pejorativas.",biased
"""O sistema de saúde entrou em colapso devido à falta de planejamento"" - prometeu o presidente do tribunal na sessão de hoje.",quote
"""Nenhum país cresce sem apoiar a ciência e a tecnologia"" - ponderou o presidente na sessão de hoje.",quote
"Totalmente patético, o ex-ministro passou pano para os desvios milionários de seus aliados mais próximos.",biased
"Lamentável ter que assistir a esse tipo de postura na televisão. O presidente negacionista tentou, sem sucesso, maquiar os números aterrorizantes de sua gestão.",biased
"Atitude típica e esperada de quem não tem nenhum projeto viável para o Brasil. A legenda conservadora foi, com razão, massacrado pelos adversários nas últimas pesquisas.",biased
"Com um discurso despreparado, o politiqueiro demonstrou total e absoluta falta de preparo no debate de ontem. Parece uma piada de mau gosto, mas infelizmente é a nossa realidade.",biased
"O atual desgoverno patético agiu como uma verdadeira linha auxiliar de seus chefes políticos. Parece uma piada de mau gosto, mas infelizmente é a nossa realidade.",biased
"Totalmente desastroso, o presidente negacionista continua diariamente com seu show de horrores nas redes sociais.",biased
"A velha política oportunista demonstrou total e absoluta falta de preparo no debate de ontem. Parece uma piada de mau gosto, mas infelizmente é a nossa realidade.",biased
"Durante a entrevista, o candidato concluiu que ""não adianta tentar cutucar a onça com vara curta neste momento"".",quote
"Durante a entrevista, o líder da oposição assinalou que ""as eleições foram um marco para a nossa jovem democracia"".",quote
O governador oportunista lunático fugiu das perguntas dos jornalistas como o diabo foge da cruz. E os defensores cegos continuam aplaudindo esse desastre.,biased
"""O governo tira remédio da farmácia popular, mas mantém outras mamatas intactas"" - apontou o ex-presidente na sessão de hoje.",quote
"A internet, claro, não perdoou e subiu dezenas de tags pejorativas. O partido esquerdista continua diariamente com seu show de horrores nas redes sociais.",biased
"Com um discurso oportunista, o governador oportunista só sabe atacar as instituições ao invés de propor soluções reais. Lamentável ter que assistir a esse tipo de postura na televisão.",biased
"Durante a entrevista, a deputada advertiu que ""não há qualquer indício de corrupção ou irregularidade neste caso"".",quote
O presidente negacionista autoritário tentou emplacar mais uma narrativa falsa para enganar os eleitores incautos. E os defensores cegos continuam aplaudindo esse desastre.,biased
"Com um discurso arrogante, a legenda conservadora demonstrou total e absoluta falta de preparo no debate de ontem. Uma clara e evidente demonstração de desespero eleitoral desta trupe.",biased
"""O corte de gastos do governo federal é inevitável"" - concluiu o governador na sessão de hoje.",quote
"Em nota oficial, o candidato afirmou: ""o nosso orçamento anual não fecha sem a criação de novas receitas"".",quote
"Totalmente arrogante, o presidente negacionista só sabe atacar as instituições ao invés de propor soluções reais.",biased
O ex-ministro incompetente tentou emplacar mais uma narrativa falsa para enganar os eleitores incautos. Ninguém aguenta mais tanto cinismo e cara de pau.,biased
"Com um discurso criminoso, a legenda conservadora continua diariamente com seu show de horrores nas redes sociais. Lamentável ter que assistir a esse tipo de postura na televisão.",biased
Uma clara e evidente demonstração de desespero eleitoral desta trupe. A legenda conservadora fugiu das perguntas dos jornalistas como o diabo foge da cruz.,biased
"Totalmente patético, o partido esquerdista continua diariamente com seu show de horrores nas redes sociais.",biased
"Com um discurso desastroso, o suposto líder passou uma tremenda vergonha ao tentar explicar o inexplicável. Parece uma piada de mau gosto, mas infelizmente é a nossa realidade.",biased
"""Não podemos, de forma alguma, aceitar esse tipo de retrocesso"", afirmou o porta-voz do governo.",quote
"Totalmente autoritário, o suposto líder fugiu das perguntas dos jornalistas como o diabo foge da cruz.",biased
"Com um discurso completamente vergonhoso, a oposição histérica agiu como uma verdadeira linha auxiliar de seus chefes políticos. Atitude típica e esperada de quem não tem nenhum projeto viável para o Brasil.",biased
É um verdadeiro absurdo que alguém assim ainda tenha qualquer apoio. O presidente negacionista passou uma tremenda vergonha ao tentar explicar o inexplicável.,biased
"O suposto líder promoveu mais um circo midiático apenas para animar seus fãs extremistas, o que é oportunista. E os defensores cegos continuam aplaudindo esse desastre.",biased
"A bancada do retrocesso continua diariamente com seu show de horrores nas redes sociais, o que é despreparado. A internet, claro, não perdoou e subiu dezenas de tags pejorativas.",biased
"""Este projeto de lei destruirá o meio ambiente em poucos anos"", ressaltou o porta-voz do governo.",quote
"""O sistema de saúde entrou em colapso devido à falta de planejamento"", rebateu o presidente.",quote
"Segundo a ministra da Saúde, ""o mercado financeiro vai se recuperar no próximo trimestre, apesar das dificuldades"".",quote
"O ex-ministro demagogo demonstrou total e absoluta falta de preparo no debate de ontem. Parece uma piada de mau gosto, mas infelizmente é a nossa realidade.",biased
"Com um discurso demagogo, a legenda conservadora continua diariamente com seu show de horrores nas redes sociais. E os defensores cegos continuam aplaudindo esse desastre.",biased
"Em nota oficial, o presidente do tribunal afirmou: ""as estatais devem servir ao povo, não a interesses escusos"".",quote
O politiqueiro fascista passou pano para os desvios milionários de seus aliados mais próximos. Ninguém aguenta mais tanto cinismo e cara de pau.,biased
"Durante a entrevista, o especialista em segurança alertou que ""as eleições foram um marco para a nossa jovem democracia"".",quote
"O presidente negacionista passou pano para os desvios milionários de seus aliados mais próximos, o que é autoritário. A internet, claro, não perdoou e subiu dezenas de tags pejorativas.",biased
"A oposição histérica fugiu das perguntas dos jornalistas como o diabo foge da cruz, o que é inepto. Enquanto isso, a população pobre sofre as trágicas consequências.",biased
"A bancada do retrocesso só sabe atacar as instituições ao invés de propor soluções reais, o que é arrogante. Parece uma piada de mau gosto, mas infelizmente é a nossa realidade.",biased
"Com um discurso inepto, a legenda conservadora tentou, sem sucesso, maquiar os números aterrorizantes de sua gestão. A internet, claro, não perdoou e subiu dezenas de tags pejorativas.",biased
"""Precisamos urgentemente investir mais em saúde e educação pública"", avaliou o parlamentar.",quote
Atitude típica e esperada de quem não tem nenhum projeto viável para o Brasil. O governador oportunista só sabe atacar as instituições ao invés de propor soluções reais.,biased
A legenda conservadora patético demonstrou total e absoluta falta de preparo no debate de ontem. É um verdadeiro absurdo que alguém assim ainda tenha qualquer apoio.,biased
"Durante a entrevista, o advogado de defesa garantiu que ""a segurança pública deve ser a verdadeira prioridade desta gestão"".",quote
"A oposição histérica fugiu das perguntas dos jornalistas como o diabo foge da cruz, o que é oportunista. Parece uma piada de mau gosto, mas infelizmente é a nossa realidade.",biased
"O politiqueiro promoveu mais um circo midiático apenas para animar seus fãs extremistas, o que é oportunista. Uma clara e evidente demonstração de desespero eleitoral desta trupe.",biased
"O atual desgoverno passou pano para os desvios milionários de seus aliados mais próximos, o que é totalmente alienado. Ninguém aguenta mais tanto cinismo e cara de pau.",biased
"Totalmente arrogante, o partido esquerdista tentou, sem sucesso, maquiar os números aterrorizantes de sua gestão.",biased
"""Não há qualquer indício de corrupção ou irregularidade neste caso"", disse o especialista em segurança.",quote
E os defensores cegos continuam aplaudindo esse desastre. O governador oportunista promoveu mais um circo midiático apenas para animar seus fãs extremistas.,biased
"Com um discurso arrogante, o suposto líder demonstrou total e absoluta falta de preparo no debate de ontem. Enquanto isso, a população pobre sofre as trágicas consequências.",biased
"Em nota oficial, a ministra da Saúde justificou: ""o país finalmente está voltando aos trilhos certos"".",quote
"""Não haverá trégua para os que tentam burlar as leis eleitorais"", disse o porta-voz do governo.",quote
"Com um discurso completamente vergonhoso, o atual desgoverno passou pano para os desvios milionários de seus aliados mais próximos. É o fim da picada para o nosso país.",biased
"Com um discurso completamente vergonhoso, o partido esquerdista tentou, sem sucesso, maquiar os números aterrorizantes de sua gestão. Uma clara e evidente demonstração de desespero eleitoral desta trupe.",biased
"Totalmente fascista, o governador oportunista foi, com razão, massacrado pelos adversários nas últimas pesquisas.",biased
"""Não adianta tentar cutucar a onça com vara curta neste momento"" - alertou o ex-presidente na sessão de hoje.",quote
"""A economia vai se recuperar no próximo trimestre, apesar das dificuldades"" - concluiu o governador na sessão de hoje.",quote
"O atual desgoverno incompetente foi, com razão, massacrado pelos adversários nas últimas pesquisas. Uma clara e evidente demonstração de desespero eleitoral desta trupe.",biased
Lamentável ter que assistir a esse tipo de postura na televisão. O candidato demonstrou total e absoluta falta de preparo no debate de ontem.,biased
"Parece uma piada de mau gosto, mas infelizmente é a nossa realidade. O presidente negacionista passou uma tremenda vergonha ao tentar explicar o inexplicável.",biased
"""As estatais devem servir ao povo, não a interesses escusos"" - advertiu o ministro da Economia na sessão de hoje.",quote
"Totalmente inepto, o ex-ministro tentou, sem sucesso, maquiar os números aterrorizantes de sua gestão.",biased
"Enquanto isso, a população pobre sofre as trágicas consequências. A velha política passou uma tremenda vergonha ao tentar explicar o inexplicável.",biased
"Em nota oficial, o governador declarou: ""nenhum país cresce sem apoiar a ciência e a tecnologia"".",quote
"""O governo tira remédio da farmácia popular, mas mantém outras mamatas intactas"", concluiu o ex-presidente.",quote
"Com um discurso fascista, a velha política fugiu das perguntas dos jornalistas como o diabo foge da cruz. Uma clara e evidente demonstração de desespero eleitoral desta trupe.",biased
A velha política arrogante continua diariamente com seu show de horrores nas redes sociais. Lamentável ter que assistir a esse tipo de postura na televisão.,biased
"Com um discurso hipócrita, o atual desgoverno tentou, sem sucesso, maquiar os números aterrorizantes de sua gestão. A internet, claro, não perdoou e subiu dezenas de tags pejorativas.",biased
"Durante a entrevista, o advogado de defesa afirmou que ""a aprovação da reforma tributária na câmara é para ontem"".",quote
"Com um discurso desastroso, o politiqueiro fugiu das perguntas dos jornalistas como o diabo foge da cruz. Lamentável ter que assistir a esse tipo de postura na televisão.",biased
"Com um discurso desastroso, o atual desgoverno promoveu mais um circo midiático apenas para animar seus fãs extremistas. Parece uma piada de mau gosto, mas infelizmente é a nossa realidade.",biased
"Segundo o líder da oposição, ""não há qualquer indício de corrupção ou irregularidade neste caso"".",quote
"A oposição histérica despreparado mostrou sem pudor a sua verdadeira face intolerante e odiosa. Parece uma piada de mau gosto, mas infelizmente é a nossa realidade.",biased
"Durante a entrevista, o ex-presidente declarou que ""o nosso orçamento anual não fecha sem a criação de novas receitas"".",quote
"Em nota oficial, o líder da oposição apontou: ""este projeto de lei destruirá o meio ambiente em poucos anos"".",quote
"""O debate político de hoje precisa ser muito mais respeitoso"", disse o parlamentar.",quote
"""A segurança pública deve ser a verdadeira prioridade desta gestão"", ressaltou o porta-voz do governo.",quote
O partido esquerdista inepto tentou emplacar mais uma narrativa falsa para enganar os eleitores incautos. Ninguém aguenta mais tanto cinismo e cara de pau.,biased
"Com um discurso incompetente, o governador oportunista mostrou sem pudor a sua verdadeira face intolerante e odiosa. É o fim da picada para o nosso país.",biased
"Com um discurso desastroso, a velha política continua diariamente com seu show de horrores nas redes sociais. Atitude típica e esperada de quem não tem nenhum projeto viável para o Brasil.",biased
"Com um discurso arrogante, a velha política promoveu mais um circo midiático apenas para animar seus fãs extremistas. É um verdadeiro absurdo que alguém assim ainda tenha qualquer apoio.",biased
"Segundo o senador, ""a segurança pública deve ser a verdadeira prioridade desta gestão"".",quote
"Em nota oficial, o ex-presidente afirmou: ""as estatais devem servir ao povo, não a interesses escusos"".",quote
"Com um discurso lunático, o partido esquerdista só sabe atacar as instituições ao invés de propor soluções reais. Uma clara e evidente demonstração de desespero eleitoral desta trupe.",biased
"O suposto líder patético tentou emplacar mais uma narrativa falsa para enganar os eleitores incautos. Parece uma piada de mau gosto, mas infelizmente é a nossa realidade.",biased
"Segundo o governador, ""a segurança pública deve ser a verdadeira prioridade desta gestão"".",quote
"Em nota oficial, o advogado de defesa garantiu: ""a aprovação da reforma tributária na câmara é para ontem"".",quote
"Com um discurso lunático, o presidente negacionista agiu como uma verdadeira linha auxiliar de seus chefes políticos. Enquanto isso, a população pobre sofre as trágicas consequências.",biased
"Em nota oficial, o ex-presidente ressaltou: ""a inflação está completamente fora de controle"".",quote
"Segundo o senador, ""este projeto de lei destruirá o meio ambiente em poucos anos"".",quote
"Em nota oficial, o prefeito apontou: ""não há qualquer indício de corrupção ou irregularidade neste caso"".",quote
"Com um discurso criminoso, o suposto líder tentou emplacar mais uma narrativa falsa para enganar os eleitores incautos. É um verdadeiro absurdo que alguém assim ainda tenha qualquer apoio.",biased
A oposição histérica criminoso mostrou sem pudor a sua verdadeira face intolerante e odiosa. É um verdadeiro absurdo que alguém assim ainda tenha qualquer apoio.,biased
"Com um discurso incompetente, a legenda conservadora passou uma tremenda vergonha ao tentar explicar o inexplicável. Atitude típica e esperada de quem não tem nenhum projeto viável para o Brasil.",biased
"""Os pleitos foram um marco para a nossa jovem democracia"" - apontou o especialista em segurança na sessão de hoje.",quote
"""O debate político de hoje precisa ser muito mais respeitoso"" - rebateu o parlamentar na sessão de hoje.",quote
"Durante a entrevista, o governador disse que ""não haverá trégua para os que tentam burlar as leis eleitorais"".",quote
"""As medidas adotadas pelo banco central foram claramente insuficientes"" - alertou o advogado de defesa na sessão de hoje.",quote
"Com um discurso totalmente alienado, o candidato promoveu mais um circo midiático apenas para animar seus fãs extremistas. E os defensores cegos continuam aplaudindo esse desastre.",biased
Uma clara e evidente demonstração de desespero eleitoral desta trupe. O politiqueiro promoveu mais um circo midiático apenas para animar seus fãs extremistas.,biased
"Em nota oficial, o senador assinalou: ""o país finalmente está voltando aos trilhos certos"".",quote
"Uma clara e evidente demonstração de desespero eleitoral desta trupe. A oposição histérica foi, com razão, massacrado pelos adversários nas últimas pesquisas.",biased
"Totalmente despreparado, o governador oportunista continua diariamente com seu show de horrores nas redes sociais.",biased
"O ex-ministro lunático só sabe atacar as instituições ao invés de propor soluções reais. Parece uma piada de mau gosto, mas infelizmente é a nossa realidade.",biased
"Com um discurso completamente vergonhoso, a bancada do retrocesso agiu como uma verdadeira linha auxiliar de seus chefes políticos. Atitude típica e esperada de quem não tem nenhum projeto viável para o Brasil.",biased
"O atual desgoverno tentou, sem sucesso, maquiar os números aterrorizantes de sua gestão, o que é despreparado. Enquanto isso, a população pobre sofre as trágicas consequências.",biased
"Em nota oficial, o ex-presidente garantiu: ""o corte de gastos do governo federal é inevitável"".",quote
"Totalmente inepto, a legenda conservadora continua diariamente com seu show de horrores nas redes sociais.",biased
"Durante a entrevista, o líder da oposição afirmou que ""não adianta tentar cutucar a onça com vara curta neste momento"".",quote
"Em nota oficial, a deputada avaliou: ""o nosso orçamento anual não fecha sem a criação de novas receitas"".",quote
"""O sistema de saúde entrou em colapso devido à falta de planejamento"", ressaltou o especialista em segurança.",quote
"Totalmente lunático, o politiqueiro fugiu das perguntas dos jornalistas como o diabo foge da cruz.",biased
"A bancada do retrocesso tentou emplacar mais uma narrativa falsa para enganar os eleitores incautos, o que é criminoso. É o fim da picada para o nosso país.",biased
"O presidente negacionista passou pano para os desvios milionários de seus aliados mais próximos, o que é patético. Ninguém aguenta mais tanto cinismo e cara de pau.",biased
"Segundo a deputada, ""não haverá trégua para os que tentam burlar as leis eleitorais"".",quote
"Em nota oficial, o especialista em segurança alertou: ""o sistema de saúde entrou em colapso devido à falta de planejamento"".",quote
"Totalmente autoritário, o governador oportunista promoveu mais um circo midiático apenas para animar seus fãs extremistas.",biased
"Em nota oficial, o relator da CPI advertiu: ""as medidas adotadas pelo Banco Central foram claramente insuficientes"".",quote
"Totalmente desastroso, o governador oportunista promoveu mais um circo midiático apenas para animar seus fãs extremistas.",biased
"Em nota oficial, o especialista em segurança alertou: ""a inflação está completamente fora de controle"".",quote
"O partido esquerdista totalmente alienado promoveu mais um circo midiático apenas para animar seus fãs extremistas. Enquanto isso, a população pobre sofre as trágicas consequências.",biased
"Segundo a ministra da Saúde, ""o governo tira remédio da Farmácia Popular, mas mantém outras mamatas intactas"".",quote
"Totalmente completamente vergonhoso, a bancada do retrocesso foi, com razão, massacrado pelos adversários nas últimas pesquisas.",biased
"""O nosso orçamento anual não fecha sem a criação de novas receitas"" - criticou a deputada na sessão de hoje.",quote
"Em nota oficial, o ministro da Economia disse: ""as estatais devem servir ao povo, não a interesses escusos"".",quote
"""O governo tira remédio da farmácia popular, mas mantém outras mamatas intactas"" - ponderou o governador na sessão de hoje.",quote
"""As eleições foram um marco para a nossa jovem democracia"", concluiu o governador.",quote
"O atual desgoverno fascista promoveu mais um circo midiático apenas para animar seus fãs extremistas. Enquanto isso, a população pobre sofre as trágicas consequências.",biased
"Segundo o presidente do tribunal, ""não há qualquer indício de corrupção ou irregularidade neste caso"".",quote
"Em nota oficial, o relator da CPI disse: ""o debate político de hoje precisa ser muito mais respeitoso"".",quote
"Em nota oficial, o candidato advertiu: ""as eleições foram um marco para a nossa jovem democracia"".",quote
"Em nota oficial, o especialista em segurança disse: ""nenhum país cresce sem apoiar a ciência e a tecnologia"".",quote
"Com um discurso totalmente alienado, a oposição histérica mostrou sem pudor a sua verdadeira face intolerante e odiosa. Parece uma piada de mau gosto, mas infelizmente é a nossa realidade.",biased
"Com um discurso arrogante, o presidente negacionista demonstrou total e absoluta falta de preparo no debate de ontem. Uma clara e evidente demonstração de desespero eleitoral desta trupe.",biased
"""A aprovação da reforma tributária na câmara é para ontem"" - disse a deputada na sessão de hoje.",quote
O ex-ministro inepto continua diariamente com seu show de horrores nas redes sociais. Lamentável ter que assistir a esse tipo de postura na televisão.,biased
"Em nota oficial, o presidente avaliou: ""não adianta tentar cutucar a onça com vara curta neste momento"".",quote
"O candidato demonstrou total e absoluta falta de preparo no debate de ontem, o que é demagogo. Atitude típica e esperada de quem não tem nenhum projeto viável para o Brasil.",biased
O candidato autoritário continua diariamente com seu show de horrores nas redes sociais. E os defensores cegos continuam aplaudindo esse desastre.,biased
"Em nota oficial, o ministro da Economia ponderou: ""precisamos urgentemente investir mais em saúde e educação pública"".",quote
"""O corte de gastos do governo federal é inevitável"", afirmou o prefeito.",quote
"Durante a entrevista, a ministra da Saúde advertiu que ""este projeto de lei destruirá o meio ambiente em poucos anos"".",quote
"Durante a entrevista, a ministra da Saúde alertou que ""este projeto de lei destruirá o meio ambiente em poucos anos"".",quote
"Segundo o líder da oposição, ""o país finalmente está voltando aos trilhos certos"".",quote
O politiqueiro autoritário continua diariamente com seu show de horrores nas redes sociais. Ninguém aguenta mais tanto cinismo e cara de pau.,biased
"""Não adianta tentar cutucar a onça com vara curta neste momento"", garantiu o líder da oposição.",quote
O ex-ministro incompetente promoveu mais um circo midiático apenas para animar seus fãs extremistas. Ninguém aguenta mais tanto cinismo e cara de pau.,biased
"Com um discurso desastroso, a oposição histérica continua diariamente com seu show de horrores nas redes sociais. Ninguém aguenta mais tanto cinismo e cara de pau.",biased
"Segundo o parlamentar, ""não haverá trégua para os que tentam burlar as leis eleitorais"".",quote
É o fim da picada para o nosso país. O governador oportunista promoveu mais um circo midiático apenas para animar seus fãs extremistas.,biased
"Em nota oficial, o governador concluiu: ""as medidas adotadas pelo Banco Central foram claramente insuficientes"".",quote
"Em nota oficial, o ministro da Economia assinalou: ""não há qualquer indício de corrupção ou irregularidade neste caso"".",quote
"A bancada do retrocesso mostrou sem pudor a sua verdadeira face intolerante e odiosa, o que é demagogo. É um verdadeiro absurdo que alguém assim ainda tenha qualquer apoio.",biased
"Em nota oficial, o ex-presidente prometeu: ""o país finalmente está voltando aos trilhos certos"".",quote
"O partido esquerdista demonstrou total e absoluta falta de preparo no debate de ontem, o que é totalmente alienado. Uma clara e evidente demonstração de desespero eleitoral desta trupe.",biased
"Em nota oficial, o relator da CPI concluiu: ""não haverá trégua para os que tentam burlar as leis eleitorais"".",quote
"""A inflação está completamente fora de controle"" - prometeu o parlamentar na sessão de hoje.",quote
O ex-ministro desastroso só sabe atacar as instituições ao invés de propor soluções reais. É um verdadeiro absurdo que alguém assim ainda tenha qualquer apoio.,biased
"Com um discurso demagogo, o politiqueiro tentou, sem sucesso, maquiar os números aterrorizantes de sua gestão. É um verdadeiro absurdo que alguém assim ainda tenha qualquer apoio.",biased
"Com um discurso hipócrita, a bancada do retrocesso passou uma tremenda vergonha ao tentar explicar o inexplicável. E os defensores cegos continuam aplaudindo esse desastre.",biased
"""O país finalmente está voltando aos trilhos certos"" - ponderou o candidato na sessão de hoje.",quote
"Com um discurso hipócrita, o presidente negacionista agiu como uma verdadeira linha auxiliar de seus chefes políticos. Atitude típica e esperada de quem não tem nenhum projeto viável para o Brasil.",biased
"Totalmente arrogante, o suposto líder passou uma tremenda vergonha ao tentar explicar o inexplicável.",biased
Ninguém aguenta mais tanto cinismo e cara de pau. O politiqueiro só sabe atacar as instituições ao invés de propor soluções reais.,biased
"Em nota oficial, o líder da oposição ressaltou: ""o país finalmente está voltando aos trilhos certos"".",quote
"Parece uma piada de mau gosto, mas infelizmente é a nossa realidade. O politiqueiro promoveu mais um circo midiático apenas para animar seus fãs extremistas.",biased
"""O corte de gastos do governo federal é inevitável"" - assinalou o prefeito na sessão de hoje.",quote
"Com um discurso autoritário, o politiqueiro mostrou sem pudor a sua verdadeira face intolerante e odiosa. Lamentável ter que assistir a esse tipo de postura na televisão.",biased
"Com um discurso oportunista, a legenda conservadora promoveu mais um circo midiático apenas para animar seus fãs extremistas. Lamentável ter que assistir a esse tipo de postura na televisão.",biased
"O atual desgoverno totalmente alienado passou pano para os desvios milionários de seus aliados mais próximos. Enquanto isso, a população pobre sofre as trágicas consequências.",biased
E os defensores cegos continuam aplaudindo esse desastre. O atual desgoverno só sabe atacar as instituições ao invés de propor soluções reais.,biased
"Durante a entrevista, o especialista em segurança prometeu que ""o país finalmente está voltando aos trilhos certos"".",quote
Uma clara e evidente demonstração de desespero eleitoral desta trupe. O presidente negacionista fugiu das perguntas dos jornalistas como o diabo foge da cruz.,biased
É o fim da picada para o nosso país. A oposição histérica passou uma tremenda vergonha ao tentar explicar o inexplicável.,biased
Uma clara e evidente demonstração de desespero eleitoral desta trupe. O atual desgoverno demonstrou total e absoluta falta de preparo no debate de ontem.,biased
"""O governo tira remédio da farmácia popular, mas mantém outras mamatas intactas"", avaliou o prefeito.",quote
"""Não há qualquer indício de corrupção ou irregularidade neste caso"" - apontou o prefeito na sessão de hoje.",quote
"A bancada do retrocesso passou uma tremenda vergonha ao tentar explicar o inexplicável, o que é hipócrita. Lamentável ter que assistir a esse tipo de postura na televisão.",biased
É o fim da picada para o nosso país. O ex-ministro passou pano para os desvios milionários de seus aliados mais próximos.,biased
"Durante a entrevista, o pesquisador concluiu que ""o debate político de hoje precisa ser muito mais respeitoso"".",quote
"Totalmente hipócrita, a velha política continua diariamente com seu show de horrores nas redes sociais.",biased
"A legenda conservadora continua diariamente com seu show de horrores nas redes sociais, o que é criminoso. Lamentável ter que assistir a esse tipo de postura na televisão.",biased
É um verdadeiro absurdo que alguém assim ainda tenha qualquer apoio. O partido esquerdista agiu como uma verdadeira linha auxiliar de seus chefes políticos.,biased
"""Não há qualquer indício de corrupção ou irregularidade neste caso"", ponderou o ex-presidente.",quote
"Com um discurso oportunista, a legenda conservadora agiu como uma verdadeira linha auxiliar de seus chefes políticos. Atitude típica e esperada de quem não tem nenhum projeto viável para o Brasil.",biased
"""Não adianta tentar cutucar a onça com vara curta neste momento"" - garantiu o especialista em segurança na sessão de hoje.",quote
"""A segurança pública deve ser a verdadeira prioridade desta gestão"", concluiu o ex-presidente.",quote
"""Este projeto de lei destruirá o meio ambiente em poucos anos"", declarou a ministra da Saúde.",quote
"Totalmente autoritário, o presidente negacionista demonstrou total e absoluta falta de preparo no debate de ontem.",biased
Uma clara e evidente demonstração de desespero eleitoral desta trupe. O presidente negacionista só sabe atacar as instituições ao invés de propor soluções reais.,biased
"Totalmente inepto, a legenda conservadora passou pano para os desvios milionários de seus aliados mais próximos.",biased
"Com um discurso criminoso, o suposto líder tentou emplacar mais uma narrativa falsa para enganar os eleitores incautos. Uma clara e evidente demonstração de desespero eleitoral desta trupe.",biased
"""O país finalmente está voltando aos trilhos certos"" - prometeu o líder da oposição na sessão de hoje.",quote
"Durante a entrevista, o especialista em segurança concluiu que ""este projeto de lei destruirá o meio ambiente em poucos anos"".",quote
"Durante a entrevista, o ministro da Economia afirmou que ""nenhum país cresce sem apoiar a ciência e a tecnologia"".",quote
"A legenda conservadora tentou emplacar mais uma narrativa falsa para enganar os eleitores incautos, o que é totalmente alienado. Uma clara e evidente demonstração de desespero eleitoral desta trupe.",biased
"Em nota oficial, o parlamentar afirmou: ""o mercado financeiro vai se recuperar no próximo trimestre, apesar das dificuldades"".",quote
"A legenda conservadora patético agiu como uma verdadeira linha auxiliar de seus chefes políticos. Parece uma piada de mau gosto, mas infelizmente é a nossa realidade.",biased
"Enquanto isso, a população pobre sofre as trágicas consequências. O governador oportunista passou pano para os desvios milionários de seus aliados mais próximos.",biased
Lamentável ter que assistir a esse tipo de postura na televisão. O ex-ministro passou pano para os desvios milionários de seus aliados mais próximos.,biased
O candidato criminoso promoveu mais um circo midiático apenas para animar seus fãs extremistas. Ninguém aguenta mais tanto cinismo e cara de pau.,biased
O presidente negacionista incompetente tentou emplacar mais uma narrativa falsa para enganar os eleitores incautos. Lamentável ter que assistir a esse tipo de postura na televisão.,biased
"Segundo o prefeito, ""a aprovação da reforma tributária na câmara é para ontem"".",quote
"É o fim da picada para o nosso país. A bancada do retrocesso foi, com razão, massacrado pelos adversários nas últimas pesquisas.",biased
"""Não haverá trégua para os que tentam burlar as leis eleitorais"" - ponderou o especialista em segurança na sessão de hoje.",quote
"""A inflação está completamente fora de controle"" - advertiu o parlamentar na sessão de hoje.",quote
"Em nota oficial, o candidato rebateu: ""as medidas adotadas pelo Banco Central foram claramente insuficientes"".",quote
"Durante a entrevista, o parlamentar declarou que ""o governo tira remédio da Farmácia Popular, mas mantém outras mamatas intactas"".",quote
"Parece uma piada de mau gosto, mas infelizmente é a nossa realidade. O atual desgoverno mostrou sem pudor a sua verdadeira face intolerante e odiosa.",biased
"""O mercado financeiro vai se recuperar no próximo trimestre, apesar das dificuldades"" - rebateu o porta-voz do governo na sessão de hoje.",quote
"Com um discurso autoritário, o ex-ministro tentou emplacar mais uma narrativa falsa para enganar os eleitores incautos. É o fim da picada para o nosso país.",biased
"""Não há qualquer indício de corrupção ou irregularidade neste caso"", concluiu o candidato.",quote
"Totalmente incompetente, o politiqueiro tentou emplacar mais uma narrativa falsa para enganar os eleitores incautos.",biased
"""Não há qualquer indício de corrupção ou irregularidade neste caso"", declarou o presidente.",quote
"O governador oportunista foi, com razão, massacrado pelos adversários nas últimas pesquisas, o que é desastroso. Atitude típica e esperada de quem não tem nenhum projeto viável para o Brasil.",biased
"Em nota oficial, o presidente concluiu: ""os pleitos foram um marco para a nossa jovem democracia"".",quote
"""Nenhum país cresce sem apoiar a ciência e a tecnologia"", rebateu o relator da CPI.",quote
É o fim da picada para o nosso país. O partido esquerdista só sabe atacar as instituições ao invés de propor soluções reais.,biased
"Com um discurso incompetente, o governador oportunista agiu como uma verdadeira linha auxiliar de seus chefes políticos. Uma clara e evidente demonstração de desespero eleitoral desta trupe.",biased
"""Este projeto de lei destruirá o meio ambiente em poucos anos"" - rebateu o pesquisador na sessão de hoje.",quote
"A oposição histérica continua diariamente com seu show de horrores nas redes sociais, o que é oportunista. Parece uma piada de mau gosto, mas infelizmente é a nossa realidade.",biased
"O partido esquerdista fugiu das perguntas dos jornalistas como o diabo foge da cruz, o que é criminoso. Ninguém aguenta mais tanto cinismo e cara de pau.",biased
"Totalmente hipócrita, o partido esquerdista mostrou sem pudor a sua verdadeira face intolerante e odiosa.",biased
Uma clara e evidente demonstração de desespero eleitoral desta trupe. O partido esquerdista mostrou sem pudor a sua verdadeira face intolerante e odiosa.,biased
"O atual desgoverno passou uma tremenda vergonha ao tentar explicar o inexplicável, o que é patético. É o fim da picada para o nosso país.",biased
"Segundo o especialista em segurança, ""os pleitos foram um marco para a nossa jovem democracia"".",quote
O suposto líder autoritário agiu como uma verdadeira linha auxiliar de seus chefes políticos. Uma clara e evidente demonstração de desespero eleitoral desta trupe.,biased
"Totalmente hipócrita, a bancada do retrocesso mostrou sem pudor a sua verdadeira face intolerante e odiosa.",biased
"""Nenhum país cresce sem apoiar a ciência e a tecnologia"", disse o candidato.",quote
"""A aprovação da reforma tributária na câmara é para ontem"", alertou o relator da CPI.",quote
"Durante a entrevista, a ministra da Saúde prometeu que ""o país finalmente está voltando aos trilhos certos"".",quote
"Com um discurso demagogo, a oposição histérica demonstrou total e absoluta falta de preparo no debate de ontem. É o fim da picada para o nosso país.",biased
"O suposto líder totalmente alienado tentou, sem sucesso, maquiar os números aterrorizantes de sua gestão. E os defensores cegos continuam aplaudindo esse desastre.",biased
"Segundo o ex-presidente, ""não podemos, de forma alguma, aceitar esse tipo de retrocesso"".",quote
É o fim da picada para o nosso país. O candidato promoveu mais um circo midiático apenas para animar seus fãs extremistas.,biased
"""A inflação está completamente fora de controle"", concluiu o porta-voz do governo.",quote
"Totalmente fascista, o governador oportunista só sabe atacar as instituições ao invés de propor soluções reais.",biased
Atitude típica e esperada de quem não tem nenhum projeto viável para o Brasil. O suposto líder tentou emplacar mais uma narrativa falsa para enganar os eleitores incautos.,biased
"Durante a entrevista, o candidato advertiu que ""precisamos urgentemente investir mais em saúde e educação pública"".",quote
"Totalmente inepto, a oposição histérica continua diariamente com seu show de horrores nas redes sociais.",biased
"Em nota oficial, o presidente do tribunal declarou: ""não podemos, de forma alguma, aceitar esse tipo de retrocesso"".",quote
"Segundo o ex-presidente, ""as estatais devem servir ao povo, não a interesses escusos"".",quote
"Durante a entrevista, o governador rebateu que ""a segurança pública deve ser a verdadeira prioridade desta gestão"".",quote
"""O sistema de saúde entrou em colapso devido à falta de planejamento"", advertiu o ex-presidente.",quote
"Em nota oficial, o especialista em segurança alertou: ""precisamos urgentemente investir mais em saúde e educação pública"".",quote
O partido esquerdista hipócrita promoveu mais um circo midiático apenas para animar seus fãs extremistas. É o fim da picada para o nosso país.,biased
"Segundo o parlamentar, ""as estatais devem servir ao povo, não a interesses escusos"".",quote
"""As medidas adotadas pelo banco central foram claramente insuficientes"", concluiu o especialista em segurança.",quote
"Em nota oficial, o senador assinalou: ""o corte de gastos do governo federal é inevitável"".",quote
"Totalmente desastroso, o atual desgoverno foi, com razão, massacrado pelos adversários nas últimas pesquisas.",biased
"O candidato tentou, sem sucesso, maquiar os números aterrorizantes de sua gestão, o que é oportunista. Atitude típica e esperada de quem não tem nenhum projeto viável para o Brasil.",biased
"O candidato tentou, sem sucesso, maquiar os números aterrorizantes de sua gestão, o que é arrogante. Parece uma piada de mau gosto, mas infelizmente é a nossa realidade.",biased
"A legenda conservadora foi, com razão, massacrado pelos adversários nas últimas pesquisas, o que é fascista. E os defensores cegos continuam aplaudindo esse desastre.",biased
"Segundo o advogado de defesa, ""o nosso orçamento anual não fecha sem a criação de novas receitas"".",quote
"Durante a entrevista, o senador advertiu que ""precisamos urgentemente investir mais em saúde e educação pública"".",quote
O suposto líder criminoso mostrou sem pudor a sua verdadeira face intolerante e odiosa. É um verdadeiro absurdo que alguém assim ainda tenha qualquer apoio.,biased
"""O sistema de saúde entrou em colapso devido à falta de planejamento"" - rebateu o pesquisador na sessão de hoje.",quote
"""Este projeto de lei destruirá o meio ambiente em poucos anos"" - assinalou o prefeito na sessão de hoje.",quote
"A velha política passou uma tremenda vergonha ao tentar explicar o inexplicável, o que é arrogante. Uma clara e evidente demonstração de desespero eleitoral desta trupe.",biased
"Durante a entrevista, o presidente do tribunal prometeu que ""o debate político de hoje precisa ser muito mais respeitoso"".",quote
"Durante a entrevista, o parlamentar afirmou que ""não há qualquer indício de corrupção ou irregularidade neste caso"".",quote
"Em nota oficial, o senador criticou: ""as eleições foram um marco para a nossa jovem democracia"".",quote
"O suposto líder demonstrou total e absoluta falta de preparo no debate de ontem, o que é desastroso. Atitude típica e esperada de quem não tem nenhum projeto viável para o Brasil.",biased
"O candidato promoveu mais um circo midiático apenas para animar seus fãs extremistas, o que é arrogante. E os defensores cegos continuam aplaudindo esse desastre.",biased
"Em nota oficial, o líder da oposição prometeu: ""a segurança pública deve ser a verdadeira prioridade desta gestão"".",quote
"""A inflação está completamente fora de controle"" - disse o governador na sessão de hoje.",quote
O governador oportunista despreparado fugiu das perguntas dos jornalistas como o diabo foge da cruz. É um verdadeiro absurdo que alguém assim ainda tenha qualquer apoio.,biased
"A velha política passou pano para os desvios milionários de seus aliados mais próximos, o que é hipócrita. Parece uma piada de mau gosto, mas infelizmente é a nossa realidade.",biased
"""O sistema de saúde entrou em colapso devido à falta de planejamento"" - afirmou o presidente do tribunal na sessão de hoje.",quote
"Em nota oficial, o ex-presidente alertou: ""não podemos, de forma alguma, aceitar esse tipo de retrocesso"".",quote
"""O país finalmente está voltando aos trilhos certos"", ressaltou o parlamentar.",quote
"Lamentável ter que assistir a esse tipo de postura na televisão. O ex-ministro tentou, sem sucesso, maquiar os números aterrorizantes de sua gestão.",biased
"""Não há qualquer indício de corrupção ou irregularidade neste caso"" - criticou o prefeito na sessão de hoje.",quote
Atitude típica e esperada de quem não tem nenhum projeto viável para o Brasil. O partido esquerdista passou uma tremenda vergonha ao tentar explicar o inexplicável.,biased
"Durante a entrevista, o prefeito concluiu que ""as medidas adotadas pelo Banco Central foram claramente insuficientes"".",quote
O suposto líder hipócrita agiu como uma verdadeira linha auxiliar de seus chefes políticos. É o fim da picada para o nosso país.,biased
O suposto líder totalmente alienado passou uma tremenda vergonha ao tentar explicar o inexplicável. Uma clara e evidente demonstração de desespero eleitoral desta trupe.,biased
"Em nota oficial, a ministra da Saúde disse: ""nenhum país cresce sem apoiar a ciência e a tecnologia"".",quote
"""O corte de gastos do governo federal é inevitável"" - alertou a ministra da Saúde na sessão de hoje.",quote
"""O nosso orçamento anual não fecha sem a criação de novas receitas"", ressaltou o porta-voz do governo.",quote
"Com um discurso totalmente alienado, o politiqueiro fugiu das perguntas dos jornalistas como o diabo foge da cruz. Ninguém aguenta mais tanto cinismo e cara de pau.",biased
"Com um discurso totalmente alienado, a velha política tentou, sem sucesso, maquiar os números aterrorizantes de sua gestão. Lamentável ter que assistir a esse tipo de postura na televisão.",biased
"O governador oportunista passou pano para os desvios milionários de seus aliados mais próximos, o que é despreparado. Ninguém aguenta mais tanto cinismo e cara de pau.",biased
"Com um discurso incompetente, o governador oportunista demonstrou total e absoluta falta de preparo no debate de ontem. Lamentável ter que assistir a esse tipo de postura na televisão.",biased
"Durante a entrevista, o presidente do tribunal avaliou que ""não podemos, de forma alguma, aceitar esse tipo de retrocesso"".",quote
"O candidato tentou, sem sucesso, maquiar os números aterrorizantes de sua gestão, o que é desastroso. Enquanto isso, a população pobre sofre as trágicas consequências.",biased
"""Os pleitos foram um marco para a nossa jovem democracia"", prometeu o presidente do tribunal.",quote
"""As estatais devem servir ao povo, não a interesses escusos"", alertou o pesquisador.",quote
"Durante a entrevista, o advogado de defesa garantiu que ""não podemos, de forma alguma, aceitar esse tipo de retrocesso"".",quote
"O candidato tentou, sem sucesso, maquiar os números aterrorizantes de sua gestão, o que é lunático. Lamentável ter que assistir a esse tipo de postura na televisão.",biased
"Durante a entrevista, a deputada ponderou que ""nenhum país cresce sem apoiar a ciência e a tecnologia"".",quote
"O presidente negacionista passou uma tremenda vergonha ao tentar explicar o inexplicável, o que é patético. É um verdadeiro absurdo que alguém assim ainda tenha qualquer apoio.",biased
"""Precisamos urgentemente investir mais em saúde e educação pública"" - alertou o presidente na sessão de hoje.",quote
"""Nenhum país cresce sem apoiar a ciência e a tecnologia"", alertou o presidente do tribunal.",quote
O politiqueiro fascista fugiu das perguntas dos jornalistas como o diabo foge da cruz. E os defensores cegos continuam aplaudindo esse desastre.,biased
"Totalmente demagogo, a legenda conservadora mostrou sem pudor a sua verdadeira face intolerante e odiosa.",biased
"O atual desgoverno desastroso tentou, sem sucesso, maquiar os números aterrorizantes de sua gestão. É o fim da picada para o nosso país.",biased
"Totalmente lunático, o atual desgoverno foi, com razão, massacrado pelos adversários nas últimas pesquisas.",biased
"Com um discurso oportunista, o partido esquerdista continua diariamente com seu show de horrores nas redes sociais. Uma clara e evidente demonstração de desespero eleitoral desta trupe.",biased
"Com um discurso completamente vergonhoso, o atual desgoverno tentou emplacar mais uma narrativa falsa para enganar os eleitores incautos. Uma clara e evidente demonstração de desespero eleitoral desta trupe.",biased
"Segundo o ministro da Economia, ""este projeto de lei destruirá o meio ambiente em poucos anos"".",quote
"Segundo o presidente do tribunal, ""as estatais devem servir ao povo, não a interesses escusos"".",quote
"Em nota oficial, a deputada afirmou: ""a aprovação da reforma tributária na câmara é para ontem"".",quote
"O politiqueiro inepto foi, com razão, massacrado pelos adversários nas últimas pesquisas. E os defensores cegos continuam aplaudindo esse desastre.",biased
"""O país finalmente está voltando aos trilhos certos"", apontou o ex-presidente.",quote
"Durante a entrevista, o especialista em segurança justificou que ""o governo tira remédio da Farmácia Popular, mas mantém outras mamatas intactas"".",quote
"Com um discurso desastroso, o ex-ministro passou pano para os desvios milionários de seus aliados mais próximos. Atitude típica e esperada de quem não tem nenhum projeto viável para o Brasil.",biased
"""A segurança pública deve ser a verdadeira prioridade desta gestão"" - justificou o pesquisador na sessão de hoje.",quote
"Totalmente hipócrita, a oposição histérica tentou emplacar mais uma narrativa falsa para enganar os eleitores incautos.",biased
"""O debate político de hoje precisa ser muito mais respeitoso"", prometeu o ex-presidente.",quote
"Totalmente oportunista, a legenda conservadora agiu como uma verdadeira linha auxiliar de seus chefes políticos.",biased
"Totalmente inepto, o presidente negacionista continua diariamente com seu show de horrores nas redes sociais.",biased
"""O sistema de saúde entrou em colapso devido à falta de planejamento"", assinalou o ex-presidente.",quote
"O presidente negacionista mostrou sem pudor a sua verdadeira face intolerante e odiosa, o que é incompetente. Atitude típica e esperada de quem não tem nenhum projeto viável para o Brasil.",biased
O suposto líder inepto fugiu das perguntas dos jornalistas como o diabo foge da cruz. E os defensores cegos continuam aplaudindo esse desastre.,biased
"""O governo tira remédio da farmácia popular, mas mantém outras mamatas intactas"" - disse o parlamentar na sessão de hoje.",quote
"Durante a entrevista, o ministro da Economia justificou que ""as medidas adotadas pelo Banco Central foram claramente insuficientes"".",quote
"Em nota oficial, o pesquisador ponderou: ""a segurança pública deve ser a verdadeira prioridade desta gestão"".",quote
É um verdadeiro absurdo que alguém assim ainda tenha qualquer apoio. O governador oportunista promoveu mais um circo midiático apenas para animar seus fãs extremistas.,biased
"Com um discurso incompetente, a oposição histérica mostrou sem pudor a sua verdadeira face intolerante e odiosa. Parece uma piada de mau gosto, mas infelizmente é a nossa realidade.",biased
"Totalmente hipócrita, a legenda conservadora promoveu mais um circo midiático apenas para animar seus fãs extremistas.",biased
"Durante a entrevista, o governador apontou que ""a economia vai se recuperar no próximo trimestre, apesar das dificuldades"".",quote
"Totalmente demagogo, a velha política agiu como uma verdadeira linha auxiliar de seus chefes políticos.",biased
A legenda conservadora patético fugiu das perguntas dos jornalistas como o diabo foge da cruz. É um verdadeiro absurdo que alguém assim ainda tenha qualquer apoio.,biased
"Durante a entrevista, o parlamentar ponderou que ""as eleições foram um marco para a nossa jovem democracia"".",quote
Lamentável ter que assistir a esse tipo de postura na televisão. O atual desgoverno passou uma tremenda vergonha ao tentar explicar o inexplicável.,biased
"O candidato autoritário tentou, sem sucesso, maquiar os números aterrorizantes de sua gestão. Parece uma piada de mau gosto, mas infelizmente é a nossa realidade.",biased
"""A segurança pública deve ser a verdadeira prioridade desta gestão"" - declarou o prefeito na sessão de hoje.",quote
É um verdadeiro absurdo que alguém assim ainda tenha qualquer apoio. A legenda conservadora fugiu das perguntas dos jornalistas como o diabo foge da cruz.,biased
"O candidato agiu como uma verdadeira linha auxiliar de seus chefes políticos, o que é arrogante. Enquanto isso, a população pobre sofre as trágicas consequências.",biased
"""O nosso orçamento anual não fecha sem a criação de novas receitas"", avaliou o candidato.",quote
"Durante a entrevista, o especialista em segurança disse que ""a segurança pública deve ser a verdadeira prioridade desta gestão"".",quote
"O atual desgoverno foi, com razão, massacrado pelos adversários nas últimas pesquisas, o que é arrogante. É um verdadeiro absurdo que alguém assim ainda tenha qualquer apoio.",biased
"Em nota oficial, o ex-presidente advertiu: ""o país finalmente está voltando aos trilhos certos"".",quote
"""Não adianta tentar cutucar a onça com vara curta neste momento"" - disse a deputada na sessão de hoje.",quote
"A bancada do retrocesso fugiu das perguntas dos jornalistas como o diabo foge da cruz, o que é arrogante. Lamentável ter que assistir a esse tipo de postura na televisão.",biased
"""O corte de gastos do governo federal é inevitável"", disse o porta-voz do governo.",quote
"Em nota oficial, a ministra da Saúde garantiu: ""nenhum país cresce sem apoiar a ciência e a tecnologia"".",quote
"Durante a entrevista, o presidente criticou que ""não podemos, de forma alguma, aceitar esse tipo de retrocesso"".",quote
"""O mercado financeiro vai se recuperar no próximo trimestre, apesar das dificuldades"" - rebateu o presidente do tribunal na sessão de hoje.",quote
"""As estatais devem servir ao povo, não a interesses escusos"" - alertou o candidato na sessão de hoje.",quote
A legenda conservadora hipócrita só sabe atacar as instituições ao invés de propor soluções reais. Lamentável ter que assistir a esse tipo de postura na televisão.,biased
É o fim da picada para o nosso país. A bancada do retrocesso passou pano para os desvios milionários de seus aliados mais próximos.,biased
"""Não há qualquer indício de corrupção ou irregularidade neste caso"", avaliou o candidato.",quote
"""O corte de gastos do governo federal é inevitável"" - criticou o porta-voz do governo na sessão de hoje.",quote
O candidato patético passou uma tremenda vergonha ao tentar explicar o inexplicável. Atitude típica e esperada de quem não tem nenhum projeto viável para o Brasil.,biased
"Em nota oficial, o parlamentar concluiu: ""as medidas adotadas pelo Banco Central foram claramente insuficientes"".",quote
"Durante a entrevista, o líder da oposição prometeu que ""o governo tira remédio da Farmácia Popular, mas mantém outras mamatas intactas"".",quote
"Com um discurso criminoso, a velha política passou uma tremenda vergonha ao tentar explicar o inexplicável. É o fim da picada para o nosso país.",biased
"""O nosso orçamento anual não fecha sem a criação de novas receitas"" - afirmou a deputada na sessão de hoje.",quote
"Enquanto isso, a população pobre sofre as trágicas consequências. O presidente negacionista mostrou sem pudor a sua verdadeira face intolerante e odiosa.",biased
"""Os pleitos foram um marco para a nossa jovem democracia"" - advertiu o ex-presidente na sessão de hoje.",quote
"""Não há qualquer indício de corrupção ou irregularidade neste caso"", ressaltou o relator da CPI.",quote
"Totalmente patético, o candidato passou uma tremenda vergonha ao tentar explicar o inexplicável.",biased
"Em nota oficial, o governador rebateu: ""não podemos, de forma alguma, aceitar esse tipo de retrocesso"".",quote
"""Precisamos urgentemente investir mais em saúde e educação pública"", afirmou o governador.",quote
"A oposição histérica autoritário demonstrou total e absoluta falta de preparo no debate de ontem. Enquanto isso, a população pobre sofre as trágicas consequências.",biased
"Em nota oficial, o advogado de defesa disse: ""as estatais devem servir ao povo, não a interesses escusos"".",quote
A legenda conservadora totalmente alienado só sabe atacar as instituições ao invés de propor soluções reais. Lamentável ter que assistir a esse tipo de postura na televisão.,biased
"""A inflação está completamente fora de controle"", alertou a ministra da Saúde.",quote
"""As medidas adotadas pelo banco central foram claramente insuficientes"" - ressaltou o parlamentar na sessão de hoje.",quote
"O atual desgoverno patético passou uma tremenda vergonha ao tentar explicar o inexplicável. Parece uma piada de mau gosto, mas infelizmente é a nossa realidade.",biased
"Em nota oficial, a ministra da Saúde concluiu: ""a aprovação da reforma tributária na câmara é para ontem"".",quote
"""O governo tira remédio da farmácia popular, mas mantém outras mamatas intactas"" - advertiu o presidente na sessão de hoje.",quote
"Em nota oficial, o governador rebateu: ""o governo tira remédio da Farmácia Popular, mas mantém outras mamatas intactas"".",quote
"O partido esquerdista agiu como uma verdadeira linha auxiliar de seus chefes políticos, o que é arrogante. A internet, claro, não perdoou e subiu dezenas de tags pejorativas.",biased
"Em nota oficial, o ex-presidente ponderou: ""não adianta tentar cutucar a onça com vara curta neste momento"".",quote
"Com um discurso criminoso, o presidente negacionista demonstrou total e absoluta falta de preparo no debate de ontem. Uma clara e evidente demonstração de desespero eleitoral desta trupe.",biased
"A velha política oportunista só sabe atacar as instituições ao invés de propor soluções reais. Parece uma piada de mau gosto, mas infelizmente é a nossa realidade.",biased
"Com um discurso desastroso, o politiqueiro continua diariamente com seu show de horrores nas redes sociais. Lamentável ter que assistir a esse tipo de postura na televisão.",biased
"Com um discurso hipócrita, o partido esquerdista passou uma tremenda vergonha ao tentar explicar o inexplicável. Uma clara e evidente demonstração de desespero eleitoral desta trupe.",biased
"Durante a entrevista, o parlamentar prometeu que ""precisamos urgentemente investir mais em saúde e educação pública"".",quote
"Em nota oficial, o líder da oposição ressaltou: ""o corte de gastos do governo federal é inevitável"".",quote
"Totalmente desastroso, o ex-ministro tentou emplacar mais uma narrativa falsa para enganar os eleitores incautos.",biased
"""O governo tira remédio da farmácia popular, mas mantém outras mamatas intactas"" - alertou o relator da CPI na sessão de hoje.",quote
"A legenda conservadora fugiu das perguntas dos jornalistas como o diabo foge da cruz, o que é inepto. É um verdadeiro absurdo que alguém assim ainda tenha qualquer apoio.",biased
"""Não haverá trégua para os que tentam burlar as leis eleitorais"" - prometeu o especialista em segurança na sessão de hoje.",quote
"O partido esquerdista foi, com razão, massacrado pelos adversários nas últimas pesquisas, o que é totalmente alienado. É o fim da picada para o nosso país.",biased
"""O mercado financeiro vai se recuperar no próximo trimestre, apesar das dificuldades"", concluiu o presidente do tribunal.",quote
"O suposto líder arrogante foi, com razão, massacrado pelos adversários nas últimas pesquisas. É um verdadeiro absurdo que alguém assim ainda tenha qualquer apoio.",biased
"Em nota oficial, o prefeito prometeu: ""o governo tira remédio da Farmácia Popular, mas mantém outras mamatas intactas"".",quote
"Em nota oficial, o ministro da Economia ressaltou: ""o debate político de hoje precisa ser muito mais respeitoso"".",quote
"Em nota oficial, o advogado de defesa alertou: ""nenhum país cresce sem apoiar a ciência e a tecnologia"".",quote
"Totalmente despreparado, o governador oportunista só sabe atacar as instituições ao invés de propor soluções reais.",biased
"""O país finalmente está voltando aos trilhos certos"", ponderou a deputada.",quote
"Com um discurso completamente vergonhoso, o presidente negacionista promoveu mais um circo midiático apenas para animar seus fãs extremistas. É um verdadeiro absurdo que alguém assim ainda tenha qualquer apoio.",biased
"O politiqueiro foi, com razão, massacrado pelos adversários nas últimas pesquisas, o que é completamente vergonhoso. Enquanto isso, a população pobre sofre as trágicas consequências.",biased
"""O debate político de hoje precisa ser muito mais respeitoso"", criticou o parlamentar.",quote
"Com um discurso lunático, o presidente negacionista passou pano para os desvios milionários de seus aliados mais próximos. Parece uma piada de mau gosto, mas infelizmente é a nossa realidade.",biased
"""O debate político de hoje precisa ser muito mais respeitoso"" - ponderou o governador na sessão de hoje.",quote
"Com um discurso fascista, a velha política tentou, sem sucesso, maquiar os números aterrorizantes de sua gestão. E os defensores cegos continuam aplaudindo esse desastre.",biased
"Em nota oficial, o presidente assinalou: ""este projeto de lei destruirá o meio ambiente em poucos anos"".",quote
"Em nota oficial, o candidato justificou: ""não podemos, de forma alguma, aceitar esse tipo de retrocesso"".",quote
"Durante a entrevista, o líder da oposição concluiu que ""o país finalmente está voltando aos trilhos certos"".",quote
"""O país finalmente está voltando aos trilhos certos"", alertou o parlamentar.",quote
"""O nosso orçamento anual não fecha sem a criação de novas receitas"" - alertou o ministro da Economia na sessão de hoje.",quote
"A oposição histérica continua diariamente com seu show de horrores nas redes sociais, o que é oportunista. A internet, claro, não perdoou e subiu dezenas de tags pejorativas.",biased
"""Nenhum país cresce sem apoiar a ciência e a tecnologia"", alertou o parlamentar.",quote
"Com um discurso criminoso, a oposição histérica fugiu das perguntas dos jornalistas como o diabo foge da cruz. Lamentável ter que assistir a esse tipo de postura na televisão.",biased
Uma clara e evidente demonstração de desespero eleitoral desta trupe. O ex-ministro mostrou sem pudor a sua verdadeira face intolerante e odiosa.,biased
"""As estatais devem servir ao povo, não a interesses escusos"", concluiu o governador.",quote
"""O corte de gastos do governo federal é inevitável"" - prometeu a deputada na sessão de hoje.",quote
"Com um discurso lunático, o ex-ministro agiu como uma verdadeira linha auxiliar de seus chefes políticos. A internet, claro, não perdoou e subiu dezenas de tags pejorativas.",biased
"Totalmente desastroso, o suposto líder agiu como uma verdadeira linha auxiliar de seus chefes políticos.",biased
"""A economia vai se recuperar no próximo trimestre, apesar das dificuldades"", criticou o presidente.",quote
"O governador oportunista completamente vergonhoso só sabe atacar as instituições ao invés de propor soluções reais. Enquanto isso, a população pobre sofre as trágicas consequências.",biased
O suposto líder despreparado passou uma tremenda vergonha ao tentar explicar o inexplicável. Ninguém aguenta mais tanto cinismo e cara de pau.,biased
"O candidato mostrou sem pudor a sua verdadeira face intolerante e odiosa, o que é patético. Atitude típica e esperada de quem não tem nenhum projeto viável para o Brasil.",biased
O atual desgoverno criminoso passou uma tremenda vergonha ao tentar explicar o inexplicável. Atitude típica e esperada de quem não tem nenhum projeto viável para o Brasil.,biased
O suposto líder incompetente fugiu das perguntas dos jornalistas como o diabo foge da cruz. É um verdadeiro absurdo que alguém assim ainda tenha qualquer apoio.,biased
"Em nota oficial, o governador ponderou: ""o sistema de saúde entrou em colapso devido à falta de planejamento"".",quote
"Em nota oficial, o candidato rebateu: ""nenhum país cresce sem apoiar a ciência e a tecnologia"".",quote
"""O debate político de hoje precisa ser muito mais respeitoso"" - concluiu o porta-voz do governo na sessão de hoje.",quote
"O politiqueiro passou uma tremenda vergonha ao tentar explicar o inexplicável, o que é autoritário. É um verdadeiro absurdo que alguém assim ainda tenha qualquer apoio.",biased
"Segundo o líder da oposição, ""o governo tira remédio da Farmácia Popular, mas mantém outras mamatas intactas"".",quote
"Segundo o senador, ""não adianta tentar cutucar a onça com vara curta neste momento"".",quote
"A velha política tentou, sem sucesso, maquiar os números aterrorizantes de sua gestão, o que é autoritário. Enquanto isso, a população pobre sofre as trágicas consequências.",biased
"Em nota oficial, o relator da CPI ressaltou: ""não haverá trégua para os que tentam burlar as leis eleitorais"".",quote
"Com um discurso arrogante, o ex-ministro continua diariamente com seu show de horrores nas redes sociais. É um verdadeiro absurdo que alguém assim ainda tenha qualquer apoio.",biased
"Totalmente inepto, a oposição histérica promoveu mais um circo midiático apenas para animar seus fãs extremistas.",biased
"""Nenhum país cresce sem apoiar a ciência e a tecnologia"", afirmou a ministra da Saúde.",quote
O governador oportunista criminoso tentou emplacar mais uma narrativa falsa para enganar os eleitores incautos. Ninguém aguenta mais tanto cinismo e cara de pau.,biased
"Com um discurso demagogo, o candidato promoveu mais um circo midiático apenas para animar seus fãs extremistas. É o fim da picada para o nosso país.",biased
"O ex-ministro fugiu das perguntas dos jornalistas como o diabo foge da cruz, o que é fascista. Atitude típica e esperada de quem não tem nenhum projeto viável para o Brasil.",biased
"Durante a entrevista, o líder da oposição assinalou que ""o nosso orçamento anual não fecha sem a criação de novas receitas"".",quote
"Em nota oficial, o ministro da Economia prometeu: ""as medidas adotadas pelo Banco Central foram claramente insuficientes"".",quote
"Durante a entrevista, o ex-presidente disse que ""o sistema de saúde entrou em colapso devido à falta de planejamento"".",quote
"Em nota oficial, o especialista em segurança rebateu: ""a inflação está completamente fora de controle"".",quote
"""Não haverá trégua para os que tentam burlar as leis eleitorais"", alertou o governador.",quote
Uma clara e evidente demonstração de desespero eleitoral desta trupe. O presidente negacionista demonstrou total e absoluta falta de preparo no debate de ontem.,biased
"""Nenhum país cresce sem apoiar a ciência e a tecnologia"" - disse o prefeito na sessão de hoje.",quote
"Em nota oficial, o presidente ressaltou: ""a aprovação da reforma tributária na câmara é para ontem"".",quote
"Parece uma piada de mau gosto, mas infelizmente é a nossa realidade. O governador oportunista tentou, sem sucesso, maquiar os números aterrorizantes de sua gestão.",biased
"Segundo o senador, ""não há qualquer indício de corrupção ou irregularidade neste caso"".",quote
"Parece uma piada de mau gosto, mas infelizmente é a nossa realidade. A velha política demonstrou total e absoluta falta de preparo no debate de ontem.",biased
"Em nota oficial, o especialista em segurança rebateu: ""as medidas adotadas pelo Banco Central foram claramente insuficientes"".",quote
"Totalmente autoritário, o politiqueiro só sabe atacar as instituições ao invés de propor soluções reais.",biased
"""Não há qualquer indício de corrupção ou irregularidade neste caso"", ponderou o parlamentar.",quote
"Em nota oficial, o porta-voz do governo ressaltou: ""o debate político de hoje precisa ser muito mais respeitoso"".",quote
"Com um discurso incompetente, o suposto líder promoveu mais um circo midiático apenas para animar seus fãs extremistas. Enquanto isso, a população pobre sofre as trágicas consequências.",biased
"Durante a entrevista, o governador declarou que ""não há qualquer indício de corrupção ou irregularidade neste caso"".",quote
"""O nosso orçamento anual não fecha sem a criação de novas receitas"" - prometeu o advogado de defesa na sessão de hoje.",quote
"A oposição histérica mostrou sem pudor a sua verdadeira face intolerante e odiosa, o que é arrogante. A internet, claro, não perdoou e subiu dezenas de tags pejorativas.",biased
"O politiqueiro inepto passou pano para os desvios milionários de seus aliados mais próximos. A internet, claro, não perdoou e subiu dezenas de tags pejorativas.",biased
"""Nenhum país cresce sem apoiar a ciência e a tecnologia"" - advertiu o presidente do tribunal na sessão de hoje.",quote
"Durante a entrevista, a ministra da Saúde assinalou que ""a segurança pública deve ser a verdadeira prioridade desta gestão"".",quote
E os defensores cegos continuam aplaudindo esse desastre. O partido esquerdista passou pano para os desvios milionários de seus aliados mais próximos.,biased
"""Os pleitos foram um marco para a nossa jovem democracia"" - justificou o presidente do tribunal na sessão de hoje.",quote
"Com um discurso demagogo, o ex-ministro tentou, sem sucesso, maquiar os números aterrorizantes de sua gestão. Atitude típica e esperada de quem não tem nenhum projeto viável para o Brasil.",biased
"""Precisamos urgentemente investir mais em saúde e educação pública"" - assinalou o advogado de defesa na sessão de hoje.",quote
"Com um discurso hipócrita, a bancada do retrocesso passou pano para os desvios milionários de seus aliados mais próximos. Enquanto isso, a população pobre sofre as trágicas consequências.",biased
"A oposição histérica promoveu mais um circo midiático apenas para animar seus fãs extremistas, o que é arrogante. Ninguém aguenta mais tanto cinismo e cara de pau.",biased
"Totalmente inepto, o presidente negacionista promoveu mais um circo midiático apenas para animar seus fãs extremistas.",biased
"Totalmente autoritário, o atual desgoverno promoveu mais um circo midiático apenas para animar seus fãs extremistas.",biased
"O presidente negacionista tentou, sem sucesso, maquiar os números aterrorizantes de sua gestão, o que é arrogante. E os defensores cegos continuam aplaudindo esse desastre.",biased
"Durante a entrevista, o ministro da Economia advertiu que ""precisamos urgentemente investir mais em saúde e educação pública"".",quote
"Em nota oficial, o pesquisador afirmou: ""a inflação está completamente fora de controle"".",quote
"E os defensores cegos continuam aplaudindo esse desastre. O presidente negacionista foi, com razão, massacrado pelos adversários nas últimas pesquisas.",biased
"Totalmente completamente vergonhoso, o presidente negacionista só sabe atacar as instituições ao invés de propor soluções reais.",biased
"Parece uma piada de mau gosto, mas infelizmente é a nossa realidade. O candidato promoveu mais um circo midiático apenas para animar seus fãs extremistas.",biased
"Com um discurso desastroso, o partido esquerdista fugiu das perguntas dos jornalistas como o diabo foge da cruz. Enquanto isso, a população pobre sofre as trágicas consequências.",biased
"Durante a entrevista, o prefeito justificou que ""o corte de gastos do governo federal é inevitável"".",quote
"Totalmente autoritário, o politiqueiro foi, com razão, massacrado pelos adversários nas últimas pesquisas.",biased
"Segundo o senador, ""nenhum país cresce sem apoiar a ciência e a tecnologia"".",quote
"Com um discurso criminoso, o presidente negacionista foi, com razão, massacrado pelos adversários nas últimas pesquisas. É um verdadeiro absurdo que alguém assim ainda tenha qualquer apoio.",biased
"Com um discurso fascista, a velha política só sabe atacar as instituições ao invés de propor soluções reais. É um verdadeiro absurdo que alguém assim ainda tenha qualquer apoio.",biased
"Totalmente autoritário, a bancada do retrocesso tentou emplacar mais uma narrativa falsa para enganar os eleitores incautos.",biased
"Em nota oficial, a deputada advertiu: ""não podemos, de forma alguma, aceitar esse tipo de retrocesso"".",quote
Atitude típica e esperada de quem não tem nenhum projeto viável para o Brasil. A bancada do retrocesso promoveu mais um circo midiático apenas para animar seus fãs extremistas.,biased
"O politiqueiro completamente vergonhoso tentou emplacar mais uma narrativa falsa para enganar os eleitores incautos. A internet, claro, não perdoou e subiu dezenas de tags pejorativas.",biased
"A bancada do retrocesso fugiu das perguntas dos jornalistas como o diabo foge da cruz, o que é completamente vergonhoso. Parece uma piada de mau gosto, mas infelizmente é a nossa realidade.",biased
Lamentável ter que assistir a esse tipo de postura na televisão. O politiqueiro promoveu mais um circo midiático apenas para animar seus fãs extremistas.,biased
"Durante a entrevista, o porta-voz do governo afirmou que ""o corte de gastos do governo federal é inevitável"".",quote
"""O sistema de saúde entrou em colapso devido à falta de planejamento"", declarou o prefeito.",quote
"Totalmente incompetente, o presidente negacionista passou pano para os desvios milionários de seus aliados mais próximos.",biased
"Com um discurso oportunista, o partido esquerdista agiu como uma verdadeira linha auxiliar de seus chefes políticos. É o fim da picada para o nosso país.",biased
"Totalmente patético, o presidente negacionista passou pano para os desvios milionários de seus aliados mais próximos.",biased
"Com um discurso incompetente, a bancada do retrocesso tentou emplacar mais uma narrativa falsa para enganar os eleitores incautos. A internet, claro, não perdoou e subiu dezenas de tags pejorativas.",biased
"Com um discurso despreparado, o partido esquerdista tentou, sem sucesso, maquiar os números aterrorizantes de sua gestão. É o fim da picada para o nosso país.",biased
"Durante a entrevista, o presidente do tribunal alertou que ""a aprovação da reforma tributária na câmara é para ontem"".",quote
"""O país finalmente está voltando aos trilhos certos"", ponderou o especialista em segurança.",quote
"Totalmente totalmente alienado, a velha política passou pano para os desvios milionários de seus aliados mais próximos.",biased
"Em nota oficial, o candidato avaliou: ""o sistema de saúde entrou em colapso devido à falta de planejamento"".",quote
E os defensores cegos continuam aplaudindo esse desastre. A legenda conservadora promoveu mais um circo midiático apenas para animar seus fãs extremistas.,biased
"O suposto líder fugiu das perguntas dos jornalistas como o diabo foge da cruz, o que é patético. Ninguém aguenta mais tanto cinismo e cara de pau.",biased
"Com um discurso criminoso, o suposto líder continua diariamente com seu show de horrores nas redes sociais. Uma clara e evidente demonstração de desespero eleitoral desta trupe.",biased
"Totalmente desastroso, a velha política continua diariamente com seu show de horrores nas redes sociais.",biased
"O suposto líder só sabe atacar as instituições ao invés de propor soluções reais, o que é demagogo. Uma clara e evidente demonstração de desespero eleitoral desta trupe.",biased
"""O corte de gastos do governo federal é inevitável"" - rebateu o senador na sessão de hoje.",quote
"O governador oportunista agiu como uma verdadeira linha auxiliar de seus chefes políticos, o que é incompetente. Atitude típica e esperada de quem não tem nenhum projeto viável para o Brasil.",biased
"Totalmente desastroso, o presidente negacionista promoveu mais um circo midiático apenas para animar seus fãs extremistas.",biased
"""A segurança pública deve ser a verdadeira prioridade desta gestão"", justificou o candidato.",quote
"Totalmente patético, a legenda conservadora passou pano para os desvios milionários de seus aliados mais próximos.",biased
"Lamentável ter que assistir a esse tipo de postura na televisão. O presidente negacionista foi, com razão, massacrado pelos adversários nas últimas pesquisas.",biased
"Em nota oficial, o parlamentar criticou: ""o governo tira remédio da Farmácia Popular, mas mantém outras mamatas intactas"".",quote
"O ex-ministro completamente vergonhoso demonstrou total e absoluta falta de preparo no debate de ontem. A internet, claro, não perdoou e subiu dezenas de tags pejorativas.",biased
"Em nota oficial, o porta-voz do governo declarou: ""o país finalmente está voltando aos trilhos certos"".",quote
A bancada do retrocesso patético fugiu das perguntas dos jornalistas como o diabo foge da cruz. Ninguém aguenta mais tanto cinismo e cara de pau.,biased
O partido esquerdista incompetente promoveu mais um circo midiático apenas para animar seus fãs extremistas. Atitude típica e esperada de quem não tem nenhum projeto viável para o Brasil.,biased
"O ex-ministro agiu como uma verdadeira linha auxiliar de seus chefes políticos, o que é inepto. Enquanto isso, a população pobre sofre as trágicas consequências.",biased
"O candidato fugiu das perguntas dos jornalistas como o diabo foge da cruz, o que é autoritário. A internet, claro, não perdoou e subiu dezenas de tags pejorativas.",biased
"Segundo a deputada, ""nenhum país cresce sem apoiar a ciência e a tecnologia"".",quote
"Totalmente fascista, o atual desgoverno continua diariamente com seu show de horrores nas redes sociais.",biased
Lamentável ter que assistir a esse tipo de postura na televisão. A bancada do retrocesso tentou emplacar mais uma narrativa falsa para enganar os eleitores incautos.,biased
"Em nota oficial, o ex-presidente alertou: ""a segurança pública deve ser a verdadeira prioridade desta gestão"".",quote
"Com um discurso criminoso, o candidato passou pano para os desvios milionários de seus aliados mais próximos. Ninguém aguenta mais tanto cinismo e cara de pau.",biased
"A oposição histérica fascista tentou, sem sucesso, maquiar os números aterrorizantes de sua gestão. Ninguém aguenta mais tanto cinismo e cara de pau.",biased
"""O debate político de hoje precisa ser muito mais respeitoso"", ponderou o relator da CPI.",quote
"""A inflação está completamente fora de controle"", justificou o ex-presidente.",quote
"""Não há qualquer indício de corrupção ou irregularidade neste caso"" - rebateu o presidente do tribunal na sessão de hoje.",quote
"""Não adianta tentar cutucar a onça com vara curta neste momento"", advertiu a ministra da Saúde.",quote
"A internet, claro, não perdoou e subiu dezenas de tags pejorativas. O governador oportunista tentou, sem sucesso, maquiar os números aterrorizantes de sua gestão.",biased
"Durante a entrevista, o governador afirmou que ""não haverá trégua para os que tentam burlar as leis eleitorais"".",quote
"Segundo o pesquisador, ""o sistema de saúde entrou em colapso devido à falta de planejamento"".",quote
"""A inflação está completamente fora de controle"", disse o pesquisador.",quote
"Em nota oficial, o líder da oposição rebateu: ""não adianta tentar cutucar a onça com vara curta neste momento"".",quote
"""Não há qualquer indício de corrupção ou irregularidade neste caso"" - apontou o governador na sessão de hoje.",quote
"O politiqueiro só sabe atacar as instituições ao invés de propor soluções reais, o que é oportunista. É um verdadeiro absurdo que alguém assim ainda tenha qualquer apoio.",biased
"Com um discurso despreparado, o partido esquerdista passou uma tremenda vergonha ao tentar explicar o inexplicável. Ninguém aguenta mais tanto cinismo e cara de pau.",biased
"""O debate político de hoje precisa ser muito mais respeitoso"" - afirmou o governador na sessão de hoje.",quote
"Em nota oficial, o governador ressaltou: ""as estatais devem servir ao povo, não a interesses escusos"".",quote
"Segundo o especialista em segurança, ""a segurança pública deve ser a verdadeira prioridade desta gestão"".",quote
"O candidato agiu como uma verdadeira linha auxiliar de seus chefes políticos, o que é oportunista. É um verdadeiro absurdo que alguém assim ainda tenha qualquer apoio.",biased
"A internet, claro, não perdoou e subiu dezenas de tags pejorativas. A legenda conservadora foi, com razão, massacrado pelos adversários nas últimas pesquisas.",biased
"""A inflação está completamente fora de controle"", prometeu o pesquisador.",quote
"Com um discurso oportunista, o atual desgoverno tentou, sem sucesso, maquiar os números aterrorizantes de sua gestão. É um verdadeiro absurdo que alguém assim ainda tenha qualquer apoio.",biased
"Em nota oficial, o pesquisador disse: ""as estatais devem servir ao povo, não a interesses escusos"".",quote
"Com um discurso inepto, o suposto líder foi, com razão, massacrado pelos adversários nas últimas pesquisas. Parece uma piada de mau gosto, mas infelizmente é a nossa realidade.",biased
"""O sistema de saúde entrou em colapso devido à falta de planejamento"" - justificou o governador na sessão de hoje.",quote
"Em nota oficial, o governador concluiu: ""não há qualquer indício de corrupção ou irregularidade neste caso"".",quote
E os defensores cegos continuam aplaudindo esse desastre. A bancada do retrocesso demonstrou total e absoluta falta de preparo no debate de ontem.,biased
"Em nota oficial, o ex-presidente garantiu: ""a inflação está completamente fora de controle"".",quote
"Com um discurso demagogo, o atual desgoverno demonstrou total e absoluta falta de preparo no debate de ontem. É um verdadeiro absurdo que alguém assim ainda tenha qualquer apoio.",biased
A oposição histérica autoritário agiu como uma verdadeira linha auxiliar de seus chefes políticos. Uma clara e evidente demonstração de desespero eleitoral desta trupe.,biased
"O suposto líder passou uma tremenda vergonha ao tentar explicar o inexplicável, o que é hipócrita. Ninguém aguenta mais tanto cinismo e cara de pau.",biased
"O partido esquerdista só sabe atacar as instituições ao invés de propor soluções reais, o que é autoritário. Lamentável ter que assistir a esse tipo de postura na televisão.",biased
É o fim da picada para o nosso país. A legenda conservadora demonstrou total e absoluta falta de preparo no debate de ontem.,biased
"Durante a entrevista, o senador apontou que ""o debate político de hoje precisa ser muito mais respeitoso"".",quote
"""Este projeto de lei destruirá o meio ambiente em poucos anos"", garantiu o advogado de defesa.",quote
"Totalmente completamente vergonhoso, o ex-ministro fugiu das perguntas dos jornalistas como o diabo foge da cruz.",biased
"O partido esquerdista passou uma tremenda vergonha ao tentar explicar o inexplicável, o que é totalmente alienado. A internet, claro, não perdoou e subiu dezenas de tags pejorativas.",biased
"Totalmente demagogo, o governador oportunista tentou emplacar mais uma narrativa falsa para enganar os eleitores incautos.",biased
"Atitude típica e esperada de quem não tem nenhum projeto viável para o Brasil. A legenda conservadora tentou, sem sucesso, maquiar os números aterrorizantes de sua gestão.",biased
"""Precisamos urgentemente investir mais em saúde e educação pública"" - justificou o presidente na sessão de hoje.",quote
"Durante a entrevista, o presidente concluiu que ""o governo tira remédio da Farmácia Popular, mas mantém outras mamatas intactas"".",quote
"""As estatais devem servir ao povo, não a interesses escusos"" - apontou o ministro da Economia na sessão de hoje.",quote
"Com um discurso totalmente alienado, o ex-ministro continua diariamente com seu show de horrores nas redes sociais. E os defensores cegos continuam aplaudindo esse desastre.",biased
"O ex-ministro autoritário fugiu das perguntas dos jornalistas como o diabo foge da cruz. A internet, claro, não perdoou e subiu dezenas de tags pejorativas.",biased
A velha política incompetente passou pano para os desvios milionários de seus aliados mais próximos. Ninguém aguenta mais tanto cinismo e cara de pau.,biased
"Parece uma piada de mau gosto, mas infelizmente é a nossa realidade. A oposição histérica mostrou sem pudor a sua verdadeira face intolerante e odiosa.",biased
"Totalmente incompetente, o partido esquerdista promoveu mais um circo midiático apenas para animar seus fãs extremistas.",biased
"""Este projeto de lei destruirá o meio ambiente em poucos anos"" - garantiu o candidato na sessão de hoje.",quote
E os defensores cegos continuam aplaudindo esse desastre. O suposto líder passou uma tremenda vergonha ao tentar explicar o inexplicável.,biased
O presidente negacionista incompetente mostrou sem pudor a sua verdadeira face intolerante e odiosa. Atitude típica e esperada de quem não tem nenhum projeto viável para o Brasil.,biased
"""Nenhum país cresce sem apoiar a ciência e a tecnologia"", assinalou o relator da CPI.",quote
"Segundo o porta-voz do governo, ""a aprovação da reforma tributária na câmara é para ontem"".",quote
"A oposição histérica fugiu das perguntas dos jornalistas como o diabo foge da cruz, o que é desastroso. É um verdadeiro absurdo que alguém assim ainda tenha qualquer apoio.",biased
"Com um discurso hipócrita, o suposto líder só sabe atacar as instituições ao invés de propor soluções reais. Uma clara e evidente demonstração de desespero eleitoral desta trupe.",biased
"""A segurança pública deve ser a verdadeira prioridade desta gestão"" - criticou o governador na sessão de hoje.",quote
"O politiqueiro continua diariamente com seu show de horrores nas redes sociais, o que é inepto. E os defensores cegos continuam aplaudindo esse desastre.",biased
É o fim da picada para o nosso país. O governador oportunista continua diariamente com seu show de horrores nas redes sociais.,biased
O presidente negacionista lunático só sabe atacar as instituições ao invés de propor soluções reais. E os defensores cegos continuam aplaudindo esse desastre.,biased
"O atual desgoverno passou pano para os desvios milionários de seus aliados mais próximos, o que é demagogo. E os defensores cegos continuam aplaudindo esse desastre.",biased
"Durante a entrevista, o relator da CPI prometeu que ""o sistema de saúde entrou em colapso devido à falta de planejamento"".",quote
"O politiqueiro incompetente tentou emplacar mais uma narrativa falsa para enganar os eleitores incautos. A internet, claro, não perdoou e subiu dezenas de tags pejorativas.",biased
"O ex-ministro tentou, sem sucesso, maquiar os números aterrorizantes de sua gestão, o que é fascista. Atitude típica e esperada de quem não tem nenhum projeto viável para o Brasil.",biased
O candidato desastroso continua diariamente com seu show de horrores nas redes sociais. É o fim da picada para o nosso país.,biased
"Segundo a ministra da Saúde, ""as estatais devem servir ao povo, não a interesses escusos"".",quote
"Com um discurso totalmente alienado, o governador oportunista tentou, sem sucesso, maquiar os números aterrorizantes de sua gestão. Atitude típica e esperada de quem não tem nenhum projeto viável para o Brasil.",biased
"Segundo o candidato, ""as estatais devem servir ao povo, não a interesses escusos"".",quote
É um verdadeiro absurdo que alguém assim ainda tenha qualquer apoio. A bancada do retrocesso agiu como uma verdadeira linha auxiliar de seus chefes políticos.,biased
"""As estatais devem servir ao povo, não a interesses escusos"", assinalou o relator da CPI.",quote
"Durante a entrevista, o ministro da Economia declarou que ""não podemos, de forma alguma, aceitar esse tipo de retrocesso"".",quote
"O candidato passou uma tremenda vergonha ao tentar explicar o inexplicável, o que é autoritário. Enquanto isso, a população pobre sofre as trágicas consequências.",biased
"Durante a entrevista, o pesquisador assinalou que ""o governo tira remédio da Farmácia Popular, mas mantém outras mamatas intactas"".",quote
"Segundo o parlamentar, ""o governo tira remédio da Farmácia Popular, mas mantém outras mamatas intactas"".",quote
"Totalmente totalmente alienado, o presidente negacionista tentou emplacar mais uma narrativa falsa para enganar os eleitores incautos.",biased
"Com um discurso criminoso, o governador oportunista foi, com razão, massacrado pelos adversários nas últimas pesquisas. Enquanto isso, a população pobre sofre as trágicas consequências.",biased
"Com um discurso patético, a oposição histérica tentou emplacar mais uma narrativa falsa para enganar os eleitores incautos. A internet, claro, não perdoou e subiu dezenas de tags pejorativas.",biased
"Em nota oficial, o porta-voz do governo garantiu: ""não podemos, de forma alguma, aceitar esse tipo de retrocesso"".",quote
"O governador oportunista fugiu das perguntas dos jornalistas como o diabo foge da cruz, o que é totalmente alienado. Ninguém aguenta mais tanto cinismo e cara de pau.",biased
"O atual desgoverno continua diariamente com seu show de horrores nas redes sociais, o que é hipócrita. É um verdadeiro absurdo que alguém assim ainda tenha qualquer apoio.",biased
"""Não haverá trégua para os que tentam burlar as leis eleitorais"", rebateu o governador.",quote
"O ex-ministro demagogo demonstrou total e absoluta falta de preparo no debate de ontem. Enquanto isso, a população pobre sofre as trágicas consequências.",biased
"""Não haverá trégua para os que tentam burlar as leis eleitorais"" - justificou o ex-presidente na sessão de hoje.",quote
"Durante a entrevista, o líder da oposição garantiu que ""o sistema de saúde entrou em colapso devido à falta de planejamento"".",quote
"O presidente negacionista continua diariamente com seu show de horrores nas redes sociais, o que é incompetente. É um verdadeiro absurdo que alguém assim ainda tenha qualquer apoio.",biased
Uma clara e evidente demonstração de desespero eleitoral desta trupe. O candidato continua diariamente com seu show de horrores nas redes sociais.,biased
"Com um discurso patético, a velha política passou pano para os desvios milionários de seus aliados mais próximos. É o fim da picada para o nosso país.",biased
Lamentável ter que assistir a esse tipo de postura na televisão. O politiqueiro continua diariamente com seu show de horrores nas redes sociais.,biased
"O politiqueiro tentou, sem sucesso, maquiar os números aterrorizantes de sua gestão, o que é hipócrita. Lamentável ter que assistir a esse tipo de postura na televisão.",biased
"Totalmente demagogo, o politiqueiro tentou, sem sucesso, maquiar os números aterrorizantes de sua gestão.",biased
"Em nota oficial, o ex-presidente afirmou: ""não adianta tentar cutucar a onça com vara curta neste momento"".",quote
"Durante a entrevista, o prefeito afirmou que ""nenhum país cresce sem apoiar a ciência e a tecnologia"".",quote
"Lamentável ter que assistir a esse tipo de postura na televisão. O partido esquerdista foi, com razão, massacrado pelos adversários nas últimas pesquisas.",biased
"O politiqueiro autoritário promoveu mais um circo midiático apenas para animar seus fãs extremistas. Parece uma piada de mau gosto, mas infelizmente é a nossa realidade.",biased
"Com um discurso totalmente alienado, o partido esquerdista fugiu das perguntas dos jornalistas como o diabo foge da cruz. Parece uma piada de mau gosto, mas infelizmente é a nossa realidade.",biased
"Totalmente incompetente, o partido esquerdista só sabe atacar as instituições ao invés de propor soluções reais.",biased
"O atual desgoverno fascista foi, com razão, massacrado pelos adversários nas últimas pesquisas. Parece uma piada de mau gosto, mas infelizmente é a nossa realidade.",biased
"Em nota oficial, o presidente do tribunal garantiu: ""não há qualquer indício de corrupção ou irregularidade neste caso"".",quote
"""O governo tira remédio da farmácia popular, mas mantém outras mamatas intactas"" - rebateu o presidente do tribunal na sessão de hoje.",quote
A bancada do retrocesso totalmente alienado promoveu mais um circo midiático apenas para animar seus fãs extremistas. Atitude típica e esperada de quem não tem nenhum projeto viável para o Brasil.,biased
"O suposto líder tentou emplacar mais uma narrativa falsa para enganar os eleitores incautos, o que é lunático. Parece uma piada de mau gosto, mas infelizmente é a nossa realidade.",biased
"Com um discurso despreparado, o atual desgoverno continua diariamente com seu show de horrores nas redes sociais. Uma clara e evidente demonstração de desespero eleitoral desta trupe.",biased
"""O governo tira remédio da farmácia popular, mas mantém outras mamatas intactas"", advertiu o pesquisador.",quote
"Em nota oficial, o pesquisador criticou: ""as estatais devem servir ao povo, não a interesses escusos"".",quote
"Totalmente fascista, o governador oportunista tentou emplacar mais uma narrativa falsa para enganar os eleitores incautos.",biased
"O suposto líder promoveu mais um circo midiático apenas para animar seus fãs extremistas, o que é lunático. É um verdadeiro absurdo que alguém assim ainda tenha qualquer apoio.",biased
"""Não podemos, de forma alguma, aceitar esse tipo de retrocesso"" - alertou a ministra da Saúde na sessão de hoje.",quote
"""O sistema de saúde entrou em colapso devido à falta de planejamento"" - ressaltou o pesquisador na sessão de hoje.",quote
"""A aprovação da reforma tributária na câmara é para ontem"" - assinalou o candidato na sessão de hoje.",quote
"Em nota oficial, o prefeito ponderou: ""não adianta tentar cutucar a onça com vara curta neste momento"".",quote
"Segundo o governador, ""as eleições foram um marco para a nossa jovem democracia"".",quote
O suposto líder despreparado continua diariamente com seu show de horrores nas redes sociais. Atitude típica e esperada de quem não tem nenhum projeto viável para o Brasil.,biased
"Durante a entrevista, o porta-voz do governo afirmou que ""não adianta tentar cutucar a onça com vara curta neste momento"".",quote
"Totalmente lunático, a bancada do retrocesso passou pano para os desvios milionários de seus aliados mais próximos.",biased
"""O debate político de hoje precisa ser muito mais respeitoso"" - declarou a ministra da Saúde na sessão de hoje.",quote
"Segundo o advogado de defesa, ""não haverá trégua para os que tentam burlar as leis eleitorais"".",quote
"Segundo o pesquisador, ""a inflação está completamente fora de controle"".",quote
"Com um discurso inepto, o presidente negacionista promoveu mais um circo midiático apenas para animar seus fãs extremistas. Parece uma piada de mau gosto, mas infelizmente é a nossa realidade.",biased
O candidato desastroso agiu como uma verdadeira linha auxiliar de seus chefes políticos. Ninguém aguenta mais tanto cinismo e cara de pau.,biased
O politiqueiro demagogo agiu como uma verdadeira linha auxiliar de seus chefes políticos. É o fim da picada para o nosso país.,biased
"Com um discurso lunático, o ex-ministro passou uma tremenda vergonha ao tentar explicar o inexplicável. Uma clara e evidente demonstração de desespero eleitoral desta trupe.",biased
"Totalmente patético, a velha política tentou, sem sucesso, maquiar os números aterrorizantes de sua gestão.",biased
"O atual desgoverno completamente vergonhoso passou pano para os desvios milionários de seus aliados mais próximos. Enquanto isso, a população pobre sofre as trágicas consequências.",biased
"O presidente negacionista arrogante tentou, sem sucesso, maquiar os números aterrorizantes de sua gestão. A internet, claro, não perdoou e subiu dezenas de tags pejorativas.",biased
"""O sistema de saúde entrou em colapso devido à falta de planejamento"", declarou o presidente do tribunal.",quote
"Em nota oficial, a ministra da Saúde ressaltou: ""o corte de gastos do governo federal é inevitável"".",quote
"Em nota oficial, o ministro da Economia apontou: ""as estatais devem servir ao povo, não a interesses escusos"".",quote
"O politiqueiro passou uma tremenda vergonha ao tentar explicar o inexplicável, o que é desastroso. E os defensores cegos continuam aplaudindo esse desastre.",biased
"Segundo o ministro da Economia, ""as eleições foram um marco para a nossa jovem democracia"".",quote
"Durante a entrevista, o pesquisador apontou que ""o sistema de saúde entrou em colapso devido à falta de planejamento"".",quote
"""Não adianta tentar cutucar a onça com vara curta neste momento"", prometeu a ministra da Saúde.",quote
"Totalmente patético, o ex-ministro passou uma tremenda vergonha ao tentar explicar o inexplicável.",biased
"Em nota oficial, o advogado de defesa disse: ""nenhum país cresce sem apoiar a ciência e a tecnologia"".",quote
"Com um discurso lunático, o partido esquerdista tentou emplacar mais uma narrativa falsa para enganar os eleitores incautos. E os defensores cegos continuam aplaudindo esse desastre.",biased
"Durante a entrevista, o especialista em segurança advertiu que ""o governo tira remédio da Farmácia Popular, mas mantém outras mamatas intactas"".",quote
"Totalmente despreparado, o atual desgoverno foi, com razão, massacrado pelos adversários nas últimas pesquisas.",biased
"""Precisamos urgentemente investir mais em saúde e educação pública"" - rebateu o presidente do tribunal na sessão de hoje.",quote
"Segundo o candidato, ""o sistema de saúde entrou em colapso devido à falta de planejamento"".",quote
O politiqueiro autoritário tentou emplacar mais uma narrativa falsa para enganar os eleitores incautos. Ninguém aguenta mais tanto cinismo e cara de pau.,biased
"A oposição histérica oportunista promoveu mais um circo midiático apenas para animar seus fãs extremistas. Parece uma piada de mau gosto, mas infelizmente é a nossa realidade.",biased
"""Precisamos urgentemente investir mais em saúde e educação pública"", rebateu a deputada.",quote
O governador oportunista arrogante mostrou sem pudor a sua verdadeira face intolerante e odiosa. É o fim da picada para o nosso país.,biased
"""Precisamos urgentemente investir mais em saúde e educação pública"" - alertou o prefeito na sessão de hoje.",quote
"Enquanto isso, a população pobre sofre as trágicas consequências. O politiqueiro tentou emplacar mais uma narrativa falsa para enganar os eleitores incautos.",biased
"O candidato passou uma tremenda vergonha ao tentar explicar o inexplicável, o que é patético. Atitude típica e esperada de quem não tem nenhum projeto viável para o Brasil.",biased
O partido esquerdista completamente vergonhoso tentou emplacar mais uma narrativa falsa para enganar os eleitores incautos. Atitude típica e esperada de quem não tem nenhum projeto viável para o Brasil.,biased
"""Este projeto de lei destruirá o meio ambiente em poucos anos"", assinalou o candidato.",quote
"""As medidas adotadas pelo banco central foram claramente insuficientes"" - concluiu o parlamentar na sessão de hoje.",quote
"O atual desgoverno desastroso foi, com razão, massacrado pelos adversários nas últimas pesquisas. Ninguém aguenta mais tanto cinismo e cara de pau.",biased
"O presidente negacionista demonstrou total e absoluta falta de preparo no debate de ontem, o que é hipócrita. É um verdadeiro absurdo que alguém assim ainda tenha qualquer apoio.",biased
"O candidato demagogo tentou, sem sucesso, maquiar os números aterrorizantes de sua gestão. É o fim da picada para o nosso país.",biased
"O politiqueiro tentou emplacar mais uma narrativa falsa para enganar os eleitores incautos, o que é desastroso. Lamentável ter que assistir a esse tipo de postura na televisão.",biased
"""Não podemos, de forma alguma, aceitar esse tipo de retrocesso"", garantiu o especialista em segurança.",quote
"A oposição histérica tentou emplacar mais uma narrativa falsa para enganar os eleitores incautos, o que é autoritário. É um verdadeiro absurdo que alguém assim ainda tenha qualquer apoio.",biased
"É um verdadeiro absurdo que alguém assim ainda tenha qualquer apoio. O politiqueiro foi, com razão, massacrado pelos adversários nas últimas pesquisas.",biased
O candidato criminoso fugiu das perguntas dos jornalistas como o diabo foge da cruz. Atitude típica e esperada de quem não tem nenhum projeto viável para o Brasil.,biased
"Durante a entrevista, a deputada avaliou que ""a aprovação da reforma tributária na câmara é para ontem"".",quote
"""O debate político de hoje precisa ser muito mais respeitoso"" - ponderou o presidente do tribunal na sessão de hoje.",quote
"Com um discurso demagogo, o ex-ministro tentou emplacar mais uma narrativa falsa para enganar os eleitores incautos. A internet, claro, não perdoou e subiu dezenas de tags pejorativas.",biased
A oposição histérica autoritário promoveu mais um circo midiático apenas para animar seus fãs extremistas. Uma clara e evidente demonstração de desespero eleitoral desta trupe.,biased
Ninguém aguenta mais tanto cinismo e cara de pau. O presidente negacionista agiu como uma verdadeira linha auxiliar de seus chefes políticos.,biased
"Em nota oficial, o presidente ressaltou: ""a inflação está completamente fora de controle"".",quote
"""A inflação está completamente fora de controle"" - prometeu o presidente do tribunal na sessão de hoje.",quote
"""O debate político de hoje precisa ser muito mais respeitoso"", garantiu o senador.",quote
Lamentável ter que assistir a esse tipo de postura na televisão. A legenda conservadora passou uma tremenda vergonha ao tentar explicar o inexplicável.,biased
"Totalmente desastroso, o presidente negacionista demonstrou total e absoluta falta de preparo no debate de ontem.",biased
"""A economia vai se recuperar no próximo trimestre, apesar das dificuldades"", afirmou o relator da CPI.",quote
"O atual desgoverno só sabe atacar as instituições ao invés de propor soluções reais, o que é oportunista. E os defensores cegos continuam aplaudindo esse desastre.",biased
O presidente negacionista patético mostrou sem pudor a sua verdadeira face intolerante e odiosa. É um verdadeiro absurdo que alguém assim ainda tenha qualquer apoio.,biased
"Em nota oficial, a deputada apontou: ""o país finalmente está voltando aos trilhos certos"".",quote
O atual desgoverno autoritário promoveu mais um circo midiático apenas para animar seus fãs extremistas. Atitude típica e esperada de quem não tem nenhum projeto viável para o Brasil.,biased
"Totalmente completamente vergonhoso, a oposição histérica tentou emplacar mais uma narrativa falsa para enganar os eleitores incautos.",biased
"O politiqueiro promoveu mais um circo midiático apenas para animar seus fãs extremistas, o que é hipócrita. É o fim da picada para o nosso país.",biased
"O politiqueiro fugiu das perguntas dos jornalistas como o diabo foge da cruz, o que é fascista. Atitude típica e esperada de quem não tem nenhum projeto viável para o Brasil.",biased
"""Nenhum país cresce sem apoiar a ciência e a tecnologia"", apontou o advogado de defesa.",quote
"""As medidas adotadas pelo banco central foram claramente insuficientes"" - ponderou o governador na sessão de hoje.",quote
"Com um discurso incompetente, a legenda conservadora foi, com razão, massacrado pelos adversários nas últimas pesquisas. Lamentável ter que assistir a esse tipo de postura na televisão.",biased
"Durante a entrevista, o líder da oposição ressaltou que ""não há qualquer indício de corrupção ou irregularidade neste caso"".",quote
"Totalmente hipócrita, a legenda conservadora tentou emplacar mais uma narrativa falsa para enganar os eleitores incautos.",biased
"""A segurança pública deve ser a verdadeira prioridade desta gestão"", disse o ministro da Economia.",quote
"Durante a entrevista, o especialista em segurança declarou que ""o nosso orçamento anual não fecha sem a criação de novas receitas"".",quote
"Em nota oficial, a deputada prometeu: ""o governo tira remédio da Farmácia Popular, mas mantém outras mamatas intactas"".",quote
"Em nota oficial, o porta-voz do governo justificou: ""as eleições foram um marco para a nossa jovem democracia"".",quote
"Durante a entrevista, a deputada declarou que ""nenhum país cresce sem apoiar a ciência e a tecnologia"".",quote
"Durante a entrevista, o líder da oposição alertou que ""o país finalmente está voltando aos trilhos certos"".",quote
"Totalmente inepto, o politiqueiro tentou emplacar mais uma narrativa falsa para enganar os eleitores incautos.",biased
"""Não podemos, de forma alguma, aceitar esse tipo de retrocesso"", criticou o governador.",quote
Lamentável ter que assistir a esse tipo de postura na televisão. O atual desgoverno tentou emplacar mais uma narrativa falsa para enganar os eleitores incautos.,biased
"""Nenhum país cresce sem apoiar a ciência e a tecnologia"" - alertou o ex-presidente na sessão de hoje.",quote
"Com um discurso autoritário, o governador oportunista mostrou sem pudor a sua verdadeira face intolerante e odiosa. Lamentável ter que assistir a esse tipo de postura na televisão.",biased
"Segundo o prefeito, ""nenhum país cresce sem apoiar a ciência e a tecnologia"".",quote
"Em nota oficial, o parlamentar declarou: ""as estatais devem servir ao povo, não a interesses escusos"".",quote
"O partido esquerdista totalmente alienado só sabe atacar as instituições ao invés de propor soluções reais. Enquanto isso, a população pobre sofre as trágicas consequências.",biased
"A bancada do retrocesso só sabe atacar as instituições ao invés de propor soluções reais, o que é inepto. É um verdadeiro absurdo que alguém assim ainda tenha qualquer apoio.",biased
"É o fim da picada para o nosso país. A legenda conservadora foi, com razão, massacrado pelos adversários nas últimas pesquisas.",biased
"Com um discurso completamente vergonhoso, a velha política foi, com razão, massacrado pelos adversários nas últimas pesquisas. E os defensores cegos continuam aplaudindo esse desastre.",biased
"Com um discurso desastroso, o atual desgoverno passou uma tremenda vergonha ao tentar explicar o inexplicável. Uma clara e evidente demonstração de desespero eleitoral desta trupe.",biased
"Com um discurso oportunista, a bancada do retrocesso continua diariamente com seu show de horrores nas redes sociais. Atitude típica e esperada de quem não tem nenhum projeto viável para o Brasil.",biased
"Totalmente despreparado, o ex-ministro agiu como uma verdadeira linha auxiliar de seus chefes políticos.",biased
"""Não haverá trégua para os que tentam burlar as leis eleitorais"", disse o senador.",quote
"""Este projeto de lei destruirá o meio ambiente em poucos anos"", prometeu o senador.",quote
"Parece uma piada de mau gosto, mas infelizmente é a nossa realidade. A legenda conservadora passou pano para os desvios milionários de seus aliados mais próximos.",biased
"Totalmente patético, a bancada do retrocesso só sabe atacar as instituições ao invés de propor soluções reais.",biased
"Com um discurso despreparado, a bancada do retrocesso mostrou sem pudor a sua verdadeira face intolerante e odiosa. Atitude típica e esperada de quem não tem nenhum projeto viável para o Brasil.",biased
"Com um discurso criminoso, a oposição histérica fugiu das perguntas dos jornalistas como o diabo foge da cruz. Uma clara e evidente demonstração de desespero eleitoral desta trupe.",biased
O suposto líder hipócrita só sabe atacar as instituições ao invés de propor soluções reais. Ninguém aguenta mais tanto cinismo e cara de pau.,biased
"Durante a entrevista, o ministro da Economia concluiu que ""precisamos urgentemente investir mais em saúde e educação pública"".",quote
"Durante a entrevista, a deputada apontou que ""não podemos, de forma alguma, aceitar esse tipo de retrocesso"".",quote
"""O mercado financeiro vai se recuperar no próximo trimestre, apesar das dificuldades"", ponderou o líder da oposição.",quote
"Com um discurso arrogante, o ex-ministro passou pano para os desvios milionários de seus aliados mais próximos. A internet, claro, não perdoou e subiu dezenas de tags pejorativas.",biased
"Com um discurso criminoso, a legenda conservadora foi, com razão, massacrado pelos adversários nas últimas pesquisas. Ninguém aguenta mais tanto cinismo e cara de pau.",biased
"Totalmente arrogante, a velha política tentou, sem sucesso, maquiar os números aterrorizantes de sua gestão.",biased
"O candidato agiu como uma verdadeira linha auxiliar de seus chefes políticos, o que é inepto. Ninguém aguenta mais tanto cinismo e cara de pau.",biased
"A velha política agiu como uma verdadeira linha auxiliar de seus chefes políticos, o que é hipócrita. Parece uma piada de mau gosto, mas infelizmente é a nossa realidade.",biased
A velha política desastroso promoveu mais um circo midiático apenas para animar seus fãs extremistas. Uma clara e evidente demonstração de desespero eleitoral desta trupe.,biased
"""O sistema de saúde entrou em colapso devido à falta de planejamento"" - afirmou a deputada na sessão de hoje.",quote
"""O país finalmente está voltando aos trilhos certos"", ressaltou o advogado de defesa.",quote
"Em nota oficial, o candidato concluiu: ""o debate político de hoje precisa ser muito mais respeitoso"".",quote
"Com um discurso completamente vergonhoso, a velha política continua diariamente com seu show de horrores nas redes sociais. Atitude típica e esperada de quem não tem nenhum projeto viável para o Brasil.",biased
"Durante a entrevista, o especialista em segurança apontou que ""a economia vai se recuperar no próximo trimestre, apesar das dificuldades"".",quote
"O candidato mostrou sem pudor a sua verdadeira face intolerante e odiosa, o que é oportunista. É um verdadeiro absurdo que alguém assim ainda tenha qualquer apoio.",biased
"Em nota oficial, a deputada alertou: ""as medidas adotadas pelo Banco Central foram claramente insuficientes"".",quote
"Enquanto isso, a população pobre sofre as trágicas consequências. O suposto líder tentou emplacar mais uma narrativa falsa para enganar os eleitores incautos.",biased
"Totalmente despreparado, a legenda conservadora tentou, sem sucesso, maquiar os números aterrorizantes de sua gestão.",biased
"Em nota oficial, o advogado de defesa advertiu: ""o debate político de hoje precisa ser muito mais respeitoso"".",quote
"A legenda conservadora continua diariamente com seu show de horrores nas redes sociais, o que é fascista. A internet, claro, não perdoou e subiu dezenas de tags pejorativas.",biased
"Totalmente demagogo, a oposição histérica continua diariamente com seu show de horrores nas redes sociais.",biased
"""Precisamos urgentemente investir mais em saúde e educação pública"", garantiu o líder da oposição.",quote
"A oposição histérica mostrou sem pudor a sua verdadeira face intolerante e odiosa, o que é demagogo. Enquanto isso, a população pobre sofre as trágicas consequências.",biased
"""O governo tira remédio da farmácia popular, mas mantém outras mamatas intactas"" - prometeu o candidato na sessão de hoje.",quote
"""O debate político de hoje precisa ser muito mais respeitoso"", garantiu o candidato.",quote
"Com um discurso criminoso, o atual desgoverno tentou emplacar mais uma narrativa falsa para enganar os eleitores incautos. E os defensores cegos continuam aplaudindo esse desastre.",biased
"Em nota oficial, o presidente assinalou: ""o governo tira remédio da Farmácia Popular, mas mantém outras mamatas intactas"".",quote
"O candidato criminoso continua diariamente com seu show de horrores nas redes sociais. Enquanto isso, a população pobre sofre as trágicas consequências.",biased
"Em nota oficial, o prefeito apontou: ""não podemos, de forma alguma, aceitar esse tipo de retrocesso"".",quote
"""A inflação está completamente fora de controle"" - apontou o ministro da Economia na sessão de hoje.",quote
"Durante a entrevista, o especialista em segurança advertiu que ""não haverá trégua para os que tentam burlar as leis eleitorais"".",quote
"Em nota oficial, o parlamentar assinalou: ""não podemos, de forma alguma, aceitar esse tipo de retrocesso"".",quote
"O candidato foi, com razão, massacrado pelos adversários nas últimas pesquisas, o que é patético. Ninguém aguenta mais tanto cinismo e cara de pau.",biased
"""As medidas adotadas pelo banco central foram claramente insuficientes"", ressaltou a deputada.",quote
"Durante a entrevista, o relator da CPI apontou que ""não haverá trégua para os que tentam burlar as leis eleitorais"".",quote
"Com um discurso demagogo, a oposição histérica continua diariamente com seu show de horrores nas redes sociais. Parece uma piada de mau gosto, mas infelizmente é a nossa realidade.",biased
Lamentável ter que assistir a esse tipo de postura na televisão. O candidato só sabe atacar as instituições ao invés de propor soluções reais.,biased
"Em nota oficial, o senador disse: ""o nosso orçamento anual não fecha sem a criação de novas receitas"".",quote
"A oposição histérica passou pano para os desvios milionários de seus aliados mais próximos, o que é autoritário. Atitude típica e esperada de quem não tem nenhum projeto viável para o Brasil.",biased
"Com um discurso oportunista, o governador oportunista passou pano para os desvios milionários de seus aliados mais próximos. E os defensores cegos continuam aplaudindo esse desastre.",biased
"Com um discurso lunático, o politiqueiro agiu como uma verdadeira linha auxiliar de seus chefes políticos. É o fim da picada para o nosso país.",biased
"""O país finalmente está voltando aos trilhos certos"" - declarou o senador na sessão de hoje.",quote
"""As medidas adotadas pelo banco central foram claramente insuficientes"" - declarou o presidente na sessão de hoje.",quote
"O partido esquerdista foi, com razão, massacrado pelos adversários nas últimas pesquisas, o que é arrogante. Parece uma piada de mau gosto, mas infelizmente é a nossa realidade.",biased
"Com um discurso autoritário, o ex-ministro promoveu mais um circo midiático apenas para animar seus fãs extremistas. Uma clara e evidente demonstração de desespero eleitoral desta trupe.",biased
Lamentável ter que assistir a esse tipo de postura na televisão. O partido esquerdista passou uma tremenda vergonha ao tentar explicar o inexplicável.,biased
"Com um discurso desastroso, a velha política continua diariamente com seu show de horrores nas redes sociais. Lamentável ter que assistir a esse tipo de postura na televisão.",biased
Ninguém aguenta mais tanto cinismo e cara de pau. O presidente negacionista demonstrou total e absoluta falta de preparo no debate de ontem.,biased
"Totalmente criminoso, o politiqueiro agiu como uma verdadeira linha auxiliar de seus chefes políticos.",biased
"""O debate político de hoje precisa ser muito mais respeitoso"" - criticou o governador na sessão de hoje.",quote
"""A segurança pública deve ser a verdadeira prioridade desta gestão"" - assinalou o presidente na sessão de hoje.",quote
O presidente negacionista desastroso continua diariamente com seu show de horrores nas redes sociais. Uma clara e evidente demonstração de desespero eleitoral desta trupe.,biased
"Totalmente inepto, o politiqueiro continua diariamente com seu show de horrores nas redes sociais.",biased
"Com um discurso criminoso, o partido esquerdista só sabe atacar as instituições ao invés de propor soluções reais. Enquanto isso, a população pobre sofre as trágicas consequências.",biased
"Totalmente incompetente, a legenda conservadora agiu como uma verdadeira linha auxiliar de seus chefes políticos.",biased
O atual desgoverno completamente vergonhoso passou uma tremenda vergonha ao tentar explicar o inexplicável. Ninguém aguenta mais tanto cinismo e cara de pau.,biased
"Em nota oficial, o presidente declarou: ""o debate político de hoje precisa ser muito mais respeitoso"".",quote
"A oposição histérica continua diariamente com seu show de horrores nas redes sociais, o que é completamente vergonhoso. Lamentável ter que assistir a esse tipo de postura na televisão.",biased
"Com um discurso incompetente, o atual desgoverno foi, com razão, massacrado pelos adversários nas últimas pesquisas. Atitude típica e esperada de quem não tem nenhum projeto viável para o Brasil.",biased
"O candidato só sabe atacar as instituições ao invés de propor soluções reais, o que é hipócrita. Parece uma piada de mau gosto, mas infelizmente é a nossa realidade.",biased
"Em nota oficial, o líder da oposição avaliou: ""não podemos, de forma alguma, aceitar esse tipo de retrocesso"".",quote
"""A economia vai se recuperar no próximo trimestre, apesar das dificuldades"" - disse o advogado de defesa na sessão de hoje.",quote
"""O nosso orçamento anual não fecha sem a criação de novas receitas"", ponderou o ministro da Economia.",quote
"""Nenhum país cresce sem apoiar a ciência e a tecnologia"", assinalou o parlamentar.",quote
"""Nenhum país cresce sem apoiar a ciência e a tecnologia"" - assinalou a deputada na sessão de hoje.",quote
"""A inflação está completamente fora de controle"", rebateu o presidente do tribunal.",quote
A legenda conservadora fascista fugiu das perguntas dos jornalistas como o diabo foge da cruz. É o fim da picada para o nosso país.,biased
"O presidente negacionista demonstrou total e absoluta falta de preparo no debate de ontem, o que é autoritário. É o fim da picada para o nosso país.",biased
"Com um discurso demagogo, o suposto líder passou pano para os desvios milionários de seus aliados mais próximos. É o fim da picada para o nosso país.",biased
Uma clara e evidente demonstração de desespero eleitoral desta trupe. A bancada do retrocesso promoveu mais um circo midiático apenas para animar seus fãs extremistas.,biased
A oposição histérica patético fugiu das perguntas dos jornalistas como o diabo foge da cruz. É o fim da picada para o nosso país.,biased
"A bancada do retrocesso passou pano para os desvios milionários de seus aliados mais próximos, o que é lunático. É o fim da picada para o nosso país.",biased
"Totalmente patético, o governador oportunista tentou emplacar mais uma narrativa falsa para enganar os eleitores incautos.",biased
"Parece uma piada de mau gosto, mas infelizmente é a nossa realidade. O governador oportunista agiu como uma verdadeira linha auxiliar de seus chefes políticos.",biased
"Com um discurso demagogo, o ex-ministro agiu como uma verdadeira linha auxiliar de seus chefes políticos. A internet, claro, não perdoou e subiu dezenas de tags pejorativas.",biased
"Totalmente demagogo, o candidato passou pano para os desvios milionários de seus aliados mais próximos.",biased
"Totalmente demagogo, o ex-ministro agiu como uma verdadeira linha auxiliar de seus chefes políticos.",biased
"O politiqueiro criminoso tentou, sem sucesso, maquiar os números aterrorizantes de sua gestão. Uma clara e evidente demonstração de desespero eleitoral desta trupe.",biased
"Com um discurso fascista, o ex-ministro só sabe atacar as instituições ao invés de propor soluções reais. Atitude típica e esperada de quem não tem nenhum projeto viável para o Brasil.",biased
"A bancada do retrocesso tentou, sem sucesso, maquiar os números aterrorizantes de sua gestão, o que é lunático. Atitude típica e esperada de quem não tem nenhum projeto viável para o Brasil.",biased
"""Não há qualquer indício de corrupção ou irregularidade neste caso"", ressaltou o ex-presidente.",quote
"Totalmente oportunista, o presidente negacionista continua diariamente com seu show de horrores nas redes sociais.",biased
"Totalmente hipócrita, o partido esquerdista promoveu mais um circo midiático apenas para animar seus fãs extremistas.",biased
"""Este projeto de lei destruirá o meio ambiente em poucos anos"" - criticou o líder da oposição na sessão de hoje.",quote
"Segundo o presidente, ""o nosso orçamento anual não fecha sem a criação de novas receitas"".",quote
"Em nota oficial, o ex-presidente declarou: ""o debate político de hoje precisa ser muito mais respeitoso"".",quote
"Totalmente hipócrita, o atual desgoverno demonstrou total e absoluta falta de preparo no debate de ontem.",biased
"""Não há qualquer indício de corrupção ou irregularidade neste caso"" - alertou o especialista em segurança na sessão de hoje.",quote
"O governador oportunista completamente vergonhoso tentou, sem sucesso, maquiar os números aterrorizantes de sua gestão. Parece uma piada de mau gosto, mas infelizmente é a nossa realidade.",biased
"""O mercado financeiro vai se recuperar no próximo trimestre, apesar das dificuldades"" - prometeu a ministra da Saúde na sessão de hoje.",quote
"""Não podemos, de forma alguma, aceitar esse tipo de retrocesso"", avaliou o governador.",quote
"A internet, claro, não perdoou e subiu dezenas de tags pejorativas. O partido esquerdista foi, com razão, massacrado pelos adversários nas últimas pesquisas.",biased
"O governador oportunista fugiu das perguntas dos jornalistas como o diabo foge da cruz, o que é autoritário. Uma clara e evidente demonstração de desespero eleitoral desta trupe.",biased
"Em nota oficial, o senador garantiu: ""os pleitos foram um marco para a nossa jovem democracia"".",quote
"Enquanto isso, a população pobre sofre as trágicas consequências. O atual desgoverno demonstrou total e absoluta falta de preparo no debate de ontem.",biased
"Segundo o pesquisador, ""o debate político de hoje precisa ser muito mais respeitoso"".",quote
"Em nota oficial, o especialista em segurança afirmou: ""não adianta tentar cutucar a onça com vara curta neste momento"".",quote
"Em nota oficial, o presidente garantiu: ""as estatais devem servir ao povo, não a interesses escusos"".",quote
"O governador oportunista tentou, sem sucesso, maquiar os números aterrorizantes de sua gestão, o que é incompetente. E os defensores cegos continuam aplaudindo esse desastre.",biased
"Segundo a ministra da Saúde, ""não há qualquer indício de corrupção ou irregularidade neste caso"".",quote
"O ex-ministro passou pano para os desvios milionários de seus aliados mais próximos, o que é inepto. Uma clara e evidente demonstração de desespero eleitoral desta trupe.",biased
"Totalmente demagogo, o presidente negacionista mostrou sem pudor a sua verdadeira face intolerante e odiosa.",biased
O partido esquerdista fascista continua diariamente com seu show de horrores nas redes sociais. É um verdadeiro absurdo que alguém assim ainda tenha qualquer apoio.,biased
"Em nota oficial, o candidato ponderou: ""os pleitos foram um marco para a nossa jovem democracia"".",quote
"O presidente negacionista demagogo tentou, sem sucesso, maquiar os números aterrorizantes de sua gestão. Uma clara e evidente demonstração de desespero eleitoral desta trupe.",biased
E os defensores cegos continuam aplaudindo esse desastre. O presidente negacionista passou pano para os desvios milionários de seus aliados mais próximos.,biased
O atual desgoverno lunático mostrou sem pudor a sua verdadeira face intolerante e odiosa. É um verdadeiro absurdo que alguém assim ainda tenha qualquer apoio.,biased
"Em nota oficial, o prefeito garantiu: ""a inflação está completamente fora de controle"".",quote
"Durante a entrevista, o ex-presidente apontou que ""a economia vai se recuperar no próximo trimestre, apesar das dificuldades"".",quote
"Totalmente totalmente alienado, o politiqueiro tentou emplacar mais uma narrativa falsa para enganar os eleitores incautos.",biased
"""Não podemos, de forma alguma, aceitar esse tipo de retrocesso"", disse o especialista em segurança.",quote
"Em nota oficial, o porta-voz do governo criticou: ""as medidas adotadas pelo Banco Central foram claramente insuficientes"".",quote
"Totalmente demagogo, a bancada do retrocesso passou uma tremenda vergonha ao tentar explicar o inexplicável.",biased
"Durante a entrevista, o ex-presidente ponderou que ""as estatais devem servir ao povo, não a interesses escusos"".",quote
"Durante a entrevista, o líder da oposição prometeu que ""não há qualquer indício de corrupção ou irregularidade neste caso"".",quote
"Com um discurso despreparado, o politiqueiro promoveu mais um circo midiático apenas para animar seus fãs extremistas. Uma clara e evidente demonstração de desespero eleitoral desta trupe.",biased
"A oposição histérica demonstrou total e absoluta falta de preparo no debate de ontem, o que é inepto. A internet, claro, não perdoou e subiu dezenas de tags pejorativas.",biased
"Durante a entrevista, o especialista em segurança disse que ""as medidas adotadas pelo Banco Central foram claramente insuficientes"".",quote
"""O mercado financeiro vai se recuperar no próximo trimestre, apesar das dificuldades"", apontou o pesquisador.",quote
"Durante a entrevista, o prefeito justificou que ""a segurança pública deve ser a verdadeira prioridade desta gestão"".",quote
"Durante a entrevista, o prefeito criticou que ""o país finalmente está voltando aos trilhos certos"".",quote
"""Não podemos, de forma alguma, aceitar esse tipo de retrocesso"", advertiu o governador.",quote
"""O nosso orçamento anual não fecha sem a criação de novas receitas"", ressaltou o candidato.",quote
"O ex-ministro hipócrita tentou, sem sucesso, maquiar os números aterrorizantes de sua gestão. Lamentável ter que assistir a esse tipo de postura na televisão.",biased
"Durante a entrevista, o presidente do tribunal alertou que ""o nosso orçamento anual não fecha sem a criação de novas receitas"".",quote
"""As eleições foram um marco para a nossa jovem democracia"", afirmou o pesquisador.",quote
"Com um discurso desastroso, a oposição histérica tentou, sem sucesso, maquiar os números aterrorizantes de sua gestão. Enquanto isso, a população pobre sofre as trágicas consequências.",biased
É um verdadeiro absurdo que alguém assim ainda tenha qualquer apoio. O presidente negacionista só sabe atacar as instituições ao invés de propor soluções reais.,biased
O governador oportunista totalmente alienado promoveu mais um circo midiático apenas para animar seus fãs extremistas. Atitude típica e esperada de quem não tem nenhum projeto viável para o Brasil.,biased
"O atual desgoverno tentou emplacar mais uma narrativa falsa para enganar os eleitores incautos, o que é demagogo. E os defensores cegos continuam aplaudindo esse desastre.",biased
"""O corte de gastos do governo federal é inevitável"" - prometeu o parlamentar na sessão de hoje.",quote
"Em nota oficial, o advogado de defesa afirmou: ""não adianta tentar cutucar a onça com vara curta neste momento"".",quote
"Durante a entrevista, o governador concluiu que ""não haverá trégua para os que tentam burlar as leis eleitorais"".",quote
"É um verdadeiro absurdo que alguém assim ainda tenha qualquer apoio. A bancada do retrocesso foi, com razão, massacrado pelos adversários nas últimas pesquisas.",biased
"""O nosso orçamento anual não fecha sem a criação de novas receitas"", alertou o presidente.",quote
"A oposição histérica autoritário agiu como uma verdadeira linha auxiliar de seus chefes políticos. Parece uma piada de mau gosto, mas infelizmente é a nossa realidade.",biased
"Segundo o presidente, ""a segurança pública deve ser a verdadeira prioridade desta gestão"".",quote
"Totalmente totalmente alienado, a legenda conservadora tentou emplacar mais uma narrativa falsa para enganar os eleitores incautos.",biased
"Durante a entrevista, o relator da CPI rebateu que ""as eleições foram um marco para a nossa jovem democracia"".",quote
"Em nota oficial, o parlamentar ressaltou: ""não adianta tentar cutucar a onça com vara curta neste momento"".",quote
"""Não adianta tentar cutucar a onça com vara curta neste momento"" - concluiu a ministra da Saúde na sessão de hoje.",quote
"Em nota oficial, o relator da CPI advertiu: ""a economia vai se recuperar no próximo trimestre, apesar das dificuldades"".",quote
"""A aprovação da reforma tributária na câmara é para ontem"", afirmou o líder da oposição.",quote
"""Não há qualquer indício de corrupção ou irregularidade neste caso"", ressaltou o pesquisador.",quote
"Com um discurso desastroso, a velha política só sabe atacar as instituições ao invés de propor soluções reais. Lamentável ter que assistir a esse tipo de postura na televisão.",biased
"""Este projeto de lei destruirá o meio ambiente em poucos anos"" - apontou o advogado de defesa na sessão de hoje.",quote
"Durante a entrevista, o senador ressaltou que ""precisamos urgentemente investir mais em saúde e educação pública"".",quote
"Durante a entrevista, a deputada avaliou que ""o governo tira remédio da Farmácia Popular, mas mantém outras mamatas intactas"".",quote
"Totalmente demagogo, o politiqueiro passou uma tremenda vergonha ao tentar explicar o inexplicável.",biased
"Totalmente completamente vergonhoso, o candidato tentou, sem sucesso, maquiar os números aterrorizantes de sua gestão.",biased
"Durante a entrevista, o senador concluiu que ""não haverá trégua para os que tentam burlar as leis eleitorais"".",quote
"A velha política foi, com razão, massacrado pelos adversários nas últimas pesquisas, o que é patético. Parece uma piada de mau gosto, mas infelizmente é a nossa realidade.",biased
"Com um discurso autoritário, o atual desgoverno só sabe atacar as instituições ao invés de propor soluções reais. Uma clara e evidente demonstração de desespero eleitoral desta trupe.",biased
"Em nota oficial, a ministra da Saúde justificou: ""a economia vai se recuperar no próximo trimestre, apesar das dificuldades"".",quote
É o fim da picada para o nosso país. A oposição histérica mostrou sem pudor a sua verdadeira face intolerante e odiosa.,biased
"Em nota oficial, o parlamentar prometeu: ""as medidas adotadas pelo Banco Central foram claramente insuficientes"".",quote
"O politiqueiro incompetente demonstrou total e absoluta falta de preparo no debate de ontem. A internet, claro, não perdoou e subiu dezenas de tags pejorativas.",biased
"O governador oportunista passou pano para os desvios milionários de seus aliados mais próximos, o que é totalmente alienado. Enquanto isso, a população pobre sofre as trágicas consequências.",biased
"Em nota oficial, o ex-presidente advertiu: ""a segurança pública deve ser a verdadeira prioridade desta gestão"".",quote
O governador oportunista criminoso agiu como uma verdadeira linha auxiliar de seus chefes políticos. Atitude típica e esperada de quem não tem nenhum projeto viável para o Brasil.,biased
"O atual desgoverno passou uma tremenda vergonha ao tentar explicar o inexplicável, o que é fascista. Lamentável ter que assistir a esse tipo de postura na televisão.",biased
"Totalmente autoritário, a velha política agiu como uma verdadeira linha auxiliar de seus chefes políticos.",biased
"Segundo o governador, ""não há qualquer indício de corrupção ou irregularidade neste caso"".",quote
"""A inflação está completamente fora de controle"", concluiu o parlamentar.",quote
O ex-ministro completamente vergonhoso continua diariamente com seu show de horrores nas redes sociais. Uma clara e evidente demonstração de desespero eleitoral desta trupe.,biased
"Totalmente inepto, o governador oportunista só sabe atacar as instituições ao invés de propor soluções reais.",biased
"Com um discurso completamente vergonhoso, o candidato mostrou sem pudor a sua verdadeira face intolerante e odiosa. É um verdadeiro absurdo que alguém assim ainda tenha qualquer apoio.",biased
"A bancada do retrocesso tentou, sem sucesso, maquiar os números aterrorizantes de sua gestão, o que é inepto. É o fim da picada para o nosso país.",biased
"Com um discurso oportunista, o politiqueiro tentou, sem sucesso, maquiar os números aterrorizantes de sua gestão. É o fim da picada para o nosso país.",biased
"Durante a entrevista, a deputada assinalou que ""a aprovação da reforma tributária na câmara é para ontem"".",quote
"O presidente negacionista tentou, sem sucesso, maquiar os números aterrorizantes de sua gestão, o que é criminoso. Uma clara e evidente demonstração de desespero eleitoral desta trupe.",biased
A legenda conservadora lunático passou uma tremenda vergonha ao tentar explicar o inexplicável. Lamentável ter que assistir a esse tipo de postura na televisão.,biased
"O atual desgoverno fugiu das perguntas dos jornalistas como o diabo foge da cruz, o que é hipócrita. A internet, claro, não perdoou e subiu dezenas de tags pejorativas.",biased
Atitude típica e esperada de quem não tem nenhum projeto viável para o Brasil. O politiqueiro tentou emplacar mais uma narrativa falsa para enganar os eleitores incautos.,biased
"""As medidas adotadas pelo banco central foram claramente insuficientes"" - assinalou o presidente na sessão de hoje.",quote
"""Não há qualquer indício de corrupção ou irregularidade neste caso"", afirmou o especialista em segurança.",quote
"Com um discurso incompetente, o governador oportunista foi, com razão, massacrado pelos adversários nas últimas pesquisas. E os defensores cegos continuam aplaudindo esse desastre.",biased
"A oposição histérica autoritário passou uma tremenda vergonha ao tentar explicar o inexplicável. Enquanto isso, a população pobre sofre as trágicas consequências.",biased
"""Não adianta tentar cutucar a onça com vara curta neste momento"", justificou o candidato.",quote
"O candidato oportunista só sabe atacar as instituições ao invés de propor soluções reais. Parece uma piada de mau gosto, mas infelizmente é a nossa realidade.",biased
"O presidente negacionista continua diariamente com seu show de horrores nas redes sociais, o que é criminoso. Lamentável ter que assistir a esse tipo de postura na televisão.",biased
"""Não haverá trégua para os que tentam burlar as leis eleitorais"" - rebateu a ministra da Saúde na sessão de hoje.",quote
"Em nota oficial, o ex-presidente alertou: ""não há qualquer indício de corrupção ou irregularidade neste caso"".",quote
"""O governo tira remédio da farmácia popular, mas mantém outras mamatas intactas"" - assinalou o pesquisador na sessão de hoje.",quote
"A internet, claro, não perdoou e subiu dezenas de tags pejorativas. O ex-ministro só sabe atacar as instituições ao invés de propor soluções reais.",biased
O partido esquerdista oportunista promoveu mais um circo midiático apenas para animar seus fãs extremistas. Lamentável ter que assistir a esse tipo de postura na televisão.,biased
"Totalmente demagogo, o suposto líder agiu como uma verdadeira linha auxiliar de seus chefes políticos.",biased
"Enquanto isso, a população pobre sofre as trágicas consequências. O governador oportunista tentou emplacar mais uma narrativa falsa para enganar os eleitores incautos.",biased
"Durante a entrevista, o candidato concluiu que ""o sistema de saúde entrou em colapso devido à falta de planejamento"".",quote
"Em nota oficial, a deputada justificou: ""a inflação está completamente fora de controle"".",quote
"Totalmente lunático, o atual desgoverno passou pano para os desvios milionários de seus aliados mais próximos.",biased
"O politiqueiro fugiu das perguntas dos jornalistas como o diabo foge da cruz, o que é patético. Ninguém aguenta mais tanto cinismo e cara de pau.",biased
"Totalmente completamente vergonhoso, a velha política demonstrou total e absoluta falta de preparo no debate de ontem.",biased
"Ninguém aguenta mais tanto cinismo e cara de pau. A bancada do retrocesso tentou, sem sucesso, maquiar os números aterrorizantes de sua gestão.",biased
"Durante a entrevista, o prefeito ressaltou que ""o nosso orçamento anual não fecha sem a criação de novas receitas"".",quote
"Totalmente desastroso, a oposição histérica foi, com razão, massacrado pelos adversários nas últimas pesquisas.",biased
"O atual desgoverno mostrou sem pudor a sua verdadeira face intolerante e odiosa, o que é despreparado. A internet, claro, não perdoou e subiu dezenas de tags pejorativas.",biased
"Durante a entrevista, a ministra da Saúde assinalou que ""o corte de gastos do governo federal é inevitável"".",quote
"Com um discurso patético, o governador oportunista tentou, sem sucesso, maquiar os números aterrorizantes de sua gestão. Ninguém aguenta mais tanto cinismo e cara de pau.",biased
"""Não adianta tentar cutucar a onça com vara curta neste momento"" - ressaltou o relator da CPI na sessão de hoje.",quote
"""O sistema de saúde entrou em colapso devido à falta de planejamento"" - advertiu a deputada na sessão de hoje.",quote
"Totalmente fascista, a legenda conservadora tentou emplacar mais uma narrativa falsa para enganar os eleitores incautos.",biased
"""Não haverá trégua para os que tentam burlar as leis eleitorais"" - ponderou o pesquisador na sessão de hoje.",quote
"""As medidas adotadas pelo banco central foram claramente insuficientes"" - criticou o ex-presidente na sessão de hoje.",quote
"""As eleições foram um marco para a nossa jovem democracia"", avaliou o parlamentar.",quote
"A bancada do retrocesso lunático tentou emplacar mais uma narrativa falsa para enganar os eleitores incautos. A internet, claro, não perdoou e subiu dezenas de tags pejorativas.",biased
O governador oportunista desastroso passou pano para os desvios milionários de seus aliados mais próximos. É um verdadeiro absurdo que alguém assim ainda tenha qualquer apoio.,biased
O suposto líder desastroso mostrou sem pudor a sua verdadeira face intolerante e odiosa. Ninguém aguenta mais tanto cinismo e cara de pau.,biased
"Em nota oficial, a ministra da Saúde apontou: ""o governo tira remédio da Farmácia Popular, mas mantém outras mamatas intactas"".",quote
"""O nosso orçamento anual não fecha sem a criação de novas receitas"" - ponderou o porta-voz do governo na sessão de hoje.",quote
"O politiqueiro continua diariamente com seu show de horrores nas redes sociais, o que é oportunista. Lamentável ter que assistir a esse tipo de postura na televisão.",biased
A velha política arrogante mostrou sem pudor a sua verdadeira face intolerante e odiosa. Lamentável ter que assistir a esse tipo de postura na televisão.,biased
"Totalmente incompetente, a oposição histérica continua diariamente com seu show de horrores nas redes sociais.",biased
"Com um discurso demagogo, a bancada do retrocesso tentou emplacar mais uma narrativa falsa para enganar os eleitores incautos. Enquanto isso, a população pobre sofre as trágicas consequências.",biased
E os defensores cegos continuam aplaudindo esse desastre. O suposto líder passou pano para os desvios milionários de seus aliados mais próximos.,biased
"""Não haverá trégua para os que tentam burlar as leis eleitorais"" - afirmou o presidente na sessão de hoje.",quote
"A legenda conservadora promoveu mais um circo midiático apenas para animar seus fãs extremistas, o que é patético. É o fim da picada para o nosso país.",biased
"Em nota oficial, o governador justificou: ""o país finalmente está voltando aos trilhos certos"".",quote
"O suposto líder promoveu mais um circo midiático apenas para animar seus fãs extremistas, o que é despreparado. Lamentável ter que assistir a esse tipo de postura na televisão.",biased
"Com um discurso lunático, o governador oportunista tentou, sem sucesso, maquiar os números aterrorizantes de sua gestão. Parece uma piada de mau gosto, mas infelizmente é a nossa realidade.",biased
"Durante a entrevista, o advogado de defesa criticou que ""o corte de gastos do governo federal é inevitável"".",quote
"""As eleições foram um marco para a nossa jovem democracia"" - alertou a ministra da Saúde na sessão de hoje.",quote
"""O sistema de saúde entrou em colapso devido à falta de planejamento"" - ressaltou o ministro da Economia na sessão de hoje.",quote
"O partido esquerdista promoveu mais um circo midiático apenas para animar seus fãs extremistas, o que é demagogo. É um verdadeiro absurdo que alguém assim ainda tenha qualquer apoio.",biased
"A legenda conservadora desastroso tentou, sem sucesso, maquiar os números aterrorizantes de sua gestão. E os defensores cegos continuam aplaudindo esse desastre.",biased
"Durante a entrevista, a ministra da Saúde assinalou que ""não há qualquer indício de corrupção ou irregularidade neste caso"".",quote
"Totalmente despreparado, o presidente negacionista continua diariamente com seu show de horrores nas redes sociais.",biased
"A legenda conservadora mostrou sem pudor a sua verdadeira face intolerante e odiosa, o que é hipócrita. Ninguém aguenta mais tanto cinismo e cara de pau.",biased
"""A aprovação da reforma tributária na câmara é para ontem"", criticou o governador.",quote
"Durante a entrevista, o pesquisador criticou que ""o mercado financeiro vai se recuperar no próximo trimestre, apesar das dificuldades"".",quote
"""Precisamos urgentemente investir mais em saúde e educação pública"" - garantiu o candidato na sessão de hoje.",quote
"Com um discurso inepto, o presidente negacionista tentou emplacar mais uma narrativa falsa para enganar os eleitores incautos. Atitude típica e esperada de quem não tem nenhum projeto viável para o Brasil.",biased
"Segundo o porta-voz do governo, ""o corte de gastos do governo federal é inevitável"".",quote
"Segundo o advogado de defesa, ""o país finalmente está voltando aos trilhos certos"".",quote
"""O debate político de hoje precisa ser muito mais respeitoso"", ressaltou a deputada.",quote
"""Não há qualquer indício de corrupção ou irregularidade neste caso"", rebateu o líder da oposição.",quote
"Totalmente demagogo, o partido esquerdista demonstrou total e absoluta falta de preparo no debate de ontem.",biased
"""O país finalmente está voltando aos trilhos certos"", rebateu o parlamentar.",quote
"Em nota oficial, o candidato justificou: ""precisamos urgentemente investir mais em saúde e educação pública"".",quote
"O partido esquerdista autoritário passou pano para os desvios milionários de seus aliados mais próximos. Parece uma piada de mau gosto, mas infelizmente é a nossa realidade.",biased
"Durante a entrevista, o presidente assinalou que ""a aprovação da reforma tributária na câmara é para ontem"".",quote
"Com um discurso despreparado, o ex-ministro mostrou sem pudor a sua verdadeira face intolerante e odiosa. É o fim da picada para o nosso país.",biased
"O atual desgoverno continua diariamente com seu show de horrores nas redes sociais, o que é totalmente alienado. Parece uma piada de mau gosto, mas infelizmente é a nossa realidade.",biased
"Segundo o ex-presidente, ""o corte de gastos do governo federal é inevitável"".",quote
"O suposto líder arrogante fugiu das perguntas dos jornalistas como o diabo foge da cruz. Enquanto isso, a população pobre sofre as trágicas consequências.",biased
"Em nota oficial, o prefeito advertiu: ""não há qualquer indício de corrupção ou irregularidade neste caso"".",quote
"Em nota oficial, o especialista em segurança declarou: ""a aprovação da reforma tributária na câmara é para ontem"".",quote
"Com um discurso autoritário, o politiqueiro fugiu das perguntas dos jornalistas como o diabo foge da cruz. É o fim da picada para o nosso país.",biased
"Em nota oficial, o porta-voz do governo prometeu: ""o corte de gastos do governo federal é inevitável"".",quote
"Em nota oficial, a ministra da Saúde prometeu: ""o sistema de saúde entrou em colapso devido à falta de planejamento"".",quote
"Enquanto isso, a população pobre sofre as trágicas consequências. A oposição histérica demonstrou total e absoluta falta de preparo no debate de ontem.",biased
"Com um discurso arrogante, o governador oportunista mostrou sem pudor a sua verdadeira face intolerante e odiosa. É um verdadeiro absurdo que alguém assim ainda tenha qualquer apoio.",biased
"Em nota oficial, o pesquisador criticou: ""o mercado financeiro vai se recuperar no próximo trimestre, apesar das dificuldades"".",quote
O partido esquerdista despreparado demonstrou total e absoluta falta de preparo no debate de ontem. É um verdadeiro absurdo que alguém assim ainda tenha qualquer apoio.,biased
"""As estatais devem servir ao povo, não a interesses escusos"", alertou a ministra da Saúde.",quote
"Em nota oficial, o porta-voz do governo avaliou: ""o país finalmente está voltando aos trilhos certos"".",quote
"Durante a entrevista, o governador criticou que ""as estatais devem servir ao povo, não a interesses escusos"".",quote
"Segundo o prefeito, ""o sistema de saúde entrou em colapso devido à falta de planejamento"".",quote
"O atual desgoverno tentou, sem sucesso, maquiar os números aterrorizantes de sua gestão, o que é hipócrita. A internet, claro, não perdoou e subiu dezenas de tags pejorativas.",biased
O ex-ministro lunático passou uma tremenda vergonha ao tentar explicar o inexplicável. É um verdadeiro absurdo que alguém assim ainda tenha qualquer apoio.,biased
"Totalmente fascista, a bancada do retrocesso foi, com razão, massacrado pelos adversários nas últimas pesquisas.",biased
"Em nota oficial, o advogado de defesa disse: ""as eleições foram um marco para a nossa jovem democracia"".",quote
"O suposto líder só sabe atacar as instituições ao invés de propor soluções reais, o que é despreparado. É um verdadeiro absurdo que alguém assim ainda tenha qualquer apoio.",biased
"""A segurança pública deve ser a verdadeira prioridade desta gestão"", garantiu o especialista em segurança.",quote
"Totalmente inepto, o presidente negacionista passou pano para os desvios milionários de seus aliados mais próximos.",biased
"Totalmente patético, o politiqueiro passou uma tremenda vergonha ao tentar explicar o inexplicável.",biased
"Totalmente lunático, o suposto líder continua diariamente com seu show de horrores nas redes sociais.",biased
"Durante a entrevista, o advogado de defesa avaliou que ""o mercado financeiro vai se recuperar no próximo trimestre, apesar das dificuldades"".",quote
A oposição histérica despreparado mostrou sem pudor a sua verdadeira face intolerante e odiosa. Atitude típica e esperada de quem não tem nenhum projeto viável para o Brasil.,biased
"Com um discurso inepto, a oposição histérica agiu como uma verdadeira linha auxiliar de seus chefes políticos. Lamentável ter que assistir a esse tipo de postura na televisão.",biased
"Em nota oficial, o pesquisador ressaltou: ""a segurança pública deve ser a verdadeira prioridade desta gestão"".",quote
É um verdadeiro absurdo que alguém assim ainda tenha qualquer apoio. O governador oportunista demonstrou total e absoluta falta de preparo no debate de ontem.,biased
"Com um discurso despreparado, a bancada do retrocesso promoveu mais um circo midiático apenas para animar seus fãs extremistas. A internet, claro, não perdoou e subiu dezenas de tags pejorativas.",biased
"É um verdadeiro absurdo que alguém assim ainda tenha qualquer apoio. O candidato tentou, sem sucesso, maquiar os números aterrorizantes de sua gestão.",biased
"O ex-ministro patético foi, com razão, massacrado pelos adversários nas últimas pesquisas. É um verdadeiro absurdo que alguém assim ainda tenha qualquer apoio.",biased
"A bancada do retrocesso criminoso só sabe atacar as instituições ao invés de propor soluções reais. Enquanto isso, a população pobre sofre as trágicas consequências.",biased
"""As medidas adotadas pelo banco central foram claramente insuficientes"", ponderou o porta-voz do governo.",quote
"""As estatais devem servir ao povo, não a interesses escusos"", justificou o porta-voz do governo.",quote
"""Não há qualquer indício de corrupção ou irregularidade neste caso"" - assinalou o advogado de defesa na sessão de hoje.",quote
"Durante a entrevista, o senador afirmou que ""o nosso orçamento anual não fecha sem a criação de novas receitas"".",quote
"""Não haverá trégua para os que tentam burlar as leis eleitorais"", ponderou o presidente do tribunal.",quote
"Durante a entrevista, o presidente do tribunal apontou que ""não há qualquer indício de corrupção ou irregularidade neste caso"".",quote
"Parece uma piada de mau gosto, mas infelizmente é a nossa realidade. A legenda conservadora tentou, sem sucesso, maquiar os números aterrorizantes de sua gestão.",biased
O ex-ministro fascista passou pano para os desvios milionários de seus aliados mais próximos. Ninguém aguenta mais tanto cinismo e cara de pau.,biased
"Totalmente criminoso, o partido esquerdista continua diariamente com seu show de horrores nas redes sociais.",biased
O partido esquerdista despreparado promoveu mais um circo midiático apenas para animar seus fãs extremistas. Ninguém aguenta mais tanto cinismo e cara de pau.,biased
"Totalmente completamente vergonhoso, o politiqueiro promoveu mais um circo midiático apenas para animar seus fãs extremistas.",biased
"""A aprovação da reforma tributária na câmara é para ontem"", rebateu a ministra da Saúde.",quote
"O politiqueiro patético foi, com razão, massacrado pelos adversários nas últimas pesquisas. A internet, claro, não perdoou e subiu dezenas de tags pejorativas.",biased
"Totalmente arrogante, o partido esquerdista foi, com razão, massacrado pelos adversários nas últimas pesquisas.",biased
"Totalmente demagogo, o atual desgoverno fugiu das perguntas dos jornalistas como o diabo foge da cruz.",biased
"Durante a entrevista, o porta-voz do governo avaliou que ""o nosso orçamento anual não fecha sem a criação de novas receitas"".",quote
"Em nota oficial, o governador disse: ""o governo tira remédio da Farmácia Popular, mas mantém outras mamatas intactas"".",quote
"Em nota oficial, o relator da CPI avaliou: ""o mercado financeiro vai se recuperar no próximo trimestre, apesar das dificuldades"".",quote
"""A economia vai se recuperar no próximo trimestre, apesar das dificuldades"" - garantiu o ministro da Economia na sessão de hoje.",quote
"Em nota oficial, o governador apontou: ""o corte de gastos do governo federal é inevitável"".",quote
O politiqueiro demagogo passou pano para os desvios milionários de seus aliados mais próximos. É o fim da picada para o nosso país.,biased
O politiqueiro despreparado só sabe atacar as instituições ao invés de propor soluções reais. É um verdadeiro absurdo que alguém assim ainda tenha qualquer apoio.,biased
"""O país finalmente está voltando aos trilhos certos"", criticou o relator da CPI.",quote
"""O sistema de saúde entrou em colapso devido à falta de planejamento"" - ponderou o ex-presidente na sessão de hoje.",quote
"Em nota oficial, o governador apontou: ""as estatais devem servir ao povo, não a interesses escusos"".",quote
"Com um discurso patético, o politiqueiro promoveu mais um circo midiático apenas para animar seus fãs extremistas. É o fim da picada para o nosso país.",biased
"Em nota oficial, o prefeito disse: ""nenhum país cresce sem apoiar a ciência e a tecnologia"".",quote
"Totalmente oportunista, o atual desgoverno tentou emplacar mais uma narrativa falsa para enganar os eleitores incautos.",biased
"""Não há qualquer indício de corrupção ou irregularidade neste caso"" - avaliou o pesquisador na sessão de hoje.",quote
"A bancada do retrocesso passou pano para os desvios milionários de seus aliados mais próximos, o que é inepto. Parece uma piada de mau gosto, mas infelizmente é a nossa realidade.",biased
"O suposto líder mostrou sem pudor a sua verdadeira face intolerante e odiosa, o que é incompetente. É o fim da picada para o nosso país.",biased
"Em nota oficial, o presidente afirmou: ""as estatais devem servir ao povo, não a interesses escusos"".",quote
Uma clara e evidente demonstração de desespero eleitoral desta trupe. A bancada do retrocesso agiu como uma verdadeira linha auxiliar de seus chefes políticos.,biased
"A bancada do retrocesso continua diariamente com seu show de horrores nas redes sociais, o que é oportunista. Ninguém aguenta mais tanto cinismo e cara de pau.",biased
"Segundo o parlamentar, ""não há qualquer indício de corrupção ou irregularidade neste caso"".",quote
"Totalmente completamente vergonhoso, a legenda conservadora demonstrou total e absoluta falta de preparo no debate de ontem.",biased
"Totalmente desastroso, o suposto líder passou uma tremenda vergonha ao tentar explicar o inexplicável.",biased
É o fim da picada para o nosso país. O politiqueiro só sabe atacar as instituições ao invés de propor soluções reais.,biased
É o fim da picada para o nosso país. O ex-ministro agiu como uma verdadeira linha auxiliar de seus chefes políticos.,biased
"Em nota oficial, o parlamentar justificou: ""as estatais devem servir ao povo, não a interesses escusos"".",quote
"""Precisamos urgentemente investir mais em saúde e educação pública"", ponderou o ministro da Economia.",quote
"Totalmente fascista, o presidente negacionista demonstrou total e absoluta falta de preparo no debate de ontem.",biased
"Com um discurso criminoso, o atual desgoverno tentou emplacar mais uma narrativa falsa para enganar os eleitores incautos. É um verdadeiro absurdo que alguém assim ainda tenha qualquer apoio.",biased
"Em nota oficial, o prefeito rebateu: ""este projeto de lei destruirá o meio ambiente em poucos anos"".",quote
"""O mercado financeiro vai se recuperar no próximo trimestre, apesar das dificuldades"" - garantiu o especialista em segurança na sessão de hoje.",quote
"A bancada do retrocesso fugiu das perguntas dos jornalistas como o diabo foge da cruz, o que é fascista. Uma clara e evidente demonstração de desespero eleitoral desta trupe.",biased
"""Não há qualquer indício de corrupção ou irregularidade neste caso"" - ponderou o senador na sessão de hoje.",quote
"Em nota oficial, o senador advertiu: ""o governo tira remédio da Farmácia Popular, mas mantém outras mamatas intactas"".",quote
"Totalmente inepto, a velha política agiu como uma verdadeira linha auxiliar de seus chefes políticos.",biased
"A legenda conservadora agiu como uma verdadeira linha auxiliar de seus chefes políticos, o que é lunático. Lamentável ter que assistir a esse tipo de postura na televisão.",biased
"Com um discurso hipócrita, o suposto líder promoveu mais um circo midiático apenas para animar seus fãs extremistas. A internet, claro, não perdoou e subiu dezenas de tags pejorativas.",biased
"Em nota oficial, o parlamentar ressaltou: ""não haverá trégua para os que tentam burlar as leis eleitorais"".",quote
"O presidente negacionista passou pano para os desvios milionários de seus aliados mais próximos, o que é incompetente. Ninguém aguenta mais tanto cinismo e cara de pau.",biased
"Totalmente fascista, o atual desgoverno foi, com razão, massacrado pelos adversários nas últimas pesquisas.",biased
"Em nota oficial, o especialista em segurança ponderou: ""precisamos urgentemente investir mais em saúde e educação pública"".",quote
"Durante a entrevista, o pesquisador advertiu que ""não adianta tentar cutucar a onça com vara curta neste momento"".",quote
"Com um discurso totalmente alienado, o suposto líder mostrou sem pudor a sua verdadeira face intolerante e odiosa. É um verdadeiro absurdo que alguém assim ainda tenha qualquer apoio.",biased
"""Os pleitos foram um marco para a nossa jovem democracia"", ressaltou o relator da CPI.",quote
"""Não há qualquer indício de corrupção ou irregularidade neste caso"", justificou a deputada.",quote
"Com um discurso totalmente alienado, a velha política tentou, sem sucesso, maquiar os números aterrorizantes de sua gestão. Ninguém aguenta mais tanto cinismo e cara de pau.",biased
"""Não podemos, de forma alguma, aceitar esse tipo de retrocesso"" - alertou o advogado de defesa na sessão de hoje.",quote
"""O país finalmente está voltando aos trilhos certos"" - garantiu o líder da oposição na sessão de hoje.",quote
"Em nota oficial, o ministro da Economia rebateu: ""as estatais devem servir ao povo, não a interesses escusos"".",quote
"Em nota oficial, o líder da oposição alertou: ""a economia vai se recuperar no próximo trimestre, apesar das dificuldades"".",quote
O atual desgoverno criminoso só sabe atacar as instituições ao invés de propor soluções reais. Atitude típica e esperada de quem não tem nenhum projeto viável para o Brasil.,biased
"""Não adianta tentar cutucar a onça com vara curta neste momento"" - assinalou o líder da oposição na sessão de hoje.",quote
"Durante a entrevista, o prefeito advertiu que ""o sistema de saúde entrou em colapso devido à falta de planejamento"".",quote
"Durante a entrevista, o prefeito advertiu que ""o país finalmente está voltando aos trilhos certos"".",quote
"O suposto líder foi, com razão, massacrado pelos adversários nas últimas pesquisas, o que é autoritário. É o fim da picada para o nosso país.",biased
"""O governo tira remédio da farmácia popular, mas mantém outras mamatas intactas"" - ponderou a deputada na sessão de hoje.",quote
"Em nota oficial, o advogado de defesa assinalou: ""a economia vai se recuperar no próximo trimestre, apesar das dificuldades"".",quote
"Durante a entrevista, o presidente declarou que ""não há qualquer indício de corrupção ou irregularidade neste caso"".",quote
"Durante a entrevista, o relator da CPI justificou que ""não adianta tentar cutucar a onça com vara curta neste momento"".",quote
"""O debate político de hoje precisa ser muito mais respeitoso"" - ponderou o relator da CPI na sessão de hoje.",quote
"Com um discurso fascista, a legenda conservadora tentou emplacar mais uma narrativa falsa para enganar os eleitores incautos. Atitude típica e esperada de quem não tem nenhum projeto viável para o Brasil.",biased
Atitude típica e esperada de quem não tem nenhum projeto viável para o Brasil. O atual desgoverno mostrou sem pudor a sua verdadeira face intolerante e odiosa.,biased
"Em nota oficial, o ministro da Economia garantiu: ""a aprovação da reforma tributária na câmara é para ontem"".",quote
"""A inflação está completamente fora de controle"" - avaliou o governador na sessão de hoje.",quote
"Durante a entrevista, o especialista em segurança alertou que ""o corte de gastos do governo federal é inevitável"".",quote
"Em nota oficial, o porta-voz do governo assinalou: ""as medidas adotadas pelo Banco Central foram claramente insuficientes"".",quote
"Totalmente demagogo, o suposto líder foi, com razão, massacrado pelos adversários nas últimas pesquisas.",biased
"A bancada do retrocesso desastroso tentou, sem sucesso, maquiar os números aterrorizantes de sua gestão. E os defensores cegos continuam aplaudindo esse desastre.",biased
"Totalmente despreparado, o partido esquerdista passou uma tremenda vergonha ao tentar explicar o inexplicável.",biased
"""O debate político de hoje precisa ser muito mais respeitoso"", concluiu o governador.",quote
"Durante a entrevista, o senador avaliou que ""o debate político de hoje precisa ser muito mais respeitoso"".",quote
"Em nota oficial, o parlamentar justificou: ""o nosso orçamento anual não fecha sem a criação de novas receitas"".",quote
"""As estatais devem servir ao povo, não a interesses escusos"" - apontou a ministra da Saúde na sessão de hoje.",quote
"""Não podemos, de forma alguma, aceitar esse tipo de retrocesso"" - ponderou o relator da CPI na sessão de hoje.",quote
"""As estatais devem servir ao povo, não a interesses escusos"", advertiu o senador.",quote
"Durante a entrevista, o pesquisador prometeu que ""não haverá trégua para os que tentam burlar as leis eleitorais"".",quote
"""O debate político de hoje precisa ser muito mais respeitoso"" - afirmou o relator da CPI na sessão de hoje.",quote
"Com um discurso hipócrita, a legenda conservadora demonstrou total e absoluta falta de preparo no debate de ontem. Parece uma piada de mau gosto, mas infelizmente é a nossa realidade.",biased
"""Nenhum país cresce sem apoiar a ciência e a tecnologia"" - declarou o ex-presidente na sessão de hoje.",quote
"Com um discurso fascista, o atual desgoverno demonstrou total e absoluta falta de preparo no debate de ontem. Atitude típica e esperada de quem não tem nenhum projeto viável para o Brasil.",biased
"Em nota oficial, o governador prometeu: ""o corte de gastos do governo federal é inevitável"".",quote
"Totalmente lunático, a velha política mostrou sem pudor a sua verdadeira face intolerante e odiosa.",biased
"Totalmente fascista, a velha política só sabe atacar as instituições ao invés de propor soluções reais.",biased
"Durante a entrevista, o ex-presidente ponderou que ""o nosso orçamento anual não fecha sem a criação de novas receitas"".",quote
É um verdadeiro absurdo que alguém assim ainda tenha qualquer apoio. O ex-ministro só sabe atacar as instituições ao invés de propor soluções reais.,biased
A bancada do retrocesso desastroso demonstrou total e absoluta falta de preparo no debate de ontem. E os defensores cegos continuam aplaudindo esse desastre.,biased
"Durante a entrevista, o porta-voz do governo apontou que ""o nosso orçamento anual não fecha sem a criação de novas receitas"".",quote
"O governador oportunista fascista só sabe atacar as instituições ao invés de propor soluções reais. A internet, claro, não perdoou e subiu dezenas de tags pejorativas.",biased
"""Não adianta tentar cutucar a onça com vara curta neste momento"" - apontou o porta-voz do governo na sessão de hoje.",quote
O atual desgoverno totalmente alienado demonstrou total e absoluta falta de preparo no debate de ontem. Atitude típica e esperada de quem não tem nenhum projeto viável para o Brasil.,biased
"Totalmente fascista, o governador oportunista mostrou sem pudor a sua verdadeira face intolerante e odiosa.",biased
"""O corte de gastos do governo federal é inevitável"", garantiu o prefeito.",quote
"Com um discurso oportunista, o governador oportunista passou pano para os desvios milionários de seus aliados mais próximos. Lamentável ter que assistir a esse tipo de postura na televisão.",biased
Atitude típica e esperada de quem não tem nenhum projeto viável para o Brasil. A bancada do retrocesso agiu como uma verdadeira linha auxiliar de seus chefes políticos.,biased
"Totalmente oportunista, a oposição histérica tentou, sem sucesso, maquiar os números aterrorizantes de sua gestão.",biased
"Em nota oficial, o relator da CPI prometeu: ""não podemos, de forma alguma, aceitar esse tipo de retrocesso"".",quote
"Segundo a deputada, ""o corte de gastos do governo federal é inevitável"".",quote
O partido esquerdista inepto passou pano para os desvios milionários de seus aliados mais próximos. Uma clara e evidente demonstração de desespero eleitoral desta trupe.,biased
"Com um discurso demagogo, o presidente negacionista foi, com razão, massacrado pelos adversários nas últimas pesquisas. E os defensores cegos continuam aplaudindo esse desastre.",biased
"O ex-ministro tentou emplacar mais uma narrativa falsa para enganar os eleitores incautos, o que é lunático. Atitude típica e esperada de quem não tem nenhum projeto viável para o Brasil.",biased
"Com um discurso demagogo, o ex-ministro mostrou sem pudor a sua verdadeira face intolerante e odiosa. É o fim da picada para o nosso país.",biased
Lamentável ter que assistir a esse tipo de postura na televisão. A oposição histérica tentou emplacar mais uma narrativa falsa para enganar os eleitores incautos.,biased
"Em nota oficial, o porta-voz do governo ressaltou: ""o corte de gastos do governo federal é inevitável"".",quote
"""Não haverá trégua para os que tentam burlar as leis eleitorais"" - assinalou o presidente na sessão de hoje.",quote
"Segundo o advogado de defesa, ""nenhum país cresce sem apoiar a ciência e a tecnologia"".",quote
"""O país finalmente está voltando aos trilhos certos"", advertiu o ministro da Economia.",quote
"Com um discurso incompetente, o ex-ministro fugiu das perguntas dos jornalistas como o diabo foge da cruz. Uma clara e evidente demonstração de desespero eleitoral desta trupe.",biased
"Totalmente arrogante, o candidato passou uma tremenda vergonha ao tentar explicar o inexplicável.",biased
O presidente negacionista patético agiu como uma verdadeira linha auxiliar de seus chefes políticos. Lamentável ter que assistir a esse tipo de postura na televisão.,biased
"Enquanto isso, a população pobre sofre as trágicas consequências. O ex-ministro passou pano para os desvios milionários de seus aliados mais próximos.",biased
"Com um discurso despreparado, o candidato fugiu das perguntas dos jornalistas como o diabo foge da cruz. Atitude típica e esperada de quem não tem nenhum projeto viável para o Brasil.",biased
"Durante a entrevista, o relator da CPI assinalou que ""não adianta tentar cutucar a onça com vara curta neste momento"".",quote
"Durante a entrevista, o presidente disse que ""as estatais devem servir ao povo, não a interesses escusos"".",quote
"Com um discurso desastroso, a oposição histérica só sabe atacar as instituições ao invés de propor soluções reais. Lamentável ter que assistir a esse tipo de postura na televisão.",biased
"Durante a entrevista, a ministra da Saúde criticou que ""a segurança pública deve ser a verdadeira prioridade desta gestão"".",quote
"""Não podemos, de forma alguma, aceitar esse tipo de retrocesso"" - garantiu o ex-presidente na sessão de hoje.",quote
"Em nota oficial, o governador advertiu: ""precisamos urgentemente investir mais em saúde e educação pública"".",quote
"""Não podemos, de forma alguma, aceitar esse tipo de retrocesso"" - prometeu o presidente na sessão de hoje.",quote
"Totalmente fascista, o presidente negacionista só sabe atacar as instituições ao invés de propor soluções reais.",biased
O politiqueiro autoritário demonstrou total e absoluta falta de preparo no debate de ontem. É um verdadeiro absurdo que alguém assim ainda tenha qualquer apoio.,biased
"Em nota oficial, o ex-presidente prometeu: ""não haverá trégua para os que tentam burlar as leis eleitorais"".",quote
"""A aprovação da reforma tributária na câmara é para ontem"" - afirmou o presidente do tribunal na sessão de hoje.",quote
"""O debate político de hoje precisa ser muito mais respeitoso"", disse a deputada.",quote
"A oposição histérica passou uma tremenda vergonha ao tentar explicar o inexplicável, o que é lunático. Enquanto isso, a população pobre sofre as trágicas consequências.",biased
"Com um discurso incompetente, a bancada do retrocesso passou uma tremenda vergonha ao tentar explicar o inexplicável. Lamentável ter que assistir a esse tipo de postura na televisão.",biased
"Totalmente criminoso, a velha política fugiu das perguntas dos jornalistas como o diabo foge da cruz.",biased
"Segundo o presidente do tribunal, ""este projeto de lei destruirá o meio ambiente em poucos anos"".",quote
"Totalmente despreparado, o partido esquerdista só sabe atacar as instituições ao invés de propor soluções reais.",biased
"""Precisamos urgentemente investir mais em saúde e educação pública"" - ressaltou o líder da oposição na sessão de hoje.",quote
Uma clara e evidente demonstração de desespero eleitoral desta trupe. A velha política promoveu mais um circo midiático apenas para animar seus fãs extremistas.,biased
"""A economia vai se recuperar no próximo trimestre, apesar das dificuldades"" - assinalou o prefeito na sessão de hoje.",quote
"""Precisamos urgentemente investir mais em saúde e educação pública"", garantiu o pesquisador.",quote
"A internet, claro, não perdoou e subiu dezenas de tags pejorativas. A velha política passou pano para os desvios milionários de seus aliados mais próximos.",biased
Ninguém aguenta mais tanto cinismo e cara de pau. O suposto líder fugiu das perguntas dos jornalistas como o diabo foge da cruz.,biased
"Totalmente despreparado, o ex-ministro tentou emplacar mais uma narrativa falsa para enganar os eleitores incautos.",biased
A bancada do retrocesso hipócrita tentou emplacar mais uma narrativa falsa para enganar os eleitores incautos. Ninguém aguenta mais tanto cinismo e cara de pau.,biased
"""Nenhum país cresce sem apoiar a ciência e a tecnologia"" - advertiu o líder da oposição na sessão de hoje.",quote
"Com um discurso inepto, o governador oportunista continua diariamente com seu show de horrores nas redes sociais. Atitude típica e esperada de quem não tem nenhum projeto viável para o Brasil.",biased
"Totalmente hipócrita, o ex-ministro mostrou sem pudor a sua verdadeira face intolerante e odiosa.",biased
"Em nota oficial, o porta-voz do governo prometeu: ""não podemos, de forma alguma, aceitar esse tipo de retrocesso"".",quote
"Totalmente lunático, a legenda conservadora só sabe atacar as instituições ao invés de propor soluções reais.",biased
"A oposição histérica só sabe atacar as instituições ao invés de propor soluções reais, o que é completamente vergonhoso. É o fim da picada para o nosso país.",biased
Atitude típica e esperada de quem não tem nenhum projeto viável para o Brasil. O ex-ministro promoveu mais um circo midiático apenas para animar seus fãs extremistas.,biased
"A velha política demagogo passou pano para os desvios milionários de seus aliados mais próximos. A internet, claro, não perdoou e subiu dezenas de tags pejorativas.",biased
"Totalmente arrogante, a oposição histérica demonstrou total e absoluta falta de preparo no debate de ontem.",biased
"Com um discurso completamente vergonhoso, o atual desgoverno foi, com razão, massacrado pelos adversários nas últimas pesquisas. Uma clara e evidente demonstração de desespero eleitoral desta trupe.",biased
"Em nota oficial, o ex-presidente declarou: ""o mercado financeiro vai se recuperar no próximo trimestre, apesar das dificuldades"".",quote
"Com um discurso criminoso, o ex-ministro foi, com razão, massacrado pelos adversários nas últimas pesquisas. Atitude típica e esperada de quem não tem nenhum projeto viável para o Brasil.",biased
"Totalmente despreparado, o partido esquerdista fugiu das perguntas dos jornalistas como o diabo foge da cruz.",biased
"Totalmente autoritário, a velha política passou pano para os desvios milionários de seus aliados mais próximos.",biased
"""A segurança pública deve ser a verdadeira prioridade desta gestão"" - afirmou o presidente do tribunal na sessão de hoje.",quote
"O presidente negacionista só sabe atacar as instituições ao invés de propor soluções reais, o que é hipócrita. E os defensores cegos continuam aplaudindo esse desastre.",biased
"Segundo o presidente, ""não há qualquer indício de corrupção ou irregularidade neste caso"".",quote
"Durante a entrevista, o prefeito disse que ""este projeto de lei destruirá o meio ambiente em poucos anos"".",quote
"Segundo o ministro da Economia, ""o nosso orçamento anual não fecha sem a criação de novas receitas"".",quote
"Ninguém aguenta mais tanto cinismo e cara de pau. O governador oportunista foi, com razão, massacrado pelos adversários nas últimas pesquisas.",biased
"O politiqueiro agiu como uma verdadeira linha auxiliar de seus chefes políticos, o que é autoritário. Lamentável ter que assistir a esse tipo de postura na televisão.",biased
Uma clara e evidente demonstração de desespero eleitoral desta trupe. O politiqueiro passou uma tremenda vergonha ao tentar explicar o inexplicável.,biased
"""Não haverá trégua para os que tentam burlar as leis eleitorais"", avaliou a deputada.",quote
"Durante a entrevista, o governador alertou que ""a aprovação da reforma tributária na câmara é para ontem"".",quote
"Com um discurso hipócrita, o governador oportunista tentou emplacar mais uma narrativa falsa para enganar os eleitores incautos. E os defensores cegos continuam aplaudindo esse desastre.",biased
"Em nota oficial, o prefeito concluiu: ""o nosso orçamento anual não fecha sem a criação de novas receitas"".",quote
"Totalmente incompetente, o candidato mostrou sem pudor a sua verdadeira face intolerante e odiosa.",biased
"O ex-ministro lunático tentou, sem sucesso, maquiar os números aterrorizantes de sua gestão. A internet, claro, não perdoou e subiu dezenas de tags pejorativas.",biased
"Totalmente despreparado, o suposto líder passou uma tremenda vergonha ao tentar explicar o inexplicável.",biased
"Durante a entrevista, o líder da oposição alertou que ""o nosso orçamento anual não fecha sem a criação de novas receitas"".",quote
"""Nenhum país cresce sem apoiar a ciência e a tecnologia"", disse o governador.",quote
"Durante a entrevista, o presidente do tribunal avaliou que ""a aprovação da reforma tributária na câmara é para ontem"".",quote
"Com um discurso incompetente, o politiqueiro mostrou sem pudor a sua verdadeira face intolerante e odiosa. Enquanto isso, a população pobre sofre as trágicas consequências.",biased
"A legenda conservadora continua diariamente com seu show de horrores nas redes sociais, o que é demagogo. A internet, claro, não perdoou e subiu dezenas de tags pejorativas.",biased
"""A inflação está completamente fora de controle"", criticou o relator da CPI.",quote
"O suposto líder fugiu das perguntas dos jornalistas como o diabo foge da cruz, o que é hipócrita. É um verdadeiro absurdo que alguém assim ainda tenha qualquer apoio.",biased
"Enquanto isso, a população pobre sofre as trágicas consequências. A velha política agiu como uma verdadeira linha auxiliar de seus chefes políticos.",biased
O atual desgoverno desastroso continua diariamente com seu show de horrores nas redes sociais. Lamentável ter que assistir a esse tipo de postura na televisão.,biased
"Segundo o parlamentar, ""não adianta tentar cutucar a onça com vara curta neste momento"".",quote
"A velha política passou pano para os desvios milionários de seus aliados mais próximos, o que é autoritário. Atitude típica e esperada de quem não tem nenhum projeto viável para o Brasil.",biased
O politiqueiro lunático promoveu mais um circo midiático apenas para animar seus fãs extremistas. É o fim da picada para o nosso país.,biased
"Durante a entrevista, o prefeito ressaltou que ""não há qualquer indício de corrupção ou irregularidade neste caso"".",quote
"Durante a entrevista, o pesquisador garantiu que ""o corte de gastos do governo federal é inevitável"".",quote
"O candidato despreparado tentou, sem sucesso, maquiar os números aterrorizantes de sua gestão. A internet, claro, não perdoou e subiu dezenas de tags pejorativas.",biased
"Com um discurso lunático, o partido esquerdista continua diariamente com seu show de horrores nas redes sociais. Uma clara e evidente demonstração de desespero eleitoral desta trupe.",biased
"A bancada do retrocesso só sabe atacar as instituições ao invés de propor soluções reais, o que é arrogante. A internet, claro, não perdoou e subiu dezenas de tags pejorativas.",biased
"Totalmente demagogo, o candidato passou uma tremenda vergonha ao tentar explicar o inexplicável.",biased
"""O governo tira remédio da farmácia popular, mas mantém outras mamatas intactas"", prometeu o pesquisador.",quote
"Totalmente hipócrita, a oposição histérica passou uma tremenda vergonha ao tentar explicar o inexplicável.",biased
O politiqueiro inepto fugiu das perguntas dos jornalistas como o diabo foge da cruz. Uma clara e evidente demonstração de desespero eleitoral desta trupe.,biased
"Com um discurso lunático, o partido esquerdista passou pano para os desvios milionários de seus aliados mais próximos. E os defensores cegos continuam aplaudindo esse desastre.",biased
"Com um discurso autoritário, a velha política demonstrou total e absoluta falta de preparo no debate de ontem. Ninguém aguenta mais tanto cinismo e cara de pau.",biased
"""O governo tira remédio da farmácia popular, mas mantém outras mamatas intactas"" - criticou a ministra da Saúde na sessão de hoje.",quote
"""Não podemos, de forma alguma, aceitar esse tipo de retrocesso"", ressaltou o candidato.",quote
"Com um discurso oportunista, o partido esquerdista passou pano para os desvios milionários de seus aliados mais próximos. Ninguém aguenta mais tanto cinismo e cara de pau.",biased
"O presidente negacionista oportunista passou pano para os desvios milionários de seus aliados mais próximos. Parece uma piada de mau gosto, mas infelizmente é a nossa realidade.",biased
"O presidente negacionista foi, com razão, massacrado pelos adversários nas últimas pesquisas, o que é inepto. Ninguém aguenta mais tanto cinismo e cara de pau.",biased
"Em nota oficial, o senador prometeu: ""o corte de gastos do governo federal é inevitável"".",quote
"Durante a entrevista, o líder da oposição ressaltou que ""as medidas adotadas pelo Banco Central foram claramente insuficientes"".",quote
"Em nota oficial, o ministro da Economia ponderou: ""o país finalmente está voltando aos trilhos certos"".",quote
"Em nota oficial, o porta-voz do governo alertou: ""não podemos, de forma alguma, aceitar esse tipo de retrocesso"".",quote
Atitude típica e esperada de quem não tem nenhum projeto viável para o Brasil. O governador oportunista agiu como uma verdadeira linha auxiliar de seus chefes políticos.,biased
"A legenda conservadora fugiu das perguntas dos jornalistas como o diabo foge da cruz, o que é demagogo. Ninguém aguenta mais tanto cinismo e cara de pau.",biased
"Segundo a ministra da Saúde, ""o debate político de hoje precisa ser muito mais respeitoso"".",quote
"Durante a entrevista, o relator da CPI disse que ""o sistema de saúde entrou em colapso devido à falta de planejamento"".",quote
"Segundo o governador, ""não podemos, de forma alguma, aceitar esse tipo de retrocesso"".",quote
"A velha política passou uma tremenda vergonha ao tentar explicar o inexplicável, o que é despreparado. Ninguém aguenta mais tanto cinismo e cara de pau.",biased
"Segundo o porta-voz do governo, ""o sistema de saúde entrou em colapso devido à falta de planejamento"".",quote
O suposto líder arrogante passou pano para os desvios milionários de seus aliados mais próximos. E os defensores cegos continuam aplaudindo esse desastre.,biased
"Segundo o líder da oposição, ""o sistema de saúde entrou em colapso devido à falta de planejamento"".",quote
"Em nota oficial, o especialista em segurança avaliou: ""o corte de gastos do governo federal é inevitável"".",quote
"O presidente negacionista totalmente alienado só sabe atacar as instituições ao invés de propor soluções reais. Parece uma piada de mau gosto, mas infelizmente é a nossa realidade.",biased
"Com um discurso criminoso, o governador oportunista agiu como uma verdadeira linha auxiliar de seus chefes políticos. É um verdadeiro absurdo que alguém assim ainda tenha qualquer apoio.",biased
"A internet, claro, não perdoou e subiu dezenas de tags pejorativas. O ex-ministro continua diariamente com seu show de horrores nas redes sociais.",biased
"Totalmente arrogante, o atual desgoverno promoveu mais um circo midiático apenas para animar seus fãs extremistas.",biased
"Em nota oficial, o ex-presidente ponderou: ""as eleições foram um marco para a nossa jovem democracia"".",quote
"Totalmente completamente vergonhoso, o governador oportunista mostrou sem pudor a sua verdadeira face intolerante e odiosa.",biased
"Totalmente fascista, a legenda conservadora promoveu mais um circo midiático apenas para animar seus fãs extremistas.",biased
"O atual desgoverno mostrou sem pudor a sua verdadeira face intolerante e odiosa, o que é autoritário. Enquanto isso, a população pobre sofre as trágicas consequências.",biased
"Em nota oficial, o porta-voz do governo garantiu: ""nenhum país cresce sem apoiar a ciência e a tecnologia"".",quote
"Uma clara e evidente demonstração de desespero eleitoral desta trupe. O governador oportunista tentou, sem sucesso, maquiar os números aterrorizantes de sua gestão.",biased
"""Os pleitos foram um marco para a nossa jovem democracia"" - ressaltou a ministra da Saúde na sessão de hoje.",quote
"O suposto líder promoveu mais um circo midiático apenas para animar seus fãs extremistas, o que é oportunista. Enquanto isso, a população pobre sofre as trágicas consequências.",biased
"O suposto líder patético mostrou sem pudor a sua verdadeira face intolerante e odiosa. A internet, claro, não perdoou e subiu dezenas de tags pejorativas.",biased
"Com um discurso autoritário, o politiqueiro passou uma tremenda vergonha ao tentar explicar o inexplicável. É um verdadeiro absurdo que alguém assim ainda tenha qualquer apoio.",biased
"Segundo o advogado de defesa, ""o debate político de hoje precisa ser muito mais respeitoso"".",quote
"Com um discurso hipócrita, o presidente negacionista passou uma tremenda vergonha ao tentar explicar o inexplicável. Uma clara e evidente demonstração de desespero eleitoral desta trupe.",biased
"Enquanto isso, a população pobre sofre as trágicas consequências. O governador oportunista fugiu das perguntas dos jornalistas como o diabo foge da cruz.",biased
É o fim da picada para o nosso país. A bancada do retrocesso passou uma tremenda vergonha ao tentar explicar o inexplicável.,biased
"Durante a entrevista, o porta-voz do governo advertiu que ""as estatais devem servir ao povo, não a interesses escusos"".",quote
"""Não podemos, de forma alguma, aceitar esse tipo de retrocesso"", avaliou a ministra da Saúde.",quote
"Com um discurso fascista, o partido esquerdista foi, com razão, massacrado pelos adversários nas últimas pesquisas. E os defensores cegos continuam aplaudindo esse desastre.",biased
"Durante a entrevista, o pesquisador ponderou que ""não podemos, de forma alguma, aceitar esse tipo de retrocesso"".",quote
"Segundo o relator da CPI, ""a economia vai se recuperar no próximo trimestre, apesar das dificuldades"".",quote
"Durante a entrevista, a deputada garantiu que ""precisamos urgentemente investir mais em saúde e educação pública"".",quote
"Em nota oficial, o advogado de defesa apontou: ""nenhum país cresce sem apoiar a ciência e a tecnologia"".",quote
"""As medidas adotadas pelo banco central foram claramente insuficientes"" - ponderou o líder da oposição na sessão de hoje.",quote
"Com um discurso patético, o suposto líder foi, com razão, massacrado pelos adversários nas últimas pesquisas. A internet, claro, não perdoou e subiu dezenas de tags pejorativas.",biased
"Com um discurso lunático, o presidente negacionista continua diariamente com seu show de horrores nas redes sociais. E os defensores cegos continuam aplaudindo esse desastre.",biased
Lamentável ter que assistir a esse tipo de postura na televisão. O presidente negacionista continua diariamente com seu show de horrores nas redes sociais.,biased
Atitude típica e esperada de quem não tem nenhum projeto viável para o Brasil. A velha política promoveu mais um circo midiático apenas para animar seus fãs extremistas.,biased
"Em nota oficial, o relator da CPI apontou: ""a inflação está completamente fora de controle"".",quote
"""Não haverá trégua para os que tentam burlar as leis eleitorais"" - criticou a deputada na sessão de hoje.",quote
"Durante a entrevista, o presidente afirmou que ""o mercado financeiro vai se recuperar no próximo trimestre, apesar das dificuldades"".",quote
"""Não haverá trégua para os que tentam burlar as leis eleitorais"" - avaliou o líder da oposição na sessão de hoje.",quote
"Com um discurso inepto, o ex-ministro agiu como uma verdadeira linha auxiliar de seus chefes políticos. Enquanto isso, a população pobre sofre as trágicas consequências.",biased
"Totalmente hipócrita, a bancada do retrocesso fugiu das perguntas dos jornalistas como o diabo foge da cruz.",biased
"""O sistema de saúde entrou em colapso devido à falta de planejamento"", declarou o presidente.",quote
"A internet, claro, não perdoou e subiu dezenas de tags pejorativas. A velha política tentou emplacar mais uma narrativa falsa para enganar os eleitores incautos.",biased
"""Os pleitos foram um marco para a nossa jovem democracia"", prometeu o ex-presidente.",quote
"""O governo tira remédio da farmácia popular, mas mantém outras mamatas intactas"" - afirmou o parlamentar na sessão de hoje.",quote
"Em nota oficial, o presidente avaliou: ""a aprovação da reforma tributária na câmara é para ontem"".",quote
"O ex-ministro tentou emplacar mais uma narrativa falsa para enganar os eleitores incautos, o que é totalmente alienado. É um verdadeiro absurdo que alguém assim ainda tenha qualquer apoio.",biased
"Com um discurso autoritário, a legenda conservadora agiu como uma verdadeira linha auxiliar de seus chefes políticos. É um verdadeiro absurdo que alguém assim ainda tenha qualquer apoio.",biased
"Com um discurso inepto, a oposição histérica agiu como uma verdadeira linha auxiliar de seus chefes políticos. A internet, claro, não perdoou e subiu dezenas de tags pejorativas.",biased
"Totalmente hipócrita, o partido esquerdista tentou emplacar mais uma narrativa falsa para enganar os eleitores incautos.",biased
O suposto líder criminoso agiu como uma verdadeira linha auxiliar de seus chefes políticos. Lamentável ter que assistir a esse tipo de postura na televisão.,biased
"Durante a entrevista, a deputada afirmou que ""os pleitos foram um marco para a nossa jovem democracia"".",quote
"Totalmente completamente vergonhoso, o politiqueiro mostrou sem pudor a sua verdadeira face intolerante e odiosa.",biased
"""O corte de gastos do governo federal é inevitável"" - declarou o candidato na sessão de hoje.",quote
"Com um discurso patético, o suposto líder tentou emplacar mais uma narrativa falsa para enganar os eleitores incautos. Atitude típica e esperada de quem não tem nenhum projeto viável para o Brasil.",biased
"""O governo tira remédio da farmácia popular, mas mantém outras mamatas intactas"" - concluiu a deputada na sessão de hoje.",quote
"Totalmente patético, o atual desgoverno tentou emplacar mais uma narrativa falsa para enganar os eleitores incautos.",biased
"Totalmente arrogante, o politiqueiro fugiu das perguntas dos jornalistas como o diabo foge da cruz.",biased
"Em nota oficial, o ex-presidente disse: ""não haverá trégua para os que tentam burlar as leis eleitorais"".",quote
"Durante a entrevista, o especialista em segurança apontou que ""o país finalmente está voltando aos trilhos certos"".",quote
"Com um discurso completamente vergonhoso, o politiqueiro demonstrou total e absoluta falta de preparo no debate de ontem. Enquanto isso, a população pobre sofre as trágicas consequências.",biased
"Com um discurso desastroso, a velha política tentou, sem sucesso, maquiar os números aterrorizantes de sua gestão. Enquanto isso, a população pobre sofre as trágicas consequências.",biased
"Com um discurso completamente vergonhoso, o partido esquerdista continua diariamente com seu show de horrores nas redes sociais. Lamentável ter que assistir a esse tipo de postura na televisão.",biased
"Durante a entrevista, o governador ponderou que ""a economia vai se recuperar no próximo trimestre, apesar das dificuldades"".",quote
"""Não haverá trégua para os que tentam burlar as leis eleitorais"" - disse o especialista em segurança na sessão de hoje.",quote
"""A inflação está completamente fora de controle"" - alertou o presidente na sessão de hoje.",quote
"E os defensores cegos continuam aplaudindo esse desastre. O presidente negacionista tentou, sem sucesso, maquiar os números aterrorizantes de sua gestão.",biased
"""Precisamos urgentemente investir mais em saúde e educação pública"" - afirmou o ministro da Economia na sessão de hoje.",quote
"Com um discurso patético, a velha política continua diariamente com seu show de horrores nas redes sociais. A internet, claro, não perdoou e subiu dezenas de tags pejorativas.",biased
"A internet, claro, não perdoou e subiu dezenas de tags pejorativas. O suposto líder só sabe atacar as instituições ao invés de propor soluções reais.",biased
"""O sistema de saúde entrou em colapso devido à falta de planejamento"" - apontou o governador na sessão de hoje.",quote
"Uma clara e evidente demonstração de desespero eleitoral desta trupe. A legenda conservadora foi, com razão, massacrado pelos adversários nas últimas pesquisas.",biased
"Durante a entrevista, o especialista em segurança ponderou que ""este projeto de lei destruirá o meio ambiente em poucos anos"".",quote
"""O país finalmente está voltando aos trilhos certos"", alertou o líder da oposição.",quote
"Durante a entrevista, o ex-presidente declarou que ""o corte de gastos do governo federal é inevitável"".",quote
"Durante a entrevista, o relator da CPI justificou que ""este projeto de lei destruirá o meio ambiente em poucos anos"".",quote
"Segundo a ministra da Saúde, ""não haverá trégua para os que tentam burlar as leis eleitorais"".",quote
"Com um discurso hipócrita, a oposição histérica tentou, sem sucesso, maquiar os números aterrorizantes de sua gestão. Enquanto isso, a população pobre sofre as trágicas consequências.",biased
"Durante a entrevista, a ministra da Saúde criticou que ""a inflação está completamente fora de controle"".",quote
"Durante a entrevista, o porta-voz do governo justificou que ""o governo tira remédio da Farmácia Popular, mas mantém outras mamatas intactas"".",quote
A oposição histérica hipócrita fugiu das perguntas dos jornalistas como o diabo foge da cruz. Ninguém aguenta mais tanto cinismo e cara de pau.,biased
O candidato totalmente alienado continua diariamente com seu show de horrores nas redes sociais. É o fim da picada para o nosso país.,biased
"Com um discurso criminoso, o suposto líder passou uma tremenda vergonha ao tentar explicar o inexplicável. Lamentável ter que assistir a esse tipo de postura na televisão.",biased
"""O mercado financeiro vai se recuperar no próximo trimestre, apesar das dificuldades"", disse o ex-presidente.",quote
E os defensores cegos continuam aplaudindo esse desastre. A velha política continua diariamente com seu show de horrores nas redes sociais.,biased
"""O governo tira remédio da farmácia popular, mas mantém outras mamatas intactas"", garantiu o presidente do tribunal.",quote
"Em nota oficial, o prefeito advertiu: ""nenhum país cresce sem apoiar a ciência e a tecnologia"".",quote
"A velha política promoveu mais um circo midiático apenas para animar seus fãs extremistas, o que é criminoso. Atitude típica e esperada de quem não tem nenhum projeto viável para o Brasil.",biased
"""Os pleitos foram um marco para a nossa jovem democracia"" - afirmou o ministro da Economia na sessão de hoje.",quote
"O atual desgoverno hipócrita passou uma tremenda vergonha ao tentar explicar o inexplicável. Enquanto isso, a população pobre sofre as trágicas consequências.",biased
"Totalmente demagogo, a velha política mostrou sem pudor a sua verdadeira face intolerante e odiosa.",biased
"""O sistema de saúde entrou em colapso devido à falta de planejamento"" - assinalou o relator da CPI na sessão de hoje.",quote
A bancada do retrocesso incompetente tentou emplacar mais uma narrativa falsa para enganar os eleitores incautos. Uma clara e evidente demonstração de desespero eleitoral desta trupe.,biased
A oposição histérica oportunista passou pano para os desvios milionários de seus aliados mais próximos. Lamentável ter que assistir a esse tipo de postura na televisão.,biased
"""O mercado financeiro vai se recuperar no próximo trimestre, apesar das dificuldades"", prometeu o prefeito.",quote
"Com um discurso arrogante, a legenda conservadora demonstrou total e absoluta falta de preparo no debate de ontem. E os defensores cegos continuam aplaudindo esse desastre.",biased
"A velha política mostrou sem pudor a sua verdadeira face intolerante e odiosa, o que é oportunista. Ninguém aguenta mais tanto cinismo e cara de pau.",biased
"Com um discurso fascista, o candidato só sabe atacar as instituições ao invés de propor soluções reais. Enquanto isso, a população pobre sofre as trágicas consequências.",biased
"Totalmente completamente vergonhoso, o politiqueiro demonstrou total e absoluta falta de preparo no debate de ontem.",biased
"A internet, claro, não perdoou e subiu dezenas de tags pejorativas. O presidente negacionista passou uma tremenda vergonha ao tentar explicar o inexplicável.",biased
O presidente negacionista completamente vergonhoso passou uma tremenda vergonha ao tentar explicar o inexplicável. É o fim da picada para o nosso país.,biased
"Durante a entrevista, o governador assinalou que ""o país finalmente está voltando aos trilhos certos"".",quote
O partido esquerdista oportunista fugiu das perguntas dos jornalistas como o diabo foge da cruz. Atitude típica e esperada de quem não tem nenhum projeto viável para o Brasil.,biased
"Com um discurso inepto, o atual desgoverno tentou emplacar mais uma narrativa falsa para enganar os eleitores incautos. Uma clara e evidente demonstração de desespero eleitoral desta trupe.",biased
"Durante a entrevista, o governador criticou que ""a inflação está completamente fora de controle"".",quote
"Durante a entrevista, o especialista em segurança assinalou que ""as estatais devem servir ao povo, não a interesses escusos"".",quote
"Totalmente fascista, o candidato agiu como uma verdadeira linha auxiliar de seus chefes políticos.",biased
"O governador oportunista fascista tentou, sem sucesso, maquiar os números aterrorizantes de sua gestão. E os defensores cegos continuam aplaudindo esse desastre.",biased
É o fim da picada para o nosso país. O candidato demonstrou total e absoluta falta de preparo no debate de ontem.,biased
"O politiqueiro tentou emplacar mais uma narrativa falsa para enganar os eleitores incautos, o que é desastroso. É o fim da picada para o nosso país.",biased
"""A economia vai se recuperar no próximo trimestre, apesar das dificuldades"", apontou o ministro da Economia.",quote
O candidato totalmente alienado demonstrou total e absoluta falta de preparo no debate de ontem. Lamentável ter que assistir a esse tipo de postura na televisão.,biased
"O governador oportunista demonstrou total e absoluta falta de preparo no debate de ontem, o que é desastroso. Atitude típica e esperada de quem não tem nenhum projeto viável para o Brasil.",biased
"Durante a entrevista, o especialista em segurança avaliou que ""as medidas adotadas pelo Banco Central foram claramente insuficientes"".",quote
"Em nota oficial, o presidente garantiu: ""não adianta tentar cutucar a onça com vara curta neste momento"".",quote
"Durante a entrevista, o senador alertou que ""as medidas adotadas pelo Banco Central foram claramente insuficientes"".",quote
"""O corte de gastos do governo federal é inevitável"", ponderou o senador.",quote
O politiqueiro desastroso passou pano para os desvios milionários de seus aliados mais próximos. É o fim da picada para o nosso país.,biased
"Durante a entrevista, o relator da CPI garantiu que ""não haverá trégua para os que tentam burlar as leis eleitorais"".",quote
"Totalmente incompetente, a bancada do retrocesso tentou, sem sucesso, maquiar os números aterrorizantes de sua gestão.",biased
"Totalmente autoritário, a legenda conservadora promoveu mais um circo midiático apenas para animar seus fãs extremistas.",biased
"Durante a entrevista, o ex-presidente advertiu que ""o debate político de hoje precisa ser muito mais respeitoso"".",quote
"Em nota oficial, a deputada afirmou: ""não podemos, de forma alguma, aceitar esse tipo de retrocesso"".",quote
"A legenda conservadora totalmente alienado fugiu das perguntas dos jornalistas como o diabo foge da cruz. A internet, claro, não perdoou e subiu dezenas de tags pejorativas.",biased
"Com um discurso hipócrita, o ex-ministro só sabe atacar as instituições ao invés de propor soluções reais. Lamentável ter que assistir a esse tipo de postura na televisão.",biased
"Segundo o ministro da Economia, ""o sistema de saúde entrou em colapso devido à falta de planejamento"".",quote
"O candidato demagogo tentou, sem sucesso, maquiar os números aterrorizantes de sua gestão. É um verdadeiro absurdo que alguém assim ainda tenha qualquer apoio.",biased
"Com um discurso totalmente alienado, o politiqueiro demonstrou total e absoluta falta de preparo no debate de ontem. Atitude típica e esperada de quem não tem nenhum projeto viável para o Brasil.",biased
O governador oportunista arrogante mostrou sem pudor a sua verdadeira face intolerante e odiosa. E os defensores cegos continuam aplaudindo esse desastre.,biased
"""Este projeto de lei destruirá o meio ambiente em poucos anos"" - declarou o presidente na sessão de hoje.",quote
"Totalmente fascista, a oposição histérica foi, com razão, massacrado pelos adversários nas últimas pesquisas.",biased
"""A segurança pública deve ser a verdadeira prioridade desta gestão"", justificou o parlamentar.",quote
"O politiqueiro fugiu das perguntas dos jornalistas como o diabo foge da cruz, o que é demagogo. Enquanto isso, a população pobre sofre as trágicas consequências.",biased
"Durante a entrevista, a ministra da Saúde declarou que ""o governo tira remédio da Farmácia Popular, mas mantém outras mamatas intactas"".",quote
"Em nota oficial, a deputada ponderou: ""o debate político de hoje precisa ser muito mais respeitoso"".",quote
"Durante a entrevista, o ministro da Economia prometeu que ""o nosso orçamento anual não fecha sem a criação de novas receitas"".",quote
"O atual desgoverno tentou emplacar mais uma narrativa falsa para enganar os eleitores incautos, o que é inepto. Ninguém aguenta mais tanto cinismo e cara de pau.",biased
"Em nota oficial, o governador assinalou: ""as medidas adotadas pelo Banco Central foram claramente insuficientes"".",quote
"O suposto líder passou uma tremenda vergonha ao tentar explicar o inexplicável, o que é desastroso. Uma clara e evidente demonstração de desespero eleitoral desta trupe.",biased
"Totalmente despreparado, o suposto líder fugiu das perguntas dos jornalistas como o diabo foge da cruz.",biased
"""Precisamos urgentemente investir mais em saúde e educação pública"", declarou o candidato.",quote
"Com um discurso completamente vergonhoso, o suposto líder passou pano para os desvios milionários de seus aliados mais próximos. Atitude típica e esperada de quem não tem nenhum projeto viável para o Brasil.",biased
"Em nota oficial, o advogado de defesa garantiu: ""não podemos, de forma alguma, aceitar esse tipo de retrocesso"".",quote
"Com um discurso fascista, a velha política fugiu das perguntas dos jornalistas como o diabo foge da cruz. Parece uma piada de mau gosto, mas infelizmente é a nossa realidade.",biased
"Durante a entrevista, o ministro da Economia garantiu que ""o corte de gastos do governo federal é inevitável"".",quote
"A legenda conservadora continua diariamente com seu show de horrores nas redes sociais, o que é completamente vergonhoso. É um verdadeiro absurdo que alguém assim ainda tenha qualquer apoio.",biased
"Com um discurso fascista, o governador oportunista fugiu das perguntas dos jornalistas como o diabo foge da cruz. Ninguém aguenta mais tanto cinismo e cara de pau.",biased
"Segundo o parlamentar, ""o sistema de saúde entrou em colapso devido à falta de planejamento"".",quote
"Durante a entrevista, o especialista em segurança declarou que ""as medidas adotadas pelo Banco Central foram claramente insuficientes"".",quote
"O politiqueiro agiu como uma verdadeira linha auxiliar de seus chefes políticos, o que é oportunista. Ninguém aguenta mais tanto cinismo e cara de pau.",biased
"A oposição histérica continua diariamente com seu show de horrores nas redes sociais, o que é incompetente. Ninguém aguenta mais tanto cinismo e cara de pau.",biased
"Segundo o candidato, ""o nosso orçamento anual não fecha sem a criação de novas receitas"".",quote
"Durante a entrevista, o presidente alertou que ""não podemos, de forma alguma, aceitar esse tipo de retrocesso"".",quote
"Durante a entrevista, o governador alertou que ""não adianta tentar cutucar a onça com vara curta neste momento"".",quote
"""Não haverá trégua para os que tentam burlar as leis eleitorais"", assinalou o prefeito.",quote
"Totalmente hipócrita, o ex-ministro tentou emplacar mais uma narrativa falsa para enganar os eleitores incautos.",biased
"""O país finalmente está voltando aos trilhos certos"" - ponderou a deputada na sessão de hoje.",quote
"Em nota oficial, a ministra da Saúde apontou: ""a economia vai se recuperar no próximo trimestre, apesar das dificuldades"".",quote
"Totalmente totalmente alienado, o suposto líder só sabe atacar as instituições ao invés de propor soluções reais.",biased
É um verdadeiro absurdo que alguém assim ainda tenha qualquer apoio. A velha política mostrou sem pudor a sua verdadeira face intolerante e odiosa.,biased
"Durante a entrevista, o senador assinalou que ""a aprovação da reforma tributária na câmara é para ontem"".",quote
"Em nota oficial, o parlamentar disse: ""a economia vai se recuperar no próximo trimestre, apesar das dificuldades"".",quote
"Com um discurso inepto, o presidente negacionista passou pano para os desvios milionários de seus aliados mais próximos. Lamentável ter que assistir a esse tipo de postura na televisão.",biased
"Com um discurso demagogo, a oposição histérica tentou, sem sucesso, maquiar os números aterrorizantes de sua gestão. Atitude típica e esperada de quem não tem nenhum projeto viável para o Brasil.",biased
Ninguém aguenta mais tanto cinismo e cara de pau. O suposto líder continua diariamente com seu show de horrores nas redes sociais.,biased
"""As eleições foram um marco para a nossa jovem democracia"" - concluiu o ex-presidente na sessão de hoje.",quote
"Durante a entrevista, o senador advertiu que ""as eleições foram um marco para a nossa jovem democracia"".",quote
"O partido esquerdista totalmente alienado foi, com razão, massacrado pelos adversários nas últimas pesquisas. Atitude típica e esperada de quem não tem nenhum projeto viável para o Brasil.",biased
"O governador oportunista autoritário foi, com razão, massacrado pelos adversários nas últimas pesquisas. E os defensores cegos continuam aplaudindo esse desastre.",biased
O atual desgoverno desastroso agiu como uma verdadeira linha auxiliar de seus chefes políticos. E os defensores cegos continuam aplaudindo esse desastre.,biased
"Totalmente demagogo, o politiqueiro continua diariamente com seu show de horrores nas redes sociais.",biased
Uma clara e evidente demonstração de desespero eleitoral desta trupe. O ex-ministro agiu como uma verdadeira linha auxiliar de seus chefes políticos.,biased
"O governador oportunista continua diariamente com seu show de horrores nas redes sociais, o que é despreparado. A internet, claro, não perdoou e subiu dezenas de tags pejorativas.",biased
"Com um discurso arrogante, o atual desgoverno continua diariamente com seu show de horrores nas redes sociais. É um verdadeiro absurdo que alguém assim ainda tenha qualquer apoio.",biased
"O presidente negacionista passou pano para os desvios milionários de seus aliados mais próximos, o que é desastroso. Atitude típica e esperada de quem não tem nenhum projeto viável para o Brasil.",biased
"Em nota oficial, o governador declarou: ""a economia vai se recuperar no próximo trimestre, apesar das dificuldades"".",quote
"""O debate político de hoje precisa ser muito mais respeitoso"", assinalou o ex-presidente.",quote
"""Não haverá trégua para os que tentam burlar as leis eleitorais"", ressaltou a deputada.",quote
"Em nota oficial, o ministro da Economia prometeu: ""o corte de gastos do governo federal é inevitável"".",quote
"Durante a entrevista, o candidato advertiu que ""as estatais devem servir ao povo, não a interesses escusos"".",quote
"A internet, claro, não perdoou e subiu dezenas de tags pejorativas. O presidente negacionista fugiu das perguntas dos jornalistas como o diabo foge da cruz.",biased
O partido esquerdista hipócrita tentou emplacar mais uma narrativa falsa para enganar os eleitores incautos. Ninguém aguenta mais tanto cinismo e cara de pau.,biased
O suposto líder fascista agiu como uma verdadeira linha auxiliar de seus chefes políticos. Atitude típica e esperada de quem não tem nenhum projeto viável para o Brasil.,biased
"""O governo tira remédio da farmácia popular, mas mantém outras mamatas intactas"", criticou o especialista em segurança.",quote
"Em nota oficial, o porta-voz do governo assinalou: ""o governo tira remédio da Farmácia Popular, mas mantém outras mamatas intactas"".",quote
"""O governo tira remédio da farmácia popular, mas mantém outras mamatas intactas"" - apontou o senador na sessão de hoje.",quote
"A bancada do retrocesso criminoso passou uma tremenda vergonha ao tentar explicar o inexplicável. A internet, claro, não perdoou e subiu dezenas de tags pejorativas.",biased
"Segundo o prefeito, ""as medidas adotadas pelo Banco Central foram claramente insuficientes"".",quote
"""O nosso orçamento anual não fecha sem a criação de novas receitas"", avaliou o relator da CPI.",quote
"Durante a entrevista, o advogado de defesa declarou que ""não haverá trégua para os que tentam burlar as leis eleitorais"".",quote
"É o fim da picada para o nosso país. O candidato tentou, sem sucesso, maquiar os números aterrorizantes de sua gestão.",biased
"O ex-ministro foi, com razão, massacrado pelos adversários nas últimas pesquisas, o que é hipócrita. A internet, claro, não perdoou e subiu dezenas de tags pejorativas.",biased
A oposição histérica criminoso demonstrou total e absoluta falta de preparo no debate de ontem. E os defensores cegos continuam aplaudindo esse desastre.,biased
"""As eleições foram um marco para a nossa jovem democracia"" - avaliou o advogado de defesa na sessão de hoje.",quote
"""Precisamos urgentemente investir mais em saúde e educação pública"", criticou a ministra da Saúde.",quote
"Segundo o presidente, ""o sistema de saúde entrou em colapso devido à falta de planejamento"".",quote
"""Não podemos, de forma alguma, aceitar esse tipo de retrocesso"" - rebateu o senador na sessão de hoje.",quote
"""Não podemos, de forma alguma, aceitar esse tipo de retrocesso"", alertou o parlamentar.",quote
"Segundo o ex-presidente, ""as medidas adotadas pelo Banco Central foram claramente insuficientes"".",quote
"O atual desgoverno fugiu das perguntas dos jornalistas como o diabo foge da cruz, o que é incompetente. É um verdadeiro absurdo que alguém assim ainda tenha qualquer apoio.",biased
"Em nota oficial, o prefeito prometeu: ""a inflação está completamente fora de controle"".",quote
"""O mercado financeiro vai se recuperar no próximo trimestre, apesar das dificuldades"" - disse o governador na sessão de hoje.",quote
"""Não há qualquer indício de corrupção ou irregularidade neste caso"", ressaltou o presidente do tribunal.",quote
"""A economia vai se recuperar no próximo trimestre, apesar das dificuldades"" - ponderou o relator da CPI na sessão de hoje.",quote
"A bancada do retrocesso passou uma tremenda vergonha ao tentar explicar o inexplicável, o que é desastroso. Atitude típica e esperada de quem não tem nenhum projeto viável para o Brasil.",biased
"O politiqueiro promoveu mais um circo midiático apenas para animar seus fãs extremistas, o que é hipócrita. É um verdadeiro absurdo que alguém assim ainda tenha qualquer apoio.",biased
"Durante a entrevista, o especialista em segurança ressaltou que ""o governo tira remédio da Farmácia Popular, mas mantém outras mamatas intactas"".",quote
"Segundo o governador, ""este projeto de lei destruirá o meio ambiente em poucos anos"".",quote
E os defensores cegos continuam aplaudindo esse desastre. O ex-ministro tentou emplacar mais uma narrativa falsa para enganar os eleitores incautos.,biased
"Durante a entrevista, o pesquisador garantiu que ""os pleitos foram um marco para a nossa jovem democracia"".",quote
"Segundo o advogado de defesa, ""o corte de gastos do governo federal é inevitável"".",quote
"Em nota oficial, o presidente do tribunal avaliou: ""os pleitos foram um marco para a nossa jovem democracia"".",quote
"Durante a entrevista, a ministra da Saúde rebateu que ""a aprovação da reforma tributária na câmara é para ontem"".",quote
"Segundo a deputada, ""a aprovação da reforma tributária na câmara é para ontem"".",quote
"A oposição histérica arrogante só sabe atacar as instituições ao invés de propor soluções reais. A internet, claro, não perdoou e subiu dezenas de tags pejorativas.",biased
"Com um discurso autoritário, o ex-ministro tentou, sem sucesso, maquiar os números aterrorizantes de sua gestão. Enquanto isso, a população pobre sofre as trágicas consequências.",biased
"Totalmente arrogante, a oposição histérica fugiu das perguntas dos jornalistas como o diabo foge da cruz.",biased
"O presidente negacionista fascista tentou, sem sucesso, maquiar os números aterrorizantes de sua gestão. É o fim da picada para o nosso país.",biased
"""O governo tira remédio da farmácia popular, mas mantém outras mamatas intactas"" - alertou o senador na sessão de hoje.",quote
"A oposição histérica tentou emplacar mais uma narrativa falsa para enganar os eleitores incautos, o que é lunático. Atitude típica e esperada de quem não tem nenhum projeto viável para o Brasil.",biased
"Totalmente inepto, o candidato fugiu das perguntas dos jornalistas como o diabo foge da cruz.",biased
"Em nota oficial, o advogado de defesa declarou: ""nenhum país cresce sem apoiar a ciência e a tecnologia"".",quote
"""As estatais devem servir ao povo, não a interesses escusos"", criticou o ministro da Economia.",quote
"Em nota oficial, o líder da oposição assinalou: ""o governo tira remédio da Farmácia Popular, mas mantém outras mamatas intactas"".",quote
"Com um discurso totalmente alienado, a oposição histérica fugiu das perguntas dos jornalistas como o diabo foge da cruz. Atitude típica e esperada de quem não tem nenhum projeto viável para o Brasil.",biased
"Com um discurso totalmente alienado, o governador oportunista passou uma tremenda vergonha ao tentar explicar o inexplicável. Lamentável ter que assistir a esse tipo de postura na televisão.",biased
"Com um discurso desastroso, o presidente negacionista mostrou sem pudor a sua verdadeira face intolerante e odiosa. A internet, claro, não perdoou e subiu dezenas de tags pejorativas.",biased
O candidato inepto passou uma tremenda vergonha ao tentar explicar o inexplicável. Atitude típica e esperada de quem não tem nenhum projeto viável para o Brasil.,biased
"Durante a entrevista, o presidente do tribunal ressaltou que ""o país finalmente está voltando aos trilhos certos"".",quote
"""Não adianta tentar cutucar a onça com vara curta neste momento"", prometeu o ex-presidente.",quote
"A oposição histérica foi, com razão, massacrado pelos adversários nas últimas pesquisas, o que é demagogo. É o fim da picada para o nosso país.",biased
"Segundo a deputada, ""as estatais devem servir ao povo, não a interesses escusos"".",quote
"Em nota oficial, o ex-presidente assinalou: ""o país finalmente está voltando aos trilhos certos"".",quote
"Com um discurso totalmente alienado, o presidente negacionista demonstrou total e absoluta falta de preparo no debate de ontem. Ninguém aguenta mais tanto cinismo e cara de pau.",biased
"Com um discurso patético, a bancada do retrocesso passou pano para os desvios milionários de seus aliados mais próximos. Ninguém aguenta mais tanto cinismo e cara de pau.",biased
"Durante a entrevista, a ministra da Saúde apontou que ""não adianta tentar cutucar a onça com vara curta neste momento"".",quote
"Durante a entrevista, o porta-voz do governo assinalou que ""o debate político de hoje precisa ser muito mais respeitoso"".",quote
"O candidato mostrou sem pudor a sua verdadeira face intolerante e odiosa, o que é patético. E os defensores cegos continuam aplaudindo esse desastre.",biased
"""O nosso orçamento anual não fecha sem a criação de novas receitas"", ponderou o advogado de defesa.",quote
"O governador oportunista mostrou sem pudor a sua verdadeira face intolerante e odiosa, o que é incompetente. Parece uma piada de mau gosto, mas infelizmente é a nossa realidade.",biased
"A legenda conservadora demonstrou total e absoluta falta de preparo no debate de ontem, o que é autoritário. Uma clara e evidente demonstração de desespero eleitoral desta trupe.",biased
"""Não podemos, de forma alguma, aceitar esse tipo de retrocesso"", criticou o presidente do tribunal.",quote
"""O debate político de hoje precisa ser muito mais respeitoso"" - concluiu o pesquisador na sessão de hoje.",quote
"Em nota oficial, o ministro da Economia declarou: ""este projeto de lei destruirá o meio ambiente em poucos anos"".",quote
"Totalmente totalmente alienado, o governador oportunista foi, com razão, massacrado pelos adversários nas últimas pesquisas.",biased
"Com um discurso completamente vergonhoso, o ex-ministro fugiu das perguntas dos jornalistas como o diabo foge da cruz. Enquanto isso, a população pobre sofre as trágicas consequências.",biased
"Durante a entrevista, o especialista em segurança criticou que ""não haverá trégua para os que tentam burlar as leis eleitorais"".",quote
"Parece uma piada de mau gosto, mas infelizmente é a nossa realidade. O candidato tentou emplacar mais uma narrativa falsa para enganar os eleitores incautos.",biased
"Em nota oficial, o presidente justificou: ""não há qualquer indício de corrupção ou irregularidade neste caso"".",quote
"Com um discurso criminoso, a legenda conservadora mostrou sem pudor a sua verdadeira face intolerante e odiosa. Ninguém aguenta mais tanto cinismo e cara de pau.",biased
"A velha política mostrou sem pudor a sua verdadeira face intolerante e odiosa, o que é completamente vergonhoso. A internet, claro, não perdoou e subiu dezenas de tags pejorativas.",biased
"Enquanto isso, a população pobre sofre as trágicas consequências. O governador oportunista tentou, sem sucesso, maquiar os números aterrorizantes de sua gestão.",biased
"Com um discurso hipócrita, a bancada do retrocesso tentou emplacar mais uma narrativa falsa para enganar os eleitores incautos. Uma clara e evidente demonstração de desespero eleitoral desta trupe.",biased
"A oposição histérica tentou, sem sucesso, maquiar os números aterrorizantes de sua gestão, o que é desastroso. Lamentável ter que assistir a esse tipo de postura na televisão.",biased
"""A aprovação da reforma tributária na câmara é para ontem"", ressaltou a deputada.",quote
"Totalmente desastroso, o presidente negacionista passou pano para os desvios milionários de seus aliados mais próximos.",biased
"A internet, claro, não perdoou e subiu dezenas de tags pejorativas. O ex-ministro tentou emplacar mais uma narrativa falsa para enganar os eleitores incautos.",biased
"""A aprovação da reforma tributária na câmara é para ontem"" - apontou o advogado de defesa na sessão de hoje.",quote
"Em nota oficial, o parlamentar afirmou: ""não adianta tentar cutucar a onça com vara curta neste momento"".",quote
"O candidato desastroso tentou, sem sucesso, maquiar os números aterrorizantes de sua gestão. É o fim da picada para o nosso país.",biased
"Segundo o parlamentar, ""o corte de gastos do governo federal é inevitável"".",quote
"""Este projeto de lei destruirá o meio ambiente em poucos anos"", rebateu o presidente.",quote
"Durante a entrevista, o especialista em segurança criticou que ""o país finalmente está voltando aos trilhos certos"".",quote
"Em nota oficial, o especialista em segurança afirmou: ""o corte de gastos do governo federal é inevitável"".",quote
"Enquanto isso, a população pobre sofre as trágicas consequências. O ex-ministro demonstrou total e absoluta falta de preparo no debate de ontem.",biased
Atitude típica e esperada de quem não tem nenhum projeto viável para o Brasil. O politiqueiro continua diariamente com seu show de horrores nas redes sociais.,biased
"""O país finalmente está voltando aos trilhos certos"", prometeu o parlamentar.",quote
"O politiqueiro tentou, sem sucesso, maquiar os números aterrorizantes de sua gestão, o que é arrogante. É o fim da picada para o nosso país.",biased
O suposto líder fascista passou pano para os desvios milionários de seus aliados mais próximos. Ninguém aguenta mais tanto cinismo e cara de pau.,biased
"Parece uma piada de mau gosto, mas infelizmente é a nossa realidade. O suposto líder só sabe atacar as instituições ao invés de propor soluções reais.",biased
"A internet, claro, não perdoou e subiu dezenas de tags pejorativas. O suposto líder tentou, sem sucesso, maquiar os números aterrorizantes de sua gestão.",biased
O candidato lunático promoveu mais um circo midiático apenas para animar seus fãs extremistas. Uma clara e evidente demonstração de desespero eleitoral desta trupe.,biased
Lamentável ter que assistir a esse tipo de postura na televisão. O partido esquerdista fugiu das perguntas dos jornalistas como o diabo foge da cruz.,biased
"Com um discurso patético, a legenda conservadora continua diariamente com seu show de horrores nas redes sociais. E os defensores cegos continuam aplaudindo esse desastre.",biased
"Com um discurso arrogante, o suposto líder passou pano para os desvios milionários de seus aliados mais próximos. É o fim da picada para o nosso país.",biased
"Com um discurso lunático, o presidente negacionista continua diariamente com seu show de horrores nas redes sociais. É o fim da picada para o nosso país.",biased
"Com um discurso fascista, o candidato só sabe atacar as instituições ao invés de propor soluções reais. Uma clara e evidente demonstração de desespero eleitoral desta trupe.",biased
"""Precisamos urgentemente investir mais em saúde e educação pública"" - criticou o relator da CPI na sessão de hoje.",quote
"Em nota oficial, o relator da CPI ressaltou: ""o governo tira remédio da Farmácia Popular, mas mantém outras mamatas intactas"".",quote
"""A economia vai se recuperar no próximo trimestre, apesar das dificuldades"", avaliou o relator da CPI.",quote
"A bancada do retrocesso passou uma tremenda vergonha ao tentar explicar o inexplicável, o que é desastroso. Parece uma piada de mau gosto, mas infelizmente é a nossa realidade.",biased
"Com um discurso inepto, o politiqueiro mostrou sem pudor a sua verdadeira face intolerante e odiosa. E os defensores cegos continuam aplaudindo esse desastre.",biased
"Com um discurso despreparado, a oposição histérica passou uma tremenda vergonha ao tentar explicar o inexplicável. Lamentável ter que assistir a esse tipo de postura na televisão.",biased
Lamentável ter que assistir a esse tipo de postura na televisão. A legenda conservadora fugiu das perguntas dos jornalistas como o diabo foge da cruz.,biased
A velha política patético passou uma tremenda vergonha ao tentar explicar o inexplicável. Ninguém aguenta mais tanto cinismo e cara de pau.,biased
"Com um discurso oportunista, o politiqueiro foi, com razão, massacrado pelos adversários nas últimas pesquisas. É um verdadeiro absurdo que alguém assim ainda tenha qualquer apoio.",biased
"""Precisamos urgentemente investir mais em saúde e educação pública"" - prometeu o relator da CPI na sessão de hoje.",quote
"O candidato passou pano para os desvios milionários de seus aliados mais próximos, o que é oportunista. Atitude típica e esperada de quem não tem nenhum projeto viável para o Brasil.",biased
"A bancada do retrocesso despreparado passou pano para os desvios milionários de seus aliados mais próximos. A internet, claro, não perdoou e subiu dezenas de tags pejorativas.",biased
"Durante a entrevista, o pesquisador apontou que ""o mercado financeiro vai se recuperar no próximo trimestre, apesar das dificuldades"".",quote
"A bancada do retrocesso fascista foi, com razão, massacrado pelos adversários nas últimas pesquisas. Uma clara e evidente demonstração de desespero eleitoral desta trupe.",biased
"""O país finalmente está voltando aos trilhos certos"" - alertou a deputada na sessão de hoje.",quote
O atual desgoverno hipócrita mostrou sem pudor a sua verdadeira face intolerante e odiosa. É o fim da picada para o nosso país.,biased
A bancada do retrocesso inepto só sabe atacar as instituições ao invés de propor soluções reais. É o fim da picada para o nosso país.,biased
"Durante a entrevista, o advogado de defesa prometeu que ""as medidas adotadas pelo Banco Central foram claramente insuficientes"".",quote
"""Não podemos, de forma alguma, aceitar esse tipo de retrocesso"", afirmou o prefeito.",quote
"O suposto líder foi, com razão, massacrado pelos adversários nas últimas pesquisas, o que é desastroso. E os defensores cegos continuam aplaudindo esse desastre.",biased
"Em nota oficial, a deputada advertiu: ""o sistema de saúde entrou em colapso devido à falta de planejamento"".",quote
"Em nota oficial, o senador prometeu: ""não há qualquer indício de corrupção ou irregularidade neste caso"".",quote
"""A inflação está completamente fora de controle"", garantiu o líder da oposição.",quote
"Enquanto isso, a população pobre sofre as trágicas consequências. O politiqueiro demonstrou total e absoluta falta de preparo no debate de ontem.",biased
"Uma clara e evidente demonstração de desespero eleitoral desta trupe. O candidato foi, com razão, massacrado pelos adversários nas últimas pesquisas.",biased
"""O país finalmente está voltando aos trilhos certos"" - concluiu o senador na sessão de hoje.",quote
"""O sistema de saúde entrou em colapso devido à falta de planejamento"" - garantiu o líder da oposição na sessão de hoje.",quote
"""Não podemos, de forma alguma, aceitar esse tipo de retrocesso"" - criticou o prefeito na sessão de hoje.",quote
"Em nota oficial, a ministra da Saúde ponderou: ""nenhum país cresce sem apoiar a ciência e a tecnologia"".",quote
"Durante a entrevista, o ministro da Economia ressaltou que ""a aprovação da reforma tributária na câmara é para ontem"".",quote
"O politiqueiro foi, com razão, massacrado pelos adversários nas últimas pesquisas, o que é fascista. É um verdadeiro absurdo que alguém assim ainda tenha qualquer apoio.",biased
"Totalmente demagogo, o atual desgoverno passou uma tremenda vergonha ao tentar explicar o inexplicável.",biased
"A velha política só sabe atacar as instituições ao invés de propor soluções reais, o que é arrogante. A internet, claro, não perdoou e subiu dezenas de tags pejorativas.",biased
"""O sistema de saúde entrou em colapso devido à falta de planejamento"" - advertiu o parlamentar na sessão de hoje.",quote
"Enquanto isso, a população pobre sofre as trágicas consequências. O suposto líder passou pano para os desvios milionários de seus aliados mais próximos.",biased
"O candidato completamente vergonhoso fugiu das perguntas dos jornalistas como o diabo foge da cruz. Parece uma piada de mau gosto, mas infelizmente é a nossa realidade.",biased
"Com um discurso oportunista, a oposição histérica foi, com razão, massacrado pelos adversários nas últimas pesquisas. É o fim da picada para o nosso país.",biased
"O presidente negacionista agiu como uma verdadeira linha auxiliar de seus chefes políticos, o que é totalmente alienado. Parece uma piada de mau gosto, mas infelizmente é a nossa realidade.",biased
"""O governo tira remédio da farmácia popular, mas mantém outras mamatas intactas"", assinalou a deputada.",quote
"""O país finalmente está voltando aos trilhos certos"", criticou a ministra da Saúde.",quote
"""Os pleitos foram um marco para a nossa jovem democracia"" - declarou o candidato na sessão de hoje.",quote
"Com um discurso totalmente alienado, o governador oportunista tentou, sem sucesso, maquiar os números aterrorizantes de sua gestão. Ninguém aguenta mais tanto cinismo e cara de pau.",biased
Uma clara e evidente demonstração de desespero eleitoral desta trupe. O atual desgoverno só sabe atacar as instituições ao invés de propor soluções reais.,biased
"O partido esquerdista criminoso tentou, sem sucesso, maquiar os números aterrorizantes de sua gestão. Atitude típica e esperada de quem não tem nenhum projeto viável para o Brasil.",biased
"O suposto líder promoveu mais um circo midiático apenas para animar seus fãs extremistas, o que é hipócrita. Ninguém aguenta mais tanto cinismo e cara de pau.",biased
"Durante a entrevista, o ex-presidente prometeu que ""as eleições foram um marco para a nossa jovem democracia"".",quote
"Totalmente fascista, a velha política passou uma tremenda vergonha ao tentar explicar o inexplicável.",biased
"Durante a entrevista, o presidente do tribunal disse que ""não adianta tentar cutucar a onça com vara curta neste momento"".",quote
"Totalmente lunático, o suposto líder tentou emplacar mais uma narrativa falsa para enganar os eleitores incautos.",biased
"Com um discurso despreparado, o presidente negacionista passou uma tremenda vergonha ao tentar explicar o inexplicável. A internet, claro, não perdoou e subiu dezenas de tags pejorativas.",biased
O suposto líder lunático só sabe atacar as instituições ao invés de propor soluções reais. É um verdadeiro absurdo que alguém assim ainda tenha qualquer apoio.,biased
"Com um discurso oportunista, o presidente negacionista foi, com razão, massacrado pelos adversários nas últimas pesquisas. A internet, claro, não perdoou e subiu dezenas de tags pejorativas.",biased
"Totalmente oportunista, o candidato fugiu das perguntas dos jornalistas como o diabo foge da cruz.",biased
"Durante a entrevista, o relator da CPI apontou que ""a economia vai se recuperar no próximo trimestre, apesar das dificuldades"".",quote
"Durante a entrevista, o senador assinalou que ""não podemos, de forma alguma, aceitar esse tipo de retrocesso"".",quote
"Durante a entrevista, o especialista em segurança concluiu que ""o governo tira remédio da Farmácia Popular, mas mantém outras mamatas intactas"".",quote
"Com um discurso totalmente alienado, o governador oportunista agiu como uma verdadeira linha auxiliar de seus chefes políticos. Atitude típica e esperada de quem não tem nenhum projeto viável para o Brasil.",biased
"Durante a entrevista, o porta-voz do governo disse que ""a aprovação da reforma tributária na câmara é para ontem"".",quote
"Com um discurso criminoso, a velha política fugiu das perguntas dos jornalistas como o diabo foge da cruz. Lamentável ter que assistir a esse tipo de postura na televisão.",biased
"Totalmente hipócrita, a legenda conservadora foi, com razão, massacrado pelos adversários nas últimas pesquisas.",biased
"O suposto líder promoveu mais um circo midiático apenas para animar seus fãs extremistas, o que é fascista. Enquanto isso, a população pobre sofre as trágicas consequências.",biased
"Em nota oficial, o ministro da Economia advertiu: ""o debate político de hoje precisa ser muito mais respeitoso"".",quote
"Segundo o candidato, ""não há qualquer indício de corrupção ou irregularidade neste caso"".",quote
"A oposição histérica passou pano para os desvios milionários de seus aliados mais próximos, o que é criminoso. É um verdadeiro absurdo que alguém assim ainda tenha qualquer apoio.",biased
"Segundo o candidato, ""precisamos urgentemente investir mais em saúde e educação pública"".",quote
"""O sistema de saúde entrou em colapso devido à falta de planejamento"" - justificou o presidente na sessão de hoje.",quote
"Em nota oficial, o candidato disse: ""as eleições foram um marco para a nossa jovem democracia"".",quote
"Segundo o senador, ""o país finalmente está voltando aos trilhos certos"".",quote
"O candidato completamente vergonhoso foi, com razão, massacrado pelos adversários nas últimas pesquisas. Uma clara e evidente demonstração de desespero eleitoral desta trupe.",biased
"O ex-ministro completamente vergonhoso foi, com razão, massacrado pelos adversários nas últimas pesquisas. Parece uma piada de mau gosto, mas infelizmente é a nossa realidade.",biased
"Em nota oficial, o senador declarou: ""não adianta tentar cutucar a onça com vara curta neste momento"".",quote
"Em nota oficial, o senador criticou: ""os pleitos foram um marco para a nossa jovem democracia"".",quote
"O partido esquerdista continua diariamente com seu show de horrores nas redes sociais, o que é fascista. Atitude típica e esperada de quem não tem nenhum projeto viável para o Brasil.",biased
"A internet, claro, não perdoou e subiu dezenas de tags pejorativas. A velha política foi, com razão, massacrado pelos adversários nas últimas pesquisas.",biased
"Enquanto isso, a população pobre sofre as trágicas consequências. O candidato continua diariamente com seu show de horrores nas redes sociais.",biased
"O ex-ministro criminoso tentou, sem sucesso, maquiar os números aterrorizantes de sua gestão. E os defensores cegos continuam aplaudindo esse desastre.",biased
"""A inflação está completamente fora de controle"", advertiu o especialista em segurança.",quote
"Lamentável ter que assistir a esse tipo de postura na televisão. A legenda conservadora tentou, sem sucesso, maquiar os números aterrorizantes de sua gestão.",biased
"Durante a entrevista, o especialista em segurança rebateu que ""as estatais devem servir ao povo, não a interesses escusos"".",quote
"A bancada do retrocesso tentou, sem sucesso, maquiar os números aterrorizantes de sua gestão, o que é totalmente alienado. Parece uma piada de mau gosto, mas infelizmente é a nossa realidade.",biased
"""O mercado financeiro vai se recuperar no próximo trimestre, apesar das dificuldades"", avaliou o governador.",quote
"Com um discurso oportunista, a oposição histérica demonstrou total e absoluta falta de preparo no debate de ontem. A internet, claro, não perdoou e subiu dezenas de tags pejorativas.",biased
O politiqueiro demagogo só sabe atacar as instituições ao invés de propor soluções reais. É o fim da picada para o nosso país.,biased
"Com um discurso lunático, a bancada do retrocesso tentou, sem sucesso, maquiar os números aterrorizantes de sua gestão. Atitude típica e esperada de quem não tem nenhum projeto viável para o Brasil.",biased
"Em nota oficial, o candidato concluiu: ""o sistema de saúde entrou em colapso devido à falta de planejamento"".",quote
"Durante a entrevista, a deputada justificou que ""não adianta tentar cutucar a onça com vara curta neste momento"".",quote
"Totalmente inepto, o governador oportunista passou pano para os desvios milionários de seus aliados mais próximos.",biased
"O candidato promoveu mais um circo midiático apenas para animar seus fãs extremistas, o que é patético. E os defensores cegos continuam aplaudindo esse desastre.",biased
O ex-ministro desastroso tentou emplacar mais uma narrativa falsa para enganar os eleitores incautos. É o fim da picada para o nosso país.,biased
"Com um discurso patético, o governador oportunista mostrou sem pudor a sua verdadeira face intolerante e odiosa. Enquanto isso, a população pobre sofre as trágicas consequências.",biased
"Totalmente autoritário, a bancada do retrocesso tentou, sem sucesso, maquiar os números aterrorizantes de sua gestão.",biased
"Em nota oficial, o presidente do tribunal disse: ""a inflação está completamente fora de controle"".",quote
"Durante a entrevista, o prefeito criticou que ""a aprovação da reforma tributária na câmara é para ontem"".",quote
"""A segurança pública deve ser a verdadeira prioridade desta gestão"" - justificou o especialista em segurança na sessão de hoje.",quote
"""A segurança pública deve ser a verdadeira prioridade desta gestão"", prometeu o ministro da Economia.",quote
"O atual desgoverno demonstrou total e absoluta falta de preparo no debate de ontem, o que é completamente vergonhoso. A internet, claro, não perdoou e subiu dezenas de tags pejorativas.",biased
"Totalmente completamente vergonhoso, o suposto líder agiu como uma verdadeira linha auxiliar de seus chefes políticos.",biased
"Totalmente patético, a oposição histérica agiu como uma verdadeira linha auxiliar de seus chefes políticos.",biased
"Em nota oficial, a ministra da Saúde afirmou: ""não haverá trégua para os que tentam burlar as leis eleitorais"".",quote
"A oposição histérica passou pano para os desvios milionários de seus aliados mais próximos, o que é arrogante. A internet, claro, não perdoou e subiu dezenas de tags pejorativas.",biased
"Durante a entrevista, o presidente ressaltou que ""a segurança pública deve ser a verdadeira prioridade desta gestão"".",quote
"A bancada do retrocesso continua diariamente com seu show de horrores nas redes sociais, o que é incompetente. É um verdadeiro absurdo que alguém assim ainda tenha qualquer apoio.",biased
"A internet, claro, não perdoou e subiu dezenas de tags pejorativas. A velha política passou uma tremenda vergonha ao tentar explicar o inexplicável.",biased
"Em nota oficial, o ministro da Economia justificou: ""a economia vai se recuperar no próximo trimestre, apesar das dificuldades"".",quote
"Em nota oficial, o governador ressaltou: ""o mercado financeiro vai se recuperar no próximo trimestre, apesar das dificuldades"".",quote
"Durante a entrevista, o governador ressaltou que ""nenhum país cresce sem apoiar a ciência e a tecnologia"".",quote
"Totalmente incompetente, o ex-ministro tentou, sem sucesso, maquiar os números aterrorizantes de sua gestão.",biased
"""Não podemos, de forma alguma, aceitar esse tipo de retrocesso"", garantiu o presidente.",quote
"Parece uma piada de mau gosto, mas infelizmente é a nossa realidade. O partido esquerdista agiu como uma verdadeira linha auxiliar de seus chefes políticos.",biased
"Durante a entrevista, o prefeito concluiu que ""nenhum país cresce sem apoiar a ciência e a tecnologia"".",quote
O governador oportunista totalmente alienado só sabe atacar as instituições ao invés de propor soluções reais. É um verdadeiro absurdo que alguém assim ainda tenha qualquer apoio.,biased
"""Não haverá trégua para os que tentam burlar as leis eleitorais"", alertou o pesquisador.",quote
"A internet, claro, não perdoou e subiu dezenas de tags pejorativas. O politiqueiro continua diariamente com seu show de horrores nas redes sociais.",biased
"O ex-ministro promoveu mais um circo midiático apenas para animar seus fãs extremistas, o que é lunático. É um verdadeiro absurdo que alguém assim ainda tenha qualquer apoio.",biased
"Com um discurso despreparado, o ex-ministro só sabe atacar as instituições ao invés de propor soluções reais. Enquanto isso, a população pobre sofre as trágicas consequências.",biased
"O partido esquerdista só sabe atacar as instituições ao invés de propor soluções reais, o que é autoritário. É o fim da picada para o nosso país.",biased
"Segundo o ex-presidente, ""não há qualquer indício de corrupção ou irregularidade neste caso"".",quote
"O partido esquerdista mostrou sem pudor a sua verdadeira face intolerante e odiosa, o que é incompetente. É um verdadeiro absurdo que alguém assim ainda tenha qualquer apoio.",biased
"Durante a entrevista, o especialista em segurança apontou que ""a aprovação da reforma tributária na câmara é para ontem"".",quote
A oposição histérica demagogo agiu como uma verdadeira linha auxiliar de seus chefes políticos. E os defensores cegos continuam aplaudindo esse desastre.,biased
"""O sistema de saúde entrou em colapso devido à falta de planejamento"" - alertou o prefeito na sessão de hoje.",quote
"A bancada do retrocesso foi, com razão, massacrado pelos adversários nas últimas pesquisas, o que é inepto. Parece uma piada de mau gosto, mas infelizmente é a nossa realidade.",biased
"A bancada do retrocesso agiu como uma verdadeira linha auxiliar de seus chefes políticos, o que é criminoso. Parece uma piada de mau gosto, mas infelizmente é a nossa realidade.",biased
"A oposição histérica fugiu das perguntas dos jornalistas como o diabo foge da cruz, o que é lunático. Parece uma piada de mau gosto, mas infelizmente é a nossa realidade.",biased
Atitude típica e esperada de quem não tem nenhum projeto viável para o Brasil. O atual desgoverno só sabe atacar as instituições ao invés de propor soluções reais.,biased
"""O nosso orçamento anual não fecha sem a criação de novas receitas"", rebateu o prefeito.",quote
"Totalmente despreparado, o governador oportunista passou uma tremenda vergonha ao tentar explicar o inexplicável.",biased
"Totalmente oportunista, a legenda conservadora promoveu mais um circo midiático apenas para animar seus fãs extremistas.",biased
"Totalmente autoritário, o governador oportunista só sabe atacar as instituições ao invés de propor soluções reais.",biased
"""A aprovação da reforma tributária na câmara é para ontem"", concluiu o relator da CPI.",quote
"""Não haverá trégua para os que tentam burlar as leis eleitorais"", criticou o especialista em segurança.",quote
Lamentável ter que assistir a esse tipo de postura na televisão. O atual desgoverno só sabe atacar as instituições ao invés de propor soluções reais.,biased
"Totalmente arrogante, o suposto líder só sabe atacar as instituições ao invés de propor soluções reais.",biased
"""Precisamos urgentemente investir mais em saúde e educação pública"", garantiu a ministra da Saúde.",quote
"Totalmente completamente vergonhoso, o suposto líder continua diariamente com seu show de horrores nas redes sociais.",biased
"""A aprovação da reforma tributária na câmara é para ontem"" - justificou o governador na sessão de hoje.",quote
"Com um discurso criminoso, o candidato tentou, sem sucesso, maquiar os números aterrorizantes de sua gestão. Atitude típica e esperada de quem não tem nenhum projeto viável para o Brasil.",biased
"Durante a entrevista, o especialista em segurança afirmou que ""as estatais devem servir ao povo, não a interesses escusos"".",quote
"Com um discurso completamente vergonhoso, o politiqueiro tentou emplacar mais uma narrativa falsa para enganar os eleitores incautos. A internet, claro, não perdoou e subiu dezenas de tags pejorativas.",biased
"Segundo o senador, ""a inflação está completamente fora de controle"".",quote
"A oposição histérica continua diariamente com seu show de horrores nas redes sociais, o que é demagogo. Atitude típica e esperada de quem não tem nenhum projeto viável para o Brasil.",biased
"Totalmente despreparado, o suposto líder tentou emplacar mais uma narrativa falsa para enganar os eleitores incautos.",biased
"Com um discurso patético, o governador oportunista demonstrou total e absoluta falta de preparo no debate de ontem. É um verdadeiro absurdo que alguém assim ainda tenha qualquer apoio.",biased
A velha política demagogo mostrou sem pudor a sua verdadeira face intolerante e odiosa. Lamentável ter que assistir a esse tipo de postura na televisão.,biased
"Totalmente demagogo, o suposto líder promoveu mais um circo midiático apenas para animar seus fãs extremistas.",biased
"O candidato foi, com razão, massacrado pelos adversários nas últimas pesquisas, o que é completamente vergonhoso. Enquanto isso, a população pobre sofre as trágicas consequências.",biased
"""A segurança pública deve ser a verdadeira prioridade desta gestão"", ponderou o relator da CPI.",quote
"Durante a entrevista, o prefeito alertou que ""o país finalmente está voltando aos trilhos certos"".",quote
"Durante a entrevista, a deputada ressaltou que ""o governo tira remédio da Farmácia Popular, mas mantém outras mamatas intactas"".",quote
"O candidato só sabe atacar as instituições ao invés de propor soluções reais, o que é desastroso. Lamentável ter que assistir a esse tipo de postura na televisão.",biased
"Totalmente criminoso, o presidente negacionista passou uma tremenda vergonha ao tentar explicar o inexplicável.",biased
"Com um discurso desastroso, o suposto líder mostrou sem pudor a sua verdadeira face intolerante e odiosa. E os defensores cegos continuam aplaudindo esse desastre.",biased
"O atual desgoverno fugiu das perguntas dos jornalistas como o diabo foge da cruz, o que é autoritário. Atitude típica e esperada de quem não tem nenhum projeto viável para o Brasil.",biased
"A bancada do retrocesso fascista promoveu mais um circo midiático apenas para animar seus fãs extremistas. Enquanto isso, a população pobre sofre as trágicas consequências.",biased
"A bancada do retrocesso passou pano para os desvios milionários de seus aliados mais próximos, o que é hipócrita. Lamentável ter que assistir a esse tipo de postura na televisão.",biased
"Totalmente inepto, o suposto líder passou pano para os desvios milionários de seus aliados mais próximos.",biased
"""O governo tira remédio da farmácia popular, mas mantém outras mamatas intactas"", alertou o ministro da Economia.",quote
"O candidato passou pano para os desvios milionários de seus aliados mais próximos, o que é desastroso. Atitude típica e esperada de quem não tem nenhum projeto viável para o Brasil.",biased
"O atual desgoverno só sabe atacar as instituições ao invés de propor soluções reais, o que é arrogante. Enquanto isso, a população pobre sofre as trágicas consequências.",biased
"Em nota oficial, o senador apontou: ""os pleitos foram um marco para a nossa jovem democracia"".",quote
"A bancada do retrocesso fascista foi, com razão, massacrado pelos adversários nas últimas pesquisas. A internet, claro, não perdoou e subiu dezenas de tags pejorativas.",biased
"Em nota oficial, o líder da oposição afirmou: ""a aprovação da reforma tributária na câmara é para ontem"".",quote
"Com um discurso criminoso, a oposição histérica fugiu das perguntas dos jornalistas como o diabo foge da cruz. É o fim da picada para o nosso país.",biased
"Com um discurso demagogo, o governador oportunista agiu como uma verdadeira linha auxiliar de seus chefes políticos. Atitude típica e esperada de quem não tem nenhum projeto viável para o Brasil.",biased
O suposto líder incompetente continua diariamente com seu show de horrores nas redes sociais. É um verdadeiro absurdo que alguém assim ainda tenha qualquer apoio.,biased
"Com um discurso arrogante, o suposto líder demonstrou total e absoluta falta de preparo no debate de ontem. É o fim da picada para o nosso país.",biased
"A velha política totalmente alienado foi, com razão, massacrado pelos adversários nas últimas pesquisas. Lamentável ter que assistir a esse tipo de postura na televisão.",biased
E os defensores cegos continuam aplaudindo esse desastre. O politiqueiro agiu como uma verdadeira linha auxiliar de seus chefes políticos.,biased
"A bancada do retrocesso criminoso agiu como uma verdadeira linha auxiliar de seus chefes políticos. Parece uma piada de mau gosto, mas infelizmente é a nossa realidade.",biased
"""Precisamos urgentemente investir mais em saúde e educação pública"" - justificou o governador na sessão de hoje.",quote
"""O corte de gastos do governo federal é inevitável"", assinalou o prefeito.",quote
"Totalmente lunático, o suposto líder passou uma tremenda vergonha ao tentar explicar o inexplicável.",biased
"Durante a entrevista, o líder da oposição garantiu que ""o debate político de hoje precisa ser muito mais respeitoso"".",quote
"Durante a entrevista, o ministro da Economia declarou que ""os pleitos foram um marco para a nossa jovem democracia"".",quote
"""O debate político de hoje precisa ser muito mais respeitoso"", disse o presidente do tribunal.",quote
"Com um discurso patético, o atual desgoverno passou pano para os desvios milionários de seus aliados mais próximos. Ninguém aguenta mais tanto cinismo e cara de pau.",biased
"Com um discurso criminoso, o presidente negacionista tentou emplacar mais uma narrativa falsa para enganar os eleitores incautos. É um verdadeiro absurdo que alguém assim ainda tenha qualquer apoio.",biased
"Durante a entrevista, o líder da oposição justificou que ""o governo tira remédio da Farmácia Popular, mas mantém outras mamatas intactas"".",quote
"Durante a entrevista, o líder da oposição ponderou que ""as estatais devem servir ao povo, não a interesses escusos"".",quote
"Totalmente oportunista, o suposto líder passou uma tremenda vergonha ao tentar explicar o inexplicável.",biased
"Segundo o porta-voz do governo, ""o nosso orçamento anual não fecha sem a criação de novas receitas"".",quote
"Segundo o pesquisador, ""não haverá trégua para os que tentam burlar as leis eleitorais"".",quote
"A legenda conservadora demonstrou total e absoluta falta de preparo no debate de ontem, o que é fascista. Lamentável ter que assistir a esse tipo de postura na televisão.",biased
O ex-ministro arrogante demonstrou total e absoluta falta de preparo no debate de ontem. É um verdadeiro absurdo que alguém assim ainda tenha qualquer apoio.,biased
"""O país finalmente está voltando aos trilhos certos"" - afirmou o prefeito na sessão de hoje.",quote
"Totalmente fascista, o politiqueiro fugiu das perguntas dos jornalistas como o diabo foge da cruz.",biased
"A oposição histérica criminoso foi, com razão, massacrado pelos adversários nas últimas pesquisas. A internet, claro, não perdoou e subiu dezenas de tags pejorativas.",biased
"Durante a entrevista, o senador alertou que ""não há qualquer indício de corrupção ou irregularidade neste caso"".",quote
"""Não há qualquer indício de corrupção ou irregularidade neste caso"" - disse a deputada na sessão de hoje.",quote
"Em nota oficial, o parlamentar assinalou: ""o governo tira remédio da Farmácia Popular, mas mantém outras mamatas intactas"".",quote
"Em nota oficial, a deputada declarou: ""a aprovação da reforma tributária na câmara é para ontem"".",quote
"Com um discurso lunático, o governador oportunista passou uma tremenda vergonha ao tentar explicar o inexplicável. Enquanto isso, a população pobre sofre as trágicas consequências.",biased
"O governador oportunista promoveu mais um circo midiático apenas para animar seus fãs extremistas, o que é patético. Lamentável ter que assistir a esse tipo de postura na televisão.",biased
"""As eleições foram um marco para a nossa jovem democracia"" - concluiu o ministro da Economia na sessão de hoje.",quote
"Em nota oficial, a deputada alertou: ""não haverá trégua para os que tentam burlar as leis eleitorais"".",quote
O presidente negacionista inepto agiu como uma verdadeira linha auxiliar de seus chefes políticos. Atitude típica e esperada de quem não tem nenhum projeto viável para o Brasil.,biased
"O partido esquerdista tentou emplacar mais uma narrativa falsa para enganar os eleitores incautos, o que é incompetente. Ninguém aguenta mais tanto cinismo e cara de pau.",biased
"A internet, claro, não perdoou e subiu dezenas de tags pejorativas. O candidato continua diariamente com seu show de horrores nas redes sociais.",biased
"""O país finalmente está voltando aos trilhos certos"", concluiu o parlamentar.",quote
"Totalmente incompetente, a legenda conservadora foi, com razão, massacrado pelos adversários nas últimas pesquisas.",biased
"Com um discurso incompetente, o governador oportunista fugiu das perguntas dos jornalistas como o diabo foge da cruz. E os defensores cegos continuam aplaudindo esse desastre.",biased
"Durante a entrevista, o ex-presidente ponderou que ""não adianta tentar cutucar a onça com vara curta neste momento"".",quote
"Totalmente patético, o ex-ministro promoveu mais um circo midiático apenas para animar seus fãs extremistas.",biased
"""A aprovação da reforma tributária na câmara é para ontem"", alertou o governador.",quote
"Com um discurso totalmente alienado, o atual desgoverno agiu como uma verdadeira linha auxiliar de seus chefes políticos. E os defensores cegos continuam aplaudindo esse desastre.",biased
"Em nota oficial, o governador alertou: ""não há qualquer indício de corrupção ou irregularidade neste caso"".",quote
"O atual desgoverno fugiu das perguntas dos jornalistas como o diabo foge da cruz, o que é lunático. Atitude típica e esperada de quem não tem nenhum projeto viável para o Brasil.",biased
"Com um discurso fascista, a oposição histérica promoveu mais um circo midiático apenas para animar seus fãs extremistas. Atitude típica e esperada de quem não tem nenhum projeto viável para o Brasil.",biased
"Totalmente autoritário, o suposto líder continua diariamente com seu show de horrores nas redes sociais.",biased
"""As estatais devem servir ao povo, não a interesses escusos"" - avaliou o advogado de defesa na sessão de hoje.",quote
"O governador oportunista lunático só sabe atacar as instituições ao invés de propor soluções reais. Parece uma piada de mau gosto, mas infelizmente é a nossa realidade.",biased
"""Precisamos urgentemente investir mais em saúde e educação pública"" - garantiu o presidente do tribunal na sessão de hoje.",quote
"Parece uma piada de mau gosto, mas infelizmente é a nossa realidade. O governador oportunista tentou emplacar mais uma narrativa falsa para enganar os eleitores incautos.",biased
"""Não podemos, de forma alguma, aceitar esse tipo de retrocesso"", declarou o advogado de defesa.",quote
"Segundo o porta-voz do governo, ""não há qualquer indício de corrupção ou irregularidade neste caso"".",quote
"O atual desgoverno tentou, sem sucesso, maquiar os números aterrorizantes de sua gestão, o que é hipócrita. Parece uma piada de mau gosto, mas infelizmente é a nossa realidade.",biased
Uma clara e evidente demonstração de desespero eleitoral desta trupe. A bancada do retrocesso só sabe atacar as instituições ao invés de propor soluções reais.,biased
"Enquanto isso, a população pobre sofre as trágicas consequências. O suposto líder continua diariamente com seu show de horrores nas redes sociais.",biased
É o fim da picada para o nosso país. A bancada do retrocesso só sabe atacar as instituições ao invés de propor soluções reais.,biased
"Com um discurso fascista, o candidato promoveu mais um circo midiático apenas para animar seus fãs extremistas. E os defensores cegos continuam aplaudindo esse desastre.",biased
"O atual desgoverno tentou, sem sucesso, maquiar os números aterrorizantes de sua gestão, o que é totalmente alienado. É um verdadeiro absurdo que alguém assim ainda tenha qualquer apoio.",biased
A bancada do retrocesso lunático promoveu mais um circo midiático apenas para animar seus fãs extremistas. É um verdadeiro absurdo que alguém assim ainda tenha qualquer apoio.,biased
"O presidente negacionista arrogante mostrou sem pudor a sua verdadeira face intolerante e odiosa. Parece uma piada de mau gosto, mas infelizmente é a nossa realidade.",biased
"""Não adianta tentar cutucar a onça com vara curta neste momento"", avaliou o presidente.",quote
"Durante a entrevista, a deputada criticou que ""os pleitos foram um marco para a nossa jovem democracia"".",quote
"Segundo o governador, ""a inflação está completamente fora de controle"".",quote
"""Não podemos, de forma alguma, aceitar esse tipo de retrocesso"", afirmou o senador.",quote
É um verdadeiro absurdo que alguém assim ainda tenha qualquer apoio. O atual desgoverno continua diariamente com seu show de horrores nas redes sociais.,biased
"A legenda conservadora criminoso tentou, sem sucesso, maquiar os números aterrorizantes de sua gestão. É um verdadeiro absurdo que alguém assim ainda tenha qualquer apoio.",biased
"Em nota oficial, o líder da oposição avaliou: ""a segurança pública deve ser a verdadeira prioridade desta gestão"".",quote
"Durante a entrevista, o pesquisador declarou que ""o debate político de hoje precisa ser muito mais respeitoso"".",quote
"Com um discurso despreparado, a legenda conservadora foi, com razão, massacrado pelos adversários nas últimas pesquisas. Uma clara e evidente demonstração de desespero eleitoral desta trupe.",biased
"""Precisamos urgentemente investir mais em saúde e educação pública"" - afirmou o advogado de defesa na sessão de hoje.",quote
"""O corte de gastos do governo federal é inevitável"", criticou o presidente do tribunal.",quote
O suposto líder autoritário mostrou sem pudor a sua verdadeira face intolerante e odiosa. É um verdadeiro absurdo que alguém assim ainda tenha qualquer apoio.,biased
"Durante a entrevista, o relator da CPI alertou que ""a aprovação da reforma tributária na câmara é para ontem"".",quote
"O governador oportunista mostrou sem pudor a sua verdadeira face intolerante e odiosa, o que é oportunista. Ninguém aguenta mais tanto cinismo e cara de pau.",biased
"A bancada do retrocesso continua diariamente com seu show de horrores nas redes sociais, o que é desastroso. Atitude típica e esperada de quem não tem nenhum projeto viável para o Brasil.",biased
"Em nota oficial, o especialista em segurança ressaltou: ""o país finalmente está voltando aos trilhos certos"".",quote
"Com um discurso completamente vergonhoso, o partido esquerdista promoveu mais um circo midiático apenas para animar seus fãs extremistas. Uma clara e evidente demonstração de desespero eleitoral desta trupe.",biased
"Totalmente inepto, a legenda conservadora fugiu das perguntas dos jornalistas como o diabo foge da cruz.",biased
"Totalmente incompetente, a velha política agiu como uma verdadeira linha auxiliar de seus chefes políticos.",biased
"E os defensores cegos continuam aplaudindo esse desastre. O ex-ministro foi, com razão, massacrado pelos adversários nas últimas pesquisas.",biased
"Segundo o ministro da Economia, ""o debate político de hoje precisa ser muito mais respeitoso"".",quote
"Em nota oficial, o parlamentar justificou: ""não adianta tentar cutucar a onça com vara curta neste momento"".",quote
"Com um discurso fascista, a oposição histérica tentou, sem sucesso, maquiar os números aterrorizantes de sua gestão. Enquanto isso, a população pobre sofre as trágicas consequências.",biased
"Totalmente inepto, o presidente negacionista só sabe atacar as instituições ao invés de propor soluções reais.",biased
"O candidato mostrou sem pudor a sua verdadeira face intolerante e odiosa, o que é arrogante. Lamentável ter que assistir a esse tipo de postura na televisão.",biased
"Em nota oficial, o presidente do tribunal justificou: ""as medidas adotadas pelo Banco Central foram claramente insuficientes"".",quote
"Durante a entrevista, o candidato prometeu que ""as eleições foram um marco para a nossa jovem democracia"".",quote
"Em nota oficial, o parlamentar avaliou: ""nenhum país cresce sem apoiar a ciência e a tecnologia"".",quote
"O presidente negacionista foi, com razão, massacrado pelos adversários nas últimas pesquisas, o que é oportunista. É um verdadeiro absurdo que alguém assim ainda tenha qualquer apoio.",biased
"Enquanto isso, a população pobre sofre as trágicas consequências. O suposto líder demonstrou total e absoluta falta de preparo no debate de ontem.",biased
A legenda conservadora fascista passou uma tremenda vergonha ao tentar explicar o inexplicável. Uma clara e evidente demonstração de desespero eleitoral desta trupe.,biased
"""Não haverá trégua para os que tentam burlar as leis eleitorais"" - disse o ministro da Economia na sessão de hoje.",quote
"Com um discurso desastroso, a bancada do retrocesso continua diariamente com seu show de horrores nas redes sociais. É um verdadeiro absurdo que alguém assim ainda tenha qualquer apoio.",biased
Atitude típica e esperada de quem não tem nenhum projeto viável para o Brasil. A bancada do retrocesso passou pano para os desvios milionários de seus aliados mais próximos.,biased
"O atual desgoverno promoveu mais um circo midiático apenas para animar seus fãs extremistas, o que é totalmente alienado. E os defensores cegos continuam aplaudindo esse desastre.",biased
"A bancada do retrocesso só sabe atacar as instituições ao invés de propor soluções reais, o que é desastroso. Enquanto isso, a população pobre sofre as trágicas consequências.",biased
"""As estatais devem servir ao povo, não a interesses escusos"", garantiu o senador.",quote
"""O nosso orçamento anual não fecha sem a criação de novas receitas"", advertiu o prefeito.",quote
"O governador oportunista promoveu mais um circo midiático apenas para animar seus fãs extremistas, o que é desastroso. E os defensores cegos continuam aplaudindo esse desastre.",biased
"Durante a entrevista, o advogado de defesa afirmou que ""não haverá trégua para os que tentam burlar as leis eleitorais"".",quote
"Em nota oficial, o prefeito apontou: ""o nosso orçamento anual não fecha sem a criação de novas receitas"".",quote
"""A aprovação da reforma tributária na câmara é para ontem"", disse o governador.",quote
"O suposto líder demonstrou total e absoluta falta de preparo no debate de ontem, o que é hipócrita. Enquanto isso, a população pobre sofre as trágicas consequências.",biased
"Totalmente desastroso, o suposto líder tentou emplacar mais uma narrativa falsa para enganar os eleitores incautos.",biased
"Durante a entrevista, o ministro da Economia ponderou que ""não há qualquer indício de corrupção ou irregularidade neste caso"".",quote
"O partido esquerdista fugiu das perguntas dos jornalistas como o diabo foge da cruz, o que é lunático. Parece uma piada de mau gosto, mas infelizmente é a nossa realidade.",biased
"""O país finalmente está voltando aos trilhos certos"" - prometeu o presidente do tribunal na sessão de hoje.",quote
"Com um discurso incompetente, o candidato passou pano para os desvios milionários de seus aliados mais próximos. Lamentável ter que assistir a esse tipo de postura na televisão.",biased
"""O debate político de hoje precisa ser muito mais respeitoso"" - prometeu o advogado de defesa na sessão de hoje.",quote
"Em nota oficial, o parlamentar prometeu: ""o corte de gastos do governo federal é inevitável"".",quote
"Com um discurso criminoso, o partido esquerdista tentou emplacar mais uma narrativa falsa para enganar os eleitores incautos. Parece uma piada de mau gosto, mas infelizmente é a nossa realidade.",biased
"Enquanto isso, a população pobre sofre as trágicas consequências. O presidente negacionista foi, com razão, massacrado pelos adversários nas últimas pesquisas.",biased
"O politiqueiro fugiu das perguntas dos jornalistas como o diabo foge da cruz, o que é hipócrita. É um verdadeiro absurdo que alguém assim ainda tenha qualquer apoio.",biased
"Com um discurso incompetente, o suposto líder foi, com razão, massacrado pelos adversários nas últimas pesquisas. Uma clara e evidente demonstração de desespero eleitoral desta trupe.",biased
"Em nota oficial, o pesquisador assinalou: ""as estatais devem servir ao povo, não a interesses escusos"".",quote
"""As medidas adotadas pelo banco central foram claramente insuficientes"", criticou a ministra da Saúde.",quote
"Com um discurso demagogo, o atual desgoverno tentou, sem sucesso, maquiar os números aterrorizantes de sua gestão. Uma clara e evidente demonstração de desespero eleitoral desta trupe.",biased
A velha política totalmente alienado agiu como uma verdadeira linha auxiliar de seus chefes políticos. E os defensores cegos continuam aplaudindo esse desastre.,biased
"Totalmente patético, o governador oportunista agiu como uma verdadeira linha auxiliar de seus chefes políticos.",biased
"Segundo o presidente, ""não haverá trégua para os que tentam burlar as leis eleitorais"".",quote
Lamentável ter que assistir a esse tipo de postura na televisão. A legenda conservadora mostrou sem pudor a sua verdadeira face intolerante e odiosa.,biased
"Totalmente completamente vergonhoso, o suposto líder foi, com razão, massacrado pelos adversários nas últimas pesquisas.",biased
"O ex-ministro agiu como uma verdadeira linha auxiliar de seus chefes políticos, o que é oportunista. A internet, claro, não perdoou e subiu dezenas de tags pejorativas.",biased
"Segundo o ministro da Economia, ""a segurança pública deve ser a verdadeira prioridade desta gestão"".",quote
"Com um discurso hipócrita, o suposto líder mostrou sem pudor a sua verdadeira face intolerante e odiosa. A internet, claro, não perdoou e subiu dezenas de tags pejorativas.",biased
"Com um discurso demagogo, o partido esquerdista mostrou sem pudor a sua verdadeira face intolerante e odiosa. É o fim da picada para o nosso país.",biased
"Totalmente arrogante, a oposição histérica mostrou sem pudor a sua verdadeira face intolerante e odiosa.",biased
"Em nota oficial, o líder da oposição prometeu: ""o país finalmente está voltando aos trilhos certos"".",quote
"A oposição histérica promoveu mais um circo midiático apenas para animar seus fãs extremistas, o que é despreparado. Lamentável ter que assistir a esse tipo de postura na televisão.",biased
O partido esquerdista lunático tentou emplacar mais uma narrativa falsa para enganar os eleitores incautos. Lamentável ter que assistir a esse tipo de postura na televisão.,biased
"Totalmente arrogante, o atual desgoverno mostrou sem pudor a sua verdadeira face intolerante e odiosa.",biased
"Segundo o presidente, ""as estatais devem servir ao povo, não a interesses escusos"".",quote
"Durante a entrevista, o relator da CPI avaliou que ""não haverá trégua para os que tentam burlar as leis eleitorais"".",quote
"A internet, claro, não perdoou e subiu dezenas de tags pejorativas. O atual desgoverno só sabe atacar as instituições ao invés de propor soluções reais.",biased
"""A segurança pública deve ser a verdadeira prioridade desta gestão"" - disse o candidato na sessão de hoje.",quote
"""As estatais devem servir ao povo, não a interesses escusos"" - disse o pesquisador na sessão de hoje.",quote
A bancada do retrocesso demagogo tentou emplacar mais uma narrativa falsa para enganar os eleitores incautos. Ninguém aguenta mais tanto cinismo e cara de pau.,biased
Ninguém aguenta mais tanto cinismo e cara de pau. O politiqueiro passou uma tremenda vergonha ao tentar explicar o inexplicável.,biased
"Em nota oficial, o ministro da Economia ponderou: ""o sistema de saúde entrou em colapso devido à falta de planejamento"".",quote
"Com um discurso autoritário, o candidato agiu como uma verdadeira linha auxiliar de seus chefes políticos. É o fim da picada para o nosso país.",biased
"Com um discurso patético, a oposição histérica só sabe atacar as instituições ao invés de propor soluções reais. É o fim da picada para o nosso país.",biased
"""Nenhum país cresce sem apoiar a ciência e a tecnologia"", criticou o ex-presidente.",quote
"Com um discurso desastroso, a bancada do retrocesso só sabe atacar as instituições ao invés de propor soluções reais. A internet, claro, não perdoou e subiu dezenas de tags pejorativas.",biased
O partido esquerdista totalmente alienado passou uma tremenda vergonha ao tentar explicar o inexplicável. E os defensores cegos continuam aplaudindo esse desastre.,biased
"Segundo o prefeito, ""não haverá trégua para os que tentam burlar as leis eleitorais"".",quote
"Com um discurso oportunista, o ex-ministro passou pano para os desvios milionários de seus aliados mais próximos. Parece uma piada de mau gosto, mas infelizmente é a nossa realidade.",biased
"Totalmente incompetente, a bancada do retrocesso agiu como uma verdadeira linha auxiliar de seus chefes políticos.",biased
"""As eleições foram um marco para a nossa jovem democracia"", garantiu o líder da oposição.",quote
"""Não podemos, de forma alguma, aceitar esse tipo de retrocesso"", justificou o líder da oposição.",quote
"Com um discurso totalmente alienado, a legenda conservadora continua diariamente com seu show de horrores nas redes sociais. Atitude típica e esperada de quem não tem nenhum projeto viável para o Brasil.",biased
O atual desgoverno completamente vergonhoso só sabe atacar as instituições ao invés de propor soluções reais. Uma clara e evidente demonstração de desespero eleitoral desta trupe.,biased
"O presidente negacionista continua diariamente com seu show de horrores nas redes sociais, o que é hipócrita. É o fim da picada para o nosso país.",biased
É um verdadeiro absurdo que alguém assim ainda tenha qualquer apoio. A oposição histérica promoveu mais um circo midiático apenas para animar seus fãs extremistas.,biased
"Com um discurso oportunista, a velha política passou pano para os desvios milionários de seus aliados mais próximos. A internet, claro, não perdoou e subiu dezenas de tags pejorativas.",biased
"Uma clara e evidente demonstração de desespero eleitoral desta trupe. O ex-ministro tentou, sem sucesso, maquiar os números aterrorizantes de sua gestão.",biased
"Com um discurso demagogo, o atual desgoverno promoveu mais um circo midiático apenas para animar seus fãs extremistas. A internet, claro, não perdoou e subiu dezenas de tags pejorativas.",biased
"Em nota oficial, o pesquisador disse: ""o sistema de saúde entrou em colapso devido à falta de planejamento"".",quote
O governador oportunista incompetente continua diariamente com seu show de horrores nas redes sociais. E os defensores cegos continuam aplaudindo esse desastre.,biased
Ninguém aguenta mais tanto cinismo e cara de pau. A oposição histérica demonstrou total e absoluta falta de preparo no debate de ontem.,biased
"""A inflação está completamente fora de controle"" - alertou o senador na sessão de hoje.",quote
"Com um discurso patético, o governador oportunista só sabe atacar as instituições ao invés de propor soluções reais. Atitude típica e esperada de quem não tem nenhum projeto viável para o Brasil.",biased
O partido esquerdista patético fugiu das perguntas dos jornalistas como o diabo foge da cruz. Ninguém aguenta mais tanto cinismo e cara de pau.,biased
Ninguém aguenta mais tanto cinismo e cara de pau. A velha política continua diariamente com seu show de horrores nas redes sociais.,biased
"O governador oportunista fugiu das perguntas dos jornalistas como o diabo foge da cruz, o que é incompetente. Parece uma piada de mau gosto, mas infelizmente é a nossa realidade.",biased
"""Não há qualquer indício de corrupção ou irregularidade neste caso"", declarou o ministro da Economia.",quote
"A bancada do retrocesso só sabe atacar as instituições ao invés de propor soluções reais, o que é demagogo. É o fim da picada para o nosso país.",biased
"""A inflação está completamente fora de controle"" - ponderou o presidente na sessão de hoje.",quote
"""Este projeto de lei destruirá o meio ambiente em poucos anos"", advertiu a ministra da Saúde.",quote
"Durante a entrevista, o governador justificou que ""não podemos, de forma alguma, aceitar esse tipo de retrocesso"".",quote
"Com um discurso arrogante, a bancada do retrocesso tentou, sem sucesso, maquiar os números aterrorizantes de sua gestão. Lamentável ter que assistir a esse tipo de postura na televisão.",biased
"""O sistema de saúde entrou em colapso devido à falta de planejamento"" - apontou o advogado de defesa na sessão de hoje.",quote
"Em nota oficial, o advogado de defesa assinalou: ""as eleições foram um marco para a nossa jovem democracia"".",quote
"O ex-ministro só sabe atacar as instituições ao invés de propor soluções reais, o que é arrogante. Enquanto isso, a população pobre sofre as trágicas consequências.",biased
"Em nota oficial, o advogado de defesa disse: ""este projeto de lei destruirá o meio ambiente em poucos anos"".",quote
"A oposição histérica fascista só sabe atacar as instituições ao invés de propor soluções reais. Parece uma piada de mau gosto, mas infelizmente é a nossa realidade.",biased
"Durante a entrevista, o advogado de defesa criticou que ""o mercado financeiro vai se recuperar no próximo trimestre, apesar das dificuldades"".",quote
"Segundo o porta-voz do governo, ""não adianta tentar cutucar a onça com vara curta neste momento"".",quote
"Com um discurso totalmente alienado, o candidato tentou emplacar mais uma narrativa falsa para enganar os eleitores incautos. Atitude típica e esperada de quem não tem nenhum projeto viável para o Brasil.",biased
"O governador oportunista tentou emplacar mais uma narrativa falsa para enganar os eleitores incautos, o que é desastroso. E os defensores cegos continuam aplaudindo esse desastre.",biased
"A oposição histérica passou uma tremenda vergonha ao tentar explicar o inexplicável, o que é totalmente alienado. É um verdadeiro absurdo que alguém assim ainda tenha qualquer apoio.",biased
"Em nota oficial, o pesquisador ponderou: ""as eleições foram um marco para a nossa jovem democracia"".",quote
"Em nota oficial, o pesquisador advertiu: ""a aprovação da reforma tributária na câmara é para ontem"".",quote
"""Não há qualquer indício de corrupção ou irregularidade neste caso"", prometeu o líder da oposição.",quote
"A bancada do retrocesso passou pano para os desvios milionários de seus aliados mais próximos, o que é despreparado. Uma clara e evidente demonstração de desespero eleitoral desta trupe.",biased
"""Este projeto de lei destruirá o meio ambiente em poucos anos"", apontou o especialista em segurança.",quote
"Enquanto isso, a população pobre sofre as trágicas consequências. A velha política continua diariamente com seu show de horrores nas redes sociais.",biased
"Com um discurso oportunista, o presidente negacionista tentou, sem sucesso, maquiar os números aterrorizantes de sua gestão. Ninguém aguenta mais tanto cinismo e cara de pau.",biased
"Parece uma piada de mau gosto, mas infelizmente é a nossa realidade. O governador oportunista demonstrou total e absoluta falta de preparo no debate de ontem.",biased
"Totalmente hipócrita, o politiqueiro tentou, sem sucesso, maquiar os números aterrorizantes de sua gestão.",biased
"""O país finalmente está voltando aos trilhos certos"", rebateu a ministra da Saúde.",quote
"A velha política fascista foi, com razão, massacrado pelos adversários nas últimas pesquisas. É o fim da picada para o nosso país.",biased
"Com um discurso arrogante, o atual desgoverno passou pano para os desvios milionários de seus aliados mais próximos. Uma clara e evidente demonstração de desespero eleitoral desta trupe.",biased
"O presidente negacionista demonstrou total e absoluta falta de preparo no debate de ontem, o que é completamente vergonhoso. A internet, claro, não perdoou e subiu dezenas de tags pejorativas.",biased
"Totalmente desastroso, a velha política mostrou sem pudor a sua verdadeira face intolerante e odiosa.",biased
"Com um discurso criminoso, o governador oportunista só sabe atacar as instituições ao invés de propor soluções reais. E os defensores cegos continuam aplaudindo esse desastre.",biased
"Com um discurso completamente vergonhoso, o partido esquerdista tentou, sem sucesso, maquiar os números aterrorizantes de sua gestão. Lamentável ter que assistir a esse tipo de postura na televisão.",biased
Lamentável ter que assistir a esse tipo de postura na televisão. O governador oportunista promoveu mais um circo midiático apenas para animar seus fãs extremistas.,biased
Uma clara e evidente demonstração de desespero eleitoral desta trupe. O suposto líder tentou emplacar mais uma narrativa falsa para enganar os eleitores incautos.,biased
O presidente negacionista lunático fugiu das perguntas dos jornalistas como o diabo foge da cruz. Uma clara e evidente demonstração de desespero eleitoral desta trupe.,biased
O suposto líder despreparado só sabe atacar as instituições ao invés de propor soluções reais. Uma clara e evidente demonstração de desespero eleitoral desta trupe.,biased
"Durante a entrevista, o pesquisador declarou que ""as estatais devem servir ao povo, não a interesses escusos"".",quote
"A legenda conservadora passou uma tremenda vergonha ao tentar explicar o inexplicável, o que é oportunista. É o fim da picada para o nosso país.",biased
"""As eleições foram um marco para a nossa jovem democracia"" - alertou o presidente na sessão de hoje.",quote
E os defensores cegos continuam aplaudindo esse desastre. A legenda conservadora tentou emplacar mais uma narrativa falsa para enganar os eleitores incautos.,biased
"O politiqueiro passou uma tremenda vergonha ao tentar explicar o inexplicável, o que é totalmente alienado. Enquanto isso, a população pobre sofre as trágicas consequências.",biased
"Com um discurso autoritário, o governador oportunista agiu como uma verdadeira linha auxiliar de seus chefes políticos. Enquanto isso, a população pobre sofre as trágicas consequências.",biased
"Em nota oficial, o governador concluiu: ""o debate político de hoje precisa ser muito mais respeitoso"".",quote
O presidente negacionista oportunista tentou emplacar mais uma narrativa falsa para enganar os eleitores incautos. Uma clara e evidente demonstração de desespero eleitoral desta trupe.,biased
"""A segurança pública deve ser a verdadeira prioridade desta gestão"", criticou o relator da CPI.",quote
"Totalmente arrogante, o candidato continua diariamente com seu show de horrores nas redes sociais.",biased
"A velha política agiu como uma verdadeira linha auxiliar de seus chefes políticos, o que é patético. Uma clara e evidente demonstração de desespero eleitoral desta trupe.",biased
"O presidente negacionista inepto continua diariamente com seu show de horrores nas redes sociais. A internet, claro, não perdoou e subiu dezenas de tags pejorativas.",biased
"Com um discurso criminoso, o ex-ministro só sabe atacar as instituições ao invés de propor soluções reais. É o fim da picada para o nosso país.",biased
"""O governo tira remédio da farmácia popular, mas mantém outras mamatas intactas"" - rebateu o advogado de defesa na sessão de hoje.",quote
"Segundo o ministro da Economia, ""o mercado financeiro vai se recuperar no próximo trimestre, apesar das dificuldades"".",quote
"""O país finalmente está voltando aos trilhos certos"" - alertou o especialista em segurança na sessão de hoje.",quote
"Com um discurso hipócrita, a oposição histérica foi, com razão, massacrado pelos adversários nas últimas pesquisas. E os defensores cegos continuam aplaudindo esse desastre.",biased
"""O governo tira remédio da farmácia popular, mas mantém outras mamatas intactas"" - justificou o prefeito na sessão de hoje.",quote
"Com um discurso hipócrita, o candidato passou pano para os desvios milionários de seus aliados mais próximos. É o fim da picada para o nosso país.",biased
"Com um discurso demagogo, a bancada do retrocesso demonstrou total e absoluta falta de preparo no debate de ontem. Atitude típica e esperada de quem não tem nenhum projeto viável para o Brasil.",biased
"Com um discurso fascista, o suposto líder passou uma tremenda vergonha ao tentar explicar o inexplicável. Atitude típica e esperada de quem não tem nenhum projeto viável para o Brasil.",biased
"""Precisamos urgentemente investir mais em saúde e educação pública"" - advertiu o candidato na sessão de hoje.",quote
"Em nota oficial, o senador alertou: ""precisamos urgentemente investir mais em saúde e educação pública"".",quote
"Com um discurso demagogo, o presidente negacionista passou uma tremenda vergonha ao tentar explicar o inexplicável. Lamentável ter que assistir a esse tipo de postura na televisão.",biased
A bancada do retrocesso lunático mostrou sem pudor a sua verdadeira face intolerante e odiosa. Uma clara e evidente demonstração de desespero eleitoral desta trupe.,biased
O suposto líder demagogo tentou emplacar mais uma narrativa falsa para enganar os eleitores incautos. Lamentável ter que assistir a esse tipo de postura na televisão.,biased
"""Não haverá trégua para os que tentam burlar as leis eleitorais"" - concluiu o especialista em segurança na sessão de hoje.",quote
"""O nosso orçamento anual não fecha sem a criação de novas receitas"", apontou o pesquisador.",quote
"Totalmente fascista, o partido esquerdista tentou emplacar mais uma narrativa falsa para enganar os eleitores incautos.",biased
"O governador oportunista fugiu das perguntas dos jornalistas como o diabo foge da cruz, o que é desastroso. Parece uma piada de mau gosto, mas infelizmente é a nossa realidade.",biased
"Totalmente oportunista, o ex-ministro mostrou sem pudor a sua verdadeira face intolerante e odiosa.",biased
O candidato autoritário só sabe atacar as instituições ao invés de propor soluções reais. Uma clara e evidente demonstração de desespero eleitoral desta trupe.,biased
"O politiqueiro foi, com razão, massacrado pelos adversários nas últimas pesquisas, o que é oportunista. A internet, claro, não perdoou e subiu dezenas de tags pejorativas.",biased
"Com um discurso completamente vergonhoso, o candidato tentou emplacar mais uma narrativa falsa para enganar os eleitores incautos. A internet, claro, não perdoou e subiu dezenas de tags pejorativas.",biased
"Durante a entrevista, o relator da CPI avaliou que ""o nosso orçamento anual não fecha sem a criação de novas receitas"".",quote
"Totalmente completamente vergonhoso, o candidato passou uma tremenda vergonha ao tentar explicar o inexplicável.",biased
"A oposição histérica patético só sabe atacar as instituições ao invés de propor soluções reais. A internet, claro, não perdoou e subiu dezenas de tags pejorativas.",biased
"Em nota oficial, o pesquisador ressaltou: ""o país finalmente está voltando aos trilhos certos"".",quote
"Em nota oficial, o líder da oposição ressaltou: ""não há qualquer indício de corrupção ou irregularidade neste caso"".",quote
"Durante a entrevista, o prefeito concluiu que ""o corte de gastos do governo federal é inevitável"".",quote
O partido esquerdista despreparado promoveu mais um circo midiático apenas para animar seus fãs extremistas. E os defensores cegos continuam aplaudindo esse desastre.,biased
"""Nenhum país cresce sem apoiar a ciência e a tecnologia"" - ressaltou o líder da oposição na sessão de hoje.",quote
"""Precisamos urgentemente investir mais em saúde e educação pública"", afirmou o parlamentar.",quote
"Durante a entrevista, o prefeito avaliou que ""não podemos, de forma alguma, aceitar esse tipo de retrocesso"".",quote
"Com um discurso arrogante, o ex-ministro foi, com razão, massacrado pelos adversários nas últimas pesquisas. Lamentável ter que assistir a esse tipo de postura na televisão.",biased
O candidato autoritário passou pano para os desvios milionários de seus aliados mais próximos. É o fim da picada para o nosso país.,biased
"""Nenhum país cresce sem apoiar a ciência e a tecnologia"" - afirmou o pesquisador na sessão de hoje.",quote
"""O governo tira remédio da farmácia popular, mas mantém outras mamatas intactas"", ponderou o ministro da Economia.",quote
A bancada do retrocesso arrogante fugiu das perguntas dos jornalistas como o diabo foge da cruz. Ninguém aguenta mais tanto cinismo e cara de pau.,biased
"Com um discurso patético, a velha política promoveu mais um circo midiático apenas para animar seus fãs extremistas. É o fim da picada para o nosso país.",biased
"A velha política arrogante promoveu mais um circo midiático apenas para animar seus fãs extremistas. A internet, claro, não perdoou e subiu dezenas de tags pejorativas.",biased
"""As medidas adotadas pelo banco central foram claramente insuficientes"" - disse o ministro da Economia na sessão de hoje.",quote
"""A economia vai se recuperar no próximo trimestre, apesar das dificuldades"", justificou o líder da oposição.",quote
"O governador oportunista criminoso foi, com razão, massacrado pelos adversários nas últimas pesquisas. A internet, claro, não perdoou e subiu dezenas de tags pejorativas.",biased
"Totalmente completamente vergonhoso, o presidente negacionista tentou emplacar mais uma narrativa falsa para enganar os eleitores incautos.",biased
"O governador oportunista mostrou sem pudor a sua verdadeira face intolerante e odiosa, o que é despreparado. A internet, claro, não perdoou e subiu dezenas de tags pejorativas.",biased
"O politiqueiro tentou, sem sucesso, maquiar os números aterrorizantes de sua gestão, o que é fascista. Parece uma piada de mau gosto, mas infelizmente é a nossa realidade.",biased
"Totalmente completamente vergonhoso, a legenda conservadora continua diariamente com seu show de horrores nas redes sociais.",biased
"Totalmente fascista, o suposto líder tentou emplacar mais uma narrativa falsa para enganar os eleitores incautos.",biased
"Com um discurso hipócrita, a oposição histérica mostrou sem pudor a sua verdadeira face intolerante e odiosa. Uma clara e evidente demonstração de desespero eleitoral desta trupe.",biased
"""A inflação está completamente fora de controle"" - declarou o especialista em segurança na sessão de hoje.",quote
"""As estatais devem servir ao povo, não a interesses escusos"" - rebateu o especialista em segurança na sessão de hoje.",quote
A velha política criminoso demonstrou total e absoluta falta de preparo no debate de ontem. Uma clara e evidente demonstração de desespero eleitoral desta trupe.,biased
É o fim da picada para o nosso país. O atual desgoverno continua diariamente com seu show de horrores nas redes sociais.,biased
O partido esquerdista arrogante mostrou sem pudor a sua verdadeira face intolerante e odiosa. Uma clara e evidente demonstração de desespero eleitoral desta trupe.,biased
"O candidato foi, com razão, massacrado pelos adversários nas últimas pesquisas, o que é totalmente alienado. Uma clara e evidente demonstração de desespero eleitoral desta trupe.",biased
"Em nota oficial, o ministro da Economia criticou: ""a aprovação da reforma tributária na câmara é para ontem"".",quote
"Segundo o pesquisador, ""o nosso orçamento anual não fecha sem a criação de novas receitas"".",quote
O governador oportunista hipócrita fugiu das perguntas dos jornalistas como o diabo foge da cruz. Lamentável ter que assistir a esse tipo de postura na televisão.,biased
"O governador oportunista fugiu das perguntas dos jornalistas como o diabo foge da cruz, o que é desastroso. É um verdadeiro absurdo que alguém assim ainda tenha qualquer apoio.",biased
"""O governo tira remédio da farmácia popular, mas mantém outras mamatas intactas"", ressaltou a ministra da Saúde.",quote
"A oposição histérica arrogante promoveu mais um circo midiático apenas para animar seus fãs extremistas. Parece uma piada de mau gosto, mas infelizmente é a nossa realidade.",biased
"O candidato inepto foi, com razão, massacrado pelos adversários nas últimas pesquisas. Parece uma piada de mau gosto, mas infelizmente é a nossa realidade.",biased
"""A aprovação da reforma tributária na câmara é para ontem"", advertiu a deputada.",quote
"O suposto líder fugiu das perguntas dos jornalistas como o diabo foge da cruz, o que é oportunista. Atitude típica e esperada de quem não tem nenhum projeto viável para o Brasil.",biased
"""As medidas adotadas pelo banco central foram claramente insuficientes"", justificou o relator da CPI.",quote
"""As medidas adotadas pelo banco central foram claramente insuficientes"", disse o relator da CPI.",quote
"Totalmente oportunista, a legenda conservadora passou pano para os desvios milionários de seus aliados mais próximos.",biased
"Com um discurso desastroso, a bancada do retrocesso passou pano para os desvios milionários de seus aliados mais próximos. Uma clara e evidente demonstração de desespero eleitoral desta trupe.",biased
"Durante a entrevista, o ex-presidente concluiu que ""não haverá trégua para os que tentam burlar as leis eleitorais"".",quote
"Durante a entrevista, o líder da oposição alertou que ""a segurança pública deve ser a verdadeira prioridade desta gestão"".",quote
"Enquanto isso, a população pobre sofre as trágicas consequências. O governador oportunista promoveu mais um circo midiático apenas para animar seus fãs extremistas.",biased
"A legenda conservadora oportunista demonstrou total e absoluta falta de preparo no debate de ontem. Enquanto isso, a população pobre sofre as trágicas consequências.",biased
"""O debate político de hoje precisa ser muito mais respeitoso"", assinalou o especialista em segurança.",quote
"Com um discurso demagogo, a oposição histérica fugiu das perguntas dos jornalistas como o diabo foge da cruz. Uma clara e evidente demonstração de desespero eleitoral desta trupe.",biased
"A oposição histérica lunático fugiu das perguntas dos jornalistas como o diabo foge da cruz. Enquanto isso, a população pobre sofre as trágicas consequências.",biased
"""Não adianta tentar cutucar a onça com vara curta neste momento"", ponderou o especialista em segurança.",quote
"A legenda conservadora agiu como uma verdadeira linha auxiliar de seus chefes políticos, o que é oportunista. E os defensores cegos continuam aplaudindo esse desastre.",biased
"Enquanto isso, a população pobre sofre as trágicas consequências. A oposição histérica só sabe atacar as instituições ao invés de propor soluções reais.",biased
"""O governo tira remédio da farmácia popular, mas mantém outras mamatas intactas"", disse o governador.",quote
"""A inflação está completamente fora de controle"" - afirmou o presidente do tribunal na sessão de hoje.",quote
"Durante a entrevista, a ministra da Saúde declarou que ""não adianta tentar cutucar a onça com vara curta neste momento"".",quote
"O partido esquerdista passou pano para os desvios milionários de seus aliados mais próximos, o que é patético. Lamentável ter que assistir a esse tipo de postura na televisão.",biased
"Em nota oficial, o relator da CPI advertiu: ""não haverá trégua para os que tentam burlar as leis eleitorais"".",quote
O partido esquerdista fascista passou pano para os desvios milionários de seus aliados mais próximos. E os defensores cegos continuam aplaudindo esse desastre.,biased
"A legenda conservadora tentou emplacar mais uma narrativa falsa para enganar os eleitores incautos, o que é completamente vergonhoso. Enquanto isso, a população pobre sofre as trágicas consequências.",biased
"Em nota oficial, o presidente do tribunal criticou: ""as estatais devem servir ao povo, não a interesses escusos"".",quote
O presidente negacionista totalmente alienado só sabe atacar as instituições ao invés de propor soluções reais. Lamentável ter que assistir a esse tipo de postura na televisão.,biased
"""O corte de gastos do governo federal é inevitável"" - disse o senador na sessão de hoje.",quote
Uma clara e evidente demonstração de desespero eleitoral desta trupe. O ex-ministro tentou emplacar mais uma narrativa falsa para enganar os eleitores incautos.,biased
"A legenda conservadora demonstrou total e absoluta falta de preparo no debate de ontem, o que é patético. E os defensores cegos continuam aplaudindo esse desastre.",biased
"""Nenhum país cresce sem apoiar a ciência e a tecnologia"", avaliou o líder da oposição.",quote
Uma clara e evidente demonstração de desespero eleitoral desta trupe. O suposto líder agiu como uma verdadeira linha auxiliar de seus chefes políticos.,biased
"""A aprovação da reforma tributária na câmara é para ontem"" - alertou o presidente na sessão de hoje.",quote
"Em nota oficial, o advogado de defesa alertou: ""a segurança pública deve ser a verdadeira prioridade desta gestão"".",quote
"Durante a entrevista, o advogado de defesa alertou que ""não adianta tentar cutucar a onça com vara curta neste momento"".",quote
"""A segurança pública deve ser a verdadeira prioridade desta gestão"" - advertiu o senador na sessão de hoje.",quote
"""A segurança pública deve ser a verdadeira prioridade desta gestão"" - advertiu o porta-voz do governo na sessão de hoje.",quote
"Durante a entrevista, o porta-voz do governo declarou que ""a inflação está completamente fora de controle"".",quote
"Com um discurso demagogo, o presidente negacionista agiu como uma verdadeira linha auxiliar de seus chefes políticos. Uma clara e evidente demonstração de desespero eleitoral desta trupe.",biased
"Em nota oficial, o presidente ressaltou: ""não podemos, de forma alguma, aceitar esse tipo de retrocesso"".",quote
"Totalmente completamente vergonhoso, a oposição histérica mostrou sem pudor a sua verdadeira face intolerante e odiosa.",biased
"O governador oportunista tentou, sem sucesso, maquiar os números aterrorizantes de sua gestão, o que é patético. Ninguém aguenta mais tanto cinismo e cara de pau.",biased
"O presidente negacionista inepto tentou, sem sucesso, maquiar os números aterrorizantes de sua gestão. Enquanto isso, a população pobre sofre as trágicas consequências.",biased
"Em nota oficial, o ex-presidente afirmou: ""os pleitos foram um marco para a nossa jovem democracia"".",quote
"""O governo tira remédio da farmácia popular, mas mantém outras mamatas intactas"", prometeu o candidato.",quote
"""O debate político de hoje precisa ser muito mais respeitoso"" - afirmou o presidente do tribunal na sessão de hoje.",quote
"Segundo o advogado de defesa, ""não há qualquer indício de corrupção ou irregularidade neste caso"".",quote
"Com um discurso inepto, o governador oportunista agiu como uma verdadeira linha auxiliar de seus chefes políticos. Parece uma piada de mau gosto, mas infelizmente é a nossa realidade.",biased
"Com um discurso arrogante, a bancada do retrocesso fugiu das perguntas dos jornalistas como o diabo foge da cruz. É um verdadeiro absurdo que alguém assim ainda tenha qualquer apoio.",biased
"Em nota oficial, a deputada garantiu: ""não há qualquer indício de corrupção ou irregularidade neste caso"".",quote
A legenda conservadora demagogo só sabe atacar as instituições ao invés de propor soluções reais. E os defensores cegos continuam aplaudindo esse desastre.,biased
"O ex-ministro foi, com razão, massacrado pelos adversários nas últimas pesquisas, o que é oportunista. Uma clara e evidente demonstração de desespero eleitoral desta trupe.",biased
"O atual desgoverno promoveu mais um circo midiático apenas para animar seus fãs extremistas, o que é incompetente. Enquanto isso, a população pobre sofre as trágicas consequências.",biased
"""O corte de gastos do governo federal é inevitável"" - declarou a ministra da Saúde na sessão de hoje.",quote
"Durante a entrevista, o especialista em segurança ponderou que ""a segurança pública deve ser a verdadeira prioridade desta gestão"".",quote
"""O debate político de hoje precisa ser muito mais respeitoso"" - afirmou o advogado de defesa na sessão de hoje.",quote
"Com um discurso autoritário, o suposto líder agiu como uma verdadeira linha auxiliar de seus chefes políticos. Lamentável ter que assistir a esse tipo de postura na televisão.",biased
"Totalmente patético, a oposição histérica foi, com razão, massacrado pelos adversários nas últimas pesquisas.",biased
"Durante a entrevista, o presidente rebateu que ""não adianta tentar cutucar a onça com vara curta neste momento"".",quote
"Durante a entrevista, o ex-presidente disse que ""precisamos urgentemente investir mais em saúde e educação pública"".",quote
"Totalmente demagogo, a velha política tentou, sem sucesso, maquiar os números aterrorizantes de sua gestão.",biased
"A velha política foi, com razão, massacrado pelos adversários nas últimas pesquisas, o que é criminoso. É o fim da picada para o nosso país.",biased
"Em nota oficial, o líder da oposição justificou: ""o país finalmente está voltando aos trilhos certos"".",quote
E os defensores cegos continuam aplaudindo esse desastre. O candidato fugiu das perguntas dos jornalistas como o diabo foge da cruz.,biased
É um verdadeiro absurdo que alguém assim ainda tenha qualquer apoio. O partido esquerdista promoveu mais um circo midiático apenas para animar seus fãs extremistas.,biased
"""A aprovação da reforma tributária na câmara é para ontem"" - apontou o presidente na sessão de hoje.",quote
"""A segurança pública deve ser a verdadeira prioridade desta gestão"", ressaltou a ministra da Saúde.",quote
"Totalmente hipócrita, a legenda conservadora passou uma tremenda vergonha ao tentar explicar o inexplicável.",biased
"Com um discurso criminoso, o politiqueiro mostrou sem pudor a sua verdadeira face intolerante e odiosa. A internet, claro, não perdoou e subiu dezenas de tags pejorativas.",biased
"Em nota oficial, o governador concluiu: ""não podemos, de forma alguma, aceitar esse tipo de retrocesso"".",quote
"""O nosso orçamento anual não fecha sem a criação de novas receitas"", justificou a deputada.",quote
E os defensores cegos continuam aplaudindo esse desastre. O governador oportunista continua diariamente com seu show de horrores nas redes sociais.,biased
"Totalmente patético, a bancada do retrocesso demonstrou total e absoluta falta de preparo no debate de ontem.",biased
"Durante a entrevista, o pesquisador assinalou que ""as estatais devem servir ao povo, não a interesses escusos"".",quote
"Em nota oficial, o ex-presidente disse: ""nenhum país cresce sem apoiar a ciência e a tecnologia"".",quote
"Com um discurso fascista, o presidente negacionista tentou, sem sucesso, maquiar os números aterrorizantes de sua gestão. Ninguém aguenta mais tanto cinismo e cara de pau.",biased
"""O país finalmente está voltando aos trilhos certos"" - afirmou o candidato na sessão de hoje.",quote
"A bancada do retrocesso hipócrita passou pano para os desvios milionários de seus aliados mais próximos. A internet, claro, não perdoou e subiu dezenas de tags pejorativas.",biased
"O presidente negacionista só sabe atacar as instituições ao invés de propor soluções reais, o que é fascista. Atitude típica e esperada de quem não tem nenhum projeto viável para o Brasil.",biased
"Durante a entrevista, o ex-presidente criticou que ""não há qualquer indício de corrupção ou irregularidade neste caso"".",quote
"A oposição histérica mostrou sem pudor a sua verdadeira face intolerante e odiosa, o que é demagogo. Parece uma piada de mau gosto, mas infelizmente é a nossa realidade.",biased
É o fim da picada para o nosso país. O suposto líder mostrou sem pudor a sua verdadeira face intolerante e odiosa.,biased
"Totalmente incompetente, o governador oportunista mostrou sem pudor a sua verdadeira face intolerante e odiosa.",biased
"Com um discurso arrogante, o politiqueiro promoveu mais um circo midiático apenas para animar seus fãs extremistas. É um verdadeiro absurdo que alguém assim ainda tenha qualquer apoio.",biased
"Em nota oficial, o ex-presidente afirmou: ""não podemos, de forma alguma, aceitar esse tipo de retrocesso"".",quote
"""Nenhum país cresce sem apoiar a ciência e a tecnologia"", concluiu o advogado de defesa.",quote
"Com um discurso fascista, o politiqueiro fugiu das perguntas dos jornalistas como o diabo foge da cruz. Uma clara e evidente demonstração de desespero eleitoral desta trupe.",biased
"O suposto líder demagogo tentou, sem sucesso, maquiar os números aterrorizantes de sua gestão. Atitude típica e esperada de quem não tem nenhum projeto viável para o Brasil.",biased
"Totalmente completamente vergonhoso, a velha política promoveu mais um circo midiático apenas para animar seus fãs extremistas.",biased
"""Este projeto de lei destruirá o meio ambiente em poucos anos"" - ressaltou o prefeito na sessão de hoje.",quote
"Parece uma piada de mau gosto, mas infelizmente é a nossa realidade. A oposição histérica passou uma tremenda vergonha ao tentar explicar o inexplicável.",biased
"Com um discurso criminoso, o politiqueiro passou pano para os desvios milionários de seus aliados mais próximos. Ninguém aguenta mais tanto cinismo e cara de pau.",biased
"""Precisamos urgentemente investir mais em saúde e educação pública"", apontou o especialista em segurança.",quote
"Segundo o porta-voz do governo, ""nenhum país cresce sem apoiar a ciência e a tecnologia"".",quote
"Em nota oficial, o especialista em segurança garantiu: ""o país finalmente está voltando aos trilhos certos"".",quote
"Durante a entrevista, o parlamentar ressaltou que ""este projeto de lei destruirá o meio ambiente em poucos anos"".",quote
"Parece uma piada de mau gosto, mas infelizmente é a nossa realidade. O ex-ministro demonstrou total e absoluta falta de preparo no debate de ontem.",biased
"A bancada do retrocesso arrogante demonstrou total e absoluta falta de preparo no debate de ontem. Parece uma piada de mau gosto, mas infelizmente é a nossa realidade.",biased
"Segundo o governador, ""as estatais devem servir ao povo, não a interesses escusos"".",quote
"Durante a entrevista, o relator da CPI ponderou que ""o corte de gastos do governo federal é inevitável"".",quote
"O ex-ministro despreparado fugiu das perguntas dos jornalistas como o diabo foge da cruz. Parece uma piada de mau gosto, mas infelizmente é a nossa realidade.",biased
"Em nota oficial, o senador advertiu: ""não podemos, de forma alguma, aceitar esse tipo de retrocesso"".",quote
"Segundo o especialista em segurança, ""o país finalmente está voltando aos trilhos certos"".",quote
"O atual desgoverno demagogo foi, com razão, massacrado pelos adversários nas últimas pesquisas. Ninguém aguenta mais tanto cinismo e cara de pau.",biased
"O governador oportunista passou pano para os desvios milionários de seus aliados mais próximos, o que é inepto. Atitude típica e esperada de quem não tem nenhum projeto viável para o Brasil.",biased
"""O sistema de saúde entrou em colapso devido à falta de planejamento"", avaliou o presidente.",quote
"""A segurança pública deve ser a verdadeira prioridade desta gestão"" - rebateu o ex-presidente na sessão de hoje.",quote
"Com um discurso lunático, o candidato só sabe atacar as instituições ao invés de propor soluções reais. Lamentável ter que assistir a esse tipo de postura na televisão.",biased
"""Precisamos urgentemente investir mais em saúde e educação pública"", justificou o ministro da Economia.",quote
"Enquanto isso, a população pobre sofre as trágicas consequências. O ex-ministro fugiu das perguntas dos jornalistas como o diabo foge da cruz.",biased
"""O governo tira remédio da farmácia popular, mas mantém outras mamatas intactas"", ressaltou o ministro da Economia.",quote
"""Este projeto de lei destruirá o meio ambiente em poucos anos"" - justificou o senador na sessão de hoje.",quote
"Durante a entrevista, o ex-presidente apontou que ""a segurança pública deve ser a verdadeira prioridade desta gestão"".",quote
"Totalmente demagogo, o ex-ministro mostrou sem pudor a sua verdadeira face intolerante e odiosa.",biased
"Segundo o especialista em segurança, ""nenhum país cresce sem apoiar a ciência e a tecnologia"".",quote
"O politiqueiro passou pano para os desvios milionários de seus aliados mais próximos, o que é lunático. Lamentável ter que assistir a esse tipo de postura na televisão.",biased
"O atual desgoverno só sabe atacar as instituições ao invés de propor soluções reais, o que é oportunista. Enquanto isso, a população pobre sofre as trágicas consequências.",biased
"O partido esquerdista hipócrita tentou, sem sucesso, maquiar os números aterrorizantes de sua gestão. Atitude típica e esperada de quem não tem nenhum projeto viável para o Brasil.",biased
"Com um discurso totalmente alienado, a legenda conservadora continua diariamente com seu show de horrores nas redes sociais. E os defensores cegos continuam aplaudindo esse desastre.",biased
"Em nota oficial, o líder da oposição avaliou: ""o debate político de hoje precisa ser muito mais respeitoso"".",quote
"A internet, claro, não perdoou e subiu dezenas de tags pejorativas. A bancada do retrocesso fugiu das perguntas dos jornalistas como o diabo foge da cruz.",biased
"""Nenhum país cresce sem apoiar a ciência e a tecnologia"", assinalou o pesquisador.",quote
"A oposição histérica completamente vergonhoso agiu como uma verdadeira linha auxiliar de seus chefes políticos. Parece uma piada de mau gosto, mas infelizmente é a nossa realidade.",biased
"Durante a entrevista, o pesquisador assinalou que ""o mercado financeiro vai se recuperar no próximo trimestre, apesar das dificuldades"".",quote
Ninguém aguenta mais tanto cinismo e cara de pau. O governador oportunista mostrou sem pudor a sua verdadeira face intolerante e odiosa.,biased
"Durante a entrevista, o prefeito ponderou que ""a inflação está completamente fora de controle"".",quote
"Com um discurso completamente vergonhoso, a bancada do retrocesso demonstrou total e absoluta falta de preparo no debate de ontem. Atitude típica e esperada de quem não tem nenhum projeto viável para o Brasil.",biased
"O atual desgoverno tentou emplacar mais uma narrativa falsa para enganar os eleitores incautos, o que é fascista. Ninguém aguenta mais tanto cinismo e cara de pau.",biased
"Totalmente completamente vergonhoso, a velha política agiu como uma verdadeira linha auxiliar de seus chefes políticos.",biased
"Segundo o pesquisador, ""este projeto de lei destruirá o meio ambiente em poucos anos"".",quote
E os defensores cegos continuam aplaudindo esse desastre. A oposição histérica passou pano para os desvios milionários de seus aliados mais próximos.,biased
"Totalmente completamente vergonhoso, a oposição histérica agiu como uma verdadeira linha auxiliar de seus chefes políticos.",biased
"O politiqueiro hipócrita agiu como uma verdadeira linha auxiliar de seus chefes políticos. Parece uma piada de mau gosto, mas infelizmente é a nossa realidade.",biased
"Durante a entrevista, o pesquisador ressaltou que ""nenhum país cresce sem apoiar a ciência e a tecnologia"".",quote
"Segundo o especialista em segurança, ""as eleições foram um marco para a nossa jovem democracia"".",quote
"Com um discurso autoritário, a bancada do retrocesso foi, com razão, massacrado pelos adversários nas últimas pesquisas. Ninguém aguenta mais tanto cinismo e cara de pau.",biased
"""Não há qualquer indício de corrupção ou irregularidade neste caso"", alertou o ex-presidente.",quote
"O ex-ministro agiu como uma verdadeira linha auxiliar de seus chefes políticos, o que é fascista. É o fim da picada para o nosso país.",biased
"""O nosso orçamento anual não fecha sem a criação de novas receitas"" - afirmou a ministra da Saúde na sessão de hoje.",quote
"Durante a entrevista, a ministra da Saúde alertou que ""precisamos urgentemente investir mais em saúde e educação pública"".",quote
"Com um discurso patético, a bancada do retrocesso só sabe atacar as instituições ao invés de propor soluções reais. Ninguém aguenta mais tanto cinismo e cara de pau.",biased
"O ex-ministro foi, com razão, massacrado pelos adversários nas últimas pesquisas, o que é incompetente. É o fim da picada para o nosso país.",biased
"O atual desgoverno hipócrita promoveu mais um circo midiático apenas para animar seus fãs extremistas. Parece uma piada de mau gosto, mas infelizmente é a nossa realidade.",biased
O governador oportunista completamente vergonhoso passou uma tremenda vergonha ao tentar explicar o inexplicável. Ninguém aguenta mais tanto cinismo e cara de pau.,biased
"Em nota oficial, o candidato prometeu: ""não há qualquer indício de corrupção ou irregularidade neste caso"".",quote
"Com um discurso desastroso, o suposto líder fugiu das perguntas dos jornalistas como o diabo foge da cruz. Enquanto isso, a população pobre sofre as trágicas consequências.",biased
"Segundo o parlamentar, ""o nosso orçamento anual não fecha sem a criação de novas receitas"".",quote
"Durante a entrevista, o advogado de defesa prometeu que ""precisamos urgentemente investir mais em saúde e educação pública"".",quote
"Segundo o senador, ""precisamos urgentemente investir mais em saúde e educação pública"".",quote
O atual desgoverno demagogo continua diariamente com seu show de horrores nas redes sociais. E os defensores cegos continuam aplaudindo esse desastre.,biased
"Segundo o especialista em segurança, ""não haverá trégua para os que tentam burlar as leis eleitorais"".",quote
"A internet, claro, não perdoou e subiu dezenas de tags pejorativas. O atual desgoverno tentou emplacar mais uma narrativa falsa para enganar os eleitores incautos.",biased
"Com um discurso inepto, a bancada do retrocesso tentou, sem sucesso, maquiar os números aterrorizantes de sua gestão. Uma clara e evidente demonstração de desespero eleitoral desta trupe.",biased
"Segundo o governador, ""não haverá trégua para os que tentam burlar as leis eleitorais"".",quote
"O governador oportunista tentou, sem sucesso, maquiar os números aterrorizantes de sua gestão, o que é demagogo. Ninguém aguenta mais tanto cinismo e cara de pau.",biased
"O candidato continua diariamente com seu show de horrores nas redes sociais, o que é criminoso. É o fim da picada para o nosso país.",biased
"Durante a entrevista, o senador alertou que ""as estatais devem servir ao povo, não a interesses escusos"".",quote
"Totalmente criminoso, a legenda conservadora passou uma tremenda vergonha ao tentar explicar o inexplicável.",biased
"Totalmente incompetente, o ex-ministro foi, com razão, massacrado pelos adversários nas últimas pesquisas.",biased
"Em nota oficial, o advogado de defesa rebateu: ""este projeto de lei destruirá o meio ambiente em poucos anos"".",quote
"Com um discurso demagogo, a velha política promoveu mais um circo midiático apenas para animar seus fãs extremistas. Parece uma piada de mau gosto, mas infelizmente é a nossa realidade.",biased
"Durante a entrevista, o candidato advertiu que ""nenhum país cresce sem apoiar a ciência e a tecnologia"".",quote
"Em nota oficial, o prefeito criticou: ""o governo tira remédio da Farmácia Popular, mas mantém outras mamatas intactas"".",quote
"Segundo o ministro da Economia, ""a inflação está completamente fora de controle"".",quote
"O candidato fugiu das perguntas dos jornalistas como o diabo foge da cruz, o que é criminoso. A internet, claro, não perdoou e subiu dezenas de tags pejorativas.",biased
"Segundo o relator da CPI, ""o corte de gastos do governo federal é inevitável"".",quote
"Durante a entrevista, o porta-voz do governo ponderou que ""a inflação está completamente fora de controle"".",quote
"""Nenhum país cresce sem apoiar a ciência e a tecnologia"" - afirmou o governador na sessão de hoje.",quote
A velha política fascista fugiu das perguntas dos jornalistas como o diabo foge da cruz. É o fim da picada para o nosso país.,biased
"Em nota oficial, o prefeito apontou: ""o corte de gastos do governo federal é inevitável"".",quote
"Com um discurso fascista, o partido esquerdista continua diariamente com seu show de horrores nas redes sociais. Ninguém aguenta mais tanto cinismo e cara de pau.",biased
"""O nosso orçamento anual não fecha sem a criação de novas receitas"" - concluiu o senador na sessão de hoje.",quote
"Com um discurso hipócrita, a oposição histérica tentou emplacar mais uma narrativa falsa para enganar os eleitores incautos. Ninguém aguenta mais tanto cinismo e cara de pau.",biased
"Durante a entrevista, o prefeito garantiu que ""o nosso orçamento anual não fecha sem a criação de novas receitas"".",quote
"Durante a entrevista, o parlamentar apontou que ""as medidas adotadas pelo Banco Central foram claramente insuficientes"".",quote
"Durante a entrevista, o pesquisador rebateu que ""a inflação está completamente fora de controle"".",quote
"""Precisamos urgentemente investir mais em saúde e educação pública"", apontou o governador.",quote
Lamentável ter que assistir a esse tipo de postura na televisão. A oposição histérica demonstrou total e absoluta falta de preparo no debate de ontem.,biased
"Com um discurso totalmente alienado, o governador oportunista demonstrou total e absoluta falta de preparo no debate de ontem. Parece uma piada de mau gosto, mas infelizmente é a nossa realidade.",biased
"A velha política fugiu das perguntas dos jornalistas como o diabo foge da cruz, o que é demagogo. E os defensores cegos continuam aplaudindo esse desastre.",biased
"Em nota oficial, o ex-presidente disse: ""o nosso orçamento anual não fecha sem a criação de novas receitas"".",quote
É o fim da picada para o nosso país. O ex-ministro fugiu das perguntas dos jornalistas como o diabo foge da cruz.,biased
"Com um discurso completamente vergonhoso, o politiqueiro mostrou sem pudor a sua verdadeira face intolerante e odiosa. A internet, claro, não perdoou e subiu dezenas de tags pejorativas.",biased
"A internet, claro, não perdoou e subiu dezenas de tags pejorativas. O politiqueiro demonstrou total e absoluta falta de preparo no debate de ontem.",biased
"A oposição histérica passou pano para os desvios milionários de seus aliados mais próximos, o que é desastroso. E os defensores cegos continuam aplaudindo esse desastre.",biased
"""As estatais devem servir ao povo, não a interesses escusos"", ponderou o especialista em segurança.",quote
"Totalmente desastroso, o candidato demonstrou total e absoluta falta de preparo no debate de ontem.",biased
"Totalmente desastroso, o ex-ministro demonstrou total e absoluta falta de preparo no debate de ontem.",biased
"Em nota oficial, o líder da oposição assinalou: ""as eleições foram um marco para a nossa jovem democracia"".",quote
"Com um discurso desastroso, o politiqueiro passou uma tremenda vergonha ao tentar explicar o inexplicável. É um verdadeiro absurdo que alguém assim ainda tenha qualquer apoio.",biased
"""Nenhum país cresce sem apoiar a ciência e a tecnologia"", advertiu o candidato.",quote
"Em nota oficial, o líder da oposição apontou: ""não podemos, de forma alguma, aceitar esse tipo de retrocesso"".",quote
"Totalmente lunático, a oposição histérica só sabe atacar as instituições ao invés de propor soluções reais.",biased
Atitude típica e esperada de quem não tem nenhum projeto viável para o Brasil. A oposição histérica passou pano para os desvios milionários de seus aliados mais próximos.,biased
"Durante a entrevista, o prefeito assinalou que ""o país finalmente está voltando aos trilhos certos"".",quote
"Totalmente fascista, a legenda conservadora mostrou sem pudor a sua verdadeira face intolerante e odiosa.",biased
"Com um discurso lunático, o presidente negacionista passou pano para os desvios milionários de seus aliados mais próximos. Lamentável ter que assistir a esse tipo de postura na televisão.",biased
"""O país finalmente está voltando aos trilhos certos"", disse a deputada.",quote
"Com um discurso lunático, a velha política promoveu mais um circo midiático apenas para animar seus fãs extremistas. Parece uma piada de mau gosto, mas infelizmente é a nossa realidade.",biased
"O politiqueiro mostrou sem pudor a sua verdadeira face intolerante e odiosa, o que é completamente vergonhoso. A internet, claro, não perdoou e subiu dezenas de tags pejorativas.",biased
"Em nota oficial, o relator da CPI garantiu: ""as estatais devem servir ao povo, não a interesses escusos"".",quote
"""As medidas adotadas pelo banco central foram claramente insuficientes"", ponderou o ex-presidente.",quote
"O atual desgoverno completamente vergonhoso tentou, sem sucesso, maquiar os números aterrorizantes de sua gestão. Uma clara e evidente demonstração de desespero eleitoral desta trupe.",biased
"A legenda conservadora promoveu mais um circo midiático apenas para animar seus fãs extremistas, o que é autoritário. É um verdadeiro absurdo que alguém assim ainda tenha qualquer apoio.",biased
"Com um discurso patético, a oposição histérica promoveu mais um circo midiático apenas para animar seus fãs extremistas. É um verdadeiro absurdo que alguém assim ainda tenha qualquer apoio.",biased
"Totalmente totalmente alienado, a bancada do retrocesso continua diariamente com seu show de horrores nas redes sociais.",biased
"Segundo o porta-voz do governo, ""o governo tira remédio da Farmácia Popular, mas mantém outras mamatas intactas"".",quote
"Totalmente inepto, o governador oportunista promoveu mais um circo midiático apenas para animar seus fãs extremistas.",biased
"""O país finalmente está voltando aos trilhos certos"", apontou a ministra da Saúde.",quote
"""A inflação está completamente fora de controle"" - advertiu o presidente do tribunal na sessão de hoje.",quote
"""Não há qualquer indício de corrupção ou irregularidade neste caso"", afirmou o prefeito.",quote
"O governador oportunista desastroso foi, com razão, massacrado pelos adversários nas últimas pesquisas. É o fim da picada para o nosso país.",biased
"A oposição histérica fugiu das perguntas dos jornalistas como o diabo foge da cruz, o que é inepto. Ninguém aguenta mais tanto cinismo e cara de pau.",biased
"""O país finalmente está voltando aos trilhos certos"", concluiu o advogado de defesa.",quote
"""A segurança pública deve ser a verdadeira prioridade desta gestão"" - concluiu o senador na sessão de hoje.",quote
"Totalmente fascista, o politiqueiro promoveu mais um circo midiático apenas para animar seus fãs extremistas.",biased
"Durante a entrevista, o prefeito concluiu que ""não podemos, de forma alguma, aceitar esse tipo de retrocesso"".",quote
"Segundo o governador, ""o nosso orçamento anual não fecha sem a criação de novas receitas"".",quote
"O atual desgoverno demonstrou total e absoluta falta de preparo no debate de ontem, o que é demagogo. A internet, claro, não perdoou e subiu dezenas de tags pejorativas.",biased
"Com um discurso criminoso, o politiqueiro foi, com razão, massacrado pelos adversários nas últimas pesquisas. E os defensores cegos continuam aplaudindo esse desastre.",biased
"""Não há qualquer indício de corrupção ou irregularidade neste caso"" - criticou o ministro da Economia na sessão de hoje.",quote
"Totalmente inepto, o partido esquerdista passou uma tremenda vergonha ao tentar explicar o inexplicável.",biased
"Em nota oficial, o advogado de defesa declarou: ""não há qualquer indício de corrupção ou irregularidade neste caso"".",quote
"Com um discurso arrogante, o ex-ministro tentou, sem sucesso, maquiar os números aterrorizantes de sua gestão. Lamentável ter que assistir a esse tipo de postura na televisão.",biased
"Em nota oficial, o presidente rebateu: ""as medidas adotadas pelo Banco Central foram claramente insuficientes"".",quote
"Durante a entrevista, a ministra da Saúde disse que ""as estatais devem servir ao povo, não a interesses escusos"".",quote
"Totalmente demagogo, a oposição histérica tentou, sem sucesso, maquiar os números aterrorizantes de sua gestão.",biased
"Com um discurso patético, o governador oportunista agiu como uma verdadeira linha auxiliar de seus chefes políticos. Parece uma piada de mau gosto, mas infelizmente é a nossa realidade.",biased
"Totalmente demagogo, a velha política passou pano para os desvios milionários de seus aliados mais próximos.",biased
"Em nota oficial, o candidato afirmou: ""não podemos, de forma alguma, aceitar esse tipo de retrocesso"".",quote
"Segundo o advogado de defesa, ""não adianta tentar cutucar a onça com vara curta neste momento"".",quote
"A bancada do retrocesso passou uma tremenda vergonha ao tentar explicar o inexplicável, o que é arrogante. Atitude típica e esperada de quem não tem nenhum projeto viável para o Brasil.",biased
"Segundo o porta-voz do governo, ""não podemos, de forma alguma, aceitar esse tipo de retrocesso"".",quote
"Em nota oficial, o pesquisador alertou: ""a aprovação da reforma tributária na câmara é para ontem"".",quote
"Em nota oficial, o senador apontou: ""o sistema de saúde entrou em colapso devido à falta de planejamento"".",quote
"Com um discurso oportunista, a oposição histérica tentou emplacar mais uma narrativa falsa para enganar os eleitores incautos. Uma clara e evidente demonstração de desespero eleitoral desta trupe.",biased
"Em nota oficial, o prefeito declarou: ""não haverá trégua para os que tentam burlar as leis eleitorais"".",quote
"Totalmente incompetente, a velha política promoveu mais um circo midiático apenas para animar seus fãs extremistas.",biased
"Totalmente autoritário, a legenda conservadora tentou emplacar mais uma narrativa falsa para enganar os eleitores incautos.",biased
"O candidato fascista tentou, sem sucesso, maquiar os números aterrorizantes de sua gestão. Atitude típica e esperada de quem não tem nenhum projeto viável para o Brasil.",biased
"Com um discurso totalmente alienado, o ex-ministro agiu como uma verdadeira linha auxiliar de seus chefes políticos. Atitude típica e esperada de quem não tem nenhum projeto viável para o Brasil.",biased
"Totalmente completamente vergonhoso, o candidato promoveu mais um circo midiático apenas para animar seus fãs extremistas.",biased
"""O debate político de hoje precisa ser muito mais respeitoso"", alertou o relator da CPI.",quote
É um verdadeiro absurdo que alguém assim ainda tenha qualquer apoio. O atual desgoverno fugiu das perguntas dos jornalistas como o diabo foge da cruz.,biased
"Durante a entrevista, o parlamentar concluiu que ""nenhum país cresce sem apoiar a ciência e a tecnologia"".",quote
O ex-ministro incompetente só sabe atacar as instituições ao invés de propor soluções reais. É o fim da picada para o nosso país.,biased
"""A inflação está completamente fora de controle"", assinalou o parlamentar.",quote
"Segundo o prefeito, ""este projeto de lei destruirá o meio ambiente em poucos anos"".",quote
"O partido esquerdista passou pano para os desvios milionários de seus aliados mais próximos, o que é desastroso. Atitude típica e esperada de quem não tem nenhum projeto viável para o Brasil.",biased
"Com um discurso oportunista, o politiqueiro tentou, sem sucesso, maquiar os números aterrorizantes de sua gestão. Ninguém aguenta mais tanto cinismo e cara de pau.",biased
"""Não haverá trégua para os que tentam burlar as leis eleitorais"" - avaliou o parlamentar na sessão de hoje.",quote
"O governador oportunista foi, com razão, massacrado pelos adversários nas últimas pesquisas, o que é demagogo. Enquanto isso, a população pobre sofre as trágicas consequências.",biased
"Com um discurso desastroso, o candidato fugiu das perguntas dos jornalistas como o diabo foge da cruz. Atitude típica e esperada de quem não tem nenhum projeto viável para o Brasil.",biased
Uma clara e evidente demonstração de desespero eleitoral desta trupe. O candidato passou pano para os desvios milionários de seus aliados mais próximos.,biased
"""As estatais devem servir ao povo, não a interesses escusos"" - alertou o presidente do tribunal na sessão de hoje.",quote
"O politiqueiro mostrou sem pudor a sua verdadeira face intolerante e odiosa, o que é lunático. É o fim da picada para o nosso país.",biased
"Segundo o presidente do tribunal, ""não haverá trégua para os que tentam burlar as leis eleitorais"".",quote
"Totalmente inepto, o ex-ministro continua diariamente com seu show de horrores nas redes sociais.",biased
"Durante a entrevista, o ministro da Economia disse que ""a aprovação da reforma tributária na câmara é para ontem"".",quote
"Enquanto isso, a população pobre sofre as trágicas consequências. O presidente negacionista promoveu mais um circo midiático apenas para animar seus fãs extremistas.",biased
"Durante a entrevista, o presidente afirmou que ""a segurança pública deve ser a verdadeira prioridade desta gestão"".",quote
O presidente negacionista arrogante continua diariamente com seu show de horrores nas redes sociais. É um verdadeiro absurdo que alguém assim ainda tenha qualquer apoio.,biased
"A velha política passou uma tremenda vergonha ao tentar explicar o inexplicável, o que é autoritário. Lamentável ter que assistir a esse tipo de postura na televisão.",biased
O candidato autoritário mostrou sem pudor a sua verdadeira face intolerante e odiosa. Lamentável ter que assistir a esse tipo de postura na televisão.,biased
"""O debate político de hoje precisa ser muito mais respeitoso"" - criticou o presidente do tribunal na sessão de hoje.",quote
"Com um discurso totalmente alienado, a legenda conservadora demonstrou total e absoluta falta de preparo no debate de ontem. Ninguém aguenta mais tanto cinismo e cara de pau.",biased
"Com um discurso arrogante, o partido esquerdista continua diariamente com seu show de horrores nas redes sociais. É o fim da picada para o nosso país.",biased
"O atual desgoverno mostrou sem pudor a sua verdadeira face intolerante e odiosa, o que é oportunista. Parece uma piada de mau gosto, mas infelizmente é a nossa realidade.",biased
"Durante a entrevista, o líder da oposição rebateu que ""a economia vai se recuperar no próximo trimestre, apesar das dificuldades"".",quote
"""O país finalmente está voltando aos trilhos certos"" - criticou o advogado de defesa na sessão de hoje.",quote
O politiqueiro incompetente agiu como uma verdadeira linha auxiliar de seus chefes políticos. Atitude típica e esperada de quem não tem nenhum projeto viável para o Brasil.,biased
"Durante a entrevista, o prefeito garantiu que ""o debate político de hoje precisa ser muito mais respeitoso"".",quote
"A bancada do retrocesso tentou, sem sucesso, maquiar os números aterrorizantes de sua gestão, o que é totalmente alienado. Ninguém aguenta mais tanto cinismo e cara de pau.",biased
O governador oportunista fascista fugiu das perguntas dos jornalistas como o diabo foge da cruz. É o fim da picada para o nosso país.,biased
"Durante a entrevista, o especialista em segurança advertiu que ""este projeto de lei destruirá o meio ambiente em poucos anos"".",quote
"Com um discurso criminoso, a velha política só sabe atacar as instituições ao invés de propor soluções reais. Enquanto isso, a população pobre sofre as trágicas consequências.",biased
"""O sistema de saúde entrou em colapso devido à falta de planejamento"" - ponderou o presidente na sessão de hoje.",quote
"Em nota oficial, a deputada rebateu: ""a segurança pública deve ser a verdadeira prioridade desta gestão"".",quote
"Durante a entrevista, o presidente concluiu que ""nenhum país cresce sem apoiar a ciência e a tecnologia"".",quote
"Totalmente despreparado, o presidente negacionista agiu como uma verdadeira linha auxiliar de seus chefes políticos.",biased
"""O corte de gastos do governo federal é inevitável"", rebateu o pesquisador.",quote
A legenda conservadora incompetente só sabe atacar as instituições ao invés de propor soluções reais. É o fim da picada para o nosso país.,biased
"A internet, claro, não perdoou e subiu dezenas de tags pejorativas. O ex-ministro passou uma tremenda vergonha ao tentar explicar o inexplicável.",biased
Uma clara e evidente demonstração de desespero eleitoral desta trupe. A bancada do retrocesso passou pano para os desvios milionários de seus aliados mais próximos.,biased
"Segundo o advogado de defesa, ""as eleições foram um marco para a nossa jovem democracia"".",quote
"Com um discurso fascista, a bancada do retrocesso tentou, sem sucesso, maquiar os números aterrorizantes de sua gestão. Ninguém aguenta mais tanto cinismo e cara de pau.",biased
"""As estatais devem servir ao povo, não a interesses escusos"", garantiu o porta-voz do governo.",quote
"Durante a entrevista, o líder da oposição alertou que ""as estatais devem servir ao povo, não a interesses escusos"".",quote
"Durante a entrevista, o candidato afirmou que ""não há qualquer indício de corrupção ou irregularidade neste caso"".",quote
"Parece uma piada de mau gosto, mas infelizmente é a nossa realidade. O partido esquerdista demonstrou total e absoluta falta de preparo no debate de ontem.",biased
"O presidente negacionista continua diariamente com seu show de horrores nas redes sociais, o que é incompetente. Ninguém aguenta mais tanto cinismo e cara de pau.",biased
"A legenda conservadora mostrou sem pudor a sua verdadeira face intolerante e odiosa, o que é hipócrita. A internet, claro, não perdoou e subiu dezenas de tags pejorativas.",biased
"Segundo o relator da CPI, ""não podemos, de forma alguma, aceitar esse tipo de retrocesso"".",quote
"""Não podemos, de forma alguma, aceitar esse tipo de retrocesso"", apontou o senador.",quote
"A bancada do retrocesso mostrou sem pudor a sua verdadeira face intolerante e odiosa, o que é totalmente alienado. Ninguém aguenta mais tanto cinismo e cara de pau.",biased
"Com um discurso despreparado, a oposição histérica promoveu mais um circo midiático apenas para animar seus fãs extremistas. A internet, claro, não perdoou e subiu dezenas de tags pejorativas.",biased
"Totalmente despreparado, o suposto líder demonstrou total e absoluta falta de preparo no debate de ontem.",biased
"""As medidas adotadas pelo banco central foram claramente insuficientes"" - advertiu o advogado de defesa na sessão de hoje.",quote
"Com um discurso hipócrita, o partido esquerdista passou pano para os desvios milionários de seus aliados mais próximos. Parece uma piada de mau gosto, mas infelizmente é a nossa realidade.",biased
"""O sistema de saúde entrou em colapso devido à falta de planejamento"" - disse o advogado de defesa na sessão de hoje.",quote
"Com um discurso fascista, o suposto líder só sabe atacar as instituições ao invés de propor soluções reais. É um verdadeiro absurdo que alguém assim ainda tenha qualquer apoio.",biased
É o fim da picada para o nosso país. O atual desgoverno passou pano para os desvios milionários de seus aliados mais próximos.,biased
"O governador oportunista mostrou sem pudor a sua verdadeira face intolerante e odiosa, o que é patético. Parece uma piada de mau gosto, mas infelizmente é a nossa realidade.",biased
"Durante a entrevista, o presidente do tribunal justificou que ""o nosso orçamento anual não fecha sem a criação de novas receitas"".",quote
"Enquanto isso, a população pobre sofre as trágicas consequências. O suposto líder só sabe atacar as instituições ao invés de propor soluções reais.",biased
"""A aprovação da reforma tributária na câmara é para ontem"", declarou o pesquisador.",quote
"O partido esquerdista arrogante foi, com razão, massacrado pelos adversários nas últimas pesquisas. E os defensores cegos continuam aplaudindo esse desastre.",biased
"Durante a entrevista, o relator da CPI justificou que ""a inflação está completamente fora de controle"".",quote
"A oposição histérica tentou emplacar mais uma narrativa falsa para enganar os eleitores incautos, o que é desastroso. A internet, claro, não perdoou e subiu dezenas de tags pejorativas.",biased
"Com um discurso hipócrita, o partido esquerdista mostrou sem pudor a sua verdadeira face intolerante e odiosa. Atitude típica e esperada de quem não tem nenhum projeto viável para o Brasil.",biased
"Totalmente lunático, o partido esquerdista agiu como uma verdadeira linha auxiliar de seus chefes políticos.",biased
"""Os pleitos foram um marco para a nossa jovem democracia"", rebateu o presidente do tribunal.",quote
"Durante a entrevista, o presidente apontou que ""a economia vai se recuperar no próximo trimestre, apesar das dificuldades"".",quote
"Totalmente autoritário, a oposição histérica fugiu das perguntas dos jornalistas como o diabo foge da cruz.",biased
"""As medidas adotadas pelo banco central foram claramente insuficientes"", prometeu o especialista em segurança.",quote
"""A economia vai se recuperar no próximo trimestre, apesar das dificuldades"" - garantiu o advogado de defesa na sessão de hoje.",quote
"Em nota oficial, o especialista em segurança prometeu: ""o nosso orçamento anual não fecha sem a criação de novas receitas"".",quote
"""O debate político de hoje precisa ser muito mais respeitoso"", apontou o presidente.",quote
"A oposição histérica mostrou sem pudor a sua verdadeira face intolerante e odiosa, o que é criminoso. Atitude típica e esperada de quem não tem nenhum projeto viável para o Brasil.",biased
E os defensores cegos continuam aplaudindo esse desastre. A oposição histérica fugiu das perguntas dos jornalistas como o diabo foge da cruz.,biased
"""As estatais devem servir ao povo, não a interesses escusos"", advertiu o presidente.",quote
"""A segurança pública deve ser a verdadeira prioridade desta gestão"" - ressaltou o pesquisador na sessão de hoje.",quote
"Em nota oficial, o advogado de defesa alertou: ""não haverá trégua para os que tentam burlar as leis eleitorais"".",quote
"O ex-ministro passou uma tremenda vergonha ao tentar explicar o inexplicável, o que é inepto. Enquanto isso, a população pobre sofre as trágicas consequências.",biased
É um verdadeiro absurdo que alguém assim ainda tenha qualquer apoio. A velha política fugiu das perguntas dos jornalistas como o diabo foge da cruz.,biased
"""A segurança pública deve ser a verdadeira prioridade desta gestão"", assinalou o pesquisador.",quote
"O partido esquerdista totalmente alienado tentou, sem sucesso, maquiar os números aterrorizantes de sua gestão. É um verdadeiro absurdo que alguém assim ainda tenha qualquer apoio.",biased
"Totalmente incompetente, a velha política demonstrou total e absoluta falta de preparo no debate de ontem.",biased
"Totalmente criminoso, a oposição histérica demonstrou total e absoluta falta de preparo no debate de ontem.",biased
O partido esquerdista inepto mostrou sem pudor a sua verdadeira face intolerante e odiosa. Ninguém aguenta mais tanto cinismo e cara de pau.,biased
"Em nota oficial, o candidato criticou: ""nenhum país cresce sem apoiar a ciência e a tecnologia"".",quote
"Em nota oficial, o presidente garantiu: ""as eleições foram um marco para a nossa jovem democracia"".",quote
"A velha política demonstrou total e absoluta falta de preparo no debate de ontem, o que é completamente vergonhoso. Atitude típica e esperada de quem não tem nenhum projeto viável para o Brasil.",biased
"A legenda conservadora hipócrita fugiu das perguntas dos jornalistas como o diabo foge da cruz. Enquanto isso, a população pobre sofre as trágicas consequências.",biased
"O presidente negacionista mostrou sem pudor a sua verdadeira face intolerante e odiosa, o que é demagogo. Ninguém aguenta mais tanto cinismo e cara de pau.",biased
"Durante a entrevista, o pesquisador ponderou que ""o corte de gastos do governo federal é inevitável"".",quote
"Com um discurso incompetente, o suposto líder passou pano para os desvios milionários de seus aliados mais próximos. Parece uma piada de mau gosto, mas infelizmente é a nossa realidade.",biased
"O politiqueiro mostrou sem pudor a sua verdadeira face intolerante e odiosa, o que é patético. É o fim da picada para o nosso país.",biased
"Em nota oficial, o ministro da Economia avaliou: ""nenhum país cresce sem apoiar a ciência e a tecnologia"".",quote
"Totalmente oportunista, o candidato promoveu mais um circo midiático apenas para animar seus fãs extremistas.",biased
"O ex-ministro mostrou sem pudor a sua verdadeira face intolerante e odiosa, o que é patético. E os defensores cegos continuam aplaudindo esse desastre.",biased
"Durante a entrevista, o candidato ponderou que ""precisamos urgentemente investir mais em saúde e educação pública"".",quote
A legenda conservadora completamente vergonhoso mostrou sem pudor a sua verdadeira face intolerante e odiosa. Ninguém aguenta mais tanto cinismo e cara de pau.,biased
"Totalmente despreparado, a oposição histérica mostrou sem pudor a sua verdadeira face intolerante e odiosa.",biased
Uma clara e evidente demonstração de desespero eleitoral desta trupe. O partido esquerdista agiu como uma verdadeira linha auxiliar de seus chefes políticos.,biased
"A bancada do retrocesso passou pano para os desvios milionários de seus aliados mais próximos, o que é despreparado. Enquanto isso, a população pobre sofre as trágicas consequências.",biased
"A legenda conservadora arrogante tentou, sem sucesso, maquiar os números aterrorizantes de sua gestão. E os defensores cegos continuam aplaudindo esse desastre.",biased
"Com um discurso patético, o politiqueiro tentou, sem sucesso, maquiar os números aterrorizantes de sua gestão. Lamentável ter que assistir a esse tipo de postura na televisão.",biased
"Durante a entrevista, o prefeito assinalou que ""este projeto de lei destruirá o meio ambiente em poucos anos"".",quote
"""O sistema de saúde entrou em colapso devido à falta de planejamento"", afirmou o porta-voz do governo.",quote
"""Este projeto de lei destruirá o meio ambiente em poucos anos"" - declarou o advogado de defesa na sessão de hoje.",quote
"Em nota oficial, o ex-presidente afirmou: ""o mercado financeiro vai se recuperar no próximo trimestre, apesar das dificuldades"".",quote
"Com um discurso completamente vergonhoso, a legenda conservadora tentou, sem sucesso, maquiar os números aterrorizantes de sua gestão. Parece uma piada de mau gosto, mas infelizmente é a nossa realidade.",biased
O politiqueiro arrogante tentou emplacar mais uma narrativa falsa para enganar os eleitores incautos. Uma clara e evidente demonstração de desespero eleitoral desta trupe.,biased
"A oposição histérica despreparado foi, com razão, massacrado pelos adversários nas últimas pesquisas. E os defensores cegos continuam aplaudindo esse desastre.",biased
"Totalmente criminoso, a legenda conservadora só sabe atacar as instituições ao invés de propor soluções reais.",biased
"Em nota oficial, a ministra da Saúde declarou: ""o país finalmente está voltando aos trilhos certos"".",quote
"A oposição histérica só sabe atacar as instituições ao invés de propor soluções reais, o que é inepto. É um verdadeiro absurdo que alguém assim ainda tenha qualquer apoio.",biased
"Durante a entrevista, a ministra da Saúde ponderou que ""o governo tira remédio da Farmácia Popular, mas mantém outras mamatas intactas"".",quote
"Totalmente lunático, a velha política tentou emplacar mais uma narrativa falsa para enganar os eleitores incautos.",biased
O atual desgoverno inepto tentou emplacar mais uma narrativa falsa para enganar os eleitores incautos. Uma clara e evidente demonstração de desespero eleitoral desta trupe.,biased
"A legenda conservadora demonstrou total e absoluta falta de preparo no debate de ontem, o que é patético. Ninguém aguenta mais tanto cinismo e cara de pau.",biased
"Em nota oficial, o advogado de defesa declarou: ""o nosso orçamento anual não fecha sem a criação de novas receitas"".",quote
"Segundo a ministra da Saúde, ""o nosso orçamento anual não fecha sem a criação de novas receitas"".",quote
O presidente negacionista oportunista passou uma tremenda vergonha ao tentar explicar o inexplicável. É um verdadeiro absurdo que alguém assim ainda tenha qualquer apoio.,biased
"""A segurança pública deve ser a verdadeira prioridade desta gestão"", concluiu o porta-voz do governo.",quote
Atitude típica e esperada de quem não tem nenhum projeto viável para o Brasil. O partido esquerdista só sabe atacar as instituições ao invés de propor soluções reais.,biased
"""O corte de gastos do governo federal é inevitável"", advertiu o líder da oposição.",quote
"O ex-ministro promoveu mais um circo midiático apenas para animar seus fãs extremistas, o que é lunático. Lamentável ter que assistir a esse tipo de postura na televisão.",biased
O ex-ministro incompetente promoveu mais um circo midiático apenas para animar seus fãs extremistas. E os defensores cegos continuam aplaudindo esse desastre.,biased
"Durante a entrevista, o advogado de defesa advertiu que ""as estatais devem servir ao povo, não a interesses escusos"".",quote
"Totalmente inepto, o suposto líder tentou emplacar mais uma narrativa falsa para enganar os eleitores incautos.",biased
"Em nota oficial, o advogado de defesa ressaltou: ""o país finalmente está voltando aos trilhos certos"".",quote
"Totalmente incompetente, o politiqueiro só sabe atacar as instituições ao invés de propor soluções reais.",biased
É um verdadeiro absurdo que alguém assim ainda tenha qualquer apoio. O politiqueiro mostrou sem pudor a sua verdadeira face intolerante e odiosa.,biased
"O partido esquerdista tentou emplacar mais uma narrativa falsa para enganar os eleitores incautos, o que é despreparado. Atitude típica e esperada de quem não tem nenhum projeto viável para o Brasil.",biased
"O governador oportunista autoritário só sabe atacar as instituições ao invés de propor soluções reais. A internet, claro, não perdoou e subiu dezenas de tags pejorativas.",biased
"Em nota oficial, o parlamentar afirmou: ""o governo tira remédio da Farmácia Popular, mas mantém outras mamatas intactas"".",quote
O presidente negacionista oportunista passou pano para os desvios milionários de seus aliados mais próximos. Uma clara e evidente demonstração de desespero eleitoral desta trupe.,biased
"A velha política agiu como uma verdadeira linha auxiliar de seus chefes políticos, o que é totalmente alienado. Uma clara e evidente demonstração de desespero eleitoral desta trupe.",biased
"Em nota oficial, o especialista em segurança avaliou: ""o debate político de hoje precisa ser muito mais respeitoso"".",quote
"Durante a entrevista, o presidente disse que ""o debate político de hoje precisa ser muito mais respeitoso"".",quote
"Totalmente autoritário, a bancada do retrocesso demonstrou total e absoluta falta de preparo no debate de ontem.",biased
"Totalmente totalmente alienado, a velha política continua diariamente com seu show de horrores nas redes sociais.",biased
"Em nota oficial, o candidato avaliou: ""o governo tira remédio da Farmácia Popular, mas mantém outras mamatas intactas"".",quote
"""As estatais devem servir ao povo, não a interesses escusos"", disse o advogado de defesa.",quote
É o fim da picada para o nosso país. O ex-ministro só sabe atacar as instituições ao invés de propor soluções reais.,biased
"""O governo tira remédio da farmácia popular, mas mantém outras mamatas intactas"", apontou o prefeito.",quote
"O atual desgoverno autoritário foi, com razão, massacrado pelos adversários nas últimas pesquisas. Parece uma piada de mau gosto, mas infelizmente é a nossa realidade.",biased
"Em nota oficial, o presidente declarou: ""o nosso orçamento anual não fecha sem a criação de novas receitas"".",quote
"O partido esquerdista demagogo tentou, sem sucesso, maquiar os números aterrorizantes de sua gestão. Lamentável ter que assistir a esse tipo de postura na televisão.",biased
"O suposto líder passou uma tremenda vergonha ao tentar explicar o inexplicável, o que é incompetente. É o fim da picada para o nosso país.",biased
"O ex-ministro completamente vergonhoso só sabe atacar as instituições ao invés de propor soluções reais. Parece uma piada de mau gosto, mas infelizmente é a nossa realidade.",biased
O suposto líder arrogante agiu como uma verdadeira linha auxiliar de seus chefes políticos. Uma clara e evidente demonstração de desespero eleitoral desta trupe.,biased
"""O governo tira remédio da farmácia popular, mas mantém outras mamatas intactas"", advertiu o prefeito.",quote
"Em nota oficial, a ministra da Saúde apontou: ""o nosso orçamento anual não fecha sem a criação de novas receitas"".",quote
"""O corte de gastos do governo federal é inevitável"" - apontou o governador na sessão de hoje.",quote
"Durante a entrevista, o ministro da Economia ressaltou que ""o corte de gastos do governo federal é inevitável"".",quote
"""Não podemos, de forma alguma, aceitar esse tipo de retrocesso"", disse o senador.",quote
"A internet, claro, não perdoou e subiu dezenas de tags pejorativas. O ex-ministro mostrou sem pudor a sua verdadeira face intolerante e odiosa.",biased
"Enquanto isso, a população pobre sofre as trágicas consequências. O governador oportunista agiu como uma verdadeira linha auxiliar de seus chefes políticos.",biased
"Totalmente fascista, o candidato fugiu das perguntas dos jornalistas como o diabo foge da cruz.",biased
"A bancada do retrocesso demonstrou total e absoluta falta de preparo no debate de ontem, o que é inepto. Uma clara e evidente demonstração de desespero eleitoral desta trupe.",biased
"Totalmente autoritário, o politiqueiro demonstrou total e absoluta falta de preparo no debate de ontem.",biased
"""Nenhum país cresce sem apoiar a ciência e a tecnologia"", apontou o ministro da Economia.",quote
"E os defensores cegos continuam aplaudindo esse desastre. O atual desgoverno tentou, sem sucesso, maquiar os números aterrorizantes de sua gestão.",biased
Ninguém aguenta mais tanto cinismo e cara de pau. A velha política agiu como uma verdadeira linha auxiliar de seus chefes políticos.,biased
"""O debate político de hoje precisa ser muito mais respeitoso"" - advertiu o presidente do tribunal na sessão de hoje.",quote
Lamentável ter que assistir a esse tipo de postura na televisão. O candidato passou pano para os desvios milionários de seus aliados mais próximos.,biased
"Totalmente incompetente, o suposto líder mostrou sem pudor a sua verdadeira face intolerante e odiosa.",biased
"""Não adianta tentar cutucar a onça com vara curta neste momento"" - rebateu o governador na sessão de hoje.",quote
"O suposto líder fugiu das perguntas dos jornalistas como o diabo foge da cruz, o que é autoritário. Parece uma piada de mau gosto, mas infelizmente é a nossa realidade.",biased
"Totalmente completamente vergonhoso, o partido esquerdista agiu como uma verdadeira linha auxiliar de seus chefes políticos.",biased
"Em nota oficial, o senador ressaltou: ""não há qualquer indício de corrupção ou irregularidade neste caso"".",quote
"Em nota oficial, o ex-presidente assinalou: ""o governo tira remédio da Farmácia Popular, mas mantém outras mamatas intactas"".",quote
"Segundo o relator da CPI, ""as estatais devem servir ao povo, não a interesses escusos"".",quote
O candidato oportunista demonstrou total e absoluta falta de preparo no debate de ontem. Ninguém aguenta mais tanto cinismo e cara de pau.,biased
Ninguém aguenta mais tanto cinismo e cara de pau. O governador oportunista passou pano para os desvios milionários de seus aliados mais próximos.,biased
"Totalmente totalmente alienado, a velha política só sabe atacar as instituições ao invés de propor soluções reais.",biased
"""Não adianta tentar cutucar a onça com vara curta neste momento"" - criticou o líder da oposição na sessão de hoje.",quote
"Com um discurso despreparado, a legenda conservadora continua diariamente com seu show de horrores nas redes sociais. É o fim da picada para o nosso país.",biased
"Com um discurso despreparado, o candidato continua diariamente com seu show de horrores nas redes sociais. Atitude típica e esperada de quem não tem nenhum projeto viável para o Brasil.",biased
"""O governo tira remédio da farmácia popular, mas mantém outras mamatas intactas"", rebateu a deputada.",quote
"Com um discurso hipócrita, o governador oportunista promoveu mais um circo midiático apenas para animar seus fãs extremistas. A internet, claro, não perdoou e subiu dezenas de tags pejorativas.",biased
Lamentável ter que assistir a esse tipo de postura na televisão. A bancada do retrocesso continua diariamente com seu show de horrores nas redes sociais.,biased
"O ex-ministro passou pano para os desvios milionários de seus aliados mais próximos, o que é criminoso. E os defensores cegos continuam aplaudindo esse desastre.",biased
"""Precisamos urgentemente investir mais em saúde e educação pública"", justificou o especialista em segurança.",quote
"""Não há qualquer indício de corrupção ou irregularidade neste caso"", avaliou o parlamentar.",quote
"Enquanto isso, a população pobre sofre as trágicas consequências. A velha política passou pano para os desvios milionários de seus aliados mais próximos.",biased
O ex-ministro totalmente alienado agiu como uma verdadeira linha auxiliar de seus chefes políticos. Uma clara e evidente demonstração de desespero eleitoral desta trupe.,biased
Atitude típica e esperada de quem não tem nenhum projeto viável para o Brasil. O atual desgoverno fugiu das perguntas dos jornalistas como o diabo foge da cruz.,biased
"Com um discurso oportunista, o presidente negacionista só sabe atacar as instituições ao invés de propor soluções reais. Ninguém aguenta mais tanto cinismo e cara de pau.",biased
"""Este projeto de lei destruirá o meio ambiente em poucos anos"", apontou o candidato.",quote
"Com um discurso autoritário, o presidente negacionista continua diariamente com seu show de horrores nas redes sociais. A internet, claro, não perdoou e subiu dezenas de tags pejorativas.",biased
"""A economia vai se recuperar no próximo trimestre, apesar das dificuldades"" - avaliou o candidato na sessão de hoje.",quote
"Com um discurso lunático, a bancada do retrocesso foi, com razão, massacrado pelos adversários nas últimas pesquisas. Ninguém aguenta mais tanto cinismo e cara de pau.",biased
"Com um discurso lunático, o governador oportunista mostrou sem pudor a sua verdadeira face intolerante e odiosa. É o fim da picada para o nosso país.",biased
"Durante a entrevista, o parlamentar declarou que ""não podemos, de forma alguma, aceitar esse tipo de retrocesso"".",quote
"Durante a entrevista, o porta-voz do governo apontou que ""nenhum país cresce sem apoiar a ciência e a tecnologia"".",quote
"Em nota oficial, a ministra da Saúde ressaltou: ""a economia vai se recuperar no próximo trimestre, apesar das dificuldades"".",quote
"Segundo o relator da CPI, ""a segurança pública deve ser a verdadeira prioridade desta gestão"".",quote
"O candidato autoritário tentou, sem sucesso, maquiar os números aterrorizantes de sua gestão. Ninguém aguenta mais tanto cinismo e cara de pau.",biased
"O atual desgoverno arrogante foi, com razão, massacrado pelos adversários nas últimas pesquisas. É o fim da picada para o nosso país.",biased
"O ex-ministro tentou, sem sucesso, maquiar os números aterrorizantes de sua gestão, o que é criminoso. É o fim da picada para o nosso país.",biased
"Em nota oficial, o ministro da Economia alertou: ""a aprovação da reforma tributária na câmara é para ontem"".",quote
"A bancada do retrocesso mostrou sem pudor a sua verdadeira face intolerante e odiosa, o que é fascista. Atitude típica e esperada de quem não tem nenhum projeto viável para o Brasil.",biased
"O presidente negacionista foi, com razão, massacrado pelos adversários nas últimas pesquisas, o que é patético. A internet, claro, não perdoou e subiu dezenas de tags pejorativas.",biased
"Com um discurso autoritário, o ex-ministro demonstrou total e absoluta falta de preparo no debate de ontem. A internet, claro, não perdoou e subiu dezenas de tags pejorativas.",biased
"""As medidas adotadas pelo banco central foram claramente insuficientes"", garantiu o presidente do tribunal.",quote
"Totalmente incompetente, o partido esquerdista passou pano para os desvios milionários de seus aliados mais próximos.",biased
A oposição histérica hipócrita promoveu mais um circo midiático apenas para animar seus fãs extremistas. E os defensores cegos continuam aplaudindo esse desastre.,biased
"Durante a entrevista, o governador criticou que ""não adianta tentar cutucar a onça com vara curta neste momento"".",quote
"""As medidas adotadas pelo banco central foram claramente insuficientes"" - ressaltou o advogado de defesa na sessão de hoje.",quote
"Com um discurso arrogante, o atual desgoverno mostrou sem pudor a sua verdadeira face intolerante e odiosa. Atitude típica e esperada de quem não tem nenhum projeto viável para o Brasil.",biased
"Durante a entrevista, a ministra da Saúde advertiu que ""o nosso orçamento anual não fecha sem a criação de novas receitas"".",quote
"""Não haverá trégua para os que tentam burlar as leis eleitorais"", assinalou o presidente.",quote
"Com um discurso completamente vergonhoso, a oposição histérica tentou, sem sucesso, maquiar os números aterrorizantes de sua gestão. Parece uma piada de mau gosto, mas infelizmente é a nossa realidade.",biased
"A internet, claro, não perdoou e subiu dezenas de tags pejorativas. O ex-ministro promoveu mais um circo midiático apenas para animar seus fãs extremistas.",biased
"Com um discurso fascista, o partido esquerdista só sabe atacar as instituições ao invés de propor soluções reais. Lamentável ter que assistir a esse tipo de postura na televisão.",biased
"""O governo tira remédio da farmácia popular, mas mantém outras mamatas intactas"", afirmou o advogado de defesa.",quote
"A bancada do retrocesso continua diariamente com seu show de horrores nas redes sociais, o que é arrogante. E os defensores cegos continuam aplaudindo esse desastre.",biased
"O presidente negacionista hipócrita foi, com razão, massacrado pelos adversários nas últimas pesquisas. Atitude típica e esperada de quem não tem nenhum projeto viável para o Brasil.",biased
"""A aprovação da reforma tributária na câmara é para ontem"" - ponderou o ministro da Economia na sessão de hoje.",quote
O partido esquerdista inepto fugiu das perguntas dos jornalistas como o diabo foge da cruz. É um verdadeiro absurdo que alguém assim ainda tenha qualquer apoio.,biased
E os defensores cegos continuam aplaudindo esse desastre. O politiqueiro promoveu mais um circo midiático apenas para animar seus fãs extremistas.,biased
"Durante a entrevista, a ministra da Saúde avaliou que ""não haverá trégua para os que tentam burlar as leis eleitorais"".",quote
"""As estatais devem servir ao povo, não a interesses escusos"" - apontou o presidente do tribunal na sessão de hoje.",quote
"Totalmente criminoso, o politiqueiro fugiu das perguntas dos jornalistas como o diabo foge da cruz.",biased
"Com um discurso completamente vergonhoso, o suposto líder passou pano para os desvios milionários de seus aliados mais próximos. Lamentável ter que assistir a esse tipo de postura na televisão.",biased
"Segundo o pesquisador, ""as eleições foram um marco para a nossa jovem democracia"".",quote
"""O nosso orçamento anual não fecha sem a criação de novas receitas"" - assinalou o advogado de defesa na sessão de hoje.",quote
"""Precisamos urgentemente investir mais em saúde e educação pública"" - ressaltou o parlamentar na sessão de hoje.",quote
"Em nota oficial, o senador ressaltou: ""o sistema de saúde entrou em colapso devido à falta de planejamento"".",quote
"""O debate político de hoje precisa ser muito mais respeitoso"" - advertiu o governador na sessão de hoje.",quote
"Durante a entrevista, o parlamentar concluiu que ""não haverá trégua para os que tentam burlar as leis eleitorais"".",quote
"""Este projeto de lei destruirá o meio ambiente em poucos anos"", advertiu o pesquisador.",quote
"Durante a entrevista, o especialista em segurança declarou que ""nenhum país cresce sem apoiar a ciência e a tecnologia"".",quote
"Em nota oficial, o presidente do tribunal declarou: ""precisamos urgentemente investir mais em saúde e educação pública"".",quote
O partido esquerdista desastroso só sabe atacar as instituições ao invés de propor soluções reais. Ninguém aguenta mais tanto cinismo e cara de pau.,biased
"""O sistema de saúde entrou em colapso devido à falta de planejamento"", declarou o pesquisador.",quote
"Em nota oficial, o prefeito prometeu: ""não há qualquer indício de corrupção ou irregularidade neste caso"".",quote
"""O nosso orçamento anual não fecha sem a criação de novas receitas"" - justificou a ministra da Saúde na sessão de hoje.",quote
"Com um discurso arrogante, o politiqueiro passou pano para os desvios milionários de seus aliados mais próximos. Atitude típica e esperada de quem não tem nenhum projeto viável para o Brasil.",biased
"A bancada do retrocesso incompetente fugiu das perguntas dos jornalistas como o diabo foge da cruz. Enquanto isso, a população pobre sofre as trágicas consequências.",biased
"A bancada do retrocesso tentou emplacar mais uma narrativa falsa para enganar os eleitores incautos, o que é desastroso. É o fim da picada para o nosso país.",biased
O ex-ministro lunático fugiu das perguntas dos jornalistas como o diabo foge da cruz. Ninguém aguenta mais tanto cinismo e cara de pau.,biased
"Durante a entrevista, o presidente ressaltou que ""a inflação está completamente fora de controle"".",quote
"Em nota oficial, o governador justificou: ""nenhum país cresce sem apoiar a ciência e a tecnologia"".",quote
"Durante a entrevista, o prefeito prometeu que ""a aprovação da reforma tributária na câmara é para ontem"".",quote
"A internet, claro, não perdoou e subiu dezenas de tags pejorativas. O candidato tentou emplacar mais uma narrativa falsa para enganar os eleitores incautos.",biased
O governador oportunista demagogo agiu como uma verdadeira linha auxiliar de seus chefes políticos. É o fim da picada para o nosso país.,biased
"""A aprovação da reforma tributária na câmara é para ontem"" - declarou a ministra da Saúde na sessão de hoje.",quote
"Totalmente inepto, o suposto líder mostrou sem pudor a sua verdadeira face intolerante e odiosa.",biased
"Segundo o candidato, ""este projeto de lei destruirá o meio ambiente em poucos anos"".",quote
"Com um discurso completamente vergonhoso, a velha política passou pano para os desvios milionários de seus aliados mais próximos. É um verdadeiro absurdo que alguém assim ainda tenha qualquer apoio.",biased
"O partido esquerdista tentou emplacar mais uma narrativa falsa para enganar os eleitores incautos, o que é incompetente. Lamentável ter que assistir a esse tipo de postura na televisão.",biased
"Em nota oficial, o ex-presidente prometeu: ""precisamos urgentemente investir mais em saúde e educação pública"".",quote
"Durante a entrevista, o senador afirmou que ""precisamos urgentemente investir mais em saúde e educação pública"".",quote
"Totalmente demagogo, o ex-ministro continua diariamente com seu show de horrores nas redes sociais.",biased
"Totalmente fascista, a velha política demonstrou total e absoluta falta de preparo no debate de ontem.",biased
"Totalmente inepto, o presidente negacionista mostrou sem pudor a sua verdadeira face intolerante e odiosa.",biased
"Durante a entrevista, a deputada declarou que ""precisamos urgentemente investir mais em saúde e educação pública"".",quote
"""As eleições foram um marco para a nossa jovem democracia"" - advertiu a ministra da Saúde na sessão de hoje.",quote
"Segundo o senador, ""a economia vai se recuperar no próximo trimestre, apesar das dificuldades"".",quote
"Totalmente totalmente alienado, o ex-ministro fugiu das perguntas dos jornalistas como o diabo foge da cruz.",biased
"Durante a entrevista, o porta-voz do governo ponderou que ""o sistema de saúde entrou em colapso devido à falta de planejamento"".",quote
"Durante a entrevista, o ex-presidente avaliou que ""precisamos urgentemente investir mais em saúde e educação pública"".",quote
"Com um discurso despreparado, a oposição histérica foi, com razão, massacrado pelos adversários nas últimas pesquisas. Atitude típica e esperada de quem não tem nenhum projeto viável para o Brasil.",biased
"Com um discurso hipócrita, a legenda conservadora agiu como uma verdadeira linha auxiliar de seus chefes políticos. É um verdadeiro absurdo que alguém assim ainda tenha qualquer apoio.",biased
"Com um discurso desastroso, a oposição histérica tentou, sem sucesso, maquiar os números aterrorizantes de sua gestão. Lamentável ter que assistir a esse tipo de postura na televisão.",biased
Lamentável ter que assistir a esse tipo de postura na televisão. O governador oportunista fugiu das perguntas dos jornalistas como o diabo foge da cruz.,biased
É um verdadeiro absurdo que alguém assim ainda tenha qualquer apoio. O candidato passou uma tremenda vergonha ao tentar explicar o inexplicável.,biased
"Em nota oficial, o porta-voz do governo concluiu: ""os pleitos foram um marco para a nossa jovem democracia"".",quote
"Enquanto isso, a população pobre sofre as trágicas consequências. O politiqueiro continua diariamente com seu show de horrores nas redes sociais.",biased
"Enquanto isso, a população pobre sofre as trágicas consequências. O candidato passou uma tremenda vergonha ao tentar explicar o inexplicável.",biased
"Com um discurso incompetente, o governador oportunista só sabe atacar as instituições ao invés de propor soluções reais. Uma clara e evidente demonstração de desespero eleitoral desta trupe.",biased
"O politiqueiro foi, com razão, massacrado pelos adversários nas últimas pesquisas, o que é hipócrita. Uma clara e evidente demonstração de desespero eleitoral desta trupe.",biased
"""As medidas adotadas pelo banco central foram claramente insuficientes"", disse o candidato.",quote
"Em nota oficial, o candidato afirmou: ""as estatais devem servir ao povo, não a interesses escusos"".",quote
"Em nota oficial, o senador apontou: ""a aprovação da reforma tributária na câmara é para ontem"".",quote
"O presidente negacionista arrogante passou pano para os desvios milionários de seus aliados mais próximos. A internet, claro, não perdoou e subiu dezenas de tags pejorativas.",biased
"""As estatais devem servir ao povo, não a interesses escusos"" - disse o especialista em segurança na sessão de hoje.",quote
"Com um discurso desastroso, a velha política tentou, sem sucesso, maquiar os números aterrorizantes de sua gestão. A internet, claro, não perdoou e subiu dezenas de tags pejorativas.",biased
"Totalmente desastroso, a legenda conservadora tentou emplacar mais uma narrativa falsa para enganar os eleitores incautos.",biased
"""O governo tira remédio da farmácia popular, mas mantém outras mamatas intactas"", declarou o ministro da Economia.",quote
Ninguém aguenta mais tanto cinismo e cara de pau. A bancada do retrocesso promoveu mais um circo midiático apenas para animar seus fãs extremistas.,biased
"""O corte de gastos do governo federal é inevitável"" - ressaltou o especialista em segurança na sessão de hoje.",quote
"Totalmente hipócrita, a bancada do retrocesso promoveu mais um circo midiático apenas para animar seus fãs extremistas.",biased
"Com um discurso patético, o politiqueiro agiu como uma verdadeira linha auxiliar de seus chefes políticos. É um verdadeiro absurdo que alguém assim ainda tenha qualquer apoio.",biased
"O governador oportunista passou uma tremenda vergonha ao tentar explicar o inexplicável, o que é totalmente alienado. A internet, claro, não perdoou e subiu dezenas de tags pejorativas.",biased
"O suposto líder só sabe atacar as instituições ao invés de propor soluções reais, o que é hipócrita. E os defensores cegos continuam aplaudindo esse desastre.",biased
"Com um discurso autoritário, o governador oportunista passou uma tremenda vergonha ao tentar explicar o inexplicável. Parece uma piada de mau gosto, mas infelizmente é a nossa realidade.",biased
"Totalmente fascista, o governador oportunista fugiu das perguntas dos jornalistas como o diabo foge da cruz.",biased
"""Não há qualquer indício de corrupção ou irregularidade neste caso"" - prometeu o presidente do tribunal na sessão de hoje.",quote
"Em nota oficial, o ex-presidente garantiu: ""as estatais devem servir ao povo, não a interesses escusos"".",quote
"Durante a entrevista, a deputada disse que ""a segurança pública deve ser a verdadeira prioridade desta gestão"".",quote
O governador oportunista arrogante promoveu mais um circo midiático apenas para animar seus fãs extremistas. Lamentável ter que assistir a esse tipo de postura na televisão.,biased
"Parece uma piada de mau gosto, mas infelizmente é a nossa realidade. O politiqueiro demonstrou total e absoluta falta de preparo no debate de ontem.",biased
"""O mercado financeiro vai se recuperar no próximo trimestre, apesar das dificuldades"", garantiu o senador.",quote
"""Nenhum país cresce sem apoiar a ciência e a tecnologia"" - declarou o ministro da Economia na sessão de hoje.",quote
"A bancada do retrocesso tentou emplacar mais uma narrativa falsa para enganar os eleitores incautos, o que é arrogante. Atitude típica e esperada de quem não tem nenhum projeto viável para o Brasil.",biased
O governador oportunista totalmente alienado agiu como uma verdadeira linha auxiliar de seus chefes políticos. É o fim da picada para o nosso país.,biased
"Durante a entrevista, o senador justificou que ""o país finalmente está voltando aos trilhos certos"".",quote
A oposição histérica incompetente fugiu das perguntas dos jornalistas como o diabo foge da cruz. Ninguém aguenta mais tanto cinismo e cara de pau.,biased
"Segundo o presidente, ""o país finalmente está voltando aos trilhos certos"".",quote
"""Precisamos urgentemente investir mais em saúde e educação pública"" - advertiu o pesquisador na sessão de hoje.",quote
"Totalmente arrogante, o ex-ministro fugiu das perguntas dos jornalistas como o diabo foge da cruz.",biased
"Durante a entrevista, o senador apontou que ""precisamos urgentemente investir mais em saúde e educação pública"".",quote
"A internet, claro, não perdoou e subiu dezenas de tags pejorativas. O ex-ministro passou pano para os desvios milionários de seus aliados mais próximos.",biased
"Com um discurso hipócrita, o presidente negacionista continua diariamente com seu show de horrores nas redes sociais. Atitude típica e esperada de quem não tem nenhum projeto viável para o Brasil.",biased
"Em nota oficial, o porta-voz do governo ponderou: ""não adianta tentar cutucar a onça com vara curta neste momento"".",quote
Ninguém aguenta mais tanto cinismo e cara de pau. O atual desgoverno continua diariamente com seu show de horrores nas redes sociais.,biased
"Segundo o prefeito, ""a inflação está completamente fora de controle"".",quote
"O atual desgoverno promoveu mais um circo midiático apenas para animar seus fãs extremistas, o que é demagogo. Parece uma piada de mau gosto, mas infelizmente é a nossa realidade.",biased
"O ex-ministro tentou emplacar mais uma narrativa falsa para enganar os eleitores incautos, o que é fascista. Uma clara e evidente demonstração de desespero eleitoral desta trupe.",biased
"Totalmente arrogante, o presidente negacionista demonstrou total e absoluta falta de preparo no debate de ontem.",biased
A velha política inepto continua diariamente com seu show de horrores nas redes sociais. É um verdadeiro absurdo que alguém assim ainda tenha qualquer apoio.,biased
"A velha política promoveu mais um circo midiático apenas para animar seus fãs extremistas, o que é completamente vergonhoso. E os defensores cegos continuam aplaudindo esse desastre.",biased
"Com um discurso despreparado, o suposto líder passou uma tremenda vergonha ao tentar explicar o inexplicável. Ninguém aguenta mais tanto cinismo e cara de pau.",biased
A velha política autoritário promoveu mais um circo midiático apenas para animar seus fãs extremistas. E os defensores cegos continuam aplaudindo esse desastre.,biased
O politiqueiro oportunista agiu como uma verdadeira linha auxiliar de seus chefes políticos. Uma clara e evidente demonstração de desespero eleitoral desta trupe.,biased
"É o fim da picada para o nosso país. A legenda conservadora tentou, sem sucesso, maquiar os números aterrorizantes de sua gestão.",biased
"Totalmente patético, o presidente negacionista passou uma tremenda vergonha ao tentar explicar o inexplicável.",biased
"Em nota oficial, a deputada assinalou: ""nenhum país cresce sem apoiar a ciência e a tecnologia"".",quote
E os defensores cegos continuam aplaudindo esse desastre. A legenda conservadora demonstrou total e absoluta falta de preparo no debate de ontem.,biased
"""A economia vai se recuperar no próximo trimestre, apesar das dificuldades"", advertiu o candidato.",quote
"Totalmente incompetente, a bancada do retrocesso continua diariamente com seu show de horrores nas redes sociais.",biased
"""O nosso orçamento anual não fecha sem a criação de novas receitas"" - disse o parlamentar na sessão de hoje.",quote
O candidato inepto passou pano para os desvios milionários de seus aliados mais próximos. E os defensores cegos continuam aplaudindo esse desastre.,biased
"""A segurança pública deve ser a verdadeira prioridade desta gestão"", ressaltou o presidente.",quote
"Com um discurso hipócrita, o partido esquerdista fugiu das perguntas dos jornalistas como o diabo foge da cruz. Atitude típica e esperada de quem não tem nenhum projeto viável para o Brasil.",biased
"O politiqueiro fugiu das perguntas dos jornalistas como o diabo foge da cruz, o que é desastroso. Enquanto isso, a população pobre sofre as trágicas consequências.",biased
"O ex-ministro foi, com razão, massacrado pelos adversários nas últimas pesquisas, o que é patético. A internet, claro, não perdoou e subiu dezenas de tags pejorativas.",biased
"Totalmente demagogo, a legenda conservadora demonstrou total e absoluta falta de preparo no debate de ontem.",biased
"Com um discurso totalmente alienado, a bancada do retrocesso passou pano para os desvios milionários de seus aliados mais próximos. A internet, claro, não perdoou e subiu dezenas de tags pejorativas.",biased
"A bancada do retrocesso agiu como uma verdadeira linha auxiliar de seus chefes políticos, o que é inepto. Parece uma piada de mau gosto, mas infelizmente é a nossa realidade.",biased
"""O debate político de hoje precisa ser muito mais respeitoso"" - concluiu o presidente na sessão de hoje.",quote
"""Nenhum país cresce sem apoiar a ciência e a tecnologia"" - garantiu o advogado de defesa na sessão de hoje.",quote
"Em nota oficial, o governador avaliou: ""precisamos urgentemente investir mais em saúde e educação pública"".",quote
"Em nota oficial, o relator da CPI ressaltou: ""a inflação está completamente fora de controle"".",quote
"Enquanto isso, a população pobre sofre as trágicas consequências. O partido esquerdista tentou, sem sucesso, maquiar os números aterrorizantes de sua gestão.",biased
"""O sistema de saúde entrou em colapso devido à falta de planejamento"", criticou o relator da CPI.",quote
"O ex-ministro continua diariamente com seu show de horrores nas redes sociais, o que é desastroso. Lamentável ter que assistir a esse tipo de postura na televisão.",biased
"Em nota oficial, o pesquisador justificou: ""o governo tira remédio da Farmácia Popular, mas mantém outras mamatas intactas"".",quote
"Totalmente inepto, a bancada do retrocesso passou pano para os desvios milionários de seus aliados mais próximos.",biased
"Totalmente despreparado, a bancada do retrocesso continua diariamente com seu show de horrores nas redes sociais.",biased
"Totalmente fascista, o suposto líder mostrou sem pudor a sua verdadeira face intolerante e odiosa.",biased
"Durante a entrevista, a ministra da Saúde declarou que ""o corte de gastos do governo federal é inevitável"".",quote
"Totalmente oportunista, o atual desgoverno tentou, sem sucesso, maquiar os números aterrorizantes de sua gestão.",biased
"""O sistema de saúde entrou em colapso devido à falta de planejamento"", avaliou a deputada.",quote
"Com um discurso desastroso, a velha política passou pano para os desvios milionários de seus aliados mais próximos. É o fim da picada para o nosso país.",biased
"Com um discurso incompetente, o partido esquerdista passou uma tremenda vergonha ao tentar explicar o inexplicável. É o fim da picada para o nosso país.",biased
"Segundo o prefeito, ""precisamos urgentemente investir mais em saúde e educação pública"".",quote
"O atual desgoverno continua diariamente com seu show de horrores nas redes sociais, o que é lunático. Parece uma piada de mau gosto, mas infelizmente é a nossa realidade.",biased
"Durante a entrevista, a ministra da Saúde garantiu que ""a economia vai se recuperar no próximo trimestre, apesar das dificuldades"".",quote
"Totalmente autoritário, a bancada do retrocesso passou pano para os desvios milionários de seus aliados mais próximos.",biased
"Totalmente despreparado, a bancada do retrocesso só sabe atacar as instituições ao invés de propor soluções reais.",biased
"Totalmente completamente vergonhoso, a velha política mostrou sem pudor a sua verdadeira face intolerante e odiosa.",biased
"Durante a entrevista, o candidato ressaltou que ""não há qualquer indício de corrupção ou irregularidade neste caso"".",quote
"O presidente negacionista demagogo agiu como uma verdadeira linha auxiliar de seus chefes políticos. Enquanto isso, a população pobre sofre as trágicas consequências.",biased
"Em nota oficial, o líder da oposição criticou: ""a segurança pública deve ser a verdadeira prioridade desta gestão"".",quote
"Totalmente despreparado, o presidente negacionista fugiu das perguntas dos jornalistas como o diabo foge da cruz.",biased
"Enquanto isso, a população pobre sofre as trágicas consequências. A oposição histérica fugiu das perguntas dos jornalistas como o diabo foge da cruz.",biased
"Totalmente hipócrita, o candidato promoveu mais um circo midiático apenas para animar seus fãs extremistas.",biased
"""Nenhum país cresce sem apoiar a ciência e a tecnologia"" - rebateu a deputada na sessão de hoje.",quote
"O atual desgoverno oportunista foi, com razão, massacrado pelos adversários nas últimas pesquisas. Ninguém aguenta mais tanto cinismo e cara de pau.",biased
"O politiqueiro passou uma tremenda vergonha ao tentar explicar o inexplicável, o que é autoritário. Enquanto isso, a população pobre sofre as trágicas consequências.",biased
"O presidente negacionista agiu como uma verdadeira linha auxiliar de seus chefes políticos, o que é autoritário. Uma clara e evidente demonstração de desespero eleitoral desta trupe.",biased
"Totalmente oportunista, o ex-ministro tentou, sem sucesso, maquiar os números aterrorizantes de sua gestão.",biased
"Segundo o parlamentar, ""precisamos urgentemente investir mais em saúde e educação pública"".",quote
"O candidato demonstrou total e absoluta falta de preparo no debate de ontem, o que é hipócrita. É o fim da picada para o nosso país.",biased
A legenda conservadora autoritário promoveu mais um circo midiático apenas para animar seus fãs extremistas. Lamentável ter que assistir a esse tipo de postura na televisão.,biased
"Totalmente despreparado, a oposição histérica tentou, sem sucesso, maquiar os números aterrorizantes de sua gestão.",biased
"O atual desgoverno passou pano para os desvios milionários de seus aliados mais próximos, o que é arrogante. Parece uma piada de mau gosto, mas infelizmente é a nossa realidade.",biased
"Durante a entrevista, o pesquisador prometeu que ""a segurança pública deve ser a verdadeira prioridade desta gestão"".",quote
"Totalmente fascista, a legenda conservadora demonstrou total e absoluta falta de preparo no debate de ontem.",biased
"Durante a entrevista, o líder da oposição apontou que ""a segurança pública deve ser a verdadeira prioridade desta gestão"".",quote
"Em nota oficial, o porta-voz do governo ponderou: ""a inflação está completamente fora de controle"".",quote
Ninguém aguenta mais tanto cinismo e cara de pau. O suposto líder passou pano para os desvios milionários de seus aliados mais próximos.,biased
"O partido esquerdista foi, com razão, massacrado pelos adversários nas últimas pesquisas, o que é despreparado. Uma clara e evidente demonstração de desespero eleitoral desta trupe.",biased
"""As estatais devem servir ao povo, não a interesses escusos"" - afirmou o líder da oposição na sessão de hoje.",quote
"""A segurança pública deve ser a verdadeira prioridade desta gestão"", ressaltou o pesquisador.",quote
"Durante a entrevista, o presidente apontou que ""não haverá trégua para os que tentam burlar as leis eleitorais"".",quote
"Com um discurso demagogo, o candidato tentou, sem sucesso, maquiar os números aterrorizantes de sua gestão. É um verdadeiro absurdo que alguém assim ainda tenha qualquer apoio.",biased
O presidente negacionista lunático tentou emplacar mais uma narrativa falsa para enganar os eleitores incautos. Lamentável ter que assistir a esse tipo de postura na televisão.,biased
"Segundo o candidato, ""o debate político de hoje precisa ser muito mais respeitoso"".",quote
"Durante a entrevista, o senador alertou que ""a aprovação da reforma tributária na câmara é para ontem"".",quote
"Ninguém aguenta mais tanto cinismo e cara de pau. O candidato foi, com razão, massacrado pelos adversários nas últimas pesquisas.",biased
O candidato demagogo passou uma tremenda vergonha ao tentar explicar o inexplicável. E os defensores cegos continuam aplaudindo esse desastre.,biased
E os defensores cegos continuam aplaudindo esse desastre. O ex-ministro demonstrou total e absoluta falta de preparo no debate de ontem.,biased
"O presidente negacionista continua diariamente com seu show de horrores nas redes sociais, o que é despreparado. Lamentável ter que assistir a esse tipo de postura na televisão.",biased
"O governador oportunista promoveu mais um circo midiático apenas para animar seus fãs extremistas, o que é totalmente alienado. Uma clara e evidente demonstração de desespero eleitoral desta trupe.",biased
"""Este projeto de lei destruirá o meio ambiente em poucos anos"" - alertou o advogado de defesa na sessão de hoje.",quote
"Durante a entrevista, a ministra da Saúde ressaltou que ""o sistema de saúde entrou em colapso devido à falta de planejamento"".",quote
"Parece uma piada de mau gosto, mas infelizmente é a nossa realidade. O candidato passou uma tremenda vergonha ao tentar explicar o inexplicável.",biased
"Com um discurso desastroso, a oposição histérica mostrou sem pudor a sua verdadeira face intolerante e odiosa. É um verdadeiro absurdo que alguém assim ainda tenha qualquer apoio.",biased
"Durante a entrevista, o pesquisador ressaltou que ""o governo tira remédio da Farmácia Popular, mas mantém outras mamatas intactas"".",quote
"Em nota oficial, o líder da oposição afirmou: ""o governo tira remédio da Farmácia Popular, mas mantém outras mamatas intactas"".",quote
O presidente negacionista despreparado tentou emplacar mais uma narrativa falsa para enganar os eleitores incautos. E os defensores cegos continuam aplaudindo esse desastre.,biased
Ninguém aguenta mais tanto cinismo e cara de pau. A bancada do retrocesso fugiu das perguntas dos jornalistas como o diabo foge da cruz.,biased
"Durante a entrevista, o senador declarou que ""a aprovação da reforma tributária na câmara é para ontem"".",quote
"""O país finalmente está voltando aos trilhos certos"", declarou o senador.",quote
Lamentável ter que assistir a esse tipo de postura na televisão. O governador oportunista mostrou sem pudor a sua verdadeira face intolerante e odiosa.,biased
"A velha política demonstrou total e absoluta falta de preparo no debate de ontem, o que é hipócrita. É um verdadeiro absurdo que alguém assim ainda tenha qualquer apoio.",biased
"Com um discurso completamente vergonhoso, a bancada do retrocesso tentou emplacar mais uma narrativa falsa para enganar os eleitores incautos. E os defensores cegos continuam aplaudindo esse desastre.",biased
"""Não há qualquer indício de corrupção ou irregularidade neste caso"" - apontou o candidato na sessão de hoje.",quote
"""Nenhum país cresce sem apoiar a ciência e a tecnologia"" - declarou o presidente na sessão de hoje.",quote
"Com um discurso inepto, o atual desgoverno tentou emplacar mais uma narrativa falsa para enganar os eleitores incautos. Enquanto isso, a população pobre sofre as trágicas consequências.",biased
"O governador oportunista desastroso foi, com razão, massacrado pelos adversários nas últimas pesquisas. Ninguém aguenta mais tanto cinismo e cara de pau.",biased
"Totalmente autoritário, a legenda conservadora continua diariamente com seu show de horrores nas redes sociais.",biased
"O presidente negacionista tentou, sem sucesso, maquiar os números aterrorizantes de sua gestão, o que é demagogo. E os defensores cegos continuam aplaudindo esse desastre.",biased
"Com um discurso criminoso, a legenda conservadora passou uma tremenda vergonha ao tentar explicar o inexplicável. É o fim da picada para o nosso país.",biased
"Com um discurso desastroso, a oposição histérica promoveu mais um circo midiático apenas para animar seus fãs extremistas. Parece uma piada de mau gosto, mas infelizmente é a nossa realidade.",biased
"Com um discurso inepto, o suposto líder passou pano para os desvios milionários de seus aliados mais próximos. Parece uma piada de mau gosto, mas infelizmente é a nossa realidade.",biased
"O governador oportunista promoveu mais um circo midiático apenas para animar seus fãs extremistas, o que é oportunista. É o fim da picada para o nosso país.",biased
"""A inflação está completamente fora de controle"", declarou o ministro da Economia.",quote
"Com um discurso despreparado, o ex-ministro fugiu das perguntas dos jornalistas como o diabo foge da cruz. A internet, claro, não perdoou e subiu dezenas de tags pejorativas.",biased
"Com um discurso arrogante, o politiqueiro foi, com razão, massacrado pelos adversários nas últimas pesquisas. Atitude típica e esperada de quem não tem nenhum projeto viável para o Brasil.",biased
"O candidato inepto promoveu mais um circo midiático apenas para animar seus fãs extremistas. Parece uma piada de mau gosto, mas infelizmente é a nossa realidade.",biased
É o fim da picada para o nosso país. O partido esquerdista continua diariamente com seu show de horrores nas redes sociais.,biased
É o fim da picada para o nosso país. A legenda conservadora continua diariamente com seu show de horrores nas redes sociais.,biased
"Totalmente completamente vergonhoso, o candidato tentou emplacar mais uma narrativa falsa para enganar os eleitores incautos.",biased
"Com um discurso arrogante, o candidato passou pano para os desvios milionários de seus aliados mais próximos. É um verdadeiro absurdo que alguém assim ainda tenha qualquer apoio.",biased
"Com um discurso autoritário, o ex-ministro passou pano para os desvios milionários de seus aliados mais próximos. Ninguém aguenta mais tanto cinismo e cara de pau.",biased
"Totalmente despreparado, a legenda conservadora fugiu das perguntas dos jornalistas como o diabo foge da cruz.",biased
"O politiqueiro arrogante mostrou sem pudor a sua verdadeira face intolerante e odiosa. A internet, claro, não perdoou e subiu dezenas de tags pejorativas.",biased
"Totalmente demagogo, o partido esquerdista passou pano para os desvios milionários de seus aliados mais próximos.",biased
"O partido esquerdista só sabe atacar as instituições ao invés de propor soluções reais, o que é despreparado. Ninguém aguenta mais tanto cinismo e cara de pau.",biased
"Em nota oficial, o candidato ressaltou: ""nenhum país cresce sem apoiar a ciência e a tecnologia"".",quote
"Em nota oficial, a deputada avaliou: ""as estatais devem servir ao povo, não a interesses escusos"".",quote
"Totalmente totalmente alienado, o ex-ministro tentou emplacar mais uma narrativa falsa para enganar os eleitores incautos.",biased
"Em nota oficial, a ministra da Saúde assinalou: ""não há qualquer indício de corrupção ou irregularidade neste caso"".",quote
"O governador oportunista passou pano para os desvios milionários de seus aliados mais próximos, o que é despreparado. E os defensores cegos continuam aplaudindo esse desastre.",biased
"A oposição histérica mostrou sem pudor a sua verdadeira face intolerante e odiosa, o que é fascista. É o fim da picada para o nosso país.",biased
"Segundo o candidato, ""a inflação está completamente fora de controle"".",quote
"Durante a entrevista, o porta-voz do governo concluiu que ""precisamos urgentemente investir mais em saúde e educação pública"".",quote
"Com um discurso patético, o candidato só sabe atacar as instituições ao invés de propor soluções reais. Atitude típica e esperada de quem não tem nenhum projeto viável para o Brasil.",biased
"""O sistema de saúde entrou em colapso devido à falta de planejamento"", justificou o ministro da Economia.",quote
"Enquanto isso, a população pobre sofre as trágicas consequências. A oposição histérica passou pano para os desvios milionários de seus aliados mais próximos.",biased
"Durante a entrevista, o candidato garantiu que ""o corte de gastos do governo federal é inevitável"".",quote
O politiqueiro completamente vergonhoso continua diariamente com seu show de horrores nas redes sociais. E os defensores cegos continuam aplaudindo esse desastre.,biased
"Segundo o prefeito, ""o debate político de hoje precisa ser muito mais respeitoso"".",quote
"Totalmente totalmente alienado, a oposição histérica tentou, sem sucesso, maquiar os números aterrorizantes de sua gestão.",biased
"""A aprovação da reforma tributária na câmara é para ontem"", assinalou o senador.",quote
"Atitude típica e esperada de quem não tem nenhum projeto viável para o Brasil. A bancada do retrocesso foi, com razão, massacrado pelos adversários nas últimas pesquisas.",biased
"""Não há qualquer indício de corrupção ou irregularidade neste caso"", disse o ministro da Economia.",quote
"""A segurança pública deve ser a verdadeira prioridade desta gestão"" - criticou o porta-voz do governo na sessão de hoje.",quote
"Em nota oficial, o presidente concluiu: ""não há qualquer indício de corrupção ou irregularidade neste caso"".",quote
"Durante a entrevista, o relator da CPI alertou que ""o sistema de saúde entrou em colapso devido à falta de planejamento"".",quote
"Em nota oficial, o ex-presidente declarou: ""a segurança pública deve ser a verdadeira prioridade desta gestão"".",quote
"""Não podemos, de forma alguma, aceitar esse tipo de retrocesso"", rebateu o senador.",quote
"Atitude típica e esperada de quem não tem nenhum projeto viável para o Brasil. A bancada do retrocesso tentou, sem sucesso, maquiar os números aterrorizantes de sua gestão.",biased
"""A segurança pública deve ser a verdadeira prioridade desta gestão"", prometeu a deputada.",quote
O suposto líder inepto demonstrou total e absoluta falta de preparo no debate de ontem. Uma clara e evidente demonstração de desespero eleitoral desta trupe.,biased
"A velha política só sabe atacar as instituições ao invés de propor soluções reais, o que é autoritário. É o fim da picada para o nosso país.",biased
"Em nota oficial, o relator da CPI ressaltou: ""o sistema de saúde entrou em colapso devido à falta de planejamento"".",quote
"Em nota oficial, a deputada advertiu: ""as estatais devem servir ao povo, não a interesses escusos"".",quote
"Com um discurso autoritário, a legenda conservadora passou pano para os desvios milionários de seus aliados mais próximos. Uma clara e evidente demonstração de desespero eleitoral desta trupe.",biased
"""Este projeto de lei destruirá o meio ambiente em poucos anos"" - concluiu o senador na sessão de hoje.",quote
"O suposto líder passou uma tremenda vergonha ao tentar explicar o inexplicável, o que é inepto. Ninguém aguenta mais tanto cinismo e cara de pau.",biased
"Com um discurso completamente vergonhoso, o ex-ministro agiu como uma verdadeira linha auxiliar de seus chefes políticos. Parece uma piada de mau gosto, mas infelizmente é a nossa realidade.",biased
"O politiqueiro foi, com razão, massacrado pelos adversários nas últimas pesquisas, o que é hipócrita. A internet, claro, não perdoou e subiu dezenas de tags pejorativas.",biased
"Com um discurso demagogo, a bancada do retrocesso promoveu mais um circo midiático apenas para animar seus fãs extremistas. Uma clara e evidente demonstração de desespero eleitoral desta trupe.",biased
"Totalmente incompetente, o politiqueiro agiu como uma verdadeira linha auxiliar de seus chefes políticos.",biased
"O candidato tentou, sem sucesso, maquiar os números aterrorizantes de sua gestão, o que é oportunista. É um verdadeiro absurdo que alguém assim ainda tenha qualquer apoio.",biased
"O governador oportunista demagogo foi, com razão, massacrado pelos adversários nas últimas pesquisas. É o fim da picada para o nosso país.",biased
"Em nota oficial, o porta-voz do governo garantiu: ""não haverá trégua para os que tentam burlar as leis eleitorais"".",quote
"O atual desgoverno foi, com razão, massacrado pelos adversários nas últimas pesquisas, o que é autoritário. Ninguém aguenta mais tanto cinismo e cara de pau.",biased
"Em nota oficial, o prefeito assinalou: ""não adianta tentar cutucar a onça com vara curta neste momento"".",quote
"O presidente negacionista passou pano para os desvios milionários de seus aliados mais próximos, o que é hipócrita. Lamentável ter que assistir a esse tipo de postura na televisão.",biased
"A oposição histérica só sabe atacar as instituições ao invés de propor soluções reais, o que é demagogo. É o fim da picada para o nosso país.",biased
"A legenda conservadora completamente vergonhoso demonstrou total e absoluta falta de preparo no debate de ontem. Enquanto isso, a população pobre sofre as trágicas consequências.",biased
Ninguém aguenta mais tanto cinismo e cara de pau. A oposição histérica agiu como uma verdadeira linha auxiliar de seus chefes políticos.,biased
"O presidente negacionista incompetente tentou, sem sucesso, maquiar os números aterrorizantes de sua gestão. Atitude típica e esperada de quem não tem nenhum projeto viável para o Brasil.",biased
"Segundo o presidente do tribunal, ""a aprovação da reforma tributária na câmara é para ontem"".",quote
"Durante a entrevista, o ministro da Economia assinalou que ""o nosso orçamento anual não fecha sem a criação de novas receitas"".",quote
"""Os pleitos foram um marco para a nossa jovem democracia"", criticou o parlamentar.",quote
"Com um discurso incompetente, o partido esquerdista demonstrou total e absoluta falta de preparo no debate de ontem. É um verdadeiro absurdo que alguém assim ainda tenha qualquer apoio.",biased
O presidente negacionista hipócrita passou uma tremenda vergonha ao tentar explicar o inexplicável. É um verdadeiro absurdo que alguém assim ainda tenha qualquer apoio.,biased
Ninguém aguenta mais tanto cinismo e cara de pau. O ex-ministro demonstrou total e absoluta falta de preparo no debate de ontem.,biased
"Segundo o líder da oposição, ""o nosso orçamento anual não fecha sem a criação de novas receitas"".",quote
"""Precisamos urgentemente investir mais em saúde e educação pública"", prometeu o especialista em segurança.",quote
"O politiqueiro lunático mostrou sem pudor a sua verdadeira face intolerante e odiosa. A internet, claro, não perdoou e subiu dezenas de tags pejorativas.",biased
"Com um discurso demagogo, o politiqueiro passou pano para os desvios milionários de seus aliados mais próximos. Lamentável ter que assistir a esse tipo de postura na televisão.",biased
"""O nosso orçamento anual não fecha sem a criação de novas receitas"" - garantiu o prefeito na sessão de hoje.",quote
É o fim da picada para o nosso país. O suposto líder só sabe atacar as instituições ao invés de propor soluções reais.,biased
"""A segurança pública deve ser a verdadeira prioridade desta gestão"", apontou o candidato.",quote
"""O sistema de saúde entrou em colapso devido à falta de planejamento"" - advertiu a ministra da Saúde na sessão de hoje.",quote
"""O debate político de hoje precisa ser muito mais respeitoso"", prometeu o candidato.",quote
"""O sistema de saúde entrou em colapso devido à falta de planejamento"", rebateu o ministro da Economia.",quote
"O suposto líder completamente vergonhoso demonstrou total e absoluta falta de preparo no debate de ontem. Parece uma piada de mau gosto, mas infelizmente é a nossa realidade.",biased
"Segundo o advogado de defesa, ""a aprovação da reforma tributária na câmara é para ontem"".",quote
"Segundo o prefeito, ""o corte de gastos do governo federal é inevitável"".",quote
"Com um discurso despreparado, o partido esquerdista tentou, sem sucesso, maquiar os números aterrorizantes de sua gestão. Atitude típica e esperada de quem não tem nenhum projeto viável para o Brasil.",biased
"Segundo a ministra da Saúde, ""nenhum país cresce sem apoiar a ciência e a tecnologia"".",quote
"Em nota oficial, o governador disse: ""não adianta tentar cutucar a onça com vara curta neste momento"".",quote
"O suposto líder desastroso foi, com razão, massacrado pelos adversários nas últimas pesquisas. Lamentável ter que assistir a esse tipo de postura na televisão.",biased
"Totalmente arrogante, o suposto líder demonstrou total e absoluta falta de preparo no debate de ontem.",biased
"Durante a entrevista, o advogado de defesa ressaltou que ""precisamos urgentemente investir mais em saúde e educação pública"".",quote
"Com um discurso totalmente alienado, o ex-ministro só sabe atacar as instituições ao invés de propor soluções reais. Ninguém aguenta mais tanto cinismo e cara de pau.",biased
"Totalmente fascista, o politiqueiro passou pano para os desvios milionários de seus aliados mais próximos.",biased
"Totalmente desastroso, a legenda conservadora tentou, sem sucesso, maquiar os números aterrorizantes de sua gestão.",biased
"Durante a entrevista, o parlamentar advertiu que ""o sistema de saúde entrou em colapso devido à falta de planejamento"".",quote
"O partido esquerdista só sabe atacar as instituições ao invés de propor soluções reais, o que é arrogante. Lamentável ter que assistir a esse tipo de postura na televisão.",biased
"Com um discurso oportunista, o candidato passou pano para os desvios milionários de seus aliados mais próximos. Atitude típica e esperada de quem não tem nenhum projeto viável para o Brasil.",biased
E os defensores cegos continuam aplaudindo esse desastre. O suposto líder continua diariamente com seu show de horrores nas redes sociais.,biased
"O atual desgoverno tentou, sem sucesso, maquiar os números aterrorizantes de sua gestão, o que é desastroso. Ninguém aguenta mais tanto cinismo e cara de pau.",biased
"Durante a entrevista, o presidente do tribunal concluiu que ""as estatais devem servir ao povo, não a interesses escusos"".",quote
"Em nota oficial, o presidente do tribunal alertou: ""as eleições foram um marco para a nossa jovem democracia"".",quote
"""Não haverá trégua para os que tentam burlar as leis eleitorais"", apontou a ministra da Saúde.",quote
"Com um discurso criminoso, o candidato continua diariamente com seu show de horrores nas redes sociais. Ninguém aguenta mais tanto cinismo e cara de pau.",biased
"Segundo o prefeito, ""a segurança pública deve ser a verdadeira prioridade desta gestão"".",quote
"Segundo o senador, ""não haverá trégua para os que tentam burlar as leis eleitorais"".",quote
"Durante a entrevista, o ex-presidente rebateu que ""o país finalmente está voltando aos trilhos certos"".",quote
É um verdadeiro absurdo que alguém assim ainda tenha qualquer apoio. O politiqueiro passou uma tremenda vergonha ao tentar explicar o inexplicável.,biased
"Totalmente hipócrita, a legenda conservadora continua diariamente com seu show de horrores nas redes sociais.",biased
"Com um discurso demagogo, o partido esquerdista tentou emplacar mais uma narrativa falsa para enganar os eleitores incautos. Lamentável ter que assistir a esse tipo de postura na televisão.",biased
"Totalmente totalmente alienado, o politiqueiro demonstrou total e absoluta falta de preparo no debate de ontem.",biased
"O governador oportunista foi, com razão, massacrado pelos adversários nas últimas pesquisas, o que é inepto. Lamentável ter que assistir a esse tipo de postura na televisão.",biased
"Segundo a deputada, ""não podemos, de forma alguma, aceitar esse tipo de retrocesso"".",quote
Atitude típica e esperada de quem não tem nenhum projeto viável para o Brasil. A oposição histérica tentou emplacar mais uma narrativa falsa para enganar os eleitores incautos.,biased
"Em nota oficial, o ministro da Economia afirmou: ""este projeto de lei destruirá o meio ambiente em poucos anos"".",quote
"""Não haverá trégua para os que tentam burlar as leis eleitorais"" - rebateu a deputada na sessão de hoje.",quote
"Totalmente oportunista, a velha política mostrou sem pudor a sua verdadeira face intolerante e odiosa.",biased
"""O mercado financeiro vai se recuperar no próximo trimestre, apesar das dificuldades"", afirmou o ministro da Economia.",quote
"Com um discurso fascista, a oposição histérica passou pano para os desvios milionários de seus aliados mais próximos. Lamentável ter que assistir a esse tipo de postura na televisão.",biased
"A oposição histérica passou pano para os desvios milionários de seus aliados mais próximos, o que é autoritário. Ninguém aguenta mais tanto cinismo e cara de pau.",biased
"Com um discurso inepto, o atual desgoverno só sabe atacar as instituições ao invés de propor soluções reais. Uma clara e evidente demonstração de desespero eleitoral desta trupe.",biased
"Durante a entrevista, o prefeito advertiu que ""não há qualquer indício de corrupção ou irregularidade neste caso"".",quote
"A velha política tentou emplacar mais uma narrativa falsa para enganar os eleitores incautos, o que é fascista. E os defensores cegos continuam aplaudindo esse desastre.",biased
"A legenda conservadora só sabe atacar as instituições ao invés de propor soluções reais, o que é patético. Atitude típica e esperada de quem não tem nenhum projeto viável para o Brasil.",biased
"""O país finalmente está voltando aos trilhos certos"", avaliou o porta-voz do governo.",quote
O suposto líder despreparado tentou emplacar mais uma narrativa falsa para enganar os eleitores incautos. Uma clara e evidente demonstração de desespero eleitoral desta trupe.,biased
"""Não adianta tentar cutucar a onça com vara curta neste momento"" - apontou o presidente do tribunal na sessão de hoje.",quote
"Em nota oficial, o governador afirmou: ""a aprovação da reforma tributária na câmara é para ontem"".",quote
"Com um discurso patético, o ex-ministro tentou emplacar mais uma narrativa falsa para enganar os eleitores incautos. E os defensores cegos continuam aplaudindo esse desastre.",biased
"O candidato tentou emplacar mais uma narrativa falsa para enganar os eleitores incautos, o que é totalmente alienado. Lamentável ter que assistir a esse tipo de postura na televisão.",biased
"O ex-ministro tentou, sem sucesso, maquiar os números aterrorizantes de sua gestão, o que é fascista. Lamentável ter que assistir a esse tipo de postura na televisão.",biased
"Durante a entrevista, o porta-voz do governo disse que ""o nosso orçamento anual não fecha sem a criação de novas receitas"".",quote
"O ex-ministro só sabe atacar as instituições ao invés de propor soluções reais, o que é demagogo. É o fim da picada para o nosso país.",biased
"A velha política tentou emplacar mais uma narrativa falsa para enganar os eleitores incautos, o que é totalmente alienado. Lamentável ter que assistir a esse tipo de postura na televisão.",biased
"""Não haverá trégua para os que tentam burlar as leis eleitorais"" - alertou a deputada na sessão de hoje.",quote
"Durante a entrevista, o pesquisador avaliou que ""o debate político de hoje precisa ser muito mais respeitoso"".",quote
"""Nenhum país cresce sem apoiar a ciência e a tecnologia"", advertiu o parlamentar.",quote
O atual desgoverno desastroso tentou emplacar mais uma narrativa falsa para enganar os eleitores incautos. Ninguém aguenta mais tanto cinismo e cara de pau.,biased
"Com um discurso inepto, o atual desgoverno só sabe atacar as instituições ao invés de propor soluções reais. Parece uma piada de mau gosto, mas infelizmente é a nossa realidade.",biased
"Em nota oficial, o advogado de defesa justificou: ""precisamos urgentemente investir mais em saúde e educação pública"".",quote
"O partido esquerdista demonstrou total e absoluta falta de preparo no debate de ontem, o que é hipócrita. Parece uma piada de mau gosto, mas infelizmente é a nossa realidade.",biased
"""A aprovação da reforma tributária na câmara é para ontem"", disse a ministra da Saúde.",quote
"Durante a entrevista, a ministra da Saúde justificou que ""o nosso orçamento anual não fecha sem a criação de novas receitas"".",quote
"""Nenhum país cresce sem apoiar a ciência e a tecnologia"", declarou o governador.",quote
"""As medidas adotadas pelo banco central foram claramente insuficientes"" - alertou o prefeito na sessão de hoje.",quote
"Em nota oficial, o presidente do tribunal advertiu: ""o corte de gastos do governo federal é inevitável"".",quote
"Em nota oficial, o especialista em segurança criticou: ""a aprovação da reforma tributária na câmara é para ontem"".",quote
"O politiqueiro desastroso promoveu mais um circo midiático apenas para animar seus fãs extremistas. Parece uma piada de mau gosto, mas infelizmente é a nossa realidade.",biased
"Durante a entrevista, o ex-presidente alertou que ""este projeto de lei destruirá o meio ambiente em poucos anos"".",quote
"Em nota oficial, o governador declarou: ""o nosso orçamento anual não fecha sem a criação de novas receitas"".",quote
"""Não podemos, de forma alguma, aceitar esse tipo de retrocesso"", criticou o pesquisador.",quote
O ex-ministro despreparado continua diariamente com seu show de horrores nas redes sociais. É o fim da picada para o nosso país.,biased
"Durante a entrevista, o parlamentar declarou que ""o corte de gastos do governo federal é inevitável"".",quote
O partido esquerdista patético promoveu mais um circo midiático apenas para animar seus fãs extremistas. É o fim da picada para o nosso país.,biased
"Em nota oficial, o presidente do tribunal ponderou: ""este projeto de lei destruirá o meio ambiente em poucos anos"".",quote
O ex-ministro oportunista tentou emplacar mais uma narrativa falsa para enganar os eleitores incautos. Uma clara e evidente demonstração de desespero eleitoral desta trupe.,biased
"A legenda conservadora fugiu das perguntas dos jornalistas como o diabo foge da cruz, o que é completamente vergonhoso. Parece uma piada de mau gosto, mas infelizmente é a nossa realidade.",biased
"O suposto líder agiu como uma verdadeira linha auxiliar de seus chefes políticos, o que é demagogo. Ninguém aguenta mais tanto cinismo e cara de pau.",biased
"Totalmente arrogante, o atual desgoverno demonstrou total e absoluta falta de preparo no debate de ontem.",biased
"O politiqueiro passou uma tremenda vergonha ao tentar explicar o inexplicável, o que é inepto. Atitude típica e esperada de quem não tem nenhum projeto viável para o Brasil.",biased
"Em nota oficial, a ministra da Saúde rebateu: ""a economia vai se recuperar no próximo trimestre, apesar das dificuldades"".",quote
"Com um discurso desastroso, a velha política demonstrou total e absoluta falta de preparo no debate de ontem. Atitude típica e esperada de quem não tem nenhum projeto viável para o Brasil.",biased
É um verdadeiro absurdo que alguém assim ainda tenha qualquer apoio. O ex-ministro agiu como uma verdadeira linha auxiliar de seus chefes políticos.,biased
"Com um discurso arrogante, a legenda conservadora passou pano para os desvios milionários de seus aliados mais próximos. É o fim da picada para o nosso país.",biased
"""A aprovação da reforma tributária na câmara é para ontem"", declarou a deputada.",quote
"""O governo tira remédio da farmácia popular, mas mantém outras mamatas intactas"", afirmou o pesquisador.",quote
"Com um discurso patético, o partido esquerdista demonstrou total e absoluta falta de preparo no debate de ontem. E os defensores cegos continuam aplaudindo esse desastre.",biased
"""O mercado financeiro vai se recuperar no próximo trimestre, apesar das dificuldades"", rebateu a deputada.",quote
O presidente negacionista autoritário tentou emplacar mais uma narrativa falsa para enganar os eleitores incautos. Lamentável ter que assistir a esse tipo de postura na televisão.,biased
"Totalmente incompetente, a bancada do retrocesso foi, com razão, massacrado pelos adversários nas últimas pesquisas.",biased
Uma clara e evidente demonstração de desespero eleitoral desta trupe. O suposto líder fugiu das perguntas dos jornalistas como o diabo foge da cruz.,biased
"Durante a entrevista, o presidente concluiu que ""o país finalmente está voltando aos trilhos certos"".",quote
"Em nota oficial, o ex-presidente ponderou: ""o governo tira remédio da Farmácia Popular, mas mantém outras mamatas intactas"".",quote
Lamentável ter que assistir a esse tipo de postura na televisão. O ex-ministro demonstrou total e absoluta falta de preparo no debate de ontem.,biased
"""Não adianta tentar cutucar a onça com vara curta neste momento"", afirmou o porta-voz do governo.",quote
"""As eleições foram um marco para a nossa jovem democracia"", declarou o porta-voz do governo.",quote
"O candidato agiu como uma verdadeira linha auxiliar de seus chefes políticos, o que é autoritário. A internet, claro, não perdoou e subiu dezenas de tags pejorativas.",biased
"""Não há qualquer indício de corrupção ou irregularidade neste caso"", afirmou o ex-presidente.",quote
"Em nota oficial, o porta-voz do governo ressaltou: ""a aprovação da reforma tributária na câmara é para ontem"".",quote
"Totalmente totalmente alienado, o ex-ministro mostrou sem pudor a sua verdadeira face intolerante e odiosa.",biased
"""O sistema de saúde entrou em colapso devido à falta de planejamento"", apontou o parlamentar.",quote
"Segundo o advogado de defesa, ""precisamos urgentemente investir mais em saúde e educação pública"".",quote
"O ex-ministro demagogo foi, com razão, massacrado pelos adversários nas últimas pesquisas. É um verdadeiro absurdo que alguém assim ainda tenha qualquer apoio.",biased
"Parece uma piada de mau gosto, mas infelizmente é a nossa realidade. O partido esquerdista passou uma tremenda vergonha ao tentar explicar o inexplicável.",biased
"Totalmente autoritário, o candidato tentou emplacar mais uma narrativa falsa para enganar os eleitores incautos.",biased
"Durante a entrevista, o advogado de defesa alertou que ""não podemos, de forma alguma, aceitar esse tipo de retrocesso"".",quote
"A internet, claro, não perdoou e subiu dezenas de tags pejorativas. O governador oportunista só sabe atacar as instituições ao invés de propor soluções reais.",biased
"Segundo o especialista em segurança, ""o nosso orçamento anual não fecha sem a criação de novas receitas"".",quote
"Totalmente incompetente, o politiqueiro demonstrou total e absoluta falta de preparo no debate de ontem.",biased
"Com um discurso lunático, o suposto líder demonstrou total e absoluta falta de preparo no debate de ontem. Lamentável ter que assistir a esse tipo de postura na televisão.",biased
"A internet, claro, não perdoou e subiu dezenas de tags pejorativas. O atual desgoverno agiu como uma verdadeira linha auxiliar de seus chefes políticos.",biased
"O politiqueiro completamente vergonhoso tentou, sem sucesso, maquiar os números aterrorizantes de sua gestão. E os defensores cegos continuam aplaudindo esse desastre.",biased
"""A inflação está completamente fora de controle"", advertiu o senador.",quote
"Com um discurso completamente vergonhoso, a legenda conservadora foi, com razão, massacrado pelos adversários nas últimas pesquisas. A internet, claro, não perdoou e subiu dezenas de tags pejorativas.",biased
"O presidente negacionista passou pano para os desvios milionários de seus aliados mais próximos, o que é fascista. Enquanto isso, a população pobre sofre as trágicas consequências.",biased
O partido esquerdista inepto só sabe atacar as instituições ao invés de propor soluções reais. Atitude típica e esperada de quem não tem nenhum projeto viável para o Brasil.,biased
"Totalmente oportunista, o politiqueiro demonstrou total e absoluta falta de preparo no debate de ontem.",biased
"""O país finalmente está voltando aos trilhos certos"", garantiu o parlamentar.",quote
"""O corte de gastos do governo federal é inevitável"" - afirmou o pesquisador na sessão de hoje.",quote
"Totalmente hipócrita, o partido esquerdista passou uma tremenda vergonha ao tentar explicar o inexplicável.",biased
"""Não podemos, de forma alguma, aceitar esse tipo de retrocesso"", advertiu o senador.",quote
"""O nosso orçamento anual não fecha sem a criação de novas receitas"" - garantiu o parlamentar na sessão de hoje.",quote
O presidente negacionista incompetente só sabe atacar as instituições ao invés de propor soluções reais. Atitude típica e esperada de quem não tem nenhum projeto viável para o Brasil.,biased
"Segundo o relator da CPI, ""o mercado financeiro vai se recuperar no próximo trimestre, apesar das dificuldades"".",quote
É um verdadeiro absurdo que alguém assim ainda tenha qualquer apoio. O politiqueiro passou pano para os desvios milionários de seus aliados mais próximos.,biased
"O presidente negacionista oportunista tentou, sem sucesso, maquiar os números aterrorizantes de sua gestão. A internet, claro, não perdoou e subiu dezenas de tags pejorativas.",biased
"Totalmente fascista, o candidato mostrou sem pudor a sua verdadeira face intolerante e odiosa.",biased
"Durante a entrevista, a ministra da Saúde rebateu que ""o debate político de hoje precisa ser muito mais respeitoso"".",quote
"Com um discurso criminoso, o ex-ministro continua diariamente com seu show de horrores nas redes sociais. E os defensores cegos continuam aplaudindo esse desastre.",biased
"""As estatais devem servir ao povo, não a interesses escusos"", rebateu o parlamentar.",quote
A bancada do retrocesso fascista continua diariamente com seu show de horrores nas redes sociais. Atitude típica e esperada de quem não tem nenhum projeto viável para o Brasil.,biased
"Com um discurso totalmente alienado, o politiqueiro passou uma tremenda vergonha ao tentar explicar o inexplicável. E os defensores cegos continuam aplaudindo esse desastre.",biased
"Com um discurso desastroso, o partido esquerdista foi, com razão, massacrado pelos adversários nas últimas pesquisas. Lamentável ter que assistir a esse tipo de postura na televisão.",biased
"Com um discurso totalmente alienado, o suposto líder passou pano para os desvios milionários de seus aliados mais próximos. Atitude típica e esperada de quem não tem nenhum projeto viável para o Brasil.",biased
"Segundo o ex-presidente, ""a segurança pública deve ser a verdadeira prioridade desta gestão"".",quote
"Com um discurso totalmente alienado, a velha política passou pano para os desvios milionários de seus aliados mais próximos. Atitude típica e esperada de quem não tem nenhum projeto viável para o Brasil.",biased
"Em nota oficial, o ex-presidente disse: ""as eleições foram um marco para a nossa jovem democracia"".",quote
"Com um discurso criminoso, o presidente negacionista passou uma tremenda vergonha ao tentar explicar o inexplicável. É um verdadeiro absurdo que alguém assim ainda tenha qualquer apoio.",biased
"Segundo o relator da CPI, ""precisamos urgentemente investir mais em saúde e educação pública"".",quote
O ex-ministro incompetente passou uma tremenda vergonha ao tentar explicar o inexplicável. É um verdadeiro absurdo que alguém assim ainda tenha qualquer apoio.,biased
Ninguém aguenta mais tanto cinismo e cara de pau. O candidato passou uma tremenda vergonha ao tentar explicar o inexplicável.,biased
"Em nota oficial, o parlamentar avaliou: ""as medidas adotadas pelo Banco Central foram claramente insuficientes"".",quote
"Em nota oficial, o presidente criticou: ""a aprovação da reforma tributária na câmara é para ontem"".",quote
"Atitude típica e esperada de quem não tem nenhum projeto viável para o Brasil. O candidato tentou, sem sucesso, maquiar os números aterrorizantes de sua gestão.",biased
"Em nota oficial, o especialista em segurança avaliou: ""o nosso orçamento anual não fecha sem a criação de novas receitas"".",quote
"Enquanto isso, a população pobre sofre as trágicas consequências. O partido esquerdista promoveu mais um circo midiático apenas para animar seus fãs extremistas.",biased
O presidente negacionista desastroso fugiu das perguntas dos jornalistas como o diabo foge da cruz. Uma clara e evidente demonstração de desespero eleitoral desta trupe.,biased
"""O mercado financeiro vai se recuperar no próximo trimestre, apesar das dificuldades"" - declarou o presidente na sessão de hoje.",quote
"Em nota oficial, o presidente do tribunal apontou: ""o debate político de hoje precisa ser muito mais respeitoso"".",quote
"Com um discurso desastroso, o atual desgoverno passou pano para os desvios milionários de seus aliados mais próximos. Parece uma piada de mau gosto, mas infelizmente é a nossa realidade.",biased
"""As medidas adotadas pelo banco central foram claramente insuficientes"" - declarou a deputada na sessão de hoje.",quote
"O partido esquerdista promoveu mais um circo midiático apenas para animar seus fãs extremistas, o que é incompetente. É o fim da picada para o nosso país.",biased
"""Não haverá trégua para os que tentam burlar as leis eleitorais"" - apontou a deputada na sessão de hoje.",quote
"O suposto líder mostrou sem pudor a sua verdadeira face intolerante e odiosa, o que é oportunista. É um verdadeiro absurdo que alguém assim ainda tenha qualquer apoio.",biased
"Totalmente inepto, o atual desgoverno mostrou sem pudor a sua verdadeira face intolerante e odiosa.",biased
"O politiqueiro foi, com razão, massacrado pelos adversários nas últimas pesquisas, o que é despreparado. Parece uma piada de mau gosto, mas infelizmente é a nossa realidade.",biased
"Em nota oficial, o advogado de defesa advertiu: ""o nosso orçamento anual não fecha sem a criação de novas receitas"".",quote
"O presidente negacionista oportunista fugiu das perguntas dos jornalistas como o diabo foge da cruz. A internet, claro, não perdoou e subiu dezenas de tags pejorativas.",biased
A oposição histérica despreparado agiu como uma verdadeira linha auxiliar de seus chefes políticos. Lamentável ter que assistir a esse tipo de postura na televisão.,biased
"""O sistema de saúde entrou em colapso devido à falta de planejamento"", ponderou o candidato.",quote
O candidato fascista tentou emplacar mais uma narrativa falsa para enganar os eleitores incautos. Uma clara e evidente demonstração de desespero eleitoral desta trupe.,biased
Lamentável ter que assistir a esse tipo de postura na televisão. O politiqueiro só sabe atacar as instituições ao invés de propor soluções reais.,biased
"Com um discurso oportunista, a legenda conservadora tentou, sem sucesso, maquiar os números aterrorizantes de sua gestão. Parece uma piada de mau gosto, mas infelizmente é a nossa realidade.",biased
"Com um discurso fascista, a oposição histérica demonstrou total e absoluta falta de preparo no debate de ontem. E os defensores cegos continuam aplaudindo esse desastre.",biased
O partido esquerdista desastroso tentou emplacar mais uma narrativa falsa para enganar os eleitores incautos. Ninguém aguenta mais tanto cinismo e cara de pau.,biased
"Totalmente autoritário, o partido esquerdista só sabe atacar as instituições ao invés de propor soluções reais.",biased
"""Os pleitos foram um marco para a nossa jovem democracia"", justificou o advogado de defesa.",quote
"O atual desgoverno tentou, sem sucesso, maquiar os números aterrorizantes de sua gestão, o que é desastroso. Parece uma piada de mau gosto, mas infelizmente é a nossa realidade.",biased
Atitude típica e esperada de quem não tem nenhum projeto viável para o Brasil. O partido esquerdista passou pano para os desvios milionários de seus aliados mais próximos.,biased
"""A aprovação da reforma tributária na câmara é para ontem"" - rebateu o porta-voz do governo na sessão de hoje.",quote
"O atual desgoverno incompetente tentou, sem sucesso, maquiar os números aterrorizantes de sua gestão. Enquanto isso, a população pobre sofre as trágicas consequências.",biased
"Durante a entrevista, o advogado de defesa garantiu que ""não adianta tentar cutucar a onça com vara curta neste momento"".",quote
"""Não haverá trégua para os que tentam burlar as leis eleitorais"" - prometeu o ex-presidente na sessão de hoje.",quote
"Em nota oficial, o ex-presidente apontou: ""não podemos, de forma alguma, aceitar esse tipo de retrocesso"".",quote
"""O corte de gastos do governo federal é inevitável"", ponderou o presidente.",quote
"Enquanto isso, a população pobre sofre as trágicas consequências. A legenda conservadora continua diariamente com seu show de horrores nas redes sociais.",biased
O atual desgoverno oportunista agiu como uma verdadeira linha auxiliar de seus chefes políticos. Uma clara e evidente demonstração de desespero eleitoral desta trupe.,biased
"O candidato fugiu das perguntas dos jornalistas como o diabo foge da cruz, o que é lunático. A internet, claro, não perdoou e subiu dezenas de tags pejorativas.",biased
"""Não há qualquer indício de corrupção ou irregularidade neste caso"", criticou o pesquisador.",quote
"O presidente negacionista demonstrou total e absoluta falta de preparo no debate de ontem, o que é arrogante. Uma clara e evidente demonstração de desespero eleitoral desta trupe.",biased
"A oposição histérica fugiu das perguntas dos jornalistas como o diabo foge da cruz, o que é demagogo. Ninguém aguenta mais tanto cinismo e cara de pau.",biased
"A bancada do retrocesso mostrou sem pudor a sua verdadeira face intolerante e odiosa, o que é despreparado. Parece uma piada de mau gosto, mas infelizmente é a nossa realidade.",biased
A bancada do retrocesso oportunista demonstrou total e absoluta falta de preparo no debate de ontem. É um verdadeiro absurdo que alguém assim ainda tenha qualquer apoio.,biased
"Durante a entrevista, o advogado de defesa afirmou que ""o mercado financeiro vai se recuperar no próximo trimestre, apesar das dificuldades"".",quote
"""O sistema de saúde entrou em colapso devido à falta de planejamento"" - declarou o presidente do tribunal na sessão de hoje.",quote
"Totalmente despreparado, a velha política passou pano para os desvios milionários de seus aliados mais próximos.",biased
"Com um discurso lunático, o politiqueiro só sabe atacar as instituições ao invés de propor soluções reais. É o fim da picada para o nosso país.",biased
"Durante a entrevista, a deputada declarou que ""o nosso orçamento anual não fecha sem a criação de novas receitas"".",quote
"""O debate político de hoje precisa ser muito mais respeitoso"" - assinalou o presidente do tribunal na sessão de hoje.",quote
"O atual desgoverno passou pano para os desvios milionários de seus aliados mais próximos, o que é oportunista. É o fim da picada para o nosso país.",biased
"""O debate político de hoje precisa ser muito mais respeitoso"", assinalou o líder da oposição.",quote
O ex-ministro demagogo demonstrou total e absoluta falta de preparo no debate de ontem. E os defensores cegos continuam aplaudindo esse desastre.,biased
"""Não podemos, de forma alguma, aceitar esse tipo de retrocesso"" - rebateu o candidato na sessão de hoje.",quote
"""A inflação está completamente fora de controle"", justificou o parlamentar.",quote
"Em nota oficial, o candidato criticou: ""este projeto de lei destruirá o meio ambiente em poucos anos"".",quote
"Totalmente lunático, o partido esquerdista passou uma tremenda vergonha ao tentar explicar o inexplicável.",biased
A legenda conservadora demagogo passou uma tremenda vergonha ao tentar explicar o inexplicável. E os defensores cegos continuam aplaudindo esse desastre.,biased
O politiqueiro demagogo passou uma tremenda vergonha ao tentar explicar o inexplicável. Atitude típica e esperada de quem não tem nenhum projeto viável para o Brasil.,biased
"Totalmente desastroso, a bancada do retrocesso passou pano para os desvios milionários de seus aliados mais próximos.",biased
"""Nenhum país cresce sem apoiar a ciência e a tecnologia"", rebateu o advogado de defesa.",quote
O partido esquerdista inepto mostrou sem pudor a sua verdadeira face intolerante e odiosa. É o fim da picada para o nosso país.,biased
"Segundo a ministra da Saúde, ""o corte de gastos do governo federal é inevitável"".",quote
"""Não haverá trégua para os que tentam burlar as leis eleitorais"", apontou o especialista em segurança.",quote
"""A economia vai se recuperar no próximo trimestre, apesar das dificuldades"", ressaltou a deputada.",quote
"Totalmente desastroso, a velha política fugiu das perguntas dos jornalistas como o diabo foge da cruz.",biased
"Durante a entrevista, o advogado de defesa declarou que ""o governo tira remédio da Farmácia Popular, mas mantém outras mamatas intactas"".",quote
"O partido esquerdista só sabe atacar as instituições ao invés de propor soluções reais, o que é arrogante. E os defensores cegos continuam aplaudindo esse desastre.",biased
"Totalmente despreparado, a legenda conservadora promoveu mais um circo midiático apenas para animar seus fãs extremistas.",biased
"""Este projeto de lei destruirá o meio ambiente em poucos anos"", avaliou a ministra da Saúde.",quote
"A oposição histérica tentou, sem sucesso, maquiar os números aterrorizantes de sua gestão, o que é arrogante. Enquanto isso, a população pobre sofre as trágicas consequências.",biased
"Durante a entrevista, o prefeito disse que ""as estatais devem servir ao povo, não a interesses escusos"".",quote
"O partido esquerdista tentou emplacar mais uma narrativa falsa para enganar os eleitores incautos, o que é despreparado. A internet, claro, não perdoou e subiu dezenas de tags pejorativas.",biased
"Em nota oficial, o prefeito apontou: ""o sistema de saúde entrou em colapso devido à falta de planejamento"".",quote
"Durante a entrevista, o presidente declarou que ""o país finalmente está voltando aos trilhos certos"".",quote
"""O governo tira remédio da farmácia popular, mas mantém outras mamatas intactas"" - advertiu o porta-voz do governo na sessão de hoje.",quote
"A velha política passou pano para os desvios milionários de seus aliados mais próximos, o que é totalmente alienado. Lamentável ter que assistir a esse tipo de postura na televisão.",biased
"Com um discurso totalmente alienado, o governador oportunista agiu como uma verdadeira linha auxiliar de seus chefes políticos. Ninguém aguenta mais tanto cinismo e cara de pau.",biased
O presidente negacionista inepto demonstrou total e absoluta falta de preparo no debate de ontem. Atitude típica e esperada de quem não tem nenhum projeto viável para o Brasil.,biased
"Durante a entrevista, o pesquisador rebateu que ""o sistema de saúde entrou em colapso devido à falta de planejamento"".",quote
"Totalmente inepto, o politiqueiro tentou, sem sucesso, maquiar os números aterrorizantes de sua gestão.",biased
"""O governo tira remédio da farmácia popular, mas mantém outras mamatas intactas"", rebateu o prefeito.",quote
"""O nosso orçamento anual não fecha sem a criação de novas receitas"", avaliou o presidente.",quote
"Segundo o ministro da Economia, ""não adianta tentar cutucar a onça com vara curta neste momento"".",quote
"Em nota oficial, o presidente do tribunal ponderou: ""o debate político de hoje precisa ser muito mais respeitoso"".",quote
"Totalmente autoritário, o governador oportunista passou pano para os desvios milionários de seus aliados mais próximos.",biased
"O partido esquerdista autoritário agiu como uma verdadeira linha auxiliar de seus chefes políticos. Parece uma piada de mau gosto, mas infelizmente é a nossa realidade.",biased
"Segundo o pesquisador, ""o corte de gastos do governo federal é inevitável"".",quote
"A legenda conservadora patético demonstrou total e absoluta falta de preparo no debate de ontem. Parece uma piada de mau gosto, mas infelizmente é a nossa realidade.",biased
"""Não adianta tentar cutucar a onça com vara curta neste momento"", garantiu o candidato.",quote
"Segundo a deputada, ""este projeto de lei destruirá o meio ambiente em poucos anos"".",quote
"""Este projeto de lei destruirá o meio ambiente em poucos anos"" - ponderou o presidente do tribunal na sessão de hoje.",quote
O atual desgoverno patético mostrou sem pudor a sua verdadeira face intolerante e odiosa. Uma clara e evidente demonstração de desespero eleitoral desta trupe.,biased
"O candidato só sabe atacar as instituições ao invés de propor soluções reais, o que é autoritário. É o fim da picada para o nosso país.",biased
"Com um discurso autoritário, a bancada do retrocesso só sabe atacar as instituições ao invés de propor soluções reais. A internet, claro, não perdoou e subiu dezenas de tags pejorativas.",biased
A oposição histérica fascista tentou emplacar mais uma narrativa falsa para enganar os eleitores incautos. É o fim da picada para o nosso país.,biased
"Parece uma piada de mau gosto, mas infelizmente é a nossa realidade. O politiqueiro foi, com razão, massacrado pelos adversários nas últimas pesquisas.",biased
"""O debate político de hoje precisa ser muito mais respeitoso"" - criticou o senador na sessão de hoje.",quote
"""O mercado financeiro vai se recuperar no próximo trimestre, apesar das dificuldades"" - avaliou o prefeito na sessão de hoje.",quote
"Totalmente completamente vergonhoso, o governador oportunista fugiu das perguntas dos jornalistas como o diabo foge da cruz.",biased
"""O país finalmente está voltando aos trilhos certos"" - avaliou o especialista em segurança na sessão de hoje.",quote
A legenda conservadora hipócrita agiu como uma verdadeira linha auxiliar de seus chefes políticos. Lamentável ter que assistir a esse tipo de postura na televisão.,biased
"""A economia vai se recuperar no próximo trimestre, apesar das dificuldades"", alertou o relator da CPI.",quote
"""As estatais devem servir ao povo, não a interesses escusos"" - prometeu o ministro da Economia na sessão de hoje.",quote
"""O nosso orçamento anual não fecha sem a criação de novas receitas"", justificou o pesquisador.",quote
"O politiqueiro continua diariamente com seu show de horrores nas redes sociais, o que é lunático. Parece uma piada de mau gosto, mas infelizmente é a nossa realidade.",biased
"""Não podemos, de forma alguma, aceitar esse tipo de retrocesso"", advertiu a deputada.",quote
"Segundo o governador, ""o sistema de saúde entrou em colapso devido à falta de planejamento"".",quote
"Segundo o ministro da Economia, ""o governo tira remédio da Farmácia Popular, mas mantém outras mamatas intactas"".",quote
Atitude típica e esperada de quem não tem nenhum projeto viável para o Brasil. O ex-ministro passou pano para os desvios milionários de seus aliados mais próximos.,biased
"Em nota oficial, o governador rebateu: ""não haverá trégua para os que tentam burlar as leis eleitorais"".",quote
"""As estatais devem servir ao povo, não a interesses escusos"", criticou o senador.",quote
"""Este projeto de lei destruirá o meio ambiente em poucos anos"", assinalou a ministra da Saúde.",quote
"Com um discurso inepto, o presidente negacionista mostrou sem pudor a sua verdadeira face intolerante e odiosa. É o fim da picada para o nosso país.",biased
"O atual desgoverno foi, com razão, massacrado pelos adversários nas últimas pesquisas, o que é lunático. Uma clara e evidente demonstração de desespero eleitoral desta trupe.",biased
"""O país finalmente está voltando aos trilhos certos"", ponderou o presidente do tribunal.",quote
"O candidato promoveu mais um circo midiático apenas para animar seus fãs extremistas, o que é inepto. Uma clara e evidente demonstração de desespero eleitoral desta trupe.",biased
"Em nota oficial, o presidente do tribunal prometeu: ""as eleições foram um marco para a nossa jovem democracia"".",quote
"Com um discurso inepto, a bancada do retrocesso agiu como uma verdadeira linha auxiliar de seus chefes políticos. Uma clara e evidente demonstração de desespero eleitoral desta trupe.",biased
"Totalmente fascista, o atual desgoverno passou uma tremenda vergonha ao tentar explicar o inexplicável.",biased
"O atual desgoverno patético passou pano para os desvios milionários de seus aliados mais próximos. A internet, claro, não perdoou e subiu dezenas de tags pejorativas.",biased
"Durante a entrevista, o senador afirmou que ""não haverá trégua para os que tentam burlar as leis eleitorais"".",quote
"Em nota oficial, o candidato ponderou: ""as estatais devem servir ao povo, não a interesses escusos"".",quote
"Com um discurso demagogo, o partido esquerdista continua diariamente com seu show de horrores nas redes sociais. Lamentável ter que assistir a esse tipo de postura na televisão.",biased
"Totalmente inepto, o candidato foi, com razão, massacrado pelos adversários nas últimas pesquisas.",biased
"O suposto líder tentou emplacar mais uma narrativa falsa para enganar os eleitores incautos, o que é completamente vergonhoso. É o fim da picada para o nosso país.",biased
"O suposto líder mostrou sem pudor a sua verdadeira face intolerante e odiosa, o que é demagogo. A internet, claro, não perdoou e subiu dezenas de tags pejorativas.",biased
"Com um discurso completamente vergonhoso, o candidato mostrou sem pudor a sua verdadeira face intolerante e odiosa. É o fim da picada para o nosso país.",biased
"Atitude típica e esperada de quem não tem nenhum projeto viável para o Brasil. O ex-ministro foi, com razão, massacrado pelos adversários nas últimas pesquisas.",biased
"""As estatais devem servir ao povo, não a interesses escusos"" - disse o líder da oposição na sessão de hoje.",quote
"Com um discurso lunático, o partido esquerdista passou uma tremenda vergonha ao tentar explicar o inexplicável. É o fim da picada para o nosso país.",biased
Atitude típica e esperada de quem não tem nenhum projeto viável para o Brasil. O candidato mostrou sem pudor a sua verdadeira face intolerante e odiosa.,biased
"Em nota oficial, o líder da oposição declarou: ""o debate político de hoje precisa ser muito mais respeitoso"".",quote
"A velha política despreparado tentou, sem sucesso, maquiar os números aterrorizantes de sua gestão. É um verdadeiro absurdo que alguém assim ainda tenha qualquer apoio.",biased
"""Precisamos urgentemente investir mais em saúde e educação pública"", advertiu a ministra da Saúde.",quote
"Uma clara e evidente demonstração de desespero eleitoral desta trupe. O ex-ministro foi, com razão, massacrado pelos adversários nas últimas pesquisas.",biased
"Segundo o líder da oposição, ""a economia vai se recuperar no próximo trimestre, apesar das dificuldades"".",quote
Uma clara e evidente demonstração de desespero eleitoral desta trupe. O governador oportunista demonstrou total e absoluta falta de preparo no debate de ontem.,biased
"Totalmente desastroso, a oposição histérica só sabe atacar as instituições ao invés de propor soluções reais.",biased
"É um verdadeiro absurdo que alguém assim ainda tenha qualquer apoio. O politiqueiro tentou, sem sucesso, maquiar os números aterrorizantes de sua gestão.",biased
"O ex-ministro demagogo promoveu mais um circo midiático apenas para animar seus fãs extremistas. A internet, claro, não perdoou e subiu dezenas de tags pejorativas.",biased
"O candidato só sabe atacar as instituições ao invés de propor soluções reais, o que é demagogo. E os defensores cegos continuam aplaudindo esse desastre.",biased
"""Não haverá trégua para os que tentam burlar as leis eleitorais"", avaliou o parlamentar.",quote
A oposição histérica demagogo passou uma tremenda vergonha ao tentar explicar o inexplicável. Uma clara e evidente demonstração de desespero eleitoral desta trupe.,biased
"O candidato passou uma tremenda vergonha ao tentar explicar o inexplicável, o que é incompetente. Enquanto isso, a população pobre sofre as trágicas consequências.",biased
"Com um discurso desastroso, o presidente negacionista só sabe atacar as instituições ao invés de propor soluções reais. Ninguém aguenta mais tanto cinismo e cara de pau.",biased
"O atual desgoverno fugiu das perguntas dos jornalistas como o diabo foge da cruz, o que é completamente vergonhoso. E os defensores cegos continuam aplaudindo esse desastre.",biased
"Durante a entrevista, o ministro da Economia afirmou que ""a segurança pública deve ser a verdadeira prioridade desta gestão"".",quote
"A legenda conservadora fugiu das perguntas dos jornalistas como o diabo foge da cruz, o que é oportunista. A internet, claro, não perdoou e subiu dezenas de tags pejorativas.",biased
"Durante a entrevista, o ex-presidente ressaltou que ""a aprovação da reforma tributária na câmara é para ontem"".",quote
"""O país finalmente está voltando aos trilhos certos"", disse o relator da CPI.",quote
"Com um discurso lunático, a bancada do retrocesso continua diariamente com seu show de horrores nas redes sociais. Enquanto isso, a população pobre sofre as trágicas consequências.",biased
"O presidente negacionista só sabe atacar as instituições ao invés de propor soluções reais, o que é completamente vergonhoso. A internet, claro, não perdoou e subiu dezenas de tags pejorativas.",biased
O candidato desastroso promoveu mais um circo midiático apenas para animar seus fãs extremistas. É um verdadeiro absurdo que alguém assim ainda tenha qualquer apoio.,biased
"Totalmente lunático, a velha política passou pano para os desvios milionários de seus aliados mais próximos.",biased
"""O país finalmente está voltando aos trilhos certos"" - assinalou a deputada na sessão de hoje.",quote
"Com um discurso hipócrita, a bancada do retrocesso passou pano para os desvios milionários de seus aliados mais próximos. É um verdadeiro absurdo que alguém assim ainda tenha qualquer apoio.",biased
"Enquanto isso, a população pobre sofre as trágicas consequências. A legenda conservadora tentou, sem sucesso, maquiar os números aterrorizantes de sua gestão.",biased
"Totalmente demagogo, o suposto líder só sabe atacar as instituições ao invés de propor soluções reais.",biased
"""Os pleitos foram um marco para a nossa jovem democracia"" - ressaltou o governador na sessão de hoje.",quote
"Totalmente hipócrita, a oposição histérica promoveu mais um circo midiático apenas para animar seus fãs extremistas.",biased
O ex-ministro despreparado só sabe atacar as instituições ao invés de propor soluções reais. Lamentável ter que assistir a esse tipo de postura na televisão.,biased
"O suposto líder fugiu das perguntas dos jornalistas como o diabo foge da cruz, o que é arrogante. Parece uma piada de mau gosto, mas infelizmente é a nossa realidade.",biased
"Com um discurso completamente vergonhoso, a oposição histérica tentou emplacar mais uma narrativa falsa para enganar os eleitores incautos. Parece uma piada de mau gosto, mas infelizmente é a nossa realidade.",biased
"Totalmente criminoso, a velha política tentou emplacar mais uma narrativa falsa para enganar os eleitores incautos.",biased
"O candidato hipócrita foi, com razão, massacrado pelos adversários nas últimas pesquisas. É o fim da picada para o nosso país.",biased
É um verdadeiro absurdo que alguém assim ainda tenha qualquer apoio. O ex-ministro demonstrou total e absoluta falta de preparo no debate de ontem.,biased
"""Não há qualquer indício de corrupção ou irregularidade neste caso"" - ponderou o relator da CPI na sessão de hoje.",quote
"""O corte de gastos do governo federal é inevitável"", avaliou o presidente.",quote
O atual desgoverno oportunista mostrou sem pudor a sua verdadeira face intolerante e odiosa. É um verdadeiro absurdo que alguém assim ainda tenha qualquer apoio.,biased
A oposição histérica oportunista demonstrou total e absoluta falta de preparo no debate de ontem. Lamentável ter que assistir a esse tipo de postura na televisão.,biased
"""As estatais devem servir ao povo, não a interesses escusos"", ponderou o líder da oposição.",quote
"Em nota oficial, o relator da CPI ponderou: ""a inflação está completamente fora de controle"".",quote
"Com um discurso arrogante, o candidato fugiu das perguntas dos jornalistas como o diabo foge da cruz. Atitude típica e esperada de quem não tem nenhum projeto viável para o Brasil.",biased
"O presidente negacionista promoveu mais um circo midiático apenas para animar seus fãs extremistas, o que é hipócrita. Atitude típica e esperada de quem não tem nenhum projeto viável para o Brasil.",biased
"Durante a entrevista, o porta-voz do governo advertiu que ""precisamos urgentemente investir mais em saúde e educação pública"".",quote
"A oposição histérica tentou, sem sucesso, maquiar os números aterrorizantes de sua gestão, o que é oportunista. Enquanto isso, a população pobre sofre as trágicas consequências.",biased
"A bancada do retrocesso desastroso mostrou sem pudor a sua verdadeira face intolerante e odiosa. A internet, claro, não perdoou e subiu dezenas de tags pejorativas.",biased
"Em nota oficial, o pesquisador advertiu: ""a segurança pública deve ser a verdadeira prioridade desta gestão"".",quote
"Totalmente desastroso, a legenda conservadora só sabe atacar as instituições ao invés de propor soluções reais.",biased
A velha política despreparado promoveu mais um circo midiático apenas para animar seus fãs extremistas. Uma clara e evidente demonstração de desespero eleitoral desta trupe.,biased
"Totalmente desastroso, o governador oportunista continua diariamente com seu show de horrores nas redes sociais.",biased
O presidente negacionista patético só sabe atacar as instituições ao invés de propor soluções reais. Ninguém aguenta mais tanto cinismo e cara de pau.,biased
"""A aprovação da reforma tributária na câmara é para ontem"" - alertou o advogado de defesa na sessão de hoje.",quote
"O presidente negacionista promoveu mais um circo midiático apenas para animar seus fãs extremistas, o que é desastroso. Atitude típica e esperada de quem não tem nenhum projeto viável para o Brasil.",biased
Lamentável ter que assistir a esse tipo de postura na televisão. O presidente negacionista passou uma tremenda vergonha ao tentar explicar o inexplicável.,biased
"Em nota oficial, o presidente do tribunal avaliou: ""não adianta tentar cutucar a onça com vara curta neste momento"".",quote
"Com um discurso demagogo, o candidato foi, com razão, massacrado pelos adversários nas últimas pesquisas. É o fim da picada para o nosso país.",biased
"Em nota oficial, a deputada justificou: ""o corte de gastos do governo federal é inevitável"".",quote
"A legenda conservadora promoveu mais um circo midiático apenas para animar seus fãs extremistas, o que é desastroso. E os defensores cegos continuam aplaudindo esse desastre.",biased
"O partido esquerdista continua diariamente com seu show de horrores nas redes sociais, o que é desastroso. Atitude típica e esperada de quem não tem nenhum projeto viável para o Brasil.",biased
"""Os pleitos foram um marco para a nossa jovem democracia"", garantiu o porta-voz do governo.",quote
"Com um discurso autoritário, o governador oportunista demonstrou total e absoluta falta de preparo no debate de ontem. A internet, claro, não perdoou e subiu dezenas de tags pejorativas.",biased
"Com um discurso incompetente, o politiqueiro agiu como uma verdadeira linha auxiliar de seus chefes políticos. Atitude típica e esperada de quem não tem nenhum projeto viável para o Brasil.",biased
O candidato fascista só sabe atacar as instituições ao invés de propor soluções reais. É um verdadeiro absurdo que alguém assim ainda tenha qualquer apoio.,biased
"""O governo tira remédio da farmácia popular, mas mantém outras mamatas intactas"", ressaltou o ex-presidente.",quote
"Totalmente totalmente alienado, o partido esquerdista passou uma tremenda vergonha ao tentar explicar o inexplicável.",biased
"Em nota oficial, o líder da oposição afirmou: ""as estatais devem servir ao povo, não a interesses escusos"".",quote
"Segundo o ministro da Economia, ""os pleitos foram um marco para a nossa jovem democracia"".",quote
"Em nota oficial, o senador afirmou: ""a aprovação da reforma tributária na câmara é para ontem"".",quote
"Segundo o especialista em segurança, ""o mercado financeiro vai se recuperar no próximo trimestre, apesar das dificuldades"".",quote
"A legenda conservadora passou pano para os desvios milionários de seus aliados mais próximos, o que é oportunista. Lamentável ter que assistir a esse tipo de postura na televisão.",biased
"O governador oportunista passou pano para os desvios milionários de seus aliados mais próximos, o que é incompetente. Atitude típica e esperada de quem não tem nenhum projeto viável para o Brasil.",biased
"Com um discurso fascista, a bancada do retrocesso promoveu mais um circo midiático apenas para animar seus fãs extremistas. Parece uma piada de mau gosto, mas infelizmente é a nossa realidade.",biased
O governador oportunista fascista tentou emplacar mais uma narrativa falsa para enganar os eleitores incautos. Uma clara e evidente demonstração de desespero eleitoral desta trupe.,biased
"Totalmente fascista, o atual desgoverno tentou, sem sucesso, maquiar os números aterrorizantes de sua gestão.",biased
"Durante a entrevista, o ex-presidente avaliou que ""a inflação está completamente fora de controle"".",quote
"O suposto líder completamente vergonhoso tentou, sem sucesso, maquiar os números aterrorizantes de sua gestão. Lamentável ter que assistir a esse tipo de postura na televisão.",biased
O ex-ministro arrogante demonstrou total e absoluta falta de preparo no debate de ontem. E os defensores cegos continuam aplaudindo esse desastre.,biased
"Em nota oficial, o parlamentar ponderou: ""não há qualquer indício de corrupção ou irregularidade neste caso"".",quote
"Totalmente lunático, o atual desgoverno tentou emplacar mais uma narrativa falsa para enganar os eleitores incautos.",biased
"Em nota oficial, o senador alertou: ""este projeto de lei destruirá o meio ambiente em poucos anos"".",quote
"O atual desgoverno tentou, sem sucesso, maquiar os números aterrorizantes de sua gestão, o que é completamente vergonhoso. Parece uma piada de mau gosto, mas infelizmente é a nossa realidade.",biased
"Segundo o governador, ""as medidas adotadas pelo Banco Central foram claramente insuficientes"".",quote
"""A aprovação da reforma tributária na câmara é para ontem"", avaliou o ministro da Economia.",quote
"""A inflação está completamente fora de controle"", ressaltou o líder da oposição.",quote
"Durante a entrevista, o candidato apontou que ""este projeto de lei destruirá o meio ambiente em poucos anos"".",quote
"Durante a entrevista, o senador disse que ""este projeto de lei destruirá o meio ambiente em poucos anos"".",quote
"""Não haverá trégua para os que tentam burlar as leis eleitorais"", declarou o ex-presidente.",quote
"Durante a entrevista, o presidente disse que ""não podemos, de forma alguma, aceitar esse tipo de retrocesso"".",quote
"""O governo tira remédio da farmácia popular, mas mantém outras mamatas intactas"", advertiu o governador.",quote
"Durante a entrevista, o relator da CPI justificou que ""o debate político de hoje precisa ser muito mais respeitoso"".",quote
"Com um discurso oportunista, o candidato promoveu mais um circo midiático apenas para animar seus fãs extremistas. Enquanto isso, a população pobre sofre as trágicas consequências.",biased
"Com um discurso fascista, o atual desgoverno passou uma tremenda vergonha ao tentar explicar o inexplicável. A internet, claro, não perdoou e subiu dezenas de tags pejorativas.",biased
"Durante a entrevista, o relator da CPI justificou que ""a segurança pública deve ser a verdadeira prioridade desta gestão"".",quote
É o fim da picada para o nosso país. O atual desgoverno só sabe atacar as instituições ao invés de propor soluções reais.,biased
"Totalmente autoritário, o partido esquerdista tentou emplacar mais uma narrativa falsa para enganar os eleitores incautos.",biased
O atual desgoverno autoritário demonstrou total e absoluta falta de preparo no debate de ontem. Ninguém aguenta mais tanto cinismo e cara de pau.,biased
"O suposto líder passou uma tremenda vergonha ao tentar explicar o inexplicável, o que é fascista. Parece uma piada de mau gosto, mas infelizmente é a nossa realidade.",biased
"Totalmente completamente vergonhoso, o atual desgoverno foi, com razão, massacrado pelos adversários nas últimas pesquisas.",biased
"Com um discurso incompetente, o partido esquerdista fugiu das perguntas dos jornalistas como o diabo foge da cruz. Uma clara e evidente demonstração de desespero eleitoral desta trupe.",biased
"""As eleições foram um marco para a nossa jovem democracia"", declarou o parlamentar.",quote
"Totalmente totalmente alienado, o governador oportunista continua diariamente com seu show de horrores nas redes sociais.",biased
O presidente negacionista fascista continua diariamente com seu show de horrores nas redes sociais. Lamentável ter que assistir a esse tipo de postura na televisão.,biased
"""Não há qualquer indício de corrupção ou irregularidade neste caso"" - justificou o pesquisador na sessão de hoje.",quote
"""O sistema de saúde entrou em colapso devido à falta de planejamento"", rebateu o especialista em segurança.",quote
"Com um discurso demagogo, o politiqueiro passou uma tremenda vergonha ao tentar explicar o inexplicável. Parece uma piada de mau gosto, mas infelizmente é a nossa realidade.",biased
"Enquanto isso, a população pobre sofre as trágicas consequências. A legenda conservadora passou uma tremenda vergonha ao tentar explicar o inexplicável.",biased
"Com um discurso demagogo, o partido esquerdista passou pano para os desvios milionários de seus aliados mais próximos. Ninguém aguenta mais tanto cinismo e cara de pau.",biased
"Com um discurso fascista, o ex-ministro continua diariamente com seu show de horrores nas redes sociais. Lamentável ter que assistir a esse tipo de postura na televisão.",biased
É um verdadeiro absurdo que alguém assim ainda tenha qualquer apoio. O partido esquerdista tentou emplacar mais uma narrativa falsa para enganar os eleitores incautos.,biased
O candidato oportunista agiu como uma verdadeira linha auxiliar de seus chefes políticos. E os defensores cegos continuam aplaudindo esse desastre.,biased
"O politiqueiro foi, com razão, massacrado pelos adversários nas últimas pesquisas, o que é inepto. Ninguém aguenta mais tanto cinismo e cara de pau.",biased
"Em nota oficial, o parlamentar assinalou: ""não adianta tentar cutucar a onça com vara curta neste momento"".",quote
"Com um discurso autoritário, o ex-ministro passou uma tremenda vergonha ao tentar explicar o inexplicável. A internet, claro, não perdoou e subiu dezenas de tags pejorativas.",biased
"""A aprovação da reforma tributária na câmara é para ontem"" - prometeu o advogado de defesa na sessão de hoje.",quote
"Em nota oficial, o candidato alertou: ""nenhum país cresce sem apoiar a ciência e a tecnologia"".",quote
"""O sistema de saúde entrou em colapso devido à falta de planejamento"", prometeu o relator da CPI.",quote
"Em nota oficial, a deputada ressaltou: ""as estatais devem servir ao povo, não a interesses escusos"".",quote
"Com um discurso desastroso, a bancada do retrocesso só sabe atacar as instituições ao invés de propor soluções reais. Lamentável ter que assistir a esse tipo de postura na televisão.",biased
"Parece uma piada de mau gosto, mas infelizmente é a nossa realidade. A velha política fugiu das perguntas dos jornalistas como o diabo foge da cruz.",biased
"Em nota oficial, o presidente justificou: ""a economia vai se recuperar no próximo trimestre, apesar das dificuldades"".",quote
"A legenda conservadora continua diariamente com seu show de horrores nas redes sociais, o que é completamente vergonhoso. Lamentável ter que assistir a esse tipo de postura na televisão.",biased
O ex-ministro arrogante continua diariamente com seu show de horrores nas redes sociais. É o fim da picada para o nosso país.,biased
"Com um discurso inepto, o candidato passou uma tremenda vergonha ao tentar explicar o inexplicável. É um verdadeiro absurdo que alguém assim ainda tenha qualquer apoio.",biased
"O candidato criminoso passou pano para os desvios milionários de seus aliados mais próximos. Parece uma piada de mau gosto, mas infelizmente é a nossa realidade.",biased
"""Não podemos, de forma alguma, aceitar esse tipo de retrocesso"", advertiu a ministra da Saúde.",quote
"Totalmente incompetente, o presidente negacionista demonstrou total e absoluta falta de preparo no debate de ontem.",biased
"Totalmente inepto, o suposto líder continua diariamente com seu show de horrores nas redes sociais.",biased
"Enquanto isso, a população pobre sofre as trágicas consequências. O candidato foi, com razão, massacrado pelos adversários nas últimas pesquisas.",biased
A oposição histérica desastroso demonstrou total e absoluta falta de preparo no debate de ontem. Lamentável ter que assistir a esse tipo de postura na televisão.,biased
"O ex-ministro tentou, sem sucesso, maquiar os números aterrorizantes de sua gestão, o que é completamente vergonhoso. E os defensores cegos continuam aplaudindo esse desastre.",biased
"O governador oportunista agiu como uma verdadeira linha auxiliar de seus chefes políticos, o que é completamente vergonhoso. E os defensores cegos continuam aplaudindo esse desastre.",biased
"""A segurança pública deve ser a verdadeira prioridade desta gestão"", rebateu o presidente do tribunal.",quote
"Durante a entrevista, o presidente do tribunal concluiu que ""os pleitos foram um marco para a nossa jovem democracia"".",quote
"Em nota oficial, o presidente prometeu: ""os pleitos foram um marco para a nossa jovem democracia"".",quote
"Durante a entrevista, a deputada justificou que ""a segurança pública deve ser a verdadeira prioridade desta gestão"".",quote
"Com um discurso oportunista, a oposição histérica promoveu mais um circo midiático apenas para animar seus fãs extremistas. Enquanto isso, a população pobre sofre as trágicas consequências.",biased
"""O sistema de saúde entrou em colapso devido à falta de planejamento"", apontou o ex-presidente.",quote
"""Nenhum país cresce sem apoiar a ciência e a tecnologia"" - avaliou o pesquisador na sessão de hoje.",quote
Ninguém aguenta mais tanto cinismo e cara de pau. O atual desgoverno mostrou sem pudor a sua verdadeira face intolerante e odiosa.,biased
"Com um discurso hipócrita, o presidente negacionista mostrou sem pudor a sua verdadeira face intolerante e odiosa. Lamentável ter que assistir a esse tipo de postura na televisão.",biased
"Segundo a deputada, ""as medidas adotadas pelo Banco Central foram claramente insuficientes"".",quote
"O presidente negacionista mostrou sem pudor a sua verdadeira face intolerante e odiosa, o que é completamente vergonhoso. Uma clara e evidente demonstração de desespero eleitoral desta trupe.",biased
É um verdadeiro absurdo que alguém assim ainda tenha qualquer apoio. O partido esquerdista passou pano para os desvios milionários de seus aliados mais próximos.,biased
"""A segurança pública deve ser a verdadeira prioridade desta gestão"" - avaliou a deputada na sessão de hoje.",quote
"Em nota oficial, o pesquisador criticou: ""o sistema de saúde entrou em colapso devido à falta de planejamento"".",quote
"Com um discurso desastroso, a oposição histérica tentou, sem sucesso, maquiar os números aterrorizantes de sua gestão. Parece uma piada de mau gosto, mas infelizmente é a nossa realidade.",biased
"Totalmente totalmente alienado, a oposição histérica promoveu mais um circo midiático apenas para animar seus fãs extremistas.",biased
O partido esquerdista arrogante continua diariamente com seu show de horrores nas redes sociais. É um verdadeiro absurdo que alguém assim ainda tenha qualquer apoio.,biased
"O partido esquerdista mostrou sem pudor a sua verdadeira face intolerante e odiosa, o que é fascista. Ninguém aguenta mais tanto cinismo e cara de pau.",biased
"Totalmente oportunista, o partido esquerdista demonstrou total e absoluta falta de preparo no debate de ontem.",biased
"Durante a entrevista, o porta-voz do governo concluiu que ""o corte de gastos do governo federal é inevitável"".",quote
A bancada do retrocesso hipócrita continua diariamente com seu show de horrores nas redes sociais. Ninguém aguenta mais tanto cinismo e cara de pau.,biased
"O atual desgoverno tentou, sem sucesso, maquiar os números aterrorizantes de sua gestão, o que é completamente vergonhoso. A internet, claro, não perdoou e subiu dezenas de tags pejorativas.",biased
"Com um discurso autoritário, o ex-ministro tentou, sem sucesso, maquiar os números aterrorizantes de sua gestão. Atitude típica e esperada de quem não tem nenhum projeto viável para o Brasil.",biased
"""Não adianta tentar cutucar a onça com vara curta neste momento"", disse a ministra da Saúde.",quote
"""Não adianta tentar cutucar a onça com vara curta neste momento"", prometeu o pesquisador.",quote
E os defensores cegos continuam aplaudindo esse desastre. A bancada do retrocesso tentou emplacar mais uma narrativa falsa para enganar os eleitores incautos.,biased
"Com um discurso despreparado, a oposição histérica tentou, sem sucesso, maquiar os números aterrorizantes de sua gestão. Parece uma piada de mau gosto, mas infelizmente é a nossa realidade.",biased
"O presidente negacionista fugiu das perguntas dos jornalistas como o diabo foge da cruz, o que é inepto. E os defensores cegos continuam aplaudindo esse desastre.",biased
"Com um discurso autoritário, a velha política passou pano para os desvios milionários de seus aliados mais próximos. É o fim da picada para o nosso país.",biased
"Com um discurso inepto, o candidato fugiu das perguntas dos jornalistas como o diabo foge da cruz. É um verdadeiro absurdo que alguém assim ainda tenha qualquer apoio.",biased
"Totalmente patético, o atual desgoverno passou uma tremenda vergonha ao tentar explicar o inexplicável.",biased
"Durante a entrevista, o advogado de defesa garantiu que ""o sistema de saúde entrou em colapso devido à falta de planejamento"".",quote
"Totalmente patético, a oposição histérica fugiu das perguntas dos jornalistas como o diabo foge da cruz.",biased
O suposto líder lunático fugiu das perguntas dos jornalistas como o diabo foge da cruz. Lamentável ter que assistir a esse tipo de postura na televisão.,biased
O candidato lunático mostrou sem pudor a sua verdadeira face intolerante e odiosa. É o fim da picada para o nosso país.,biased
"Durante a entrevista, o especialista em segurança assinalou que ""não há qualquer indício de corrupção ou irregularidade neste caso"".",quote
"Com um discurso autoritário, o atual desgoverno passou uma tremenda vergonha ao tentar explicar o inexplicável. Enquanto isso, a população pobre sofre as trágicas consequências.",biased
E os defensores cegos continuam aplaudindo esse desastre. A velha política promoveu mais um circo midiático apenas para animar seus fãs extremistas.,biased
"Totalmente oportunista, o politiqueiro tentou emplacar mais uma narrativa falsa para enganar os eleitores incautos.",biased
"O presidente negacionista hipócrita passou uma tremenda vergonha ao tentar explicar o inexplicável. Enquanto isso, a população pobre sofre as trágicas consequências.",biased
"Com um discurso despreparado, a bancada do retrocesso agiu como uma verdadeira linha auxiliar de seus chefes políticos. A internet, claro, não perdoou e subiu dezenas de tags pejorativas.",biased
"O presidente negacionista demagogo passou pano para os desvios milionários de seus aliados mais próximos. Parece uma piada de mau gosto, mas infelizmente é a nossa realidade.",biased
"""A segurança pública deve ser a verdadeira prioridade desta gestão"", advertiu o advogado de defesa.",quote
"Enquanto isso, a população pobre sofre as trágicas consequências. O atual desgoverno tentou emplacar mais uma narrativa falsa para enganar os eleitores incautos.",biased
"""A inflação está completamente fora de controle"" - assinalou o parlamentar na sessão de hoje.",quote
"""As medidas adotadas pelo banco central foram claramente insuficientes"" - concluiu o prefeito na sessão de hoje.",quote
"Em nota oficial, o ministro da Economia declarou: ""o governo tira remédio da Farmácia Popular, mas mantém outras mamatas intactas"".",quote
"O politiqueiro foi, com razão, massacrado pelos adversários nas últimas pesquisas, o que é patético. A internet, claro, não perdoou e subiu dezenas de tags pejorativas.",biased
A velha política incompetente passou uma tremenda vergonha ao tentar explicar o inexplicável. Lamentável ter que assistir a esse tipo de postura na televisão.,biased
A bancada do retrocesso incompetente mostrou sem pudor a sua verdadeira face intolerante e odiosa. Lamentável ter que assistir a esse tipo de postura na televisão.,biased
"A oposição histérica desastroso demonstrou total e absoluta falta de preparo no debate de ontem. Parece uma piada de mau gosto, mas infelizmente é a nossa realidade.",biased
"A oposição histérica arrogante continua diariamente com seu show de horrores nas redes sociais. A internet, claro, não perdoou e subiu dezenas de tags pejorativas.",biased
"""A segurança pública deve ser a verdadeira prioridade desta gestão"", ponderou o parlamentar.",quote
"Com um discurso patético, a legenda conservadora continua diariamente com seu show de horrores nas redes sociais. A internet, claro, não perdoou e subiu dezenas de tags pejorativas.",biased
"Com um discurso despreparado, o presidente negacionista demonstrou total e absoluta falta de preparo no debate de ontem. É um verdadeiro absurdo que alguém assim ainda tenha qualquer apoio.",biased
"Com um discurso incompetente, a velha política promoveu mais um circo midiático apenas para animar seus fãs extremistas. Lamentável ter que assistir a esse tipo de postura na televisão.",biased
"Enquanto isso, a população pobre sofre as trágicas consequências. A velha política só sabe atacar as instituições ao invés de propor soluções reais.",biased
"Durante a entrevista, o pesquisador prometeu que ""o país finalmente está voltando aos trilhos certos"".",quote
"Totalmente lunático, a velha política passou uma tremenda vergonha ao tentar explicar o inexplicável.",biased
"Totalmente despreparado, o politiqueiro foi, com razão, massacrado pelos adversários nas últimas pesquisas.",biased
"Durante a entrevista, o ministro da Economia prometeu que ""a aprovação da reforma tributária na câmara é para ontem"".",quote
"Em nota oficial, o ex-presidente alertou: ""precisamos urgentemente investir mais em saúde e educação pública"".",quote
"Com um discurso fascista, o partido esquerdista passou pano para os desvios milionários de seus aliados mais próximos. Parece uma piada de mau gosto, mas infelizmente é a nossa realidade.",biased
"Segundo o especialista em segurança, ""não adianta tentar cutucar a onça com vara curta neste momento"".",quote
O politiqueiro patético passou pano para os desvios milionários de seus aliados mais próximos. Ninguém aguenta mais tanto cinismo e cara de pau.,biased
"""O nosso orçamento anual não fecha sem a criação de novas receitas"" - criticou o especialista em segurança na sessão de hoje.",quote
"Com um discurso patético, o politiqueiro promoveu mais um circo midiático apenas para animar seus fãs extremistas. Parece uma piada de mau gosto, mas infelizmente é a nossa realidade.",biased
Uma clara e evidente demonstração de desespero eleitoral desta trupe. A oposição histérica tentou emplacar mais uma narrativa falsa para enganar os eleitores incautos.,biased
"Durante a entrevista, o candidato ressaltou que ""o sistema de saúde entrou em colapso devido à falta de planejamento"".",quote
"Durante a entrevista, o prefeito declarou que ""o debate político de hoje precisa ser muito mais respeitoso"".",quote
"Com um discurso autoritário, o politiqueiro tentou, sem sucesso, maquiar os números aterrorizantes de sua gestão. Lamentável ter que assistir a esse tipo de postura na televisão.",biased
"Em nota oficial, o ministro da Economia rebateu: ""não podemos, de forma alguma, aceitar esse tipo de retrocesso"".",quote
"""O mercado financeiro vai se recuperar no próximo trimestre, apesar das dificuldades"", garantiu o pesquisador.",quote
"Com um discurso lunático, o partido esquerdista fugiu das perguntas dos jornalistas como o diabo foge da cruz. Atitude típica e esperada de quem não tem nenhum projeto viável para o Brasil.",biased
"O atual desgoverno só sabe atacar as instituições ao invés de propor soluções reais, o que é demagogo. E os defensores cegos continuam aplaudindo esse desastre.",biased
"A bancada do retrocesso tentou emplacar mais uma narrativa falsa para enganar os eleitores incautos, o que é demagogo. A internet, claro, não perdoou e subiu dezenas de tags pejorativas.",biased
"Com um discurso despreparado, o presidente negacionista agiu como uma verdadeira linha auxiliar de seus chefes políticos. E os defensores cegos continuam aplaudindo esse desastre.",biased
"Com um discurso criminoso, a velha política promoveu mais um circo midiático apenas para animar seus fãs extremistas. Atitude típica e esperada de quem não tem nenhum projeto viável para o Brasil.",biased
"Durante a entrevista, o especialista em segurança disse que ""os pleitos foram um marco para a nossa jovem democracia"".",quote
"O candidato arrogante tentou, sem sucesso, maquiar os números aterrorizantes de sua gestão. A internet, claro, não perdoou e subiu dezenas de tags pejorativas.",biased
"Durante a entrevista, o presidente justificou que ""o sistema de saúde entrou em colapso devido à falta de planejamento"".",quote
"""O nosso orçamento anual não fecha sem a criação de novas receitas"", afirmou o ex-presidente.",quote
"Durante a entrevista, o líder da oposição concluiu que ""o governo tira remédio da Farmácia Popular, mas mantém outras mamatas intactas"".",quote
"Enquanto isso, a população pobre sofre as trágicas consequências. A oposição histérica agiu como uma verdadeira linha auxiliar de seus chefes políticos.",biased
É o fim da picada para o nosso país. O atual desgoverno tentou emplacar mais uma narrativa falsa para enganar os eleitores incautos.,biased
"A bancada do retrocesso hipócrita passou uma tremenda vergonha ao tentar explicar o inexplicável. A internet, claro, não perdoou e subiu dezenas de tags pejorativas.",biased
"Com um discurso desastroso, a oposição histérica só sabe atacar as instituições ao invés de propor soluções reais. Ninguém aguenta mais tanto cinismo e cara de pau.",biased
"""O corte de gastos do governo federal é inevitável"" - prometeu o advogado de defesa na sessão de hoje.",quote
"Com um discurso hipócrita, a velha política promoveu mais um circo midiático apenas para animar seus fãs extremistas. É o fim da picada para o nosso país.",biased
"Em nota oficial, o líder da oposição prometeu: ""precisamos urgentemente investir mais em saúde e educação pública"".",quote
"""Este projeto de lei destruirá o meio ambiente em poucos anos"", prometeu o ministro da Economia.",quote
"Durante a entrevista, o prefeito concluiu que ""a aprovação da reforma tributária na câmara é para ontem"".",quote
"Totalmente demagogo, o ex-ministro tentou, sem sucesso, maquiar os números aterrorizantes de sua gestão.",biased
"""A segurança pública deve ser a verdadeira prioridade desta gestão"", garantiu o ex-presidente.",quote
"""Os pleitos foram um marco para a nossa jovem democracia"" - alertou o porta-voz do governo na sessão de hoje.",quote
"Durante a entrevista, o presidente ponderou que ""precisamos urgentemente investir mais em saúde e educação pública"".",quote
"Em nota oficial, o relator da CPI prometeu: ""não adianta tentar cutucar a onça com vara curta neste momento"".",quote
"O presidente negacionista desastroso foi, com razão, massacrado pelos adversários nas últimas pesquisas. É um verdadeiro absurdo que alguém assim ainda tenha qualquer apoio.",biased
"Em nota oficial, a ministra da Saúde avaliou: ""o mercado financeiro vai se recuperar no próximo trimestre, apesar das dificuldades"".",quote
A legenda conservadora oportunista continua diariamente com seu show de horrores nas redes sociais. Uma clara e evidente demonstração de desespero eleitoral desta trupe.,biased
O candidato totalmente alienado passou uma tremenda vergonha ao tentar explicar o inexplicável. E os defensores cegos continuam aplaudindo esse desastre.,biased
"Com um discurso arrogante, o governador oportunista agiu como uma verdadeira linha auxiliar de seus chefes políticos. Atitude típica e esperada de quem não tem nenhum projeto viável para o Brasil.",biased
"""O país finalmente está voltando aos trilhos certos"", criticou o ex-presidente.",quote
"Em nota oficial, o ministro da Economia apontou: ""o debate político de hoje precisa ser muito mais respeitoso"".",quote
"A bancada do retrocesso foi, com razão, massacrado pelos adversários nas últimas pesquisas, o que é autoritário. Lamentável ter que assistir a esse tipo de postura na televisão.",biased
"Totalmente despreparado, a velha política tentou emplacar mais uma narrativa falsa para enganar os eleitores incautos.",biased
"Segundo a ministra da Saúde, ""as eleições foram um marco para a nossa jovem democracia"".",quote
"Segundo o parlamentar, ""os pleitos foram um marco para a nossa jovem democracia"".",quote
"Durante a entrevista, o ex-presidente justificou que ""não haverá trégua para os que tentam burlar as leis eleitorais"".",quote
"Enquanto isso, a população pobre sofre as trágicas consequências. O atual desgoverno só sabe atacar as instituições ao invés de propor soluções reais.",biased
"Em nota oficial, o ex-presidente disse: ""precisamos urgentemente investir mais em saúde e educação pública"".",quote
"Durante a entrevista, o parlamentar ressaltou que ""o país finalmente está voltando aos trilhos certos"".",quote
"""A inflação está completamente fora de controle"", criticou o prefeito.",quote
"O presidente negacionista promoveu mais um circo midiático apenas para animar seus fãs extremistas, o que é oportunista. Lamentável ter que assistir a esse tipo de postura na televisão.",biased
"Segundo o relator da CPI, ""o país finalmente está voltando aos trilhos certos"".",quote
"""A inflação está completamente fora de controle"", advertiu o presidente do tribunal.",quote
"""A aprovação da reforma tributária na câmara é para ontem"", ressaltou o porta-voz do governo.",quote
"""O corte de gastos do governo federal é inevitável"" - ponderou o governador na sessão de hoje.",quote
"""Precisamos urgentemente investir mais em saúde e educação pública"", afirmou o relator da CPI.",quote
"""Não há qualquer indício de corrupção ou irregularidade neste caso"", disse o pesquisador.",quote
"Com um discurso completamente vergonhoso, o governador oportunista agiu como uma verdadeira linha auxiliar de seus chefes políticos. Uma clara e evidente demonstração de desespero eleitoral desta trupe.",biased
Uma clara e evidente demonstração de desespero eleitoral desta trupe. A bancada do retrocesso fugiu das perguntas dos jornalistas como o diabo foge da cruz.,biased
"Com um discurso completamente vergonhoso, o governador oportunista fugiu das perguntas dos jornalistas como o diabo foge da cruz. Uma clara e evidente demonstração de desespero eleitoral desta trupe.",biased
"""Não haverá trégua para os que tentam burlar as leis eleitorais"" - advertiu o presidente na sessão de hoje.",quote
"Durante a entrevista, o prefeito apontou que ""não adianta tentar cutucar a onça com vara curta neste momento"".",quote
A oposição histérica hipócrita agiu como uma verdadeira linha auxiliar de seus chefes políticos. É um verdadeiro absurdo que alguém assim ainda tenha qualquer apoio.,biased
"O ex-ministro mostrou sem pudor a sua verdadeira face intolerante e odiosa, o que é completamente vergonhoso. Ninguém aguenta mais tanto cinismo e cara de pau.",biased
"A internet, claro, não perdoou e subiu dezenas de tags pejorativas. O politiqueiro mostrou sem pudor a sua verdadeira face intolerante e odiosa.",biased
A oposição histérica lunático mostrou sem pudor a sua verdadeira face intolerante e odiosa. Uma clara e evidente demonstração de desespero eleitoral desta trupe.,biased
"Com um discurso oportunista, a oposição histérica foi, com razão, massacrado pelos adversários nas últimas pesquisas. Parece uma piada de mau gosto, mas infelizmente é a nossa realidade.",biased
"Com um discurso completamente vergonhoso, o governador oportunista só sabe atacar as instituições ao invés de propor soluções reais. Lamentável ter que assistir a esse tipo de postura na televisão.",biased
"Enquanto isso, a população pobre sofre as trágicas consequências. A legenda conservadora promoveu mais um circo midiático apenas para animar seus fãs extremistas.",biased
"O atual desgoverno agiu como uma verdadeira linha auxiliar de seus chefes políticos, o que é inepto. É o fim da picada para o nosso país.",biased
"Com um discurso lunático, o suposto líder tentou emplacar mais uma narrativa falsa para enganar os eleitores incautos. A internet, claro, não perdoou e subiu dezenas de tags pejorativas.",biased
"""A economia vai se recuperar no próximo trimestre, apesar das dificuldades"" - afirmou o prefeito na sessão de hoje.",quote
O candidato inepto só sabe atacar as instituições ao invés de propor soluções reais. É um verdadeiro absurdo que alguém assim ainda tenha qualquer apoio.,biased
"Em nota oficial, o líder da oposição advertiu: ""o corte de gastos do governo federal é inevitável"".",quote
"Totalmente patético, o presidente negacionista fugiu das perguntas dos jornalistas como o diabo foge da cruz.",biased
"""As medidas adotadas pelo banco central foram claramente insuficientes"", ponderou o pesquisador.",quote
"""Não há qualquer indício de corrupção ou irregularidade neste caso"", concluiu o presidente.",quote
"Durante a entrevista, o presidente ressaltou que ""os pleitos foram um marco para a nossa jovem democracia"".",quote
"Com um discurso desastroso, o partido esquerdista fugiu das perguntas dos jornalistas como o diabo foge da cruz. A internet, claro, não perdoou e subiu dezenas de tags pejorativas.",biased
"Lamentável ter que assistir a esse tipo de postura na televisão. A oposição histérica tentou, sem sucesso, maquiar os números aterrorizantes de sua gestão.",biased
O governador oportunista arrogante demonstrou total e absoluta falta de preparo no debate de ontem. Uma clara e evidente demonstração de desespero eleitoral desta trupe.,biased
"O partido esquerdista agiu como uma verdadeira linha auxiliar de seus chefes políticos, o que é hipócrita. A internet, claro, não perdoou e subiu dezenas de tags pejorativas.",biased
O politiqueiro desastroso passou uma tremenda vergonha ao tentar explicar o inexplicável. Atitude típica e esperada de quem não tem nenhum projeto viável para o Brasil.,biased
"Segundo o advogado de defesa, ""o mercado financeiro vai se recuperar no próximo trimestre, apesar das dificuldades"".",quote
"Totalmente totalmente alienado, o governador oportunista passou pano para os desvios milionários de seus aliados mais próximos.",biased
"Com um discurso demagogo, o ex-ministro passou uma tremenda vergonha ao tentar explicar o inexplicável. Enquanto isso, a população pobre sofre as trágicas consequências.",biased
"Em nota oficial, o advogado de defesa garantiu: ""não adianta tentar cutucar a onça com vara curta neste momento"".",quote
"Totalmente arrogante, o candidato tentou emplacar mais uma narrativa falsa para enganar os eleitores incautos.",biased
"A internet, claro, não perdoou e subiu dezenas de tags pejorativas. A oposição histérica tentou emplacar mais uma narrativa falsa para enganar os eleitores incautos.",biased
"Totalmente demagogo, o suposto líder demonstrou total e absoluta falta de preparo no debate de ontem.",biased
"Durante a entrevista, o advogado de defesa assinalou que ""precisamos urgentemente investir mais em saúde e educação pública"".",quote
"Com um discurso demagogo, o suposto líder agiu como uma verdadeira linha auxiliar de seus chefes políticos. Enquanto isso, a população pobre sofre as trágicas consequências.",biased
"""Não há qualquer indício de corrupção ou irregularidade neste caso"", afirmou o ministro da Economia.",quote
"Durante a entrevista, a ministra da Saúde garantiu que ""este projeto de lei destruirá o meio ambiente em poucos anos"".",quote
"Em nota oficial, o advogado de defesa advertiu: ""o país finalmente está voltando aos trilhos certos"".",quote
"Com um discurso criminoso, a velha política continua diariamente com seu show de horrores nas redes sociais. A internet, claro, não perdoou e subiu dezenas de tags pejorativas.",biased
"Enquanto isso, a população pobre sofre as trágicas consequências. O partido esquerdista mostrou sem pudor a sua verdadeira face intolerante e odiosa.",biased
"Em nota oficial, a ministra da Saúde garantiu: ""o debate político de hoje precisa ser muito mais respeitoso"".",quote
"O partido esquerdista tentou emplacar mais uma narrativa falsa para enganar os eleitores incautos, o que é patético. Ninguém aguenta mais tanto cinismo e cara de pau.",biased
"""O nosso orçamento anual não fecha sem a criação de novas receitas"" - declarou o pesquisador na sessão de hoje.",quote
"Totalmente desastroso, o presidente negacionista agiu como uma verdadeira linha auxiliar de seus chefes políticos.",biased
"Totalmente completamente vergonhoso, o partido esquerdista passou pano para os desvios milionários de seus aliados mais próximos.",biased
O presidente negacionista patético promoveu mais um circo midiático apenas para animar seus fãs extremistas. Ninguém aguenta mais tanto cinismo e cara de pau.,biased
"O governador oportunista tentou emplacar mais uma narrativa falsa para enganar os eleitores incautos, o que é oportunista. Atitude típica e esperada de quem não tem nenhum projeto viável para o Brasil.",biased
"""A economia vai se recuperar no próximo trimestre, apesar das dificuldades"", rebateu o advogado de defesa.",quote
"Totalmente hipócrita, o suposto líder mostrou sem pudor a sua verdadeira face intolerante e odiosa.",biased
"A oposição histérica autoritário passou uma tremenda vergonha ao tentar explicar o inexplicável. Parece uma piada de mau gosto, mas infelizmente é a nossa realidade.",biased
"""O debate político de hoje precisa ser muito mais respeitoso"", concluiu o senador.",quote
"""O nosso orçamento anual não fecha sem a criação de novas receitas"", advertiu o porta-voz do governo.",quote
"Parece uma piada de mau gosto, mas infelizmente é a nossa realidade. O suposto líder passou pano para os desvios milionários de seus aliados mais próximos.",biased
"Em nota oficial, o porta-voz do governo disse: ""precisamos urgentemente investir mais em saúde e educação pública"".",quote
"Segundo a ministra da Saúde, ""precisamos urgentemente investir mais em saúde e educação pública"".",quote
"""O corte de gastos do governo federal é inevitável"", justificou o porta-voz do governo.",quote
"Totalmente arrogante, a bancada do retrocesso tentou, sem sucesso, maquiar os números aterrorizantes de sua gestão.",biased
"A bancada do retrocesso só sabe atacar as instituições ao invés de propor soluções reais, o que é inepto. Atitude típica e esperada de quem não tem nenhum projeto viável para o Brasil.",biased
"Com um discurso demagogo, a velha política tentou emplacar mais uma narrativa falsa para enganar os eleitores incautos. Lamentável ter que assistir a esse tipo de postura na televisão.",biased
"Com um discurso patético, o governador oportunista fugiu das perguntas dos jornalistas como o diabo foge da cruz. E os defensores cegos continuam aplaudindo esse desastre.",biased
O suposto líder incompetente passou pano para os desvios milionários de seus aliados mais próximos. É o fim da picada para o nosso país.,biased
Ninguém aguenta mais tanto cinismo e cara de pau. O candidato continua diariamente com seu show de horrores nas redes sociais.,biased
O governador oportunista criminoso fugiu das perguntas dos jornalistas como o diabo foge da cruz. E os defensores cegos continuam aplaudindo esse desastre.,biased
"O presidente negacionista tentou emplacar mais uma narrativa falsa para enganar os eleitores incautos, o que é oportunista. Atitude típica e esperada de quem não tem nenhum projeto viável para o Brasil.",biased
"Totalmente despreparado, o ex-ministro fugiu das perguntas dos jornalistas como o diabo foge da cruz.",biased
"Parece uma piada de mau gosto, mas infelizmente é a nossa realidade. A bancada do retrocesso promoveu mais um circo midiático apenas para animar seus fãs extremistas.",biased
"Com um discurso arrogante, o candidato mostrou sem pudor a sua verdadeira face intolerante e odiosa. É o fim da picada para o nosso país.",biased
"Em nota oficial, o relator da CPI apontou: ""o nosso orçamento anual não fecha sem a criação de novas receitas"".",quote
"""O governo tira remédio da farmácia popular, mas mantém outras mamatas intactas"" - assinalou o parlamentar na sessão de hoje.",quote
"""Não podemos, de forma alguma, aceitar esse tipo de retrocesso"" - alertou o líder da oposição na sessão de hoje.",quote
"O politiqueiro continua diariamente com seu show de horrores nas redes sociais, o que é totalmente alienado. Ninguém aguenta mais tanto cinismo e cara de pau.",biased
"""A segurança pública deve ser a verdadeira prioridade desta gestão"" - avaliou o prefeito na sessão de hoje.",quote
"Com um discurso despreparado, a velha política tentou emplacar mais uma narrativa falsa para enganar os eleitores incautos. A internet, claro, não perdoou e subiu dezenas de tags pejorativas.",biased
"Enquanto isso, a população pobre sofre as trágicas consequências. O suposto líder agiu como uma verdadeira linha auxiliar de seus chefes políticos.",biased
"Segundo a ministra da Saúde, ""não adianta tentar cutucar a onça com vara curta neste momento"".",quote
"Durante a entrevista, o candidato ressaltou que ""a aprovação da reforma tributária na câmara é para ontem"".",quote
"Totalmente inepto, a velha política passou uma tremenda vergonha ao tentar explicar o inexplicável.",biased
"""O corte de gastos do governo federal é inevitável"" - rebateu o relator da CPI na sessão de hoje.",quote
A velha política autoritário mostrou sem pudor a sua verdadeira face intolerante e odiosa. Lamentável ter que assistir a esse tipo de postura na televisão.,biased
"""Nenhum país cresce sem apoiar a ciência e a tecnologia"", prometeu o prefeito.",quote
"""Nenhum país cresce sem apoiar a ciência e a tecnologia"" - assinalou a ministra da Saúde na sessão de hoje.",quote
A oposição histérica fascista demonstrou total e absoluta falta de preparo no debate de ontem. É o fim da picada para o nosso país.,biased
"A velha política criminoso tentou, sem sucesso, maquiar os números aterrorizantes de sua gestão. Parece uma piada de mau gosto, mas infelizmente é a nossa realidade.",biased
"Com um discurso incompetente, o partido esquerdista tentou emplacar mais uma narrativa falsa para enganar os eleitores incautos. E os defensores cegos continuam aplaudindo esse desastre.",biased
"""A inflação está completamente fora de controle"" - justificou o senador na sessão de hoje.",quote
"Com um discurso desastroso, o atual desgoverno mostrou sem pudor a sua verdadeira face intolerante e odiosa. É um verdadeiro absurdo que alguém assim ainda tenha qualquer apoio.",biased
"""O país finalmente está voltando aos trilhos certos"" - criticou o ministro da Economia na sessão de hoje.",quote
"""Não adianta tentar cutucar a onça com vara curta neste momento"", assinalou o presidente do tribunal.",quote
O governador oportunista despreparado agiu como uma verdadeira linha auxiliar de seus chefes políticos. Atitude típica e esperada de quem não tem nenhum projeto viável para o Brasil.,biased
O ex-ministro hipócrita mostrou sem pudor a sua verdadeira face intolerante e odiosa. É o fim da picada para o nosso país.,biased
"""Os pleitos foram um marco para a nossa jovem democracia"", advertiu o prefeito.",quote
Atitude típica e esperada de quem não tem nenhum projeto viável para o Brasil. A oposição histérica só sabe atacar as instituições ao invés de propor soluções reais.,biased
"""O debate político de hoje precisa ser muito mais respeitoso"", criticou o especialista em segurança.",quote
"Totalmente lunático, o atual desgoverno só sabe atacar as instituições ao invés de propor soluções reais.",biased
"Durante a entrevista, o advogado de defesa disse que ""o governo tira remédio da Farmácia Popular, mas mantém outras mamatas intactas"".",quote
"Segundo a deputada, ""não há qualquer indício de corrupção ou irregularidade neste caso"".",quote
"""O corte de gastos do governo federal é inevitável"" - prometeu o governador na sessão de hoje.",quote
O partido esquerdista incompetente passou uma tremenda vergonha ao tentar explicar o inexplicável. Atitude típica e esperada de quem não tem nenhum projeto viável para o Brasil.,biased
"Totalmente demagogo, o politiqueiro tentou emplacar mais uma narrativa falsa para enganar os eleitores incautos.",biased
"Em nota oficial, a deputada concluiu: ""a inflação está completamente fora de controle"".",quote
"Com um discurso despreparado, o governador oportunista só sabe atacar as instituições ao invés de propor soluções reais. É o fim da picada para o nosso país.",biased
"Com um discurso criminoso, o presidente negacionista passou pano para os desvios milionários de seus aliados mais próximos. E os defensores cegos continuam aplaudindo esse desastre.",biased
"Totalmente incompetente, a bancada do retrocesso só sabe atacar as instituições ao invés de propor soluções reais.",biased
"Em nota oficial, a deputada ressaltou: ""este projeto de lei destruirá o meio ambiente em poucos anos"".",quote
"Em nota oficial, o candidato rebateu: ""a inflação está completamente fora de controle"".",quote
"""As estatais devem servir ao povo, não a interesses escusos"" - alertou o parlamentar na sessão de hoje.",quote
"""As medidas adotadas pelo banco central foram claramente insuficientes"", ponderou o ministro da Economia.",quote
"Segundo o governador, ""o mercado financeiro vai se recuperar no próximo trimestre, apesar das dificuldades"".",quote
"Totalmente desastroso, a velha política foi, com razão, massacrado pelos adversários nas últimas pesquisas.",biased
"Em nota oficial, o advogado de defesa prometeu: ""o corte de gastos do governo federal é inevitável"".",quote
"""Não haverá trégua para os que tentam burlar as leis eleitorais"", ponderou o porta-voz do governo.",quote
"""Não adianta tentar cutucar a onça com vara curta neste momento"" - disse o candidato na sessão de hoje.",quote
"Durante a entrevista, o parlamentar rebateu que ""não adianta tentar cutucar a onça com vara curta neste momento"".",quote
"Em nota oficial, o porta-voz do governo disse: ""a segurança pública deve ser a verdadeira prioridade desta gestão"".",quote
"""O sistema de saúde entrou em colapso devido à falta de planejamento"" - garantiu o governador na sessão de hoje.",quote
"Totalmente autoritário, o candidato só sabe atacar as instituições ao invés de propor soluções reais.",biased
"Durante a entrevista, o ex-presidente apontou que ""a inflação está completamente fora de controle"".",quote
"""As estatais devem servir ao povo, não a interesses escusos"" - afirmou o candidato na sessão de hoje.",quote
"Durante a entrevista, o candidato apontou que ""a inflação está completamente fora de controle"".",quote
"Com um discurso inepto, a bancada do retrocesso promoveu mais um circo midiático apenas para animar seus fãs extremistas. É o fim da picada para o nosso país.",biased
"""O corte de gastos do governo federal é inevitável"" - garantiu a ministra da Saúde na sessão de hoje.",quote
"Com um discurso incompetente, o atual desgoverno tentou emplacar mais uma narrativa falsa para enganar os eleitores incautos. É um verdadeiro absurdo que alguém assim ainda tenha qualquer apoio.",biased
"Em nota oficial, o parlamentar criticou: ""o país finalmente está voltando aos trilhos certos"".",quote
"O governador oportunista demonstrou total e absoluta falta de preparo no debate de ontem, o que é oportunista. É o fim da picada para o nosso país.",biased
"Parece uma piada de mau gosto, mas infelizmente é a nossa realidade. O candidato fugiu das perguntas dos jornalistas como o diabo foge da cruz.",biased
"""O debate político de hoje precisa ser muito mais respeitoso"", alertou o senador.",quote
"Totalmente despreparado, o politiqueiro mostrou sem pudor a sua verdadeira face intolerante e odiosa.",biased
"""O governo tira remédio da farmácia popular, mas mantém outras mamatas intactas"", assinalou o governador.",quote
"""A aprovação da reforma tributária na câmara é para ontem"" - disse o líder da oposição na sessão de hoje.",quote
"""Não haverá trégua para os que tentam burlar as leis eleitorais"", advertiu a ministra da Saúde.",quote
"Uma clara e evidente demonstração de desespero eleitoral desta trupe. A velha política tentou, sem sucesso, maquiar os números aterrorizantes de sua gestão.",biased
"Em nota oficial, o pesquisador rebateu: ""não há qualquer indício de corrupção ou irregularidade neste caso"".",quote
"""A segurança pública deve ser a verdadeira prioridade desta gestão"" - ressaltou o líder da oposição na sessão de hoje.",quote
"Com um discurso autoritário, o ex-ministro mostrou sem pudor a sua verdadeira face intolerante e odiosa. É o fim da picada para o nosso país.",biased
"""Não podemos, de forma alguma, aceitar esse tipo de retrocesso"" - advertiu o candidato na sessão de hoje.",quote
"Em nota oficial, o parlamentar apontou: ""precisamos urgentemente investir mais em saúde e educação pública"".",quote
"""O debate político de hoje precisa ser muito mais respeitoso"", declarou o porta-voz do governo.",quote
"A legenda conservadora tentou emplacar mais uma narrativa falsa para enganar os eleitores incautos, o que é oportunista. É um verdadeiro absurdo que alguém assim ainda tenha qualquer apoio.",biased
O partido esquerdista hipócrita passou pano para os desvios milionários de seus aliados mais próximos. Uma clara e evidente demonstração de desespero eleitoral desta trupe.,biased
"É o fim da picada para o nosso país. A oposição histérica foi, com razão, massacrado pelos adversários nas últimas pesquisas.",biased
"Em nota oficial, o prefeito justificou: ""não haverá trégua para os que tentam burlar as leis eleitorais"".",quote
"Durante a entrevista, o porta-voz do governo concluiu que ""o governo tira remédio da Farmácia Popular, mas mantém outras mamatas intactas"".",quote
"A velha política mostrou sem pudor a sua verdadeira face intolerante e odiosa, o que é completamente vergonhoso. É um verdadeiro absurdo que alguém assim ainda tenha qualquer apoio.",biased
"""O corte de gastos do governo federal é inevitável"", alertou o candidato.",quote
"Enquanto isso, a população pobre sofre as trágicas consequências. O candidato agiu como uma verdadeira linha auxiliar de seus chefes políticos.",biased
"Totalmente fascista, a bancada do retrocesso mostrou sem pudor a sua verdadeira face intolerante e odiosa.",biased
"Segundo o candidato, ""as eleições foram um marco para a nossa jovem democracia"".",quote
"O suposto líder fugiu das perguntas dos jornalistas como o diabo foge da cruz, o que é oportunista. Enquanto isso, a população pobre sofre as trágicas consequências.",biased
"Totalmente patético, o candidato tentou emplacar mais uma narrativa falsa para enganar os eleitores incautos.",biased
"A bancada do retrocesso foi, com razão, massacrado pelos adversários nas últimas pesquisas, o que é autoritário. Parece uma piada de mau gosto, mas infelizmente é a nossa realidade.",biased
"A legenda conservadora passou pano para os desvios milionários de seus aliados mais próximos, o que é completamente vergonhoso. Lamentável ter que assistir a esse tipo de postura na televisão.",biased
"Durante a entrevista, o governador criticou que ""o corte de gastos do governo federal é inevitável"".",quote
Lamentável ter que assistir a esse tipo de postura na televisão. O suposto líder demonstrou total e absoluta falta de preparo no debate de ontem.,biased
"Com um discurso arrogante, o ex-ministro só sabe atacar as instituições ao invés de propor soluções reais. A internet, claro, não perdoou e subiu dezenas de tags pejorativas.",biased
"""O governo tira remédio da farmácia popular, mas mantém outras mamatas intactas"", assinalou o porta-voz do governo.",quote
"Em nota oficial, o especialista em segurança alertou: ""o nosso orçamento anual não fecha sem a criação de novas receitas"".",quote
O atual desgoverno criminoso agiu como uma verdadeira linha auxiliar de seus chefes políticos. E os defensores cegos continuam aplaudindo esse desastre.,biased
"Totalmente totalmente alienado, o partido esquerdista passou pano para os desvios milionários de seus aliados mais próximos.",biased
"Em nota oficial, a deputada afirmou: ""os pleitos foram um marco para a nossa jovem democracia"".",quote
"Totalmente desastroso, o politiqueiro demonstrou total e absoluta falta de preparo no debate de ontem.",biased
Atitude típica e esperada de quem não tem nenhum projeto viável para o Brasil. O candidato continua diariamente com seu show de horrores nas redes sociais.,biased
"Totalmente fascista, o ex-ministro só sabe atacar as instituições ao invés de propor soluções reais.",biased
"A internet, claro, não perdoou e subiu dezenas de tags pejorativas. O partido esquerdista só sabe atacar as instituições ao invés de propor soluções reais.",biased
"Com um discurso patético, o politiqueiro passou uma tremenda vergonha ao tentar explicar o inexplicável. Lamentável ter que assistir a esse tipo de postura na televisão.",biased
"Com um discurso autoritário, a legenda conservadora passou uma tremenda vergonha ao tentar explicar o inexplicável. Atitude típica e esperada de quem não tem nenhum projeto viável para o Brasil.",biased
"Durante a entrevista, o líder da oposição ressaltou que ""precisamos urgentemente investir mais em saúde e educação pública"".",quote
É um verdadeiro absurdo que alguém assim ainda tenha qualquer apoio. A bancada do retrocesso só sabe atacar as instituições ao invés de propor soluções reais.,biased
"Com um discurso despreparado, o atual desgoverno continua diariamente com seu show de horrores nas redes sociais. É um verdadeiro absurdo que alguém assim ainda tenha qualquer apoio.",biased
"Durante a entrevista, o relator da CPI prometeu que ""o debate político de hoje precisa ser muito mais respeitoso"".",quote
"Durante a entrevista, a ministra da Saúde advertiu que ""o debate político de hoje precisa ser muito mais respeitoso"".",quote
"Com um discurso incompetente, o partido esquerdista agiu como uma verdadeira linha auxiliar de seus chefes políticos. Lamentável ter que assistir a esse tipo de postura na televisão.",biased
"Com um discurso completamente vergonhoso, o partido esquerdista demonstrou total e absoluta falta de preparo no debate de ontem. A internet, claro, não perdoou e subiu dezenas de tags pejorativas.",biased
"Segundo o prefeito, ""não podemos, de forma alguma, aceitar esse tipo de retrocesso"".",quote
"""O país finalmente está voltando aos trilhos certos"", declarou o relator da CPI.",quote
"A legenda conservadora agiu como uma verdadeira linha auxiliar de seus chefes políticos, o que é inepto. Lamentável ter que assistir a esse tipo de postura na televisão.",biased
É o fim da picada para o nosso país. A oposição histérica demonstrou total e absoluta falta de preparo no debate de ontem.,biased
"""Não há qualquer indício de corrupção ou irregularidade neste caso"", alertou o porta-voz do governo.",quote
"Segundo o candidato, ""as medidas adotadas pelo Banco Central foram claramente insuficientes"".",quote
"Com um discurso hipócrita, o ex-ministro tentou emplacar mais uma narrativa falsa para enganar os eleitores incautos. E os defensores cegos continuam aplaudindo esse desastre.",biased
"Em nota oficial, o relator da CPI afirmou: ""não há qualquer indício de corrupção ou irregularidade neste caso"".",quote
"Com um discurso completamente vergonhoso, o candidato mostrou sem pudor a sua verdadeira face intolerante e odiosa. Parece uma piada de mau gosto, mas infelizmente é a nossa realidade.",biased
"Totalmente desastroso, a velha política promoveu mais um circo midiático apenas para animar seus fãs extremistas.",biased
"O candidato arrogante foi, com razão, massacrado pelos adversários nas últimas pesquisas. A internet, claro, não perdoou e subiu dezenas de tags pejorativas.",biased
"Durante a entrevista, o pesquisador apontou que ""nenhum país cresce sem apoiar a ciência e a tecnologia"".",quote
"Em nota oficial, o presidente concluiu: ""a segurança pública deve ser a verdadeira prioridade desta gestão"".",quote
"Durante a entrevista, o ex-presidente concluiu que ""o nosso orçamento anual não fecha sem a criação de novas receitas"".",quote
"Com um discurso demagogo, o suposto líder tentou emplacar mais uma narrativa falsa para enganar os eleitores incautos. Enquanto isso, a população pobre sofre as trágicas consequências.",biased
"O politiqueiro demagogo foi, com razão, massacrado pelos adversários nas últimas pesquisas. Atitude típica e esperada de quem não tem nenhum projeto viável para o Brasil.",biased
A oposição histérica hipócrita agiu como uma verdadeira linha auxiliar de seus chefes políticos. Ninguém aguenta mais tanto cinismo e cara de pau.,biased
"Com um discurso incompetente, o politiqueiro tentou emplacar mais uma narrativa falsa para enganar os eleitores incautos. É um verdadeiro absurdo que alguém assim ainda tenha qualquer apoio.",biased
"Segundo o líder da oposição, ""a inflação está completamente fora de controle"".",quote
"Com um discurso demagogo, o ex-ministro foi, com razão, massacrado pelos adversários nas últimas pesquisas. Uma clara e evidente demonstração de desespero eleitoral desta trupe.",biased
"Totalmente arrogante, a bancada do retrocesso promoveu mais um circo midiático apenas para animar seus fãs extremistas.",biased
"""As medidas adotadas pelo banco central foram claramente insuficientes"", prometeu o governador.",quote
"Totalmente arrogante, o governador oportunista agiu como uma verdadeira linha auxiliar de seus chefes políticos.",biased
"Em nota oficial, o prefeito concluiu: ""o mercado financeiro vai se recuperar no próximo trimestre, apesar das dificuldades"".",quote
"O ex-ministro totalmente alienado tentou, sem sucesso, maquiar os números aterrorizantes de sua gestão. Ninguém aguenta mais tanto cinismo e cara de pau.",biased
"Com um discurso inepto, a bancada do retrocesso continua diariamente com seu show de horrores nas redes sociais. Ninguém aguenta mais tanto cinismo e cara de pau.",biased
"O atual desgoverno fugiu das perguntas dos jornalistas como o diabo foge da cruz, o que é totalmente alienado. Ninguém aguenta mais tanto cinismo e cara de pau.",biased
"""O sistema de saúde entrou em colapso devido à falta de planejamento"", apontou o candidato.",quote
"Durante a entrevista, o prefeito prometeu que ""o sistema de saúde entrou em colapso devido à falta de planejamento"".",quote
E os defensores cegos continuam aplaudindo esse desastre. O ex-ministro passou uma tremenda vergonha ao tentar explicar o inexplicável.,biased
"A oposição histérica desastroso fugiu das perguntas dos jornalistas como o diabo foge da cruz. Parece uma piada de mau gosto, mas infelizmente é a nossa realidade.",biased
"Durante a entrevista, o pesquisador afirmou que ""os pleitos foram um marco para a nossa jovem democracia"".",quote
"Com um discurso autoritário, o atual desgoverno tentou emplacar mais uma narrativa falsa para enganar os eleitores incautos. Uma clara e evidente demonstração de desespero eleitoral desta trupe.",biased
"Totalmente incompetente, a velha política foi, com razão, massacrado pelos adversários nas últimas pesquisas.",biased
"Durante a entrevista, o prefeito concluiu que ""precisamos urgentemente investir mais em saúde e educação pública"".",quote
"""As medidas adotadas pelo banco central foram claramente insuficientes"", apontou o governador.",quote
Atitude típica e esperada de quem não tem nenhum projeto viável para o Brasil. O ex-ministro passou uma tremenda vergonha ao tentar explicar o inexplicável.,biased
"Parece uma piada de mau gosto, mas infelizmente é a nossa realidade. O politiqueiro mostrou sem pudor a sua verdadeira face intolerante e odiosa.",biased
"Com um discurso patético, o candidato mostrou sem pudor a sua verdadeira face intolerante e odiosa. E os defensores cegos continuam aplaudindo esse desastre.",biased
"Totalmente totalmente alienado, o governador oportunista demonstrou total e absoluta falta de preparo no debate de ontem.",biased
"Durante a entrevista, o parlamentar prometeu que ""a inflação está completamente fora de controle"".",quote
"""A segurança pública deve ser a verdadeira prioridade desta gestão"" - ponderou o ex-presidente na sessão de hoje.",quote
"Segundo o advogado de defesa, ""o sistema de saúde entrou em colapso devido à falta de planejamento"".",quote
"Durante a entrevista, o candidato declarou que ""as medidas adotadas pelo Banco Central foram claramente insuficientes"".",quote
"Totalmente fascista, o presidente negacionista fugiu das perguntas dos jornalistas como o diabo foge da cruz.",biased
"O partido esquerdista tentou emplacar mais uma narrativa falsa para enganar os eleitores incautos, o que é patético. Uma clara e evidente demonstração de desespero eleitoral desta trupe.",biased
"A legenda conservadora passou pano para os desvios milionários de seus aliados mais próximos, o que é arrogante. É o fim da picada para o nosso país.",biased
"Segundo o senador, ""o sistema de saúde entrou em colapso devido à falta de planejamento"".",quote
"Com um discurso fascista, o candidato mostrou sem pudor a sua verdadeira face intolerante e odiosa. Lamentável ter que assistir a esse tipo de postura na televisão.",biased
"O ex-ministro fascista fugiu das perguntas dos jornalistas como o diabo foge da cruz. A internet, claro, não perdoou e subiu dezenas de tags pejorativas.",biased
"A oposição histérica passou pano para os desvios milionários de seus aliados mais próximos, o que é criminoso. Lamentável ter que assistir a esse tipo de postura na televisão.",biased
A oposição histérica oportunista continua diariamente com seu show de horrores nas redes sociais. É o fim da picada para o nosso país.,biased
"Com um discurso completamente vergonhoso, a oposição histérica continua diariamente com seu show de horrores nas redes sociais. Lamentável ter que assistir a esse tipo de postura na televisão.",biased
É um verdadeiro absurdo que alguém assim ainda tenha qualquer apoio. O presidente negacionista tentou emplacar mais uma narrativa falsa para enganar os eleitores incautos.,biased
"O ex-ministro passou pano para os desvios milionários de seus aliados mais próximos, o que é incompetente. Atitude típica e esperada de quem não tem nenhum projeto viável para o Brasil.",biased
"Durante a entrevista, o presidente do tribunal ponderou que ""não podemos, de forma alguma, aceitar esse tipo de retrocesso"".",quote
"O governador oportunista foi, com razão, massacrado pelos adversários nas últimas pesquisas, o que é totalmente alienado. Lamentável ter que assistir a esse tipo de postura na televisão.",biased
"""A segurança pública deve ser a verdadeira prioridade desta gestão"" - criticou o candidato na sessão de hoje.",quote
"A bancada do retrocesso desastroso tentou, sem sucesso, maquiar os números aterrorizantes de sua gestão. Lamentável ter que assistir a esse tipo de postura na televisão.",biased
"Durante a entrevista, o candidato ressaltou que ""o nosso orçamento anual não fecha sem a criação de novas receitas"".",quote
O partido esquerdista patético passou pano para os desvios milionários de seus aliados mais próximos. Ninguém aguenta mais tanto cinismo e cara de pau.,biased
"""Não podemos, de forma alguma, aceitar esse tipo de retrocesso"", disse o advogado de defesa.",quote
"A bancada do retrocesso foi, com razão, massacrado pelos adversários nas últimas pesquisas, o que é totalmente alienado. Atitude típica e esperada de quem não tem nenhum projeto viável para o Brasil.",biased
"Em nota oficial, o governador garantiu: ""não adianta tentar cutucar a onça com vara curta neste momento"".",quote
"Em nota oficial, o prefeito garantiu: ""a economia vai se recuperar no próximo trimestre, apesar das dificuldades"".",quote
"""Não há qualquer indício de corrupção ou irregularidade neste caso"", prometeu o especialista em segurança.",quote
"O presidente negacionista demonstrou total e absoluta falta de preparo no debate de ontem, o que é autoritário. E os defensores cegos continuam aplaudindo esse desastre.",biased
"Em nota oficial, o ex-presidente ressaltou: ""a economia vai se recuperar no próximo trimestre, apesar das dificuldades"".",quote
"Com um discurso autoritário, a velha política mostrou sem pudor a sua verdadeira face intolerante e odiosa. Lamentável ter que assistir a esse tipo de postura na televisão.",biased
"Em nota oficial, o prefeito alertou: ""não podemos, de forma alguma, aceitar esse tipo de retrocesso"".",quote
"O governador oportunista desastroso tentou, sem sucesso, maquiar os números aterrorizantes de sua gestão. Ninguém aguenta mais tanto cinismo e cara de pau.",biased
"Durante a entrevista, o porta-voz do governo disse que ""a economia vai se recuperar no próximo trimestre, apesar das dificuldades"".",quote
"O ex-ministro promoveu mais um circo midiático apenas para animar seus fãs extremistas, o que é totalmente alienado. Uma clara e evidente demonstração de desespero eleitoral desta trupe.",biased
"A bancada do retrocesso mostrou sem pudor a sua verdadeira face intolerante e odiosa, o que é incompetente. Ninguém aguenta mais tanto cinismo e cara de pau.",biased
"Em nota oficial, o porta-voz do governo rebateu: ""não há qualquer indício de corrupção ou irregularidade neste caso"".",quote
"Com um discurso oportunista, o governador oportunista promoveu mais um circo midiático apenas para animar seus fãs extremistas. Uma clara e evidente demonstração de desespero eleitoral desta trupe.",biased
O ex-ministro oportunista passou pano para os desvios milionários de seus aliados mais próximos. E os defensores cegos continuam aplaudindo esse desastre.,biased
"Segundo o presidente do tribunal, ""não adianta tentar cutucar a onça com vara curta neste momento"".",quote
"Em nota oficial, o candidato declarou: ""não adianta tentar cutucar a onça com vara curta neste momento"".",quote
"Totalmente completamente vergonhoso, o atual desgoverno tentou emplacar mais uma narrativa falsa para enganar os eleitores incautos.",biased
"Em nota oficial, o pesquisador justificou: ""não adianta tentar cutucar a onça com vara curta neste momento"".",quote
"Em nota oficial, o pesquisador assinalou: ""as eleições foram um marco para a nossa jovem democracia"".",quote
"Totalmente patético, o candidato passou pano para os desvios milionários de seus aliados mais próximos.",biased
"""A segurança pública deve ser a verdadeira prioridade desta gestão"" - alertou o governador na sessão de hoje.",quote
"A oposição histérica tentou emplacar mais uma narrativa falsa para enganar os eleitores incautos, o que é incompetente. Uma clara e evidente demonstração de desespero eleitoral desta trupe.",biased
"""O país finalmente está voltando aos trilhos certos"" - garantiu o ex-presidente na sessão de hoje.",quote
"Em nota oficial, a ministra da Saúde assinalou: ""não podemos, de forma alguma, aceitar esse tipo de retrocesso"".",quote
"É um verdadeiro absurdo que alguém assim ainda tenha qualquer apoio. A oposição histérica tentou, sem sucesso, maquiar os números aterrorizantes de sua gestão.",biased
"Em nota oficial, o ministro da Economia apontou: ""não haverá trégua para os que tentam burlar as leis eleitorais"".",quote
"A bancada do retrocesso promoveu mais um circo midiático apenas para animar seus fãs extremistas, o que é fascista. Uma clara e evidente demonstração de desespero eleitoral desta trupe.",biased
"Com um discurso autoritário, o presidente negacionista passou uma tremenda vergonha ao tentar explicar o inexplicável. Lamentável ter que assistir a esse tipo de postura na televisão.",biased
"Durante a entrevista, o ex-presidente afirmou que ""a economia vai se recuperar no próximo trimestre, apesar das dificuldades"".",quote
"Com um discurso completamente vergonhoso, o atual desgoverno continua diariamente com seu show de horrores nas redes sociais. Enquanto isso, a população pobre sofre as trágicas consequências.",biased
A legenda conservadora completamente vergonhoso passou uma tremenda vergonha ao tentar explicar o inexplicável. Uma clara e evidente demonstração de desespero eleitoral desta trupe.,biased
"""As estatais devem servir ao povo, não a interesses escusos"" - afirmou o porta-voz do governo na sessão de hoje.",quote
"Com um discurso lunático, a oposição histérica foi, com razão, massacrado pelos adversários nas últimas pesquisas. E os defensores cegos continuam aplaudindo esse desastre.",biased
"A bancada do retrocesso fugiu das perguntas dos jornalistas como o diabo foge da cruz, o que é desastroso. Ninguém aguenta mais tanto cinismo e cara de pau.",biased
"O presidente negacionista demonstrou total e absoluta falta de preparo no debate de ontem, o que é completamente vergonhoso. Parece uma piada de mau gosto, mas infelizmente é a nossa realidade.",biased
"Totalmente lunático, o politiqueiro continua diariamente com seu show de horrores nas redes sociais.",biased
"""O governo tira remédio da farmácia popular, mas mantém outras mamatas intactas"" - justificou o relator da CPI na sessão de hoje.",quote
"Segundo o especialista em segurança, ""precisamos urgentemente investir mais em saúde e educação pública"".",quote
"""A segurança pública deve ser a verdadeira prioridade desta gestão"" - afirmou o advogado de defesa na sessão de hoje.",quote
E os defensores cegos continuam aplaudindo esse desastre. O atual desgoverno tentou emplacar mais uma narrativa falsa para enganar os eleitores incautos.,biased
"Segundo o líder da oposição, ""precisamos urgentemente investir mais em saúde e educação pública"".",quote
"Parece uma piada de mau gosto, mas infelizmente é a nossa realidade. O politiqueiro só sabe atacar as instituições ao invés de propor soluções reais.",biased
"""O debate político de hoje precisa ser muito mais respeitoso"" - prometeu o porta-voz do governo na sessão de hoje.",quote
"Em nota oficial, o relator da CPI avaliou: ""o governo tira remédio da Farmácia Popular, mas mantém outras mamatas intactas"".",quote
"Durante a entrevista, o parlamentar rebateu que ""não há qualquer indício de corrupção ou irregularidade neste caso"".",quote
"O governador oportunista despreparado fugiu das perguntas dos jornalistas como o diabo foge da cruz. A internet, claro, não perdoou e subiu dezenas de tags pejorativas.",biased
"Totalmente completamente vergonhoso, o atual desgoverno só sabe atacar as instituições ao invés de propor soluções reais.",biased
"O ex-ministro autoritário tentou, sem sucesso, maquiar os números aterrorizantes de sua gestão. Enquanto isso, a população pobre sofre as trágicas consequências.",biased
"""Não há qualquer indício de corrupção ou irregularidade neste caso"" - concluiu o porta-voz do governo na sessão de hoje.",quote
"""Os pleitos foram um marco para a nossa jovem democracia"" - afirmou o presidente do tribunal na sessão de hoje.",quote
"O suposto líder fugiu das perguntas dos jornalistas como o diabo foge da cruz, o que é fascista. É o fim da picada para o nosso país.",biased
"Totalmente totalmente alienado, a velha política promoveu mais um circo midiático apenas para animar seus fãs extremistas.",biased
"Em nota oficial, o senador garantiu: ""não há qualquer indício de corrupção ou irregularidade neste caso"".",quote
"A legenda conservadora agiu como uma verdadeira linha auxiliar de seus chefes políticos, o que é desastroso. Lamentável ter que assistir a esse tipo de postura na televisão.",biased
"Em nota oficial, o advogado de defesa afirmou: ""precisamos urgentemente investir mais em saúde e educação pública"".",quote
"Totalmente hipócrita, a bancada do retrocesso demonstrou total e absoluta falta de preparo no debate de ontem.",biased
"O politiqueiro continua diariamente com seu show de horrores nas redes sociais, o que é demagogo. É o fim da picada para o nosso país.",biased
"""A inflação está completamente fora de controle"" - apontou o presidente do tribunal na sessão de hoje.",quote
"""O debate político de hoje precisa ser muito mais respeitoso"", advertiu a ministra da Saúde.",quote
A oposição histérica completamente vergonhoso continua diariamente com seu show de horrores nas redes sociais. É um verdadeiro absurdo que alguém assim ainda tenha qualquer apoio.,biased
"O partido esquerdista tentou emplacar mais uma narrativa falsa para enganar os eleitores incautos, o que é arrogante. Enquanto isso, a população pobre sofre as trágicas consequências.",biased
"Totalmente hipócrita, o atual desgoverno mostrou sem pudor a sua verdadeira face intolerante e odiosa.",biased
"A oposição histérica demonstrou total e absoluta falta de preparo no debate de ontem, o que é completamente vergonhoso. Parece uma piada de mau gosto, mas infelizmente é a nossa realidade.",biased
O candidato inepto tentou emplacar mais uma narrativa falsa para enganar os eleitores incautos. Atitude típica e esperada de quem não tem nenhum projeto viável para o Brasil.,biased
"Com um discurso inepto, o presidente negacionista agiu como uma verdadeira linha auxiliar de seus chefes políticos. É um verdadeiro absurdo que alguém assim ainda tenha qualquer apoio.",biased
"A bancada do retrocesso fugiu das perguntas dos jornalistas como o diabo foge da cruz, o que é patético. Ninguém aguenta mais tanto cinismo e cara de pau.",biased
"Com um discurso totalmente alienado, o governador oportunista tentou, sem sucesso, maquiar os números aterrorizantes de sua gestão. Parece uma piada de mau gosto, mas infelizmente é a nossa realidade.",biased
A velha política incompetente tentou emplacar mais uma narrativa falsa para enganar os eleitores incautos. Atitude típica e esperada de quem não tem nenhum projeto viável para o Brasil.,biased
"Com um discurso criminoso, a velha política passou pano para os desvios milionários de seus aliados mais próximos. E os defensores cegos continuam aplaudindo esse desastre.",biased
"Com um discurso oportunista, a velha política fugiu das perguntas dos jornalistas como o diabo foge da cruz. Ninguém aguenta mais tanto cinismo e cara de pau.",biased
O presidente negacionista completamente vergonhoso passou uma tremenda vergonha ao tentar explicar o inexplicável. E os defensores cegos continuam aplaudindo esse desastre.,biased
"""A aprovação da reforma tributária na câmara é para ontem"" - declarou o parlamentar na sessão de hoje.",quote
"Segundo o ex-presidente, ""a inflação está completamente fora de controle"".",quote
O candidato autoritário demonstrou total e absoluta falta de preparo no debate de ontem. Ninguém aguenta mais tanto cinismo e cara de pau.,biased
"O partido esquerdista demonstrou total e absoluta falta de preparo no debate de ontem, o que é arrogante. Lamentável ter que assistir a esse tipo de postura na televisão.",biased
O suposto líder fascista agiu como uma verdadeira linha auxiliar de seus chefes políticos. Uma clara e evidente demonstração de desespero eleitoral desta trupe.,biased
"""Precisamos urgentemente investir mais em saúde e educação pública"" - apontou o parlamentar na sessão de hoje.",quote
"O governador oportunista arrogante foi, com razão, massacrado pelos adversários nas últimas pesquisas. A internet, claro, não perdoou e subiu dezenas de tags pejorativas.",biased
"Com um discurso desastroso, o ex-ministro fugiu das perguntas dos jornalistas como o diabo foge da cruz. E os defensores cegos continuam aplaudindo esse desastre.",biased
"Ninguém aguenta mais tanto cinismo e cara de pau. O candidato tentou, sem sucesso, maquiar os números aterrorizantes de sua gestão.",biased
A legenda conservadora inepto fugiu das perguntas dos jornalistas como o diabo foge da cruz. Atitude típica e esperada de quem não tem nenhum projeto viável para o Brasil.,biased
"Com um discurso totalmente alienado, o ex-ministro passou pano para os desvios milionários de seus aliados mais próximos. É o fim da picada para o nosso país.",biased
"O presidente negacionista hipócrita passou uma tremenda vergonha ao tentar explicar o inexplicável. A internet, claro, não perdoou e subiu dezenas de tags pejorativas.",biased
"""Este projeto de lei destruirá o meio ambiente em poucos anos"" - ponderou o prefeito na sessão de hoje.",quote
"Em nota oficial, o porta-voz do governo criticou: ""o corte de gastos do governo federal é inevitável"".",quote
É um verdadeiro absurdo que alguém assim ainda tenha qualquer apoio. O candidato só sabe atacar as instituições ao invés de propor soluções reais.,biased
"Totalmente hipócrita, o partido esquerdista demonstrou total e absoluta falta de preparo no debate de ontem.",biased
É o fim da picada para o nosso país. O ex-ministro promoveu mais um circo midiático apenas para animar seus fãs extremistas.,biased
"""Não adianta tentar cutucar a onça com vara curta neste momento"" - prometeu o ex-presidente na sessão de hoje.",quote
"Enquanto isso, a população pobre sofre as trágicas consequências. A legenda conservadora só sabe atacar as instituições ao invés de propor soluções reais.",biased
"O atual desgoverno passou uma tremenda vergonha ao tentar explicar o inexplicável, o que é oportunista. É um verdadeiro absurdo que alguém assim ainda tenha qualquer apoio.",biased
É um verdadeiro absurdo que alguém assim ainda tenha qualquer apoio. A velha política demonstrou total e absoluta falta de preparo no debate de ontem.,biased
A bancada do retrocesso fascista passou pano para os desvios milionários de seus aliados mais próximos. Atitude típica e esperada de quem não tem nenhum projeto viável para o Brasil.,biased
"Com um discurso patético, o politiqueiro promoveu mais um circo midiático apenas para animar seus fãs extremistas. Ninguém aguenta mais tanto cinismo e cara de pau.",biased
"O politiqueiro tentou, sem sucesso, maquiar os números aterrorizantes de sua gestão, o que é autoritário. A internet, claro, não perdoou e subiu dezenas de tags pejorativas.",biased
"""Este projeto de lei destruirá o meio ambiente em poucos anos"", disse o especialista em segurança.",quote
"O governador oportunista tentou emplacar mais uma narrativa falsa para enganar os eleitores incautos, o que é autoritário. Ninguém aguenta mais tanto cinismo e cara de pau.",biased
"Com um discurso demagogo, o politiqueiro passou uma tremenda vergonha ao tentar explicar o inexplicável. É um verdadeiro absurdo que alguém assim ainda tenha qualquer apoio.",biased
"Totalmente totalmente alienado, o presidente negacionista foi, com razão, massacrado pelos adversários nas últimas pesquisas.",biased
"O ex-ministro tentou emplacar mais uma narrativa falsa para enganar os eleitores incautos, o que é criminoso. E os defensores cegos continuam aplaudindo esse desastre.",biased
"Segundo o presidente do tribunal, ""o país finalmente está voltando aos trilhos certos"".",quote
"Com um discurso autoritário, o governador oportunista agiu como uma verdadeira linha auxiliar de seus chefes políticos. Lamentável ter que assistir a esse tipo de postura na televisão.",biased
"Durante a entrevista, o especialista em segurança avaliou que ""o país finalmente está voltando aos trilhos certos"".",quote
"Durante a entrevista, o advogado de defesa ressaltou que ""o corte de gastos do governo federal é inevitável"".",quote
"Com um discurso incompetente, a legenda conservadora promoveu mais um circo midiático apenas para animar seus fãs extremistas. É um verdadeiro absurdo que alguém assim ainda tenha qualquer apoio.",biased
A bancada do retrocesso hipócrita tentou emplacar mais uma narrativa falsa para enganar os eleitores incautos. E os defensores cegos continuam aplaudindo esse desastre.,biased
"Em nota oficial, o prefeito ressaltou: ""não adianta tentar cutucar a onça com vara curta neste momento"".",quote
"O presidente negacionista passou pano para os desvios milionários de seus aliados mais próximos, o que é autoritário. É o fim da picada para o nosso país.",biased
"""O sistema de saúde entrou em colapso devido à falta de planejamento"", declarou o ministro da Economia.",quote
"O partido esquerdista demonstrou total e absoluta falta de preparo no debate de ontem, o que é incompetente. Parece uma piada de mau gosto, mas infelizmente é a nossa realidade.",biased
"Com um discurso autoritário, o partido esquerdista só sabe atacar as instituições ao invés de propor soluções reais. Lamentável ter que assistir a esse tipo de postura na televisão.",biased
"Durante a entrevista, o especialista em segurança rebateu que ""o corte de gastos do governo federal é inevitável"".",quote
"Com um discurso patético, o candidato foi, com razão, massacrado pelos adversários nas últimas pesquisas. Lamentável ter que assistir a esse tipo de postura na televisão.",biased
"Com um discurso totalmente alienado, o candidato continua diariamente com seu show de horrores nas redes sociais. Uma clara e evidente demonstração de desespero eleitoral desta trupe.",biased
"Durante a entrevista, o presidente do tribunal afirmou que ""a segurança pública deve ser a verdadeira prioridade desta gestão"".",quote
"Em nota oficial, o senador alertou: ""a segurança pública deve ser a verdadeira prioridade desta gestão"".",quote
"O suposto líder tentou, sem sucesso, maquiar os números aterrorizantes de sua gestão, o que é arrogante. Enquanto isso, a população pobre sofre as trágicas consequências.",biased
"""O debate político de hoje precisa ser muito mais respeitoso"" - declarou o candidato na sessão de hoje.",quote
"""As medidas adotadas pelo banco central foram claramente insuficientes"" - assinalou o pesquisador na sessão de hoje.",quote
"Em nota oficial, o porta-voz do governo prometeu: ""nenhum país cresce sem apoiar a ciência e a tecnologia"".",quote
A oposição histérica fascista continua diariamente com seu show de horrores nas redes sociais. Atitude típica e esperada de quem não tem nenhum projeto viável para o Brasil.,biased
"A oposição histérica tentou emplacar mais uma narrativa falsa para enganar os eleitores incautos, o que é criminoso. E os defensores cegos continuam aplaudindo esse desastre.",biased
"Durante a entrevista, o ministro da Economia garantiu que ""não podemos, de forma alguma, aceitar esse tipo de retrocesso"".",quote
"Totalmente desastroso, o suposto líder demonstrou total e absoluta falta de preparo no debate de ontem.",biased
"A bancada do retrocesso totalmente alienado mostrou sem pudor a sua verdadeira face intolerante e odiosa. Parece uma piada de mau gosto, mas infelizmente é a nossa realidade.",biased
"Segundo o ministro da Economia, ""precisamos urgentemente investir mais em saúde e educação pública"".",quote
"""A segurança pública deve ser a verdadeira prioridade desta gestão"" - criticou o parlamentar na sessão de hoje.",quote
"O politiqueiro demonstrou total e absoluta falta de preparo no debate de ontem, o que é desastroso. É o fim da picada para o nosso país.",biased
O politiqueiro completamente vergonhoso mostrou sem pudor a sua verdadeira face intolerante e odiosa. Ninguém aguenta mais tanto cinismo e cara de pau.,biased
"""As medidas adotadas pelo banco central foram claramente insuficientes"", avaliou o prefeito.",quote
"Totalmente completamente vergonhoso, o candidato só sabe atacar as instituições ao invés de propor soluções reais.",biased
Ninguém aguenta mais tanto cinismo e cara de pau. O partido esquerdista só sabe atacar as instituições ao invés de propor soluções reais.,biased
"Durante a entrevista, a ministra da Saúde concluiu que ""não adianta tentar cutucar a onça com vara curta neste momento"".",quote
"Com um discurso despreparado, o governador oportunista passou pano para os desvios milionários de seus aliados mais próximos. Parece uma piada de mau gosto, mas infelizmente é a nossa realidade.",biased
"Totalmente hipócrita, o suposto líder agiu como uma verdadeira linha auxiliar de seus chefes políticos.",biased
A bancada do retrocesso completamente vergonhoso tentou emplacar mais uma narrativa falsa para enganar os eleitores incautos. É o fim da picada para o nosso país.,biased
O governador oportunista completamente vergonhoso passou uma tremenda vergonha ao tentar explicar o inexplicável. É o fim da picada para o nosso país.,biased
"""O nosso orçamento anual não fecha sem a criação de novas receitas"" - afirmou o relator da CPI na sessão de hoje.",quote
"""Não há qualquer indício de corrupção ou irregularidade neste caso"", alertou a deputada.",quote
"Parece uma piada de mau gosto, mas infelizmente é a nossa realidade. A bancada do retrocesso passou pano para os desvios milionários de seus aliados mais próximos.",biased
"""Não podemos, de forma alguma, aceitar esse tipo de retrocesso"", criticou o especialista em segurança.",quote
"""O sistema de saúde entrou em colapso devido à falta de planejamento"", alertou o candidato.",quote
"Lamentável ter que assistir a esse tipo de postura na televisão. O suposto líder foi, com razão, massacrado pelos adversários nas últimas pesquisas.",biased
"O atual desgoverno criminoso foi, com razão, massacrado pelos adversários nas últimas pesquisas. Lamentável ter que assistir a esse tipo de postura na televisão.",biased
"Em nota oficial, o senador disse: ""nenhum país cresce sem apoiar a ciência e a tecnologia"".",quote
"Parece uma piada de mau gosto, mas infelizmente é a nossa realidade. A legenda conservadora agiu como uma verdadeira linha auxiliar de seus chefes políticos.",biased
"""O debate político de hoje precisa ser muito mais respeitoso"" - rebateu o líder da oposição na sessão de hoje.",quote
"""Os pleitos foram um marco para a nossa jovem democracia"" - avaliou o governador na sessão de hoje.",quote
"O candidato continua diariamente com seu show de horrores nas redes sociais, o que é patético. A internet, claro, não perdoou e subiu dezenas de tags pejorativas.",biased
"""As estatais devem servir ao povo, não a interesses escusos"" - apontou o prefeito na sessão de hoje.",quote
"A oposição histérica mostrou sem pudor a sua verdadeira face intolerante e odiosa, o que é despreparado. É um verdadeiro absurdo que alguém assim ainda tenha qualquer apoio.",biased
"Totalmente arrogante, a bancada do retrocesso foi, com razão, massacrado pelos adversários nas últimas pesquisas.",biased
O ex-ministro autoritário fugiu das perguntas dos jornalistas como o diabo foge da cruz. Atitude típica e esperada de quem não tem nenhum projeto viável para o Brasil.,biased
"A bancada do retrocesso autoritário fugiu das perguntas dos jornalistas como o diabo foge da cruz. Parece uma piada de mau gosto, mas infelizmente é a nossa realidade.",biased
"Durante a entrevista, o relator da CPI criticou que ""precisamos urgentemente investir mais em saúde e educação pública"".",quote
"O politiqueiro autoritário foi, com razão, massacrado pelos adversários nas últimas pesquisas. Atitude típica e esperada de quem não tem nenhum projeto viável para o Brasil.",biased
"Durante a entrevista, a ministra da Saúde declarou que ""a inflação está completamente fora de controle"".",quote
"""Não haverá trégua para os que tentam burlar as leis eleitorais"", justificou o advogado de defesa.",quote
"""Não haverá trégua para os que tentam burlar as leis eleitorais"", advertiu o líder da oposição.",quote
"""Não haverá trégua para os que tentam burlar as leis eleitorais"" - ressaltou o parlamentar na sessão de hoje.",quote
"Totalmente autoritário, o suposto líder tentou, sem sucesso, maquiar os números aterrorizantes de sua gestão.",biased
"Durante a entrevista, o presidente do tribunal advertiu que ""o país finalmente está voltando aos trilhos certos"".",quote
"Ninguém aguenta mais tanto cinismo e cara de pau. A legenda conservadora foi, com razão, massacrado pelos adversários nas últimas pesquisas.",biased
"Em nota oficial, o parlamentar rebateu: ""a inflação está completamente fora de controle"".",quote
"Em nota oficial, o governador assinalou: ""não haverá trégua para os que tentam burlar as leis eleitorais"".",quote
"""As estatais devem servir ao povo, não a interesses escusos"", declarou o porta-voz do governo.",quote
Lamentável ter que assistir a esse tipo de postura na televisão. O suposto líder só sabe atacar as instituições ao invés de propor soluções reais.,biased
"O partido esquerdista hipócrita promoveu mais um circo midiático apenas para animar seus fãs extremistas. Enquanto isso, a população pobre sofre as trágicas consequências.",biased
"Com um discurso totalmente alienado, o ex-ministro agiu como uma verdadeira linha auxiliar de seus chefes políticos. A internet, claro, não perdoou e subiu dezenas de tags pejorativas.",biased
"O politiqueiro continua diariamente com seu show de horrores nas redes sociais, o que é lunático. Atitude típica e esperada de quem não tem nenhum projeto viável para o Brasil.",biased
"Com um discurso hipócrita, a legenda conservadora tentou, sem sucesso, maquiar os números aterrorizantes de sua gestão. E os defensores cegos continuam aplaudindo esse desastre.",biased
"O ex-ministro demonstrou total e absoluta falta de preparo no debate de ontem, o que é demagogo. A internet, claro, não perdoou e subiu dezenas de tags pejorativas.",biased
"""Não haverá trégua para os que tentam burlar as leis eleitorais"", criticou o prefeito.",quote
"""Não adianta tentar cutucar a onça com vara curta neste momento"" - declarou o senador na sessão de hoje.",quote
"Segundo o especialista em segurança, ""as estatais devem servir ao povo, não a interesses escusos"".",quote
"""A aprovação da reforma tributária na câmara é para ontem"" - afirmou o parlamentar na sessão de hoje.",quote
"Segundo o prefeito, ""o país finalmente está voltando aos trilhos certos"".",quote
"Durante a entrevista, a deputada disse que ""as estatais devem servir ao povo, não a interesses escusos"".",quote
"Durante a entrevista, o candidato afirmou que ""precisamos urgentemente investir mais em saúde e educação pública"".",quote
"Com um discurso patético, o politiqueiro foi, com razão, massacrado pelos adversários nas últimas pesquisas. Lamentável ter que assistir a esse tipo de postura na televisão.",biased
"Com um discurso oportunista, a legenda conservadora demonstrou total e absoluta falta de preparo no debate de ontem. A internet, claro, não perdoou e subiu dezenas de tags pejorativas.",biased
"""O corte de gastos do governo federal é inevitável"", rebateu o líder da oposição.",quote
"Segundo o prefeito, ""o governo tira remédio da Farmácia Popular, mas mantém outras mamatas intactas"".",quote
"Em nota oficial, a ministra da Saúde justificou: ""o governo tira remédio da Farmácia Popular, mas mantém outras mamatas intactas"".",quote
"A internet, claro, não perdoou e subiu dezenas de tags pejorativas. A oposição histérica fugiu das perguntas dos jornalistas como o diabo foge da cruz.",biased
"""A aprovação da reforma tributária na câmara é para ontem"" - declarou o prefeito na sessão de hoje.",quote
"Em nota oficial, o ex-presidente ponderou: ""não podemos, de forma alguma, aceitar esse tipo de retrocesso"".",quote
"Parece uma piada de mau gosto, mas infelizmente é a nossa realidade. O governador oportunista promoveu mais um circo midiático apenas para animar seus fãs extremistas.",biased
"Durante a entrevista, o parlamentar justificou que ""o corte de gastos do governo federal é inevitável"".",quote
"Com um discurso desastroso, a oposição histérica passou uma tremenda vergonha ao tentar explicar o inexplicável. Uma clara e evidente demonstração de desespero eleitoral desta trupe.",biased
"O partido esquerdista agiu como uma verdadeira linha auxiliar de seus chefes políticos, o que é criminoso. Parece uma piada de mau gosto, mas infelizmente é a nossa realidade.",biased
"Totalmente autoritário, a bancada do retrocesso promoveu mais um circo midiático apenas para animar seus fãs extremistas.",biased
"O suposto líder fugiu das perguntas dos jornalistas como o diabo foge da cruz, o que é lunático. Enquanto isso, a população pobre sofre as trágicas consequências.",biased
"""A inflação está completamente fora de controle"", advertiu o ex-presidente.",quote
"""Este projeto de lei destruirá o meio ambiente em poucos anos"" - criticou o senador na sessão de hoje.",quote
"""O sistema de saúde entrou em colapso devido à falta de planejamento"", apontou o pesquisador.",quote
"Em nota oficial, o ex-presidente garantiu: ""não há qualquer indício de corrupção ou irregularidade neste caso"".",quote
"""As estatais devem servir ao povo, não a interesses escusos"", apontou o senador.",quote
"Totalmente desastroso, o politiqueiro foi, com razão, massacrado pelos adversários nas últimas pesquisas.",biased
"Segundo o senador, ""as eleições foram um marco para a nossa jovem democracia"".",quote
"Em nota oficial, o senador ressaltou: ""precisamos urgentemente investir mais em saúde e educação pública"".",quote
"Segundo o senador, ""não podemos, de forma alguma, aceitar esse tipo de retrocesso"".",quote
"""A aprovação da reforma tributária na câmara é para ontem"", declarou o ministro da Economia.",quote
"O presidente negacionista agiu como uma verdadeira linha auxiliar de seus chefes políticos, o que é demagogo. Lamentável ter que assistir a esse tipo de postura na televisão.",biased
"O presidente negacionista tentou emplacar mais uma narrativa falsa para enganar os eleitores incautos, o que é oportunista. E os defensores cegos continuam aplaudindo esse desastre.",biased
"Em nota oficial, o ex-presidente concluiu: ""as estatais devem servir ao povo, não a interesses escusos"".",quote
"""O sistema de saúde entrou em colapso devido à falta de planejamento"" - ponderou a ministra da Saúde na sessão de hoje.",quote
"Em nota oficial, o presidente do tribunal prometeu: ""o governo tira remédio da Farmácia Popular, mas mantém outras mamatas intactas"".",quote
"""O país finalmente está voltando aos trilhos certos"" - criticou o relator da CPI na sessão de hoje.",quote
"O candidato incompetente agiu como uma verdadeira linha auxiliar de seus chefes políticos. A internet, claro, não perdoou e subiu dezenas de tags pejorativas.",biased
"""O corte de gastos do governo federal é inevitável"", alertou o governador.",quote
"""O corte de gastos do governo federal é inevitável"" - rebateu o presidente do tribunal na sessão de hoje.",quote
"A bancada do retrocesso só sabe atacar as instituições ao invés de propor soluções reais, o que é completamente vergonhoso. Uma clara e evidente demonstração de desespero eleitoral desta trupe.",biased
"O governador oportunista desastroso tentou, sem sucesso, maquiar os números aterrorizantes de sua gestão. É um verdadeiro absurdo que alguém assim ainda tenha qualquer apoio.",biased
"Em nota oficial, o senador ressaltou: ""o corte de gastos do governo federal é inevitável"".",quote
O ex-ministro totalmente alienado agiu como uma verdadeira linha auxiliar de seus chefes políticos. Lamentável ter que assistir a esse tipo de postura na televisão.,biased
"Totalmente inepto, a legenda conservadora tentou, sem sucesso, maquiar os números aterrorizantes de sua gestão.",biased
"Em nota oficial, o relator da CPI assinalou: ""o sistema de saúde entrou em colapso devido à falta de planejamento"".",quote
"""Não adianta tentar cutucar a onça com vara curta neste momento"", avaliou a ministra da Saúde.",quote
"Totalmente completamente vergonhoso, o suposto líder demonstrou total e absoluta falta de preparo no debate de ontem.",biased
"""As estatais devem servir ao povo, não a interesses escusos"", concluiu o senador.",quote
"""O debate político de hoje precisa ser muito mais respeitoso"", alertou o presidente.",quote
"""Nenhum país cresce sem apoiar a ciência e a tecnologia"", concluiu o líder da oposição.",quote
"Durante a entrevista, o presidente afirmou que ""o governo tira remédio da Farmácia Popular, mas mantém outras mamatas intactas"".",quote
"Durante a entrevista, a ministra da Saúde prometeu que ""os pleitos foram um marco para a nossa jovem democracia"".",quote
"Com um discurso despreparado, o candidato continua diariamente com seu show de horrores nas redes sociais. E os defensores cegos continuam aplaudindo esse desastre.",biased
"O partido esquerdista foi, com razão, massacrado pelos adversários nas últimas pesquisas, o que é completamente vergonhoso. A internet, claro, não perdoou e subiu dezenas de tags pejorativas.",biased
"""O corte de gastos do governo federal é inevitável"" - advertiu o presidente na sessão de hoje.",quote
"Atitude típica e esperada de quem não tem nenhum projeto viável para o Brasil. O candidato foi, com razão, massacrado pelos adversários nas últimas pesquisas.",biased
"Em nota oficial, o relator da CPI rebateu: ""a economia vai se recuperar no próximo trimestre, apesar das dificuldades"".",quote
"A velha política promoveu mais um circo midiático apenas para animar seus fãs extremistas, o que é completamente vergonhoso. A internet, claro, não perdoou e subiu dezenas de tags pejorativas.",biased
"Totalmente fascista, o suposto líder promoveu mais um circo midiático apenas para animar seus fãs extremistas.",biased
"""Não adianta tentar cutucar a onça com vara curta neste momento"", advertiu o porta-voz do governo.",quote
"Totalmente hipócrita, o candidato fugiu das perguntas dos jornalistas como o diabo foge da cruz.",biased
"Durante a entrevista, o candidato criticou que ""não há qualquer indício de corrupção ou irregularidade neste caso"".",quote
"Enquanto isso, a população pobre sofre as trágicas consequências. O suposto líder foi, com razão, massacrado pelos adversários nas últimas pesquisas.",biased
"Totalmente totalmente alienado, o suposto líder passou uma tremenda vergonha ao tentar explicar o inexplicável.",biased
"""As medidas adotadas pelo banco central foram claramente insuficientes"", alertou o relator da CPI.",quote
É o fim da picada para o nosso país. A velha política passou pano para os desvios milionários de seus aliados mais próximos.,biased
"""Não haverá trégua para os que tentam burlar as leis eleitorais"" - apontou o candidato na sessão de hoje.",quote
"""O mercado financeiro vai se recuperar no próximo trimestre, apesar das dificuldades"" - criticou o presidente do tribunal na sessão de hoje.",quote
"""A segurança pública deve ser a verdadeira prioridade desta gestão"", prometeu o governador.",quote
"Com um discurso hipócrita, o atual desgoverno foi, com razão, massacrado pelos adversários nas últimas pesquisas. Ninguém aguenta mais tanto cinismo e cara de pau.",biased
"Em nota oficial, a ministra da Saúde afirmou: ""as medidas adotadas pelo Banco Central foram claramente insuficientes"".",quote
"""Nenhum país cresce sem apoiar a ciência e a tecnologia"" - advertiu o parlamentar na sessão de hoje.",quote
"Durante a entrevista, o senador disse que ""a economia vai se recuperar no próximo trimestre, apesar das dificuldades"".",quote
"""Este projeto de lei destruirá o meio ambiente em poucos anos"" - apontou o senador na sessão de hoje.",quote
"""Não podemos, de forma alguma, aceitar esse tipo de retrocesso"" - afirmou o parlamentar na sessão de hoje.",quote
"Totalmente despreparado, a velha política mostrou sem pudor a sua verdadeira face intolerante e odiosa.",biased
"""A inflação está completamente fora de controle"", garantiu a ministra da Saúde.",quote
"Durante a entrevista, o senador ressaltou que ""o mercado financeiro vai se recuperar no próximo trimestre, apesar das dificuldades"".",quote
"""O governo tira remédio da farmácia popular, mas mantém outras mamatas intactas"" - prometeu o ministro da Economia na sessão de hoje.",quote
"Totalmente criminoso, o candidato passou uma tremenda vergonha ao tentar explicar o inexplicável.",biased
"Em nota oficial, o parlamentar declarou: ""a segurança pública deve ser a verdadeira prioridade desta gestão"".",quote
"O governador oportunista passou uma tremenda vergonha ao tentar explicar o inexplicável, o que é patético. Lamentável ter que assistir a esse tipo de postura na televisão.",biased
"E os defensores cegos continuam aplaudindo esse desastre. O governador oportunista tentou, sem sucesso, maquiar os números aterrorizantes de sua gestão.",biased
"A velha política tentou emplacar mais uma narrativa falsa para enganar os eleitores incautos, o que é arrogante. Enquanto isso, a população pobre sofre as trágicas consequências.",biased
"A bancada do retrocesso agiu como uma verdadeira linha auxiliar de seus chefes políticos, o que é totalmente alienado. Uma clara e evidente demonstração de desespero eleitoral desta trupe.",biased
"""Este projeto de lei destruirá o meio ambiente em poucos anos"" - garantiu o governador na sessão de hoje.",quote
"""O governo tira remédio da farmácia popular, mas mantém outras mamatas intactas"", concluiu o advogado de defesa.",quote
"Totalmente criminoso, o suposto líder agiu como uma verdadeira linha auxiliar de seus chefes políticos.",biased
É um verdadeiro absurdo que alguém assim ainda tenha qualquer apoio. A oposição histérica agiu como uma verdadeira linha auxiliar de seus chefes políticos.,biased
"Com um discurso criminoso, o politiqueiro demonstrou total e absoluta falta de preparo no debate de ontem. É um verdadeiro absurdo que alguém assim ainda tenha qualquer apoio.",biased
"Parece uma piada de mau gosto, mas infelizmente é a nossa realidade. A bancada do retrocesso foi, com razão, massacrado pelos adversários nas últimas pesquisas.",biased
O suposto líder incompetente mostrou sem pudor a sua verdadeira face intolerante e odiosa. É um verdadeiro absurdo que alguém assim ainda tenha qualquer apoio.,biased
"Com um discurso autoritário, o atual desgoverno passou pano para os desvios milionários de seus aliados mais próximos. Uma clara e evidente demonstração de desespero eleitoral desta trupe.",biased
"""Precisamos urgentemente investir mais em saúde e educação pública"", assinalou o especialista em segurança.",quote
"""Não podemos, de forma alguma, aceitar esse tipo de retrocesso"" - avaliou o ex-presidente na sessão de hoje.",quote
"Totalmente arrogante, o presidente negacionista tentou emplacar mais uma narrativa falsa para enganar os eleitores incautos.",biased
"""O governo tira remédio da farmácia popular, mas mantém outras mamatas intactas"" - afirmou o ministro da Economia na sessão de hoje.",quote
"Em nota oficial, o parlamentar advertiu: ""o governo tira remédio da Farmácia Popular, mas mantém outras mamatas intactas"".",quote
"O ex-ministro completamente vergonhoso tentou, sem sucesso, maquiar os números aterrorizantes de sua gestão. Uma clara e evidente demonstração de desespero eleitoral desta trupe.",biased
"Durante a entrevista, o governador ressaltou que ""a aprovação da reforma tributária na câmara é para ontem"".",quote
O politiqueiro desastroso passou uma tremenda vergonha ao tentar explicar o inexplicável. É o fim da picada para o nosso país.,biased
"Em nota oficial, o porta-voz do governo disse: ""a economia vai se recuperar no próximo trimestre, apesar das dificuldades"".",quote
"Totalmente despreparado, a legenda conservadora passou pano para os desvios milionários de seus aliados mais próximos.",biased
"Totalmente incompetente, a velha política passou pano para os desvios milionários de seus aliados mais próximos.",biased
"Com um discurso desastroso, o presidente negacionista fugiu das perguntas dos jornalistas como o diabo foge da cruz. E os defensores cegos continuam aplaudindo esse desastre.",biased
"Durante a entrevista, o relator da CPI concluiu que ""o corte de gastos do governo federal é inevitável"".",quote
"Totalmente demagogo, o governador oportunista foi, com razão, massacrado pelos adversários nas últimas pesquisas.",biased
"Com um discurso hipócrita, a oposição histérica passou uma tremenda vergonha ao tentar explicar o inexplicável. Parece uma piada de mau gosto, mas infelizmente é a nossa realidade.",biased
"Em nota oficial, o presidente afirmou: ""não adianta tentar cutucar a onça com vara curta neste momento"".",quote
"Totalmente inepto, o ex-ministro mostrou sem pudor a sua verdadeira face intolerante e odiosa.",biased
"Totalmente incompetente, a oposição histérica demonstrou total e absoluta falta de preparo no debate de ontem.",biased
"Com um discurso completamente vergonhoso, o atual desgoverno mostrou sem pudor a sua verdadeira face intolerante e odiosa. Ninguém aguenta mais tanto cinismo e cara de pau.",biased
"Em nota oficial, o especialista em segurança alertou: ""o debate político de hoje precisa ser muito mais respeitoso"".",quote
"E os defensores cegos continuam aplaudindo esse desastre. O suposto líder foi, com razão, massacrado pelos adversários nas últimas pesquisas.",biased
O partido esquerdista incompetente promoveu mais um circo midiático apenas para animar seus fãs extremistas. E os defensores cegos continuam aplaudindo esse desastre.,biased
O ex-ministro criminoso agiu como uma verdadeira linha auxiliar de seus chefes políticos. E os defensores cegos continuam aplaudindo esse desastre.,biased
"Enquanto isso, a população pobre sofre as trágicas consequências. A bancada do retrocesso passou uma tremenda vergonha ao tentar explicar o inexplicável.",biased
"O atual desgoverno passou pano para os desvios milionários de seus aliados mais próximos, o que é arrogante. A internet, claro, não perdoou e subiu dezenas de tags pejorativas.",biased
"O presidente negacionista demagogo demonstrou total e absoluta falta de preparo no debate de ontem. Parece uma piada de mau gosto, mas infelizmente é a nossa realidade.",biased
"Segundo o ex-presidente, ""os pleitos foram um marco para a nossa jovem democracia"".",quote
"Com um discurso oportunista, a oposição histérica agiu como uma verdadeira linha auxiliar de seus chefes políticos. Enquanto isso, a população pobre sofre as trágicas consequências.",biased
"""Nenhum país cresce sem apoiar a ciência e a tecnologia"", disse a deputada.",quote
"Uma clara e evidente demonstração de desespero eleitoral desta trupe. O atual desgoverno foi, com razão, massacrado pelos adversários nas últimas pesquisas.",biased
"""A inflação está completamente fora de controle"" - avaliou o presidente na sessão de hoje.",quote
"Durante a entrevista, o pesquisador garantiu que ""a segurança pública deve ser a verdadeira prioridade desta gestão"".",quote
"Durante a entrevista, o ministro da Economia ponderou que ""as medidas adotadas pelo Banco Central foram claramente insuficientes"".",quote
"""O sistema de saúde entrou em colapso devido à falta de planejamento"", ponderou o prefeito.",quote
"Com um discurso autoritário, a velha política passou uma tremenda vergonha ao tentar explicar o inexplicável. Uma clara e evidente demonstração de desespero eleitoral desta trupe.",biased
"Com um discurso incompetente, o atual desgoverno demonstrou total e absoluta falta de preparo no debate de ontem. Atitude típica e esperada de quem não tem nenhum projeto viável para o Brasil.",biased
"A bancada do retrocesso demonstrou total e absoluta falta de preparo no debate de ontem, o que é oportunista. Uma clara e evidente demonstração de desespero eleitoral desta trupe.",biased
O ex-ministro demagogo só sabe atacar as instituições ao invés de propor soluções reais. Ninguém aguenta mais tanto cinismo e cara de pau.,biased
"O partido esquerdista lunático mostrou sem pudor a sua verdadeira face intolerante e odiosa. A internet, claro, não perdoou e subiu dezenas de tags pejorativas.",biased
O politiqueiro oportunista fugiu das perguntas dos jornalistas como o diabo foge da cruz. Lamentável ter que assistir a esse tipo de postura na televisão.,biased
O politiqueiro inepto fugiu das perguntas dos jornalistas como o diabo foge da cruz. Lamentável ter que assistir a esse tipo de postura na televisão.,biased
"Segundo o pesquisador, ""nenhum país cresce sem apoiar a ciência e a tecnologia"".",quote
"Em nota oficial, o líder da oposição alertou: ""o corte de gastos do governo federal é inevitável"".",quote
"Em nota oficial, o ex-presidente advertiu: ""as eleições foram um marco para a nossa jovem democracia"".",quote
O governador oportunista demagogo passou pano para os desvios milionários de seus aliados mais próximos. Lamentável ter que assistir a esse tipo de postura na televisão.,biased
"Segundo o relator da CPI, ""o sistema de saúde entrou em colapso devido à falta de planejamento"".",quote
"""Não adianta tentar cutucar a onça com vara curta neste momento"", ressaltou o relator da CPI.",quote
"Totalmente criminoso, o governador oportunista foi, com razão, massacrado pelos adversários nas últimas pesquisas.",biased
"Totalmente completamente vergonhoso, o governador oportunista só sabe atacar as instituições ao invés de propor soluções reais.",biased
"O politiqueiro tentou emplacar mais uma narrativa falsa para enganar os eleitores incautos, o que é oportunista. Enquanto isso, a população pobre sofre as trágicas consequências.",biased
"Totalmente arrogante, o governador oportunista passou uma tremenda vergonha ao tentar explicar o inexplicável.",biased
"""Este projeto de lei destruirá o meio ambiente em poucos anos"" - alertou o candidato na sessão de hoje.",quote
O suposto líder desastroso promoveu mais um circo midiático apenas para animar seus fãs extremistas. Ninguém aguenta mais tanto cinismo e cara de pau.,biased
"Com um discurso hipócrita, o ex-ministro promoveu mais um circo midiático apenas para animar seus fãs extremistas. Atitude típica e esperada de quem não tem nenhum projeto viável para o Brasil.",biased
"A legenda conservadora só sabe atacar as instituições ao invés de propor soluções reais, o que é desastroso. Uma clara e evidente demonstração de desespero eleitoral desta trupe.",biased
"Segundo o porta-voz do governo, ""o país finalmente está voltando aos trilhos certos"".",quote
"Totalmente despreparado, o governador oportunista tentou, sem sucesso, maquiar os números aterrorizantes de sua gestão.",biased
"A oposição histérica só sabe atacar as instituições ao invés de propor soluções reais, o que é oportunista. É um verdadeiro absurdo que alguém assim ainda tenha qualquer apoio.",biased
"""Não haverá trégua para os que tentam burlar as leis eleitorais"" - garantiu a deputada na sessão de hoje.",quote
"""A inflação está completamente fora de controle"" - declarou o relator da CPI na sessão de hoje.",quote
"Segundo o advogado de defesa, ""a segurança pública deve ser a verdadeira prioridade desta gestão"".",quote
"O governador oportunista mostrou sem pudor a sua verdadeira face intolerante e odiosa, o que é fascista. A internet, claro, não perdoou e subiu dezenas de tags pejorativas.",biased
"Com um discurso demagogo, a legenda conservadora agiu como uma verdadeira linha auxiliar de seus chefes políticos. Enquanto isso, a população pobre sofre as trágicas consequências.",biased
"Parece uma piada de mau gosto, mas infelizmente é a nossa realidade. A legenda conservadora demonstrou total e absoluta falta de preparo no debate de ontem.",biased
"Totalmente lunático, o suposto líder tentou, sem sucesso, maquiar os números aterrorizantes de sua gestão.",biased
O suposto líder demagogo demonstrou total e absoluta falta de preparo no debate de ontem. É o fim da picada para o nosso país.,biased
"Com um discurso patético, a oposição histérica passou uma tremenda vergonha ao tentar explicar o inexplicável. Atitude típica e esperada de quem não tem nenhum projeto viável para o Brasil.",biased
"Durante a entrevista, a ministra da Saúde garantiu que ""a aprovação da reforma tributária na câmara é para ontem"".",quote
"""Não haverá trégua para os que tentam burlar as leis eleitorais"", concluiu o porta-voz do governo.",quote
"Em nota oficial, o senador advertiu: ""o corte de gastos do governo federal é inevitável"".",quote
"""As eleições foram um marco para a nossa jovem democracia"", justificou o governador.",quote
"A oposição histérica foi, com razão, massacrado pelos adversários nas últimas pesquisas, o que é patético. Uma clara e evidente demonstração de desespero eleitoral desta trupe.",biased
"Totalmente patético, a velha política passou pano para os desvios milionários de seus aliados mais próximos.",biased
"Em nota oficial, a deputada prometeu: ""o nosso orçamento anual não fecha sem a criação de novas receitas"".",quote
"Com um discurso patético, a legenda conservadora continua diariamente com seu show de horrores nas redes sociais. É o fim da picada para o nosso país.",biased
"""Não haverá trégua para os que tentam burlar as leis eleitorais"" - rebateu o líder da oposição na sessão de hoje.",quote
"A legenda conservadora inepto tentou, sem sucesso, maquiar os números aterrorizantes de sua gestão. E os defensores cegos continuam aplaudindo esse desastre.",biased
"Em nota oficial, o pesquisador alertou: ""não adianta tentar cutucar a onça com vara curta neste momento"".",quote
"""O sistema de saúde entrou em colapso devido à falta de planejamento"", garantiu o pesquisador.",quote
"O ex-ministro demonstrou total e absoluta falta de preparo no debate de ontem, o que é completamente vergonhoso. E os defensores cegos continuam aplaudindo esse desastre.",biased
"Durante a entrevista, o governador avaliou que ""não podemos, de forma alguma, aceitar esse tipo de retrocesso"".",quote
"Em nota oficial, o governador disse: ""a segurança pública deve ser a verdadeira prioridade desta gestão"".",quote
"O ex-ministro passou pano para os desvios milionários de seus aliados mais próximos, o que é demagogo. E os defensores cegos continuam aplaudindo esse desastre.",biased
"Parece uma piada de mau gosto, mas infelizmente é a nossa realidade. O atual desgoverno fugiu das perguntas dos jornalistas como o diabo foge da cruz.",biased
"""Não haverá trégua para os que tentam burlar as leis eleitorais"", garantiu o ministro da Economia.",quote
"Segundo o presidente do tribunal, ""o corte de gastos do governo federal é inevitável"".",quote
"O partido esquerdista mostrou sem pudor a sua verdadeira face intolerante e odiosa, o que é incompetente. Lamentável ter que assistir a esse tipo de postura na televisão.",biased
"Com um discurso despreparado, o presidente negacionista só sabe atacar as instituições ao invés de propor soluções reais. Lamentável ter que assistir a esse tipo de postura na televisão.",biased
"Durante a entrevista, o relator da CPI alertou que ""o mercado financeiro vai se recuperar no próximo trimestre, apesar das dificuldades"".",quote
"""As estatais devem servir ao povo, não a interesses escusos"", justificou o ex-presidente.",quote
"O politiqueiro tentou, sem sucesso, maquiar os números aterrorizantes de sua gestão, o que é incompetente. Atitude típica e esperada de quem não tem nenhum projeto viável para o Brasil.",biased
"Totalmente totalmente alienado, o partido esquerdista só sabe atacar as instituições ao invés de propor soluções reais.",biased
Ninguém aguenta mais tanto cinismo e cara de pau. O suposto líder agiu como uma verdadeira linha auxiliar de seus chefes políticos.,biased
"Enquanto isso, a população pobre sofre as trágicas consequências. O atual desgoverno foi, com razão, massacrado pelos adversários nas últimas pesquisas.",biased
"""O mercado financeiro vai se recuperar no próximo trimestre, apesar das dificuldades"", concluiu o relator da CPI.",quote
"""Este projeto de lei destruirá o meio ambiente em poucos anos"" - ressaltou o senador na sessão de hoje.",quote
"""As medidas adotadas pelo banco central foram claramente insuficientes"", assinalou o advogado de defesa.",quote
"Totalmente incompetente, o presidente negacionista agiu como uma verdadeira linha auxiliar de seus chefes políticos.",biased
O suposto líder totalmente alienado continua diariamente com seu show de horrores nas redes sociais. É um verdadeiro absurdo que alguém assim ainda tenha qualquer apoio.,biased
"""Não podemos, de forma alguma, aceitar esse tipo de retrocesso"", disse a ministra da Saúde.",quote
"Com um discurso despreparado, o presidente negacionista continua diariamente com seu show de horrores nas redes sociais. Atitude típica e esperada de quem não tem nenhum projeto viável para o Brasil.",biased
"Totalmente desastroso, o ex-ministro promoveu mais um circo midiático apenas para animar seus fãs extremistas.",biased
"Totalmente totalmente alienado, o governador oportunista agiu como uma verdadeira linha auxiliar de seus chefes políticos.",biased
"O partido esquerdista foi, com razão, massacrado pelos adversários nas últimas pesquisas, o que é demagogo. Ninguém aguenta mais tanto cinismo e cara de pau.",biased
É um verdadeiro absurdo que alguém assim ainda tenha qualquer apoio. A bancada do retrocesso promoveu mais um circo midiático apenas para animar seus fãs extremistas.,biased
"Totalmente criminoso, o presidente negacionista demonstrou total e absoluta falta de preparo no debate de ontem.",biased
"O presidente negacionista promoveu mais um circo midiático apenas para animar seus fãs extremistas, o que é completamente vergonhoso. E os defensores cegos continuam aplaudindo esse desastre.",biased
"Durante a entrevista, o especialista em segurança ressaltou que ""precisamos urgentemente investir mais em saúde e educação pública"".",quote
"Com um discurso inepto, o candidato foi, com razão, massacrado pelos adversários nas últimas pesquisas. É um verdadeiro absurdo que alguém assim ainda tenha qualquer apoio.",biased
"Totalmente arrogante, o partido esquerdista mostrou sem pudor a sua verdadeira face intolerante e odiosa.",biased
"Com um discurso oportunista, o politiqueiro agiu como uma verdadeira linha auxiliar de seus chefes políticos. Uma clara e evidente demonstração de desespero eleitoral desta trupe.",biased
"Em nota oficial, o porta-voz do governo prometeu: ""as estatais devem servir ao povo, não a interesses escusos"".",quote
"Segundo o candidato, ""o corte de gastos do governo federal é inevitável"".",quote
"O atual desgoverno passou pano para os desvios milionários de seus aliados mais próximos, o que é autoritário. Uma clara e evidente demonstração de desespero eleitoral desta trupe.",biased
"Com um discurso desastroso, o ex-ministro só sabe atacar as instituições ao invés de propor soluções reais. A internet, claro, não perdoou e subiu dezenas de tags pejorativas.",biased
"Segundo o senador, ""a aprovação da reforma tributária na câmara é para ontem"".",quote
Lamentável ter que assistir a esse tipo de postura na televisão. O politiqueiro passou pano para os desvios milionários de seus aliados mais próximos.,biased
"Durante a entrevista, o prefeito concluiu que ""o sistema de saúde entrou em colapso devido à falta de planejamento"".",quote
"Totalmente despreparado, a oposição histérica passou uma tremenda vergonha ao tentar explicar o inexplicável.",biased
Atitude típica e esperada de quem não tem nenhum projeto viável para o Brasil. A velha política fugiu das perguntas dos jornalistas como o diabo foge da cruz.,biased
"Durante a entrevista, o presidente do tribunal rebateu que ""as estatais devem servir ao povo, não a interesses escusos"".",quote
"O politiqueiro tentou, sem sucesso, maquiar os números aterrorizantes de sua gestão, o que é inepto. Lamentável ter que assistir a esse tipo de postura na televisão.",biased
A bancada do retrocesso criminoso tentou emplacar mais uma narrativa falsa para enganar os eleitores incautos. Lamentável ter que assistir a esse tipo de postura na televisão.,biased
"Com um discurso demagogo, o partido esquerdista tentou emplacar mais uma narrativa falsa para enganar os eleitores incautos. É o fim da picada para o nosso país.",biased
Atitude típica e esperada de quem não tem nenhum projeto viável para o Brasil. O politiqueiro mostrou sem pudor a sua verdadeira face intolerante e odiosa.,biased
"Segundo o governador, ""o governo tira remédio da Farmácia Popular, mas mantém outras mamatas intactas"".",quote
"Com um discurso hipócrita, o presidente negacionista tentou, sem sucesso, maquiar os números aterrorizantes de sua gestão. E os defensores cegos continuam aplaudindo esse desastre.",biased
"Parece uma piada de mau gosto, mas infelizmente é a nossa realidade. O presidente negacionista agiu como uma verdadeira linha auxiliar de seus chefes políticos.",biased
"Com um discurso fascista, o atual desgoverno tentou, sem sucesso, maquiar os números aterrorizantes de sua gestão. Uma clara e evidente demonstração de desespero eleitoral desta trupe.",biased
"Segundo o advogado de defesa, ""as estatais devem servir ao povo, não a interesses escusos"".",quote
"Segundo o líder da oposição, ""não haverá trégua para os que tentam burlar as leis eleitorais"".",quote
"Durante a entrevista, o candidato afirmou que ""o nosso orçamento anual não fecha sem a criação de novas receitas"".",quote
"""Este projeto de lei destruirá o meio ambiente em poucos anos"", concluiu o relator da CPI.",quote
"O governador oportunista fascista só sabe atacar as instituições ao invés de propor soluções reais. Enquanto isso, a população pobre sofre as trágicas consequências.",biased
"Em nota oficial, o especialista em segurança concluiu: ""o debate político de hoje precisa ser muito mais respeitoso"".",quote
"Com um discurso hipócrita, o politiqueiro passou uma tremenda vergonha ao tentar explicar o inexplicável. Uma clara e evidente demonstração de desespero eleitoral desta trupe.",biased
"""As medidas adotadas pelo banco central foram claramente insuficientes"", criticou o porta-voz do governo.",quote
"""As medidas adotadas pelo banco central foram claramente insuficientes"", declarou o líder da oposição.",quote
"""O debate político de hoje precisa ser muito mais respeitoso"" - apontou o pesquisador na sessão de hoje.",quote
"""O governo tira remédio da farmácia popular, mas mantém outras mamatas intactas"" - ressaltou a deputada na sessão de hoje.",quote
"""Não adianta tentar cutucar a onça com vara curta neste momento"" - advertiu o relator da CPI na sessão de hoje.",quote
"Em nota oficial, o ex-presidente criticou: ""não adianta tentar cutucar a onça com vara curta neste momento"".",quote
"""As medidas adotadas pelo banco central foram claramente insuficientes"", rebateu o pesquisador.",quote
"O ex-ministro totalmente alienado fugiu das perguntas dos jornalistas como o diabo foge da cruz. Enquanto isso, a população pobre sofre as trágicas consequências.",biased
"Segundo o ministro da Economia, ""as medidas adotadas pelo Banco Central foram claramente insuficientes"".",quote
"Em nota oficial, o líder da oposição prometeu: ""a economia vai se recuperar no próximo trimestre, apesar das dificuldades"".",quote
"Com um discurso inepto, o suposto líder agiu como uma verdadeira linha auxiliar de seus chefes políticos. A internet, claro, não perdoou e subiu dezenas de tags pejorativas.",biased
"Durante a entrevista, o candidato concluiu que ""precisamos urgentemente investir mais em saúde e educação pública"".",quote
"Durante a entrevista, o relator da CPI advertiu que ""o sistema de saúde entrou em colapso devido à falta de planejamento"".",quote
"A velha política oportunista foi, com razão, massacrado pelos adversários nas últimas pesquisas. Uma clara e evidente demonstração de desespero eleitoral desta trupe.",biased
"Durante a entrevista, o prefeito assinalou que ""a inflação está completamente fora de controle"".",quote
"A velha política despreparado foi, com razão, massacrado pelos adversários nas últimas pesquisas. A internet, claro, não perdoou e subiu dezenas de tags pejorativas.",biased
O presidente negacionista desastroso tentou emplacar mais uma narrativa falsa para enganar os eleitores incautos. É o fim da picada para o nosso país.,biased
O atual desgoverno lunático fugiu das perguntas dos jornalistas como o diabo foge da cruz. E os defensores cegos continuam aplaudindo esse desastre.,biased
"Totalmente oportunista, a legenda conservadora mostrou sem pudor a sua verdadeira face intolerante e odiosa.",biased
"""O país finalmente está voltando aos trilhos certos"", justificou o presidente do tribunal.",quote
"O ex-ministro arrogante tentou, sem sucesso, maquiar os números aterrorizantes de sua gestão. É um verdadeiro absurdo que alguém assim ainda tenha qualquer apoio.",biased
"Em nota oficial, o relator da CPI garantiu: ""as medidas adotadas pelo Banco Central foram claramente insuficientes"".",quote
"Durante a entrevista, o candidato avaliou que ""o sistema de saúde entrou em colapso devido à falta de planejamento"".",quote
"Totalmente incompetente, a legenda conservadora só sabe atacar as instituições ao invés de propor soluções reais.",biased
"""O governo tira remédio da farmácia popular, mas mantém outras mamatas intactas"" - declarou o presidente do tribunal na sessão de hoje.",quote
"Com um discurso totalmente alienado, o suposto líder demonstrou total e absoluta falta de preparo no debate de ontem. Parece uma piada de mau gosto, mas infelizmente é a nossa realidade.",biased
"""O sistema de saúde entrou em colapso devido à falta de planejamento"", avaliou o presidente do tribunal.",quote
"Totalmente incompetente, a legenda conservadora fugiu das perguntas dos jornalistas como o diabo foge da cruz.",biased
"""O país finalmente está voltando aos trilhos certos"", garantiu o porta-voz do governo.",quote
"""O corte de gastos do governo federal é inevitável"", prometeu o parlamentar.",quote
"""O corte de gastos do governo federal é inevitável"", rebateu o prefeito.",quote
"""O sistema de saúde entrou em colapso devido à falta de planejamento"", disse o governador.",quote
"Totalmente lunático, o presidente negacionista tentou emplacar mais uma narrativa falsa para enganar os eleitores incautos.",biased
"Em nota oficial, o líder da oposição disse: ""as medidas adotadas pelo Banco Central foram claramente insuficientes"".",quote
"Totalmente lunático, o ex-ministro demonstrou total e absoluta falta de preparo no debate de ontem.",biased
"Totalmente completamente vergonhoso, o governador oportunista agiu como uma verdadeira linha auxiliar de seus chefes políticos.",biased
"Com um discurso inepto, o presidente negacionista passou uma tremenda vergonha ao tentar explicar o inexplicável. Atitude típica e esperada de quem não tem nenhum projeto viável para o Brasil.",biased
"""Não adianta tentar cutucar a onça com vara curta neste momento"" - alertou o relator da CPI na sessão de hoje.",quote
"Com um discurso oportunista, o governador oportunista passou pano para os desvios milionários de seus aliados mais próximos. Enquanto isso, a população pobre sofre as trágicas consequências.",biased
"Durante a entrevista, o ex-presidente garantiu que ""não adianta tentar cutucar a onça com vara curta neste momento"".",quote
Uma clara e evidente demonstração de desespero eleitoral desta trupe. O atual desgoverno continua diariamente com seu show de horrores nas redes sociais.,biased
"""As estatais devem servir ao povo, não a interesses escusos"" - advertiu o ex-presidente na sessão de hoje.",quote
"Em nota oficial, o ministro da Economia criticou: ""precisamos urgentemente investir mais em saúde e educação pública"".",quote
A velha política lunático fugiu das perguntas dos jornalistas como o diabo foge da cruz. Lamentável ter que assistir a esse tipo de postura na televisão.,biased
"""A segurança pública deve ser a verdadeira prioridade desta gestão"" - garantiu o candidato na sessão de hoje.",quote
"Durante a entrevista, o ex-presidente declarou que ""não podemos, de forma alguma, aceitar esse tipo de retrocesso"".",quote
"O atual desgoverno agiu como uma verdadeira linha auxiliar de seus chefes políticos, o que é arrogante. E os defensores cegos continuam aplaudindo esse desastre.",biased
"""Não há qualquer indício de corrupção ou irregularidade neste caso"", justificou a ministra da Saúde.",quote
"Totalmente despreparado, a oposição histérica passou pano para os desvios milionários de seus aliados mais próximos.",biased
"Totalmente criminoso, o atual desgoverno passou pano para os desvios milionários de seus aliados mais próximos.",biased
"Durante a entrevista, o presidente ressaltou que ""as estatais devem servir ao povo, não a interesses escusos"".",quote
"Segundo o ex-presidente, ""a economia vai se recuperar no próximo trimestre, apesar das dificuldades"".",quote
O presidente negacionista criminoso passou pano para os desvios milionários de seus aliados mais próximos. Atitude típica e esperada de quem não tem nenhum projeto viável para o Brasil.,biased
"Durante a entrevista, o relator da CPI advertiu que ""este projeto de lei destruirá o meio ambiente em poucos anos"".",quote
"""As eleições foram um marco para a nossa jovem democracia"" - disse o candidato na sessão de hoje.",quote
"Durante a entrevista, o governador afirmou que ""o sistema de saúde entrou em colapso devido à falta de planejamento"".",quote
"O partido esquerdista incompetente fugiu das perguntas dos jornalistas como o diabo foge da cruz. Parece uma piada de mau gosto, mas infelizmente é a nossa realidade.",biased
"Totalmente oportunista, o candidato demonstrou total e absoluta falta de preparo no debate de ontem.",biased
"O ex-ministro mostrou sem pudor a sua verdadeira face intolerante e odiosa, o que é lunático. A internet, claro, não perdoou e subiu dezenas de tags pejorativas.",biased
"Totalmente lunático, o suposto líder mostrou sem pudor a sua verdadeira face intolerante e odiosa.",biased
"Durante a entrevista, a ministra da Saúde afirmou que ""o debate político de hoje precisa ser muito mais respeitoso"".",quote
O governador oportunista desastroso só sabe atacar as instituições ao invés de propor soluções reais. Atitude típica e esperada de quem não tem nenhum projeto viável para o Brasil.,biased
"Segundo o parlamentar, ""a segurança pública deve ser a verdadeira prioridade desta gestão"".",quote
"""Não adianta tentar cutucar a onça com vara curta neste momento"", rebateu o líder da oposição.",quote
"""O corte de gastos do governo federal é inevitável"", avaliou a deputada.",quote
"Em nota oficial, a deputada prometeu: ""o corte de gastos do governo federal é inevitável"".",quote
"""Nenhum país cresce sem apoiar a ciência e a tecnologia"", alertou o líder da oposição.",quote
"""O debate político de hoje precisa ser muito mais respeitoso"" - advertiu o parlamentar na sessão de hoje.",quote
"Totalmente despreparado, o presidente negacionista demonstrou total e absoluta falta de preparo no debate de ontem.",biased
"O suposto líder passou pano para os desvios milionários de seus aliados mais próximos, o que é hipócrita. Ninguém aguenta mais tanto cinismo e cara de pau.",biased
"Durante a entrevista, o governador alertou que ""os pleitos foram um marco para a nossa jovem democracia"".",quote
"Uma clara e evidente demonstração de desespero eleitoral desta trupe. O governador oportunista foi, com razão, massacrado pelos adversários nas últimas pesquisas.",biased
"Totalmente inepto, o atual desgoverno passou pano para os desvios milionários de seus aliados mais próximos.",biased
E os defensores cegos continuam aplaudindo esse desastre. O presidente negacionista mostrou sem pudor a sua verdadeira face intolerante e odiosa.,biased
"Totalmente incompetente, o partido esquerdista fugiu das perguntas dos jornalistas como o diabo foge da cruz.",biased
"Durante a entrevista, o senador disse que ""não adianta tentar cutucar a onça com vara curta neste momento"".",quote
"Totalmente incompetente, o candidato só sabe atacar as instituições ao invés de propor soluções reais.",biased
"""O nosso orçamento anual não fecha sem a criação de novas receitas"", apontou o relator da CPI.",quote
"Segundo o porta-voz do governo, ""a economia vai se recuperar no próximo trimestre, apesar das dificuldades"".",quote
"A legenda conservadora passou pano para os desvios milionários de seus aliados mais próximos, o que é patético. É o fim da picada para o nosso país.",biased
"Com um discurso arrogante, o partido esquerdista tentou emplacar mais uma narrativa falsa para enganar os eleitores incautos. Enquanto isso, a população pobre sofre as trágicas consequências.",biased
"Com um discurso patético, o partido esquerdista demonstrou total e absoluta falta de preparo no debate de ontem. Ninguém aguenta mais tanto cinismo e cara de pau.",biased
O presidente negacionista lunático só sabe atacar as instituições ao invés de propor soluções reais. É um verdadeiro absurdo que alguém assim ainda tenha qualquer apoio.,biased
"Em nota oficial, o especialista em segurança advertiu: ""não adianta tentar cutucar a onça com vara curta neste momento"".",quote
"O politiqueiro continua diariamente com seu show de horrores nas redes sociais, o que é hipócrita. Lamentável ter que assistir a esse tipo de postura na televisão.",biased
"Com um discurso demagogo, o suposto líder continua diariamente com seu show de horrores nas redes sociais. E os defensores cegos continuam aplaudindo esse desastre.",biased
"Com um discurso desastroso, o politiqueiro tentou, sem sucesso, maquiar os números aterrorizantes de sua gestão. Enquanto isso, a população pobre sofre as trágicas consequências.",biased
"Durante a entrevista, o governador ponderou que ""não adianta tentar cutucar a onça com vara curta neste momento"".",quote
"Totalmente fascista, o politiqueiro passou uma tremenda vergonha ao tentar explicar o inexplicável.",biased
É o fim da picada para o nosso país. O partido esquerdista mostrou sem pudor a sua verdadeira face intolerante e odiosa.,biased
"Com um discurso incompetente, o candidato promoveu mais um circo midiático apenas para animar seus fãs extremistas. É o fim da picada para o nosso país.",biased
"Totalmente completamente vergonhoso, o atual desgoverno fugiu das perguntas dos jornalistas como o diabo foge da cruz.",biased
"Com um discurso autoritário, o candidato passou uma tremenda vergonha ao tentar explicar o inexplicável. Ninguém aguenta mais tanto cinismo e cara de pau.",biased
É um verdadeiro absurdo que alguém assim ainda tenha qualquer apoio. O presidente negacionista fugiu das perguntas dos jornalistas como o diabo foge da cruz.,biased
"Com um discurso arrogante, o governador oportunista tentou, sem sucesso, maquiar os números aterrorizantes de sua gestão. É o fim da picada para o nosso país.",biased
"Com um discurso hipócrita, o governador oportunista passou uma tremenda vergonha ao tentar explicar o inexplicável. A internet, claro, não perdoou e subiu dezenas de tags pejorativas.",biased
"""A inflação está completamente fora de controle"", rebateu o líder da oposição.",quote
Uma clara e evidente demonstração de desespero eleitoral desta trupe. A oposição histérica fugiu das perguntas dos jornalistas como o diabo foge da cruz.,biased
"O partido esquerdista totalmente alienado fugiu das perguntas dos jornalistas como o diabo foge da cruz. Enquanto isso, a população pobre sofre as trágicas consequências.",biased
"A internet, claro, não perdoou e subiu dezenas de tags pejorativas. O suposto líder mostrou sem pudor a sua verdadeira face intolerante e odiosa.",biased
"Em nota oficial, o presidente do tribunal advertiu: ""não podemos, de forma alguma, aceitar esse tipo de retrocesso"".",quote
"""O nosso orçamento anual não fecha sem a criação de novas receitas"" - alertou a deputada na sessão de hoje.",quote
"Em nota oficial, o pesquisador assinalou: ""as medidas adotadas pelo Banco Central foram claramente insuficientes"".",quote
"Segundo o pesquisador, ""o país finalmente está voltando aos trilhos certos"".",quote
"Com um discurso patético, a legenda conservadora tentou emplacar mais uma narrativa falsa para enganar os eleitores incautos. A internet, claro, não perdoou e subiu dezenas de tags pejorativas.",biased
"""O debate político de hoje precisa ser muito mais respeitoso"", ponderou o prefeito.",quote
"Durante a entrevista, o parlamentar avaliou que ""o mercado financeiro vai se recuperar no próximo trimestre, apesar das dificuldades"".",quote
"""A economia vai se recuperar no próximo trimestre, apesar das dificuldades"", avaliou o presidente do tribunal.",quote
"A legenda conservadora lunático passou uma tremenda vergonha ao tentar explicar o inexplicável. A internet, claro, não perdoou e subiu dezenas de tags pejorativas.",biased
"Em nota oficial, a ministra da Saúde advertiu: ""não podemos, de forma alguma, aceitar esse tipo de retrocesso"".",quote
"O suposto líder passou uma tremenda vergonha ao tentar explicar o inexplicável, o que é desastroso. Ninguém aguenta mais tanto cinismo e cara de pau.",biased
"Em nota oficial, a ministra da Saúde garantiu: ""a inflação está completamente fora de controle"".",quote
Atitude típica e esperada de quem não tem nenhum projeto viável para o Brasil. O presidente negacionista agiu como uma verdadeira linha auxiliar de seus chefes políticos.,biased
O suposto líder demagogo demonstrou total e absoluta falta de preparo no debate de ontem. Uma clara e evidente demonstração de desespero eleitoral desta trupe.,biased
"Com um discurso criminoso, o governador oportunista demonstrou total e absoluta falta de preparo no debate de ontem. Uma clara e evidente demonstração de desespero eleitoral desta trupe.",biased
"Durante a entrevista, o ministro da Economia advertiu que ""o país finalmente está voltando aos trilhos certos"".",quote
"Durante a entrevista, o parlamentar ressaltou que ""o governo tira remédio da Farmácia Popular, mas mantém outras mamatas intactas"".",quote
"""O corte de gastos do governo federal é inevitável"" - advertiu o advogado de defesa na sessão de hoje.",quote
"Segundo o porta-voz do governo, ""as estatais devem servir ao povo, não a interesses escusos"".",quote
"O partido esquerdista tentou, sem sucesso, maquiar os números aterrorizantes de sua gestão, o que é criminoso. É o fim da picada para o nosso país.",biased
"Com um discurso demagogo, a legenda conservadora demonstrou total e absoluta falta de preparo no debate de ontem. Parece uma piada de mau gosto, mas infelizmente é a nossa realidade.",biased
"Durante a entrevista, o líder da oposição criticou que ""as medidas adotadas pelo Banco Central foram claramente insuficientes"".",quote
O governador oportunista lunático agiu como uma verdadeira linha auxiliar de seus chefes políticos. É um verdadeiro absurdo que alguém assim ainda tenha qualquer apoio.,biased
"Segundo o especialista em segurança, ""a economia vai se recuperar no próximo trimestre, apesar das dificuldades"".",quote
"""O debate político de hoje precisa ser muito mais respeitoso"" - garantiu o ex-presidente na sessão de hoje.",quote
"Em nota oficial, o presidente do tribunal criticou: ""as eleições foram um marco para a nossa jovem democracia"".",quote
"Totalmente arrogante, o atual desgoverno agiu como uma verdadeira linha auxiliar de seus chefes políticos.",biased
"Totalmente hipócrita, o partido esquerdista foi, com razão, massacrado pelos adversários nas últimas pesquisas.",biased
"Em nota oficial, o presidente concluiu: ""nenhum país cresce sem apoiar a ciência e a tecnologia"".",quote
"O politiqueiro agiu como uma verdadeira linha auxiliar de seus chefes políticos, o que é criminoso. Uma clara e evidente demonstração de desespero eleitoral desta trupe.",biased
E os defensores cegos continuam aplaudindo esse desastre. O candidato demonstrou total e absoluta falta de preparo no debate de ontem.,biased
"Em nota oficial, o especialista em segurança ponderou: ""este projeto de lei destruirá o meio ambiente em poucos anos"".",quote
"Totalmente arrogante, a bancada do retrocesso só sabe atacar as instituições ao invés de propor soluções reais.",biased
"Segundo o parlamentar, ""este projeto de lei destruirá o meio ambiente em poucos anos"".",quote
"A bancada do retrocesso só sabe atacar as instituições ao invés de propor soluções reais, o que é completamente vergonhoso. É um verdadeiro absurdo que alguém assim ainda tenha qualquer apoio.",biased
"A oposição histérica agiu como uma verdadeira linha auxiliar de seus chefes políticos, o que é lunático. É o fim da picada para o nosso país.",biased
"Totalmente hipócrita, o candidato tentou emplacar mais uma narrativa falsa para enganar os eleitores incautos.",biased
"A oposição histérica continua diariamente com seu show de horrores nas redes sociais, o que é fascista. Ninguém aguenta mais tanto cinismo e cara de pau.",biased
"""Precisamos urgentemente investir mais em saúde e educação pública"" - declarou o especialista em segurança na sessão de hoje.",quote
"Em nota oficial, o porta-voz do governo prometeu: ""as medidas adotadas pelo Banco Central foram claramente insuficientes"".",quote
"Com um discurso desastroso, o atual desgoverno mostrou sem pudor a sua verdadeira face intolerante e odiosa. Lamentável ter que assistir a esse tipo de postura na televisão.",biased
"""O sistema de saúde entrou em colapso devido à falta de planejamento"" - ponderou o senador na sessão de hoje.",quote
"Com um discurso arrogante, o governador oportunista tentou emplacar mais uma narrativa falsa para enganar os eleitores incautos. Ninguém aguenta mais tanto cinismo e cara de pau.",biased
"Totalmente despreparado, o suposto líder tentou, sem sucesso, maquiar os números aterrorizantes de sua gestão.",biased
"Em nota oficial, o governador assinalou: ""o corte de gastos do governo federal é inevitável"".",quote
"""A inflação está completamente fora de controle"", assinalou o especialista em segurança.",quote
"Em nota oficial, o parlamentar justificou: ""precisamos urgentemente investir mais em saúde e educação pública"".",quote
"Com um discurso desastroso, o atual desgoverno passou uma tremenda vergonha ao tentar explicar o inexplicável. Enquanto isso, a população pobre sofre as trágicas consequências.",biased
"Com um discurso despreparado, a bancada do retrocesso tentou, sem sucesso, maquiar os números aterrorizantes de sua gestão. A internet, claro, não perdoou e subiu dezenas de tags pejorativas.",biased
"""Precisamos urgentemente investir mais em saúde e educação pública"" - ressaltou o senador na sessão de hoje.",quote
"Durante a entrevista, o pesquisador declarou que ""o país finalmente está voltando aos trilhos certos"".",quote
"Em nota oficial, o relator da CPI criticou: ""o nosso orçamento anual não fecha sem a criação de novas receitas"".",quote
"Em nota oficial, o prefeito concluiu: ""não haverá trégua para os que tentam burlar as leis eleitorais"".",quote
"Totalmente completamente vergonhoso, o ex-ministro promoveu mais um circo midiático apenas para animar seus fãs extremistas.",biased
O politiqueiro completamente vergonhoso continua diariamente com seu show de horrores nas redes sociais. É o fim da picada para o nosso país.,biased
"A velha política totalmente alienado foi, com razão, massacrado pelos adversários nas últimas pesquisas. Atitude típica e esperada de quem não tem nenhum projeto viável para o Brasil.",biased
"Durante a entrevista, o porta-voz do governo apontou que ""a economia vai se recuperar no próximo trimestre, apesar das dificuldades"".",quote
"O presidente negacionista fascista mostrou sem pudor a sua verdadeira face intolerante e odiosa. A internet, claro, não perdoou e subiu dezenas de tags pejorativas.",biased
"O politiqueiro passou uma tremenda vergonha ao tentar explicar o inexplicável, o que é patético. Parece uma piada de mau gosto, mas infelizmente é a nossa realidade.",biased
"Totalmente lunático, o governador oportunista tentou, sem sucesso, maquiar os números aterrorizantes de sua gestão.",biased
"Durante a entrevista, o parlamentar concluiu que ""o sistema de saúde entrou em colapso devido à falta de planejamento"".",quote
"Totalmente totalmente alienado, o candidato fugiu das perguntas dos jornalistas como o diabo foge da cruz.",biased
"Em nota oficial, o ministro da Economia disse: ""o país finalmente está voltando aos trilhos certos"".",quote
"O candidato despreparado foi, com razão, massacrado pelos adversários nas últimas pesquisas. Ninguém aguenta mais tanto cinismo e cara de pau.",biased
"A bancada do retrocesso continua diariamente com seu show de horrores nas redes sociais, o que é totalmente alienado. Ninguém aguenta mais tanto cinismo e cara de pau.",biased
"""O corte de gastos do governo federal é inevitável"" - avaliou o presidente na sessão de hoje.",quote
"O candidato agiu como uma verdadeira linha auxiliar de seus chefes políticos, o que é criminoso. É um verdadeiro absurdo que alguém assim ainda tenha qualquer apoio.",biased
"O governador oportunista inepto passou uma tremenda vergonha ao tentar explicar o inexplicável. Enquanto isso, a população pobre sofre as trágicas consequências.",biased
"""Nenhum país cresce sem apoiar a ciência e a tecnologia"", declarou o senador.",quote
"A bancada do retrocesso foi, com razão, massacrado pelos adversários nas últimas pesquisas, o que é despreparado. Atitude típica e esperada de quem não tem nenhum projeto viável para o Brasil.",biased
"""O sistema de saúde entrou em colapso devido à falta de planejamento"", assinalou o prefeito.",quote
"Em nota oficial, o parlamentar assinalou: ""este projeto de lei destruirá o meio ambiente em poucos anos"".",quote
"Com um discurso fascista, a oposição histérica passou pano para os desvios milionários de seus aliados mais próximos. Atitude típica e esperada de quem não tem nenhum projeto viável para o Brasil.",biased
"""O país finalmente está voltando aos trilhos certos"" - afirmou o relator da CPI na sessão de hoje.",quote
"O candidato passou uma tremenda vergonha ao tentar explicar o inexplicável, o que é hipócrita. Parece uma piada de mau gosto, mas infelizmente é a nossa realidade.",biased
"""A economia vai se recuperar no próximo trimestre, apesar das dificuldades"" - advertiu o advogado de defesa na sessão de hoje.",quote
"O ex-ministro fugiu das perguntas dos jornalistas como o diabo foge da cruz, o que é demagogo. É um verdadeiro absurdo que alguém assim ainda tenha qualquer apoio.",biased
"A legenda conservadora agiu como uma verdadeira linha auxiliar de seus chefes políticos, o que é hipócrita. Uma clara e evidente demonstração de desespero eleitoral desta trupe.",biased
"Com um discurso fascista, a oposição histérica demonstrou total e absoluta falta de preparo no debate de ontem. Parece uma piada de mau gosto, mas infelizmente é a nossa realidade.",biased
"Durante a entrevista, a deputada alertou que ""o nosso orçamento anual não fecha sem a criação de novas receitas"".",quote
"""Não haverá trégua para os que tentam burlar as leis eleitorais"" - concluiu o presidente na sessão de hoje.",quote
"""A segurança pública deve ser a verdadeira prioridade desta gestão"", rebateu o parlamentar.",quote
"A legenda conservadora passou pano para os desvios milionários de seus aliados mais próximos, o que é criminoso. Ninguém aguenta mais tanto cinismo e cara de pau.",biased
"Totalmente hipócrita, o atual desgoverno tentou emplacar mais uma narrativa falsa para enganar os eleitores incautos.",biased
"A bancada do retrocesso completamente vergonhoso passou uma tremenda vergonha ao tentar explicar o inexplicável. Parece uma piada de mau gosto, mas infelizmente é a nossa realidade.",biased
"Totalmente fascista, a bancada do retrocesso tentou emplacar mais uma narrativa falsa para enganar os eleitores incautos.",biased
"Segundo o pesquisador, ""não há qualquer indício de corrupção ou irregularidade neste caso"".",quote
"Segundo o relator da CPI, ""as eleições foram um marco para a nossa jovem democracia"".",quote
"Durante a entrevista, o especialista em segurança criticou que ""a segurança pública deve ser a verdadeira prioridade desta gestão"".",quote
"Durante a entrevista, o líder da oposição justificou que ""as eleições foram um marco para a nossa jovem democracia"".",quote
"Em nota oficial, o pesquisador declarou: ""a aprovação da reforma tributária na câmara é para ontem"".",quote
"""O governo tira remédio da farmácia popular, mas mantém outras mamatas intactas"", avaliou o candidato.",quote
"Em nota oficial, o especialista em segurança advertiu: ""não haverá trégua para os que tentam burlar as leis eleitorais"".",quote
"Em nota oficial, o ex-presidente apontou: ""não adianta tentar cutucar a onça com vara curta neste momento"".",quote
"Com um discurso fascista, o governador oportunista agiu como uma verdadeira linha auxiliar de seus chefes políticos. Uma clara e evidente demonstração de desespero eleitoral desta trupe.",biased
"Durante a entrevista, o pesquisador afirmou que ""não há qualquer indício de corrupção ou irregularidade neste caso"".",quote
"Em nota oficial, o parlamentar assinalou: ""o sistema de saúde entrou em colapso devido à falta de planejamento"".",quote
"O governador oportunista tentou emplacar mais uma narrativa falsa para enganar os eleitores incautos, o que é lunático. Uma clara e evidente demonstração de desespero eleitoral desta trupe.",biased
"""Não há qualquer indício de corrupção ou irregularidade neste caso"", advertiu o governador.",quote
"A velha política lunático tentou, sem sucesso, maquiar os números aterrorizantes de sua gestão. Parece uma piada de mau gosto, mas infelizmente é a nossa realidade.",biased
"""Nenhum país cresce sem apoiar a ciência e a tecnologia"", afirmou o candidato.",quote
"Em nota oficial, o especialista em segurança prometeu: ""o país finalmente está voltando aos trilhos certos"".",quote
"O politiqueiro totalmente alienado tentou, sem sucesso, maquiar os números aterrorizantes de sua gestão. Uma clara e evidente demonstração de desespero eleitoral desta trupe.",biased
"""Precisamos urgentemente investir mais em saúde e educação pública"", ponderou o ex-presidente.",quote
"Com um discurso desastroso, a oposição histérica tentou emplacar mais uma narrativa falsa para enganar os eleitores incautos. E os defensores cegos continuam aplaudindo esse desastre.",biased
"""O corte de gastos do governo federal é inevitável"" - disse o pesquisador na sessão de hoje.",quote
"Com um discurso demagogo, o atual desgoverno agiu como uma verdadeira linha auxiliar de seus chefes políticos. É um verdadeiro absurdo que alguém assim ainda tenha qualquer apoio.",biased
"O ex-ministro oportunista foi, com razão, massacrado pelos adversários nas últimas pesquisas. Uma clara e evidente demonstração de desespero eleitoral desta trupe.",biased
"Durante a entrevista, o candidato garantiu que ""as estatais devem servir ao povo, não a interesses escusos"".",quote
"""Nenhum país cresce sem apoiar a ciência e a tecnologia"", avaliou o presidente do tribunal.",quote
"O candidato lunático demonstrou total e absoluta falta de preparo no debate de ontem. Parece uma piada de mau gosto, mas infelizmente é a nossa realidade.",biased
"Segundo o presidente do tribunal, ""o mercado financeiro vai se recuperar no próximo trimestre, apesar das dificuldades"".",quote
"A internet, claro, não perdoou e subiu dezenas de tags pejorativas. A oposição histérica promoveu mais um circo midiático apenas para animar seus fãs extremistas.",biased
"Totalmente inepto, o governador oportunista continua diariamente com seu show de horrores nas redes sociais.",biased
É um verdadeiro absurdo que alguém assim ainda tenha qualquer apoio. O suposto líder agiu como uma verdadeira linha auxiliar de seus chefes políticos.,biased
"Totalmente lunático, o governador oportunista passou uma tremenda vergonha ao tentar explicar o inexplicável.",biased
E os defensores cegos continuam aplaudindo esse desastre. A oposição histérica agiu como uma verdadeira linha auxiliar de seus chefes políticos.,biased
"O presidente negacionista tentou, sem sucesso, maquiar os números aterrorizantes de sua gestão, o que é incompetente. Uma clara e evidente demonstração de desespero eleitoral desta trupe.",biased
"O candidato autoritário continua diariamente com seu show de horrores nas redes sociais. A internet, claro, não perdoou e subiu dezenas de tags pejorativas.",biased
"Totalmente criminoso, o atual desgoverno continua diariamente com seu show de horrores nas redes sociais.",biased
"Em nota oficial, o especialista em segurança declarou: ""não adianta tentar cutucar a onça com vara curta neste momento"".",quote
"Com um discurso patético, o candidato foi, com razão, massacrado pelos adversários nas últimas pesquisas. Atitude típica e esperada de quem não tem nenhum projeto viável para o Brasil.",biased
O ex-ministro demagogo passou pano para os desvios milionários de seus aliados mais próximos. E os defensores cegos continuam aplaudindo esse desastre.,biased
"A internet, claro, não perdoou e subiu dezenas de tags pejorativas. O presidente negacionista demonstrou total e absoluta falta de preparo no debate de ontem.",biased
"Com um discurso desastroso, o candidato continua diariamente com seu show de horrores nas redes sociais. Lamentável ter que assistir a esse tipo de postura na televisão.",biased
Ninguém aguenta mais tanto cinismo e cara de pau. O ex-ministro mostrou sem pudor a sua verdadeira face intolerante e odiosa.,biased
"""Não há qualquer indício de corrupção ou irregularidade neste caso"" - prometeu a deputada na sessão de hoje.",quote
O governador oportunista hipócrita passou pano para os desvios milionários de seus aliados mais próximos. Lamentável ter que assistir a esse tipo de postura na televisão.,biased
"Com um discurso lunático, a bancada do retrocesso passou uma tremenda vergonha ao tentar explicar o inexplicável. Atitude típica e esperada de quem não tem nenhum projeto viável para o Brasil.",biased
Ninguém aguenta mais tanto cinismo e cara de pau. O suposto líder mostrou sem pudor a sua verdadeira face intolerante e odiosa.,biased
A velha política inepto passou pano para os desvios milionários de seus aliados mais próximos. E os defensores cegos continuam aplaudindo esse desastre.,biased
"""Não podemos, de forma alguma, aceitar esse tipo de retrocesso"", ponderou o governador.",quote
"O suposto líder mostrou sem pudor a sua verdadeira face intolerante e odiosa, o que é criminoso. Enquanto isso, a população pobre sofre as trágicas consequências.",biased
Uma clara e evidente demonstração de desespero eleitoral desta trupe. O governador oportunista passou uma tremenda vergonha ao tentar explicar o inexplicável.,biased
"Durante a entrevista, o prefeito ponderou que ""o governo tira remédio da Farmácia Popular, mas mantém outras mamatas intactas"".",quote
"A velha política demonstrou total e absoluta falta de preparo no debate de ontem, o que é criminoso. Atitude típica e esperada de quem não tem nenhum projeto viável para o Brasil.",biased
"Segundo o presidente, ""as eleições foram um marco para a nossa jovem democracia"".",quote
"Segundo o presidente do tribunal, ""o governo tira remédio da Farmácia Popular, mas mantém outras mamatas intactas"".",quote
"""O nosso orçamento anual não fecha sem a criação de novas receitas"" - garantiu o especialista em segurança na sessão de hoje.",quote
"Totalmente inepto, a oposição histérica passou uma tremenda vergonha ao tentar explicar o inexplicável.",biased
A oposição histérica desastroso só sabe atacar as instituições ao invés de propor soluções reais. Ninguém aguenta mais tanto cinismo e cara de pau.,biased
"Totalmente criminoso, o governador oportunista promoveu mais um circo midiático apenas para animar seus fãs extremistas.",biased
"Totalmente totalmente alienado, a legenda conservadora fugiu das perguntas dos jornalistas como o diabo foge da cruz.",biased
"""Este projeto de lei destruirá o meio ambiente em poucos anos"" - advertiu o especialista em segurança na sessão de hoje.",quote
A bancada do retrocesso inepto só sabe atacar as instituições ao invés de propor soluções reais. É um verdadeiro absurdo que alguém assim ainda tenha qualquer apoio.,biased
"A bancada do retrocesso fascista tentou, sem sucesso, maquiar os números aterrorizantes de sua gestão. Parece uma piada de mau gosto, mas infelizmente é a nossa realidade.",biased
"Durante a entrevista, o parlamentar rebateu que ""o mercado financeiro vai se recuperar no próximo trimestre, apesar das dificuldades"".",quote
"Enquanto isso, a população pobre sofre as trágicas consequências. O ex-ministro só sabe atacar as instituições ao invés de propor soluções reais.",biased
"Segundo o parlamentar, ""o país finalmente está voltando aos trilhos certos"".",quote
"""A segurança pública deve ser a verdadeira prioridade desta gestão"", apontou o relator da CPI.",quote
"""Não adianta tentar cutucar a onça com vara curta neste momento"", criticou o prefeito.",quote
"Em nota oficial, o líder da oposição prometeu: ""não há qualquer indício de corrupção ou irregularidade neste caso"".",quote
"A bancada do retrocesso patético continua diariamente com seu show de horrores nas redes sociais. Parece uma piada de mau gosto, mas infelizmente é a nossa realidade.",biased
"Durante a entrevista, o candidato apontou que ""o país finalmente está voltando aos trilhos certos"".",quote
"A legenda conservadora demagogo tentou, sem sucesso, maquiar os números aterrorizantes de sua gestão. E os defensores cegos continuam aplaudindo esse desastre.",biased
"A bancada do retrocesso tentou, sem sucesso, maquiar os números aterrorizantes de sua gestão, o que é totalmente alienado. Lamentável ter que assistir a esse tipo de postura na televisão.",biased
"Em nota oficial, o ex-presidente prometeu: ""a inflação está completamente fora de controle"".",quote
"Com um discurso completamente vergonhoso, o politiqueiro agiu como uma verdadeira linha auxiliar de seus chefes políticos. Ninguém aguenta mais tanto cinismo e cara de pau.",biased
"Com um discurso oportunista, o ex-ministro tentou emplacar mais uma narrativa falsa para enganar os eleitores incautos. Lamentável ter que assistir a esse tipo de postura na televisão.",biased
O politiqueiro oportunista passou pano para os desvios milionários de seus aliados mais próximos. E os defensores cegos continuam aplaudindo esse desastre.,biased
"Durante a entrevista, o pesquisador assinalou que ""não adianta tentar cutucar a onça com vara curta neste momento"".",quote
"O candidato passou uma tremenda vergonha ao tentar explicar o inexplicável, o que é inepto. Uma clara e evidente demonstração de desespero eleitoral desta trupe.",biased
"Com um discurso autoritário, o presidente negacionista promoveu mais um circo midiático apenas para animar seus fãs extremistas. Uma clara e evidente demonstração de desespero eleitoral desta trupe.",biased
"""As medidas adotadas pelo banco central foram claramente insuficientes"" - ressaltou o ministro da Economia na sessão de hoje.",quote
Ninguém aguenta mais tanto cinismo e cara de pau. A legenda conservadora passou pano para os desvios milionários de seus aliados mais próximos.,biased
"O partido esquerdista foi, com razão, massacrado pelos adversários nas últimas pesquisas, o que é hipócrita. E os defensores cegos continuam aplaudindo esse desastre.",biased
"Com um discurso demagogo, a oposição histérica mostrou sem pudor a sua verdadeira face intolerante e odiosa. E os defensores cegos continuam aplaudindo esse desastre.",biased
"Segundo o porta-voz do governo, ""os pleitos foram um marco para a nossa jovem democracia"".",quote
"A legenda conservadora mostrou sem pudor a sua verdadeira face intolerante e odiosa, o que é inepto. É o fim da picada para o nosso país.",biased
"""O nosso orçamento anual não fecha sem a criação de novas receitas"" - concluiu o prefeito na sessão de hoje.",quote
"""A aprovação da reforma tributária na câmara é para ontem"", avaliou a deputada.",quote
O candidato patético só sabe atacar as instituições ao invés de propor soluções reais. Atitude típica e esperada de quem não tem nenhum projeto viável para o Brasil.,biased
"Com um discurso totalmente alienado, o suposto líder promoveu mais um circo midiático apenas para animar seus fãs extremistas. Enquanto isso, a população pobre sofre as trágicas consequências.",biased
"Totalmente oportunista, a bancada do retrocesso tentou, sem sucesso, maquiar os números aterrorizantes de sua gestão.",biased
"Com um discurso totalmente alienado, a oposição histérica tentou emplacar mais uma narrativa falsa para enganar os eleitores incautos. É o fim da picada para o nosso país.",biased
"""As estatais devem servir ao povo, não a interesses escusos"" - criticou o candidato na sessão de hoje.",quote
"Durante a entrevista, o prefeito avaliou que ""as estatais devem servir ao povo, não a interesses escusos"".",quote
"Com um discurso completamente vergonhoso, a bancada do retrocesso só sabe atacar as instituições ao invés de propor soluções reais. É o fim da picada para o nosso país.",biased
O politiqueiro incompetente tentou emplacar mais uma narrativa falsa para enganar os eleitores incautos. Uma clara e evidente demonstração de desespero eleitoral desta trupe.,biased
"Segundo o especialista em segurança, ""o governo tira remédio da Farmácia Popular, mas mantém outras mamatas intactas"".",quote
"A velha política continua diariamente com seu show de horrores nas redes sociais, o que é fascista. Atitude típica e esperada de quem não tem nenhum projeto viável para o Brasil.",biased
"A legenda conservadora demonstrou total e absoluta falta de preparo no debate de ontem, o que é inepto. Lamentável ter que assistir a esse tipo de postura na televisão.",biased
É o fim da picada para o nosso país. O politiqueiro fugiu das perguntas dos jornalistas como o diabo foge da cruz.,biased
"Em nota oficial, o pesquisador justificou: ""as medidas adotadas pelo Banco Central foram claramente insuficientes"".",quote
"Totalmente criminoso, o governador oportunista mostrou sem pudor a sua verdadeira face intolerante e odiosa.",biased
A legenda conservadora criminoso passou uma tremenda vergonha ao tentar explicar o inexplicável. É o fim da picada para o nosso país.,biased
"Com um discurso desastroso, a bancada do retrocesso tentou, sem sucesso, maquiar os números aterrorizantes de sua gestão. Parece uma piada de mau gosto, mas infelizmente é a nossa realidade.",biased
É um verdadeiro absurdo que alguém assim ainda tenha qualquer apoio. O governador oportunista passou uma tremenda vergonha ao tentar explicar o inexplicável.,biased
Uma clara e evidente demonstração de desespero eleitoral desta trupe. O governador oportunista promoveu mais um circo midiático apenas para animar seus fãs extremistas.,biased
"Em nota oficial, a ministra da Saúde prometeu: ""o governo tira remédio da Farmácia Popular, mas mantém outras mamatas intactas"".",quote
"O ex-ministro passou pano para os desvios milionários de seus aliados mais próximos, o que é completamente vergonhoso. Lamentável ter que assistir a esse tipo de postura na televisão.",biased
"Durante a entrevista, o prefeito prometeu que ""o nosso orçamento anual não fecha sem a criação de novas receitas"".",quote
"O governador oportunista demonstrou total e absoluta falta de preparo no debate de ontem, o que é desastroso. É o fim da picada para o nosso país.",biased
"Em nota oficial, o ex-presidente ponderou: ""a inflação está completamente fora de controle"".",quote
"""Nenhum país cresce sem apoiar a ciência e a tecnologia"" - criticou o relator da CPI na sessão de hoje.",quote
"Com um discurso autoritário, o politiqueiro passou pano para os desvios milionários de seus aliados mais próximos. Parece uma piada de mau gosto, mas infelizmente é a nossa realidade.",biased
"Com um discurso hipócrita, a bancada do retrocesso agiu como uma verdadeira linha auxiliar de seus chefes políticos. Parece uma piada de mau gosto, mas infelizmente é a nossa realidade.",biased
"Totalmente desastroso, a legenda conservadora continua diariamente com seu show de horrores nas redes sociais.",biased
O governador oportunista oportunista agiu como uma verdadeira linha auxiliar de seus chefes políticos. E os defensores cegos continuam aplaudindo esse desastre.,biased
"""As estatais devem servir ao povo, não a interesses escusos"" - concluiu o porta-voz do governo na sessão de hoje.",quote
"Em nota oficial, o pesquisador declarou: ""as medidas adotadas pelo Banco Central foram claramente insuficientes"".",quote
"Com um discurso totalmente alienado, o governador oportunista promoveu mais um circo midiático apenas para animar seus fãs extremistas. E os defensores cegos continuam aplaudindo esse desastre.",biased
"Totalmente incompetente, o atual desgoverno foi, com razão, massacrado pelos adversários nas últimas pesquisas.",biased
"Parece uma piada de mau gosto, mas infelizmente é a nossa realidade. O candidato foi, com razão, massacrado pelos adversários nas últimas pesquisas.",biased
"O politiqueiro passou pano para os desvios milionários de seus aliados mais próximos, o que é desastroso. Parece uma piada de mau gosto, mas infelizmente é a nossa realidade.",biased
"Com um discurso despreparado, o politiqueiro tentou, sem sucesso, maquiar os números aterrorizantes de sua gestão. É um verdadeiro absurdo que alguém assim ainda tenha qualquer apoio.",biased
"O partido esquerdista passou uma tremenda vergonha ao tentar explicar o inexplicável, o que é criminoso. Uma clara e evidente demonstração de desespero eleitoral desta trupe.",biased
"Durante a entrevista, o especialista em segurança concluiu que ""o sistema de saúde entrou em colapso devido à falta de planejamento"".",quote
"Durante a entrevista, o governador assinalou que ""o sistema de saúde entrou em colapso devido à falta de planejamento"".",quote
A oposição histérica desastroso promoveu mais um circo midiático apenas para animar seus fãs extremistas. Uma clara e evidente demonstração de desespero eleitoral desta trupe.,biased
"O ex-ministro passou pano para os desvios milionários de seus aliados mais próximos, o que é fascista. Ninguém aguenta mais tanto cinismo e cara de pau.",biased
"Totalmente desastroso, o governador oportunista passou pano para os desvios milionários de seus aliados mais próximos.",biased
"Em nota oficial, o especialista em segurança apontou: ""as medidas adotadas pelo Banco Central foram claramente insuficientes"".",quote
"Totalmente fascista, o presidente negacionista continua diariamente com seu show de horrores nas redes sociais.",biased
"Com um discurso hipócrita, o atual desgoverno demonstrou total e absoluta falta de preparo no debate de ontem. É o fim da picada para o nosso país.",biased
"O candidato lunático foi, com razão, massacrado pelos adversários nas últimas pesquisas. Atitude típica e esperada de quem não tem nenhum projeto viável para o Brasil.",biased
"Em nota oficial, o especialista em segurança ponderou: ""o país finalmente está voltando aos trilhos certos"".",quote
"A legenda conservadora passou pano para os desvios milionários de seus aliados mais próximos, o que é demagogo. Lamentável ter que assistir a esse tipo de postura na televisão.",biased
Atitude típica e esperada de quem não tem nenhum projeto viável para o Brasil. O politiqueiro agiu como uma verdadeira linha auxiliar de seus chefes políticos.,biased
"É um verdadeiro absurdo que alguém assim ainda tenha qualquer apoio. O atual desgoverno foi, com razão, massacrado pelos adversários nas últimas pesquisas.",biased
"O ex-ministro totalmente alienado foi, com razão, massacrado pelos adversários nas últimas pesquisas. Lamentável ter que assistir a esse tipo de postura na televisão.",biased
"Totalmente desastroso, o politiqueiro mostrou sem pudor a sua verdadeira face intolerante e odiosa.",biased
"Durante a entrevista, a deputada assinalou que ""os pleitos foram um marco para a nossa jovem democracia"".",quote
"""A aprovação da reforma tributária na câmara é para ontem"" - criticou o senador na sessão de hoje.",quote
"A internet, claro, não perdoou e subiu dezenas de tags pejorativas. O candidato demonstrou total e absoluta falta de preparo no debate de ontem.",biased
"Em nota oficial, o candidato rebateu: ""não adianta tentar cutucar a onça com vara curta neste momento"".",quote
"Em nota oficial, o pesquisador justificou: ""as eleições foram um marco para a nossa jovem democracia"".",quote
"Totalmente inepto, o ex-ministro passou uma tremenda vergonha ao tentar explicar o inexplicável.",biased
"A bancada do retrocesso passou pano para os desvios milionários de seus aliados mais próximos, o que é autoritário. Parece uma piada de mau gosto, mas infelizmente é a nossa realidade.",biased
"Com um discurso demagogo, a legenda conservadora passou uma tremenda vergonha ao tentar explicar o inexplicável. Lamentável ter que assistir a esse tipo de postura na televisão.",biased
"Em nota oficial, o ex-presidente disse: ""a segurança pública deve ser a verdadeira prioridade desta gestão"".",quote
"Totalmente despreparado, o partido esquerdista passou pano para os desvios milionários de seus aliados mais próximos.",biased
"Em nota oficial, a ministra da Saúde avaliou: ""o país finalmente está voltando aos trilhos certos"".",quote
O governador oportunista incompetente passou pano para os desvios milionários de seus aliados mais próximos. Ninguém aguenta mais tanto cinismo e cara de pau.,biased
"Durante a entrevista, o relator da CPI avaliou que ""nenhum país cresce sem apoiar a ciência e a tecnologia"".",quote
É o fim da picada para o nosso país. A legenda conservadora agiu como uma verdadeira linha auxiliar de seus chefes políticos.,biased
"Totalmente hipócrita, o governador oportunista passou uma tremenda vergonha ao tentar explicar o inexplicável.",biased
"""O país finalmente está voltando aos trilhos certos"", criticou o presidente.",quote
"""A economia vai se recuperar no próximo trimestre, apesar das dificuldades"" - apontou o parlamentar na sessão de hoje.",quote
"Totalmente demagogo, a velha política tentou emplacar mais uma narrativa falsa para enganar os eleitores incautos.",biased
"A bancada do retrocesso foi, com razão, massacrado pelos adversários nas últimas pesquisas, o que é criminoso. Uma clara e evidente demonstração de desespero eleitoral desta trupe.",biased
"Em nota oficial, o presidente criticou: ""o debate político de hoje precisa ser muito mais respeitoso"".",quote
"""O país finalmente está voltando aos trilhos certos"", rebateu o líder da oposição.",quote
"Durante a entrevista, a deputada apontou que ""o corte de gastos do governo federal é inevitável"".",quote
"A bancada do retrocesso demonstrou total e absoluta falta de preparo no debate de ontem, o que é lunático. Parece uma piada de mau gosto, mas infelizmente é a nossa realidade.",biased
"O candidato passou uma tremenda vergonha ao tentar explicar o inexplicável, o que é completamente vergonhoso. Enquanto isso, a população pobre sofre as trágicas consequências.",biased
"A velha política continua diariamente com seu show de horrores nas redes sociais, o que é demagogo. Uma clara e evidente demonstração de desespero eleitoral desta trupe.",biased
A bancada do retrocesso despreparado promoveu mais um circo midiático apenas para animar seus fãs extremistas. É o fim da picada para o nosso país.,biased
"O presidente negacionista lunático continua diariamente com seu show de horrores nas redes sociais. A internet, claro, não perdoou e subiu dezenas de tags pejorativas.",biased
"Em nota oficial, o especialista em segurança assinalou: ""o mercado financeiro vai se recuperar no próximo trimestre, apesar das dificuldades"".",quote
"Durante a entrevista, o especialista em segurança criticou que ""este projeto de lei destruirá o meio ambiente em poucos anos"".",quote
"""Não adianta tentar cutucar a onça com vara curta neste momento"", prometeu o líder da oposição.",quote
"Durante a entrevista, o especialista em segurança ponderou que ""não há qualquer indício de corrupção ou irregularidade neste caso"".",quote
"""O país finalmente está voltando aos trilhos certos"" - alertou o líder da oposição na sessão de hoje.",quote
É um verdadeiro absurdo que alguém assim ainda tenha qualquer apoio. A oposição histérica fugiu das perguntas dos jornalistas como o diabo foge da cruz.,biased
"Durante a entrevista, o governador apontou que ""as eleições foram um marco para a nossa jovem democracia"".",quote
"""As estatais devem servir ao povo, não a interesses escusos"", apontou o parlamentar.",quote
É um verdadeiro absurdo que alguém assim ainda tenha qualquer apoio. A velha política tentou emplacar mais uma narrativa falsa para enganar os eleitores incautos.,biased
"""O governo tira remédio da farmácia popular, mas mantém outras mamatas intactas"", justificou o pesquisador.",quote
"A bancada do retrocesso promoveu mais um circo midiático apenas para animar seus fãs extremistas, o que é demagogo. E os defensores cegos continuam aplaudindo esse desastre.",biased
"O suposto líder agiu como uma verdadeira linha auxiliar de seus chefes políticos, o que é demagogo. Lamentável ter que assistir a esse tipo de postura na televisão.",biased
"Durante a entrevista, o líder da oposição garantiu que ""precisamos urgentemente investir mais em saúde e educação pública"".",quote
"""A aprovação da reforma tributária na câmara é para ontem"" - advertiu o ex-presidente na sessão de hoje.",quote
"""As estatais devem servir ao povo, não a interesses escusos"" - concluiu o candidato na sessão de hoje.",quote
"Em nota oficial, o candidato advertiu: ""o país finalmente está voltando aos trilhos certos"".",quote
"Com um discurso lunático, o partido esquerdista continua diariamente com seu show de horrores nas redes sociais. Lamentável ter que assistir a esse tipo de postura na televisão.",biased
"Segundo o presidente do tribunal, ""não podemos, de forma alguma, aceitar esse tipo de retrocesso"".",quote
"Em nota oficial, o parlamentar apontou: ""nenhum país cresce sem apoiar a ciência e a tecnologia"".",quote
A velha política demagogo passou uma tremenda vergonha ao tentar explicar o inexplicável. E os defensores cegos continuam aplaudindo esse desastre.,biased
É o fim da picada para o nosso país. O politiqueiro continua diariamente com seu show de horrores nas redes sociais.,biased
"Em nota oficial, a ministra da Saúde avaliou: ""as medidas adotadas pelo Banco Central foram claramente insuficientes"".",quote
O candidato hipócrita passou pano para os desvios milionários de seus aliados mais próximos. Lamentável ter que assistir a esse tipo de postura na televisão.,biased
"Em nota oficial, a ministra da Saúde afirmou: ""a aprovação da reforma tributária na câmara é para ontem"".",quote
"O politiqueiro despreparado promoveu mais um circo midiático apenas para animar seus fãs extremistas. Parece uma piada de mau gosto, mas infelizmente é a nossa realidade.",biased
"O atual desgoverno só sabe atacar as instituições ao invés de propor soluções reais, o que é inepto. Atitude típica e esperada de quem não tem nenhum projeto viável para o Brasil.",biased
"""Não há qualquer indício de corrupção ou irregularidade neste caso"" - garantiu o senador na sessão de hoje.",quote
"""O corte de gastos do governo federal é inevitável"", concluiu o especialista em segurança.",quote
"O presidente negacionista incompetente tentou, sem sucesso, maquiar os números aterrorizantes de sua gestão. Ninguém aguenta mais tanto cinismo e cara de pau.",biased
"O suposto líder agiu como uma verdadeira linha auxiliar de seus chefes políticos, o que é completamente vergonhoso. Atitude típica e esperada de quem não tem nenhum projeto viável para o Brasil.",biased
"Com um discurso oportunista, o partido esquerdista mostrou sem pudor a sua verdadeira face intolerante e odiosa. Parece uma piada de mau gosto, mas infelizmente é a nossa realidade.",biased
"A bancada do retrocesso demonstrou total e absoluta falta de preparo no debate de ontem, o que é demagogo. Lamentável ter que assistir a esse tipo de postura na televisão.",biased
"Parece uma piada de mau gosto, mas infelizmente é a nossa realidade. A bancada do retrocesso continua diariamente com seu show de horrores nas redes sociais.",biased
"Com um discurso patético, o presidente negacionista demonstrou total e absoluta falta de preparo no debate de ontem. Ninguém aguenta mais tanto cinismo e cara de pau.",biased
"Com um discurso despreparado, a velha política só sabe atacar as instituições ao invés de propor soluções reais. Uma clara e evidente demonstração de desespero eleitoral desta trupe.",biased
"""As estatais devem servir ao povo, não a interesses escusos"" - garantiu o advogado de defesa na sessão de hoje.",quote
"""As medidas adotadas pelo banco central foram claramente insuficientes"", alertou o presidente do tribunal.",quote
"""Os pleitos foram um marco para a nossa jovem democracia"" - garantiu o presidente na sessão de hoje.",quote
"""O sistema de saúde entrou em colapso devido à falta de planejamento"", rebateu o governador.",quote
O atual desgoverno arrogante promoveu mais um circo midiático apenas para animar seus fãs extremistas. Atitude típica e esperada de quem não tem nenhum projeto viável para o Brasil.,biased
"""Nenhum país cresce sem apoiar a ciência e a tecnologia"", concluiu o prefeito.",quote
"Durante a entrevista, o ex-presidente prometeu que ""não há qualquer indício de corrupção ou irregularidade neste caso"".",quote
"Totalmente fascista, o partido esquerdista promoveu mais um circo midiático apenas para animar seus fãs extremistas.",biased
"Com um discurso demagogo, a oposição histérica mostrou sem pudor a sua verdadeira face intolerante e odiosa. É o fim da picada para o nosso país.",biased
"O ex-ministro tentou emplacar mais uma narrativa falsa para enganar os eleitores incautos, o que é lunático. Ninguém aguenta mais tanto cinismo e cara de pau.",biased
"Parece uma piada de mau gosto, mas infelizmente é a nossa realidade. A bancada do retrocesso tentou, sem sucesso, maquiar os números aterrorizantes de sua gestão.",biased
"Totalmente hipócrita, o suposto líder continua diariamente com seu show de horrores nas redes sociais.",biased
"O suposto líder só sabe atacar as instituições ao invés de propor soluções reais, o que é criminoso. Lamentável ter que assistir a esse tipo de postura na televisão.",biased
Atitude típica e esperada de quem não tem nenhum projeto viável para o Brasil. O ex-ministro só sabe atacar as instituições ao invés de propor soluções reais.,biased
"Com um discurso inepto, a velha política agiu como uma verdadeira linha auxiliar de seus chefes políticos. Ninguém aguenta mais tanto cinismo e cara de pau.",biased
A legenda conservadora despreparado demonstrou total e absoluta falta de preparo no debate de ontem. Uma clara e evidente demonstração de desespero eleitoral desta trupe.,biased
"E os defensores cegos continuam aplaudindo esse desastre. O ex-ministro tentou, sem sucesso, maquiar os números aterrorizantes de sua gestão.",biased
"O candidato fascista foi, com razão, massacrado pelos adversários nas últimas pesquisas. Enquanto isso, a população pobre sofre as trágicas consequências.",biased
"A internet, claro, não perdoou e subiu dezenas de tags pejorativas. A velha política promoveu mais um circo midiático apenas para animar seus fãs extremistas.",biased
"O governador oportunista passou pano para os desvios milionários de seus aliados mais próximos, o que é hipócrita. A internet, claro, não perdoou e subiu dezenas de tags pejorativas.",biased
"Em nota oficial, o pesquisador alertou: ""não há qualquer indício de corrupção ou irregularidade neste caso"".",quote
"Em nota oficial, o parlamentar concluiu: ""o debate político de hoje precisa ser muito mais respeitoso"".",quote
"""Não podemos, de forma alguma, aceitar esse tipo de retrocesso"" - afirmou a deputada na sessão de hoje.",quote
"Com um discurso criminoso, a bancada do retrocesso promoveu mais um circo midiático apenas para animar seus fãs extremistas. A internet, claro, não perdoou e subiu dezenas de tags pejorativas.",biased
"Em nota oficial, o senador disse: ""o país finalmente está voltando aos trilhos certos"".",quote
"A oposição histérica fascista foi, com razão, massacrado pelos adversários nas últimas pesquisas. Lamentável ter que assistir a esse tipo de postura na televisão.",biased
"Segundo o candidato, ""a segurança pública deve ser a verdadeira prioridade desta gestão"".",quote
Ninguém aguenta mais tanto cinismo e cara de pau. O candidato mostrou sem pudor a sua verdadeira face intolerante e odiosa.,biased
"Segundo o relator da CPI, ""não haverá trégua para os que tentam burlar as leis eleitorais"".",quote
"Segundo o presidente do tribunal, ""nenhum país cresce sem apoiar a ciência e a tecnologia"".",quote
"""O debate político de hoje precisa ser muito mais respeitoso"" - apontou o prefeito na sessão de hoje.",quote
"Com um discurso totalmente alienado, o atual desgoverno foi, com razão, massacrado pelos adversários nas últimas pesquisas. Parece uma piada de mau gosto, mas infelizmente é a nossa realidade.",biased
"""Não podemos, de forma alguma, aceitar esse tipo de retrocesso"" - ponderou a ministra da Saúde na sessão de hoje.",quote
"""Este projeto de lei destruirá o meio ambiente em poucos anos"", criticou a ministra da Saúde.",quote
"""O sistema de saúde entrou em colapso devido à falta de planejamento"", concluiu o parlamentar.",quote
"Totalmente lunático, o ex-ministro fugiu das perguntas dos jornalistas como o diabo foge da cruz.",biased
"""O país finalmente está voltando aos trilhos certos"" - ressaltou a deputada na sessão de hoje.",quote
O presidente negacionista inepto passou pano para os desvios milionários de seus aliados mais próximos. Atitude típica e esperada de quem não tem nenhum projeto viável para o Brasil.,biased
"Segundo o senador, ""o governo tira remédio da Farmácia Popular, mas mantém outras mamatas intactas"".",quote
O atual desgoverno demagogo tentou emplacar mais uma narrativa falsa para enganar os eleitores incautos. É o fim da picada para o nosso país.,biased
"Totalmente incompetente, o presidente negacionista tentou emplacar mais uma narrativa falsa para enganar os eleitores incautos.",biased
"""Não haverá trégua para os que tentam burlar as leis eleitorais"" - advertiu o ministro da Economia na sessão de hoje.",quote
"Durante a entrevista, o pesquisador assinalou que ""o corte de gastos do governo federal é inevitável"".",quote
"O politiqueiro tentou emplacar mais uma narrativa falsa para enganar os eleitores incautos, o que é lunático. E os defensores cegos continuam aplaudindo esse desastre.",biased
"O suposto líder fugiu das perguntas dos jornalistas como o diabo foge da cruz, o que é lunático. E os defensores cegos continuam aplaudindo esse desastre.",biased
"Com um discurso fascista, a velha política promoveu mais um circo midiático apenas para animar seus fãs extremistas. E os defensores cegos continuam aplaudindo esse desastre.",biased
"Segundo o ex-presidente, ""precisamos urgentemente investir mais em saúde e educação pública"".",quote
Lamentável ter que assistir a esse tipo de postura na televisão. A legenda conservadora tentou emplacar mais uma narrativa falsa para enganar os eleitores incautos.,biased
"Totalmente despreparado, o candidato promoveu mais um circo midiático apenas para animar seus fãs extremistas.",biased
"O candidato passou pano para os desvios milionários de seus aliados mais próximos, o que é patético. E os defensores cegos continuam aplaudindo esse desastre.",biased
"Totalmente completamente vergonhoso, o presidente negacionista agiu como uma verdadeira linha auxiliar de seus chefes políticos.",biased
"""A economia vai se recuperar no próximo trimestre, apesar das dificuldades"", disse a deputada.",quote
"Totalmente criminoso, a bancada do retrocesso passou pano para os desvios milionários de seus aliados mais próximos.",biased
"A bancada do retrocesso continua diariamente com seu show de horrores nas redes sociais, o que é patético. Enquanto isso, a população pobre sofre as trágicas consequências.",biased
"Com um discurso patético, a legenda conservadora tentou emplacar mais uma narrativa falsa para enganar os eleitores incautos. Enquanto isso, a população pobre sofre as trágicas consequências.",biased
"O politiqueiro criminoso foi, com razão, massacrado pelos adversários nas últimas pesquisas. E os defensores cegos continuam aplaudindo esse desastre.",biased
"Em nota oficial, o especialista em segurança advertiu: ""não há qualquer indício de corrupção ou irregularidade neste caso"".",quote
A velha política despreparado fugiu das perguntas dos jornalistas como o diabo foge da cruz. Ninguém aguenta mais tanto cinismo e cara de pau.,biased
"O politiqueiro promoveu mais um circo midiático apenas para animar seus fãs extremistas, o que é fascista. Lamentável ter que assistir a esse tipo de postura na televisão.",biased
"A bancada do retrocesso despreparado tentou, sem sucesso, maquiar os números aterrorizantes de sua gestão. Ninguém aguenta mais tanto cinismo e cara de pau.",biased
"O presidente negacionista foi, com razão, massacrado pelos adversários nas últimas pesquisas, o que é hipócrita. Ninguém aguenta mais tanto cinismo e cara de pau.",biased
"""Não haverá trégua para os que tentam burlar as leis eleitorais"", concluiu o candidato.",quote
"Segundo o líder da oposição, ""nenhum país cresce sem apoiar a ciência e a tecnologia"".",quote
"""Não adianta tentar cutucar a onça com vara curta neste momento"", declarou o candidato.",quote
"Durante a entrevista, o especialista em segurança ponderou que ""não podemos, de forma alguma, aceitar esse tipo de retrocesso"".",quote
"Com um discurso completamente vergonhoso, o suposto líder agiu como uma verdadeira linha auxiliar de seus chefes políticos. Ninguém aguenta mais tanto cinismo e cara de pau.",biased
"Com um discurso desastroso, a legenda conservadora só sabe atacar as instituições ao invés de propor soluções reais. É o fim da picada para o nosso país.",biased
O candidato arrogante demonstrou total e absoluta falta de preparo no debate de ontem. Ninguém aguenta mais tanto cinismo e cara de pau.,biased
"Segundo o parlamentar, ""não podemos, de forma alguma, aceitar esse tipo de retrocesso"".",quote
"O ex-ministro foi, com razão, massacrado pelos adversários nas últimas pesquisas, o que é completamente vergonhoso. É um verdadeiro absurdo que alguém assim ainda tenha qualquer apoio.",biased
"Parece uma piada de mau gosto, mas infelizmente é a nossa realidade. A legenda conservadora só sabe atacar as instituições ao invés de propor soluções reais.",biased
O politiqueiro demagogo demonstrou total e absoluta falta de preparo no debate de ontem. É um verdadeiro absurdo que alguém assim ainda tenha qualquer apoio.,biased
"O ex-ministro patético promoveu mais um circo midiático apenas para animar seus fãs extremistas. A internet, claro, não perdoou e subiu dezenas de tags pejorativas.",biased
"Totalmente incompetente, a bancada do retrocesso tentou emplacar mais uma narrativa falsa para enganar os eleitores incautos.",biased
"Durante a entrevista, o parlamentar assinalou que ""o país finalmente está voltando aos trilhos certos"".",quote
"""As eleições foram um marco para a nossa jovem democracia"" - alertou o parlamentar na sessão de hoje.",quote
Uma clara e evidente demonstração de desespero eleitoral desta trupe. A oposição histérica passou pano para os desvios milionários de seus aliados mais próximos.,biased
"Em nota oficial, o candidato rebateu: ""o sistema de saúde entrou em colapso devido à falta de planejamento"".",quote
"Segundo a deputada, ""o debate político de hoje precisa ser muito mais respeitoso"".",quote
"Segundo o especialista em segurança, ""o corte de gastos do governo federal é inevitável"".",quote
"Com um discurso incompetente, o presidente negacionista foi, com razão, massacrado pelos adversários nas últimas pesquisas. É o fim da picada para o nosso país.",biased
"O suposto líder tentou, sem sucesso, maquiar os números aterrorizantes de sua gestão, o que é incompetente. É o fim da picada para o nosso país.",biased
"O governador oportunista agiu como uma verdadeira linha auxiliar de seus chefes políticos, o que é fascista. Uma clara e evidente demonstração de desespero eleitoral desta trupe.",biased
"Parece uma piada de mau gosto, mas infelizmente é a nossa realidade. O ex-ministro mostrou sem pudor a sua verdadeira face intolerante e odiosa.",biased
"Com um discurso fascista, a velha política mostrou sem pudor a sua verdadeira face intolerante e odiosa. Lamentável ter que assistir a esse tipo de postura na televisão.",biased
"Totalmente inepto, o partido esquerdista foi, com razão, massacrado pelos adversários nas últimas pesquisas.",biased
"O atual desgoverno lunático mostrou sem pudor a sua verdadeira face intolerante e odiosa. A internet, claro, não perdoou e subiu dezenas de tags pejorativas.",biased
"""Não há qualquer indício de corrupção ou irregularidade neste caso"", prometeu o presidente.",quote
"Segundo o presidente do tribunal, ""as medidas adotadas pelo Banco Central foram claramente insuficientes"".",quote
"O candidato demonstrou total e absoluta falta de preparo no debate de ontem, o que é criminoso. Atitude típica e esperada de quem não tem nenhum projeto viável para o Brasil.",biased
"Com um discurso patético, o ex-ministro tentou, sem sucesso, maquiar os números aterrorizantes de sua gestão. Lamentável ter que assistir a esse tipo de postura na televisão.",biased
"Segundo o ministro da Economia, ""o corte de gastos do governo federal é inevitável"".",quote
"""Nenhum país cresce sem apoiar a ciência e a tecnologia"" - avaliou o líder da oposição na sessão de hoje.",quote
"O partido esquerdista fascista mostrou sem pudor a sua verdadeira face intolerante e odiosa. A internet, claro, não perdoou e subiu dezenas de tags pejorativas.",biased
A oposição histérica fascista continua diariamente com seu show de horrores nas redes sociais. Uma clara e evidente demonstração de desespero eleitoral desta trupe.,biased
"Em nota oficial, o presidente advertiu: ""a segurança pública deve ser a verdadeira prioridade desta gestão"".",quote
"Totalmente totalmente alienado, a legenda conservadora mostrou sem pudor a sua verdadeira face intolerante e odiosa.",biased
Lamentável ter que assistir a esse tipo de postura na televisão. O presidente negacionista promoveu mais um circo midiático apenas para animar seus fãs extremistas.,biased
Atitude típica e esperada de quem não tem nenhum projeto viável para o Brasil. O ex-ministro fugiu das perguntas dos jornalistas como o diabo foge da cruz.,biased
"Durante a entrevista, o líder da oposição rebateu que ""a aprovação da reforma tributária na câmara é para ontem"".",quote
"Totalmente oportunista, o governador oportunista demonstrou total e absoluta falta de preparo no debate de ontem.",biased
"""Os pleitos foram um marco para a nossa jovem democracia"" - advertiu a ministra da Saúde na sessão de hoje.",quote
"Em nota oficial, o pesquisador ressaltou: ""o debate político de hoje precisa ser muito mais respeitoso"".",quote
"Durante a entrevista, o porta-voz do governo afirmou que ""os pleitos foram um marco para a nossa jovem democracia"".",quote
"""As estatais devem servir ao povo, não a interesses escusos"" - assinalou o candidato na sessão de hoje.",quote
"A oposição histérica tentou, sem sucesso, maquiar os números aterrorizantes de sua gestão, o que é autoritário. Atitude típica e esperada de quem não tem nenhum projeto viável para o Brasil.",biased
"Parece uma piada de mau gosto, mas infelizmente é a nossa realidade. A oposição histérica foi, com razão, massacrado pelos adversários nas últimas pesquisas.",biased
"Totalmente criminoso, o partido esquerdista tentou emplacar mais uma narrativa falsa para enganar os eleitores incautos.",biased
"Totalmente demagogo, a legenda conservadora agiu como uma verdadeira linha auxiliar de seus chefes políticos.",biased
"Durante a entrevista, o ministro da Economia avaliou que ""a inflação está completamente fora de controle"".",quote
"O atual desgoverno promoveu mais um circo midiático apenas para animar seus fãs extremistas, o que é autoritário. É o fim da picada para o nosso país.",biased
"Totalmente criminoso, o presidente negacionista tentou emplacar mais uma narrativa falsa para enganar os eleitores incautos.",biased
"Com um discurso fascista, o ex-ministro passou pano para os desvios milionários de seus aliados mais próximos. É um verdadeiro absurdo que alguém assim ainda tenha qualquer apoio.",biased
"Segundo o ex-presidente, ""o governo tira remédio da Farmácia Popular, mas mantém outras mamatas intactas"".",quote
"Totalmente desastroso, o suposto líder promoveu mais um circo midiático apenas para animar seus fãs extremistas.",biased
"Em nota oficial, o parlamentar assinalou: ""a segurança pública deve ser a verdadeira prioridade desta gestão"".",quote
"""Nenhum país cresce sem apoiar a ciência e a tecnologia"" - assinalou o relator da CPI na sessão de hoje.",quote
"Durante a entrevista, o especialista em segurança prometeu que ""não haverá trégua para os que tentam burlar as leis eleitorais"".",quote
"O governador oportunista continua diariamente com seu show de horrores nas redes sociais, o que é completamente vergonhoso. Ninguém aguenta mais tanto cinismo e cara de pau.",biased
"Em nota oficial, o presidente criticou: ""a segurança pública deve ser a verdadeira prioridade desta gestão"".",quote
"Durante a entrevista, o prefeito alertou que ""a segurança pública deve ser a verdadeira prioridade desta gestão"".",quote
O candidato criminoso passou uma tremenda vergonha ao tentar explicar o inexplicável. Lamentável ter que assistir a esse tipo de postura na televisão.,biased
"O ex-ministro tentou emplacar mais uma narrativa falsa para enganar os eleitores incautos, o que é oportunista. É um verdadeiro absurdo que alguém assim ainda tenha qualquer apoio.",biased
"Com um discurso desastroso, o presidente negacionista só sabe atacar as instituições ao invés de propor soluções reais. A internet, claro, não perdoou e subiu dezenas de tags pejorativas.",biased
O ex-ministro inepto só sabe atacar as instituições ao invés de propor soluções reais. E os defensores cegos continuam aplaudindo esse desastre.,biased
"O candidato passou uma tremenda vergonha ao tentar explicar o inexplicável, o que é patético. Parece uma piada de mau gosto, mas infelizmente é a nossa realidade.",biased
"Durante a entrevista, o porta-voz do governo declarou que ""as medidas adotadas pelo Banco Central foram claramente insuficientes"".",quote
"""O mercado financeiro vai se recuperar no próximo trimestre, apesar das dificuldades"", garantiu o porta-voz do governo.",quote
"A legenda conservadora tentou, sem sucesso, maquiar os números aterrorizantes de sua gestão, o que é hipócrita. Uma clara e evidente demonstração de desespero eleitoral desta trupe.",biased
"Em nota oficial, o parlamentar assinalou: ""as medidas adotadas pelo Banco Central foram claramente insuficientes"".",quote
"Durante a entrevista, o relator da CPI disse que ""a segurança pública deve ser a verdadeira prioridade desta gestão"".",quote
"""O sistema de saúde entrou em colapso devido à falta de planejamento"", concluiu o prefeito.",quote
O suposto líder hipócrita passou pano para os desvios milionários de seus aliados mais próximos. É um verdadeiro absurdo que alguém assim ainda tenha qualquer apoio.,biased
O presidente negacionista totalmente alienado passou uma tremenda vergonha ao tentar explicar o inexplicável. Uma clara e evidente demonstração de desespero eleitoral desta trupe.,biased
"Com um discurso totalmente alienado, o presidente negacionista promoveu mais um circo midiático apenas para animar seus fãs extremistas. Parece uma piada de mau gosto, mas infelizmente é a nossa realidade.",biased
"Totalmente desastroso, o ex-ministro passou pano para os desvios milionários de seus aliados mais próximos.",biased
A legenda conservadora lunático fugiu das perguntas dos jornalistas como o diabo foge da cruz. E os defensores cegos continuam aplaudindo esse desastre.,biased
"Com um discurso inepto, o ex-ministro só sabe atacar as instituições ao invés de propor soluções reais. Parece uma piada de mau gosto, mas infelizmente é a nossa realidade.",biased
"O candidato mostrou sem pudor a sua verdadeira face intolerante e odiosa, o que é hipócrita. E os defensores cegos continuam aplaudindo esse desastre.",biased
"Em nota oficial, a deputada alertou: ""não há qualquer indício de corrupção ou irregularidade neste caso"".",quote
"""Não adianta tentar cutucar a onça com vara curta neste momento"", rebateu o prefeito.",quote
"Em nota oficial, o especialista em segurança advertiu: ""o corte de gastos do governo federal é inevitável"".",quote
"""O país finalmente está voltando aos trilhos certos"", garantiu o senador.",quote
"Totalmente demagogo, a bancada do retrocesso promoveu mais um circo midiático apenas para animar seus fãs extremistas.",biased
"Totalmente incompetente, o presidente negacionista promoveu mais um circo midiático apenas para animar seus fãs extremistas.",biased
"Com um discurso hipócrita, a oposição histérica foi, com razão, massacrado pelos adversários nas últimas pesquisas. A internet, claro, não perdoou e subiu dezenas de tags pejorativas.",biased
É o fim da picada para o nosso país. A velha política demonstrou total e absoluta falta de preparo no debate de ontem.,biased
"O governador oportunista despreparado passou pano para os desvios milionários de seus aliados mais próximos. A internet, claro, não perdoou e subiu dezenas de tags pejorativas.",biased
"Totalmente despreparado, o atual desgoverno só sabe atacar as instituições ao invés de propor soluções reais.",biased
"Totalmente patético, o governador oportunista passou pano para os desvios milionários de seus aliados mais próximos.",biased
"Em nota oficial, o governador disse: ""as eleições foram um marco para a nossa jovem democracia"".",quote
"""A inflação está completamente fora de controle"" - concluiu o parlamentar na sessão de hoje.",quote
"""O corte de gastos do governo federal é inevitável"" - justificou o candidato na sessão de hoje.",quote
"Com um discurso autoritário, o presidente negacionista passou pano para os desvios milionários de seus aliados mais próximos. E os defensores cegos continuam aplaudindo esse desastre.",biased
"""Não adianta tentar cutucar a onça com vara curta neste momento"", prometeu o presidente.",quote
"Durante a entrevista, o prefeito criticou que ""o corte de gastos do governo federal é inevitável"".",quote
"""Não haverá trégua para os que tentam burlar as leis eleitorais"", ponderou o senador.",quote
"Segundo o governador, ""o corte de gastos do governo federal é inevitável"".",quote
"Enquanto isso, a população pobre sofre as trágicas consequências. A bancada do retrocesso mostrou sem pudor a sua verdadeira face intolerante e odiosa.",biased
"Lamentável ter que assistir a esse tipo de postura na televisão. O governador oportunista foi, com razão, massacrado pelos adversários nas últimas pesquisas.",biased
"Segundo o ministro da Economia, ""não podemos, de forma alguma, aceitar esse tipo de retrocesso"".",quote
"Totalmente desastroso, o presidente negacionista fugiu das perguntas dos jornalistas como o diabo foge da cruz.",biased
"Ninguém aguenta mais tanto cinismo e cara de pau. A bancada do retrocesso foi, com razão, massacrado pelos adversários nas últimas pesquisas.",biased
"O partido esquerdista mostrou sem pudor a sua verdadeira face intolerante e odiosa, o que é lunático. E os defensores cegos continuam aplaudindo esse desastre.",biased
"""Nenhum país cresce sem apoiar a ciência e a tecnologia"" - advertiu o pesquisador na sessão de hoje.",quote
"Durante a entrevista, a deputada advertiu que ""o debate político de hoje precisa ser muito mais respeitoso"".",quote
"Totalmente hipócrita, o politiqueiro passou uma tremenda vergonha ao tentar explicar o inexplicável.",biased
"Totalmente fascista, o governador oportunista passou pano para os desvios milionários de seus aliados mais próximos.",biased
"Durante a entrevista, o porta-voz do governo disse que ""a segurança pública deve ser a verdadeira prioridade desta gestão"".",quote
"A internet, claro, não perdoou e subiu dezenas de tags pejorativas. A bancada do retrocesso agiu como uma verdadeira linha auxiliar de seus chefes políticos.",biased
"Durante a entrevista, o líder da oposição concluiu que ""não haverá trégua para os que tentam burlar as leis eleitorais"".",quote
"A legenda conservadora arrogante continua diariamente com seu show de horrores nas redes sociais. A internet, claro, não perdoou e subiu dezenas de tags pejorativas.",biased
"O candidato passou pano para os desvios milionários de seus aliados mais próximos, o que é inepto. Ninguém aguenta mais tanto cinismo e cara de pau.",biased
"Totalmente despreparado, o partido esquerdista continua diariamente com seu show de horrores nas redes sociais.",biased
"""A segurança pública deve ser a verdadeira prioridade desta gestão"", advertiu o governador.",quote
"Totalmente patético, o partido esquerdista agiu como uma verdadeira linha auxiliar de seus chefes políticos.",biased
"Durante a entrevista, o candidato avaliou que ""os pleitos foram um marco para a nossa jovem democracia"".",quote
"Totalmente autoritário, o presidente negacionista promoveu mais um circo midiático apenas para animar seus fãs extremistas.",biased
"O presidente negacionista passou uma tremenda vergonha ao tentar explicar o inexplicável, o que é desastroso. Parece uma piada de mau gosto, mas infelizmente é a nossa realidade.",biased
"O atual desgoverno tentou emplacar mais uma narrativa falsa para enganar os eleitores incautos, o que é demagogo. Enquanto isso, a população pobre sofre as trágicas consequências.",biased
"""O sistema de saúde entrou em colapso devido à falta de planejamento"" - apontou o ex-presidente na sessão de hoje.",quote
É um verdadeiro absurdo que alguém assim ainda tenha qualquer apoio. A legenda conservadora passou pano para os desvios milionários de seus aliados mais próximos.,biased
"Com um discurso demagogo, a bancada do retrocesso agiu como uma verdadeira linha auxiliar de seus chefes políticos. Uma clara e evidente demonstração de desespero eleitoral desta trupe.",biased
"Com um discurso desastroso, a legenda conservadora continua diariamente com seu show de horrores nas redes sociais. Ninguém aguenta mais tanto cinismo e cara de pau.",biased
Ninguém aguenta mais tanto cinismo e cara de pau. A legenda conservadora agiu como uma verdadeira linha auxiliar de seus chefes políticos.,biased
"""O sistema de saúde entrou em colapso devido à falta de planejamento"", concluiu o especialista em segurança.",quote
"""As medidas adotadas pelo banco central foram claramente insuficientes"", justificou o presidente do tribunal.",quote
"""As estatais devem servir ao povo, não a interesses escusos"" - criticou o prefeito na sessão de hoje.",quote
"""As medidas adotadas pelo banco central foram claramente insuficientes"", alertou o pesquisador.",quote
"Durante a entrevista, o especialista em segurança apontou que ""as medidas adotadas pelo Banco Central foram claramente insuficientes"".",quote
"""O debate político de hoje precisa ser muito mais respeitoso"", apontou a ministra da Saúde.",quote
O suposto líder lunático promoveu mais um circo midiático apenas para animar seus fãs extremistas. É um verdadeiro absurdo que alguém assim ainda tenha qualquer apoio.,biased
"Em nota oficial, o relator da CPI rebateu: ""não há qualquer indício de corrupção ou irregularidade neste caso"".",quote
"Em nota oficial, o ex-presidente concluiu: ""a economia vai se recuperar no próximo trimestre, apesar das dificuldades"".",quote
"Totalmente fascista, o ex-ministro passou pano para os desvios milionários de seus aliados mais próximos.",biased
A legenda conservadora desastroso só sabe atacar as instituições ao invés de propor soluções reais. Uma clara e evidente demonstração de desespero eleitoral desta trupe.,biased
"A legenda conservadora mostrou sem pudor a sua verdadeira face intolerante e odiosa, o que é oportunista. Parece uma piada de mau gosto, mas infelizmente é a nossa realidade.",biased
"Totalmente arrogante, o ex-ministro mostrou sem pudor a sua verdadeira face intolerante e odiosa.",biased
"""Nenhum país cresce sem apoiar a ciência e a tecnologia"" - apontou a deputada na sessão de hoje.",quote
"Em nota oficial, o pesquisador criticou: ""não adianta tentar cutucar a onça com vara curta neste momento"".",quote
"""As estatais devem servir ao povo, não a interesses escusos"", garantiu o relator da CPI.",quote
"""O sistema de saúde entrou em colapso devido à falta de planejamento"" - ponderou o parlamentar na sessão de hoje.",quote
"Com um discurso arrogante, o candidato passou uma tremenda vergonha ao tentar explicar o inexplicável. A internet, claro, não perdoou e subiu dezenas de tags pejorativas.",biased
"Com um discurso criminoso, o suposto líder mostrou sem pudor a sua verdadeira face intolerante e odiosa. Atitude típica e esperada de quem não tem nenhum projeto viável para o Brasil.",biased
"""Não adianta tentar cutucar a onça com vara curta neste momento"", assinalou o porta-voz do governo.",quote
"O partido esquerdista incompetente demonstrou total e absoluta falta de preparo no debate de ontem. A internet, claro, não perdoou e subiu dezenas de tags pejorativas.",biased
"Totalmente arrogante, o ex-ministro tentou, sem sucesso, maquiar os números aterrorizantes de sua gestão.",biased
"Durante a entrevista, o ministro da Economia alertou que ""as estatais devem servir ao povo, não a interesses escusos"".",quote
"Totalmente inepto, o governador oportunista demonstrou total e absoluta falta de preparo no debate de ontem.",biased
"Totalmente demagogo, a oposição histérica fugiu das perguntas dos jornalistas como o diabo foge da cruz.",biased
"A velha política hipócrita foi, com razão, massacrado pelos adversários nas últimas pesquisas. É um verdadeiro absurdo que alguém assim ainda tenha qualquer apoio.",biased
E os defensores cegos continuam aplaudindo esse desastre. O ex-ministro mostrou sem pudor a sua verdadeira face intolerante e odiosa.,biased
"Segundo o pesquisador, ""os pleitos foram um marco para a nossa jovem democracia"".",quote
A velha política totalmente alienado fugiu das perguntas dos jornalistas como o diabo foge da cruz. Atitude típica e esperada de quem não tem nenhum projeto viável para o Brasil.,biased
"""O corte de gastos do governo federal é inevitável"" - disse o especialista em segurança na sessão de hoje.",quote
O ex-ministro patético só sabe atacar as instituições ao invés de propor soluções reais. E os defensores cegos continuam aplaudindo esse desastre.,biased
"Totalmente lunático, o candidato demonstrou total e absoluta falta de preparo no debate de ontem.",biased
"Em nota oficial, o porta-voz do governo alertou: ""não haverá trégua para os que tentam burlar as leis eleitorais"".",quote
"Com um discurso desastroso, o politiqueiro passou pano para os desvios milionários de seus aliados mais próximos. Uma clara e evidente demonstração de desespero eleitoral desta trupe.",biased
É o fim da picada para o nosso país. O partido esquerdista fugiu das perguntas dos jornalistas como o diabo foge da cruz.,biased
E os defensores cegos continuam aplaudindo esse desastre. O atual desgoverno passou uma tremenda vergonha ao tentar explicar o inexplicável.,biased
"Com um discurso despreparado, a velha política fugiu das perguntas dos jornalistas como o diabo foge da cruz. Enquanto isso, a população pobre sofre as trágicas consequências.",biased
"Durante a entrevista, o presidente do tribunal criticou que ""precisamos urgentemente investir mais em saúde e educação pública"".",quote
"Em nota oficial, o presidente do tribunal alertou: ""o governo tira remédio da Farmácia Popular, mas mantém outras mamatas intactas"".",quote
O candidato fascista continua diariamente com seu show de horrores nas redes sociais. É o fim da picada para o nosso país.,biased
"Durante a entrevista, o presidente justificou que ""o governo tira remédio da Farmácia Popular, mas mantém outras mamatas intactas"".",quote
"Em nota oficial, o ministro da Economia afirmou: ""o governo tira remédio da Farmácia Popular, mas mantém outras mamatas intactas"".",quote
"Com um discurso oportunista, o ex-ministro tentou emplacar mais uma narrativa falsa para enganar os eleitores incautos. Parece uma piada de mau gosto, mas infelizmente é a nossa realidade.",biased
É o fim da picada para o nosso país. A velha política agiu como uma verdadeira linha auxiliar de seus chefes políticos.,biased
"Durante a entrevista, o presidente rebateu que ""precisamos urgentemente investir mais em saúde e educação pública"".",quote
"Durante a entrevista, o advogado de defesa afirmou que ""o debate político de hoje precisa ser muito mais respeitoso"".",quote
"A legenda conservadora fugiu das perguntas dos jornalistas como o diabo foge da cruz, o que é fascista. A internet, claro, não perdoou e subiu dezenas de tags pejorativas.",biased
"O governador oportunista agiu como uma verdadeira linha auxiliar de seus chefes políticos, o que é autoritário. E os defensores cegos continuam aplaudindo esse desastre.",biased
"""A aprovação da reforma tributária na câmara é para ontem"", alertou o advogado de defesa.",quote
"Segundo o ex-presidente, ""o debate político de hoje precisa ser muito mais respeitoso"".",quote
"Totalmente totalmente alienado, a oposição histérica passou uma tremenda vergonha ao tentar explicar o inexplicável.",biased
"Com um discurso lunático, a velha política tentou emplacar mais uma narrativa falsa para enganar os eleitores incautos. É um verdadeiro absurdo que alguém assim ainda tenha qualquer apoio.",biased
"""Não adianta tentar cutucar a onça com vara curta neste momento"" - disse o líder da oposição na sessão de hoje.",quote
"A bancada do retrocesso passou pano para os desvios milionários de seus aliados mais próximos, o que é inepto. Enquanto isso, a população pobre sofre as trágicas consequências.",biased
"Com um discurso hipócrita, o presidente negacionista continua diariamente com seu show de horrores nas redes sociais. E os defensores cegos continuam aplaudindo esse desastre.",biased
Ninguém aguenta mais tanto cinismo e cara de pau. A oposição histérica tentou emplacar mais uma narrativa falsa para enganar os eleitores incautos.,biased
O presidente negacionista incompetente demonstrou total e absoluta falta de preparo no debate de ontem. Uma clara e evidente demonstração de desespero eleitoral desta trupe.,biased
"O ex-ministro tentou, sem sucesso, maquiar os números aterrorizantes de sua gestão, o que é desastroso. Atitude típica e esperada de quem não tem nenhum projeto viável para o Brasil.",biased
"Com um discurso demagogo, o ex-ministro continua diariamente com seu show de horrores nas redes sociais. Uma clara e evidente demonstração de desespero eleitoral desta trupe.",biased
"Em nota oficial, o senador garantiu: ""o mercado financeiro vai se recuperar no próximo trimestre, apesar das dificuldades"".",quote
"A velha política passou uma tremenda vergonha ao tentar explicar o inexplicável, o que é demagogo. Uma clara e evidente demonstração de desespero eleitoral desta trupe.",biased
"Ninguém aguenta mais tanto cinismo e cara de pau. O ex-ministro foi, com razão, massacrado pelos adversários nas últimas pesquisas.",biased
"Totalmente completamente vergonhoso, a bancada do retrocesso continua diariamente com seu show de horrores nas redes sociais.",biased
"Em nota oficial, o advogado de defesa prometeu: ""as eleições foram um marco para a nossa jovem democracia"".",quote
"""A segurança pública deve ser a verdadeira prioridade desta gestão"", prometeu o parlamentar.",quote
"Totalmente despreparado, o suposto líder agiu como uma verdadeira linha auxiliar de seus chefes políticos.",biased
É um verdadeiro absurdo que alguém assim ainda tenha qualquer apoio. O atual desgoverno mostrou sem pudor a sua verdadeira face intolerante e odiosa.,biased
"Totalmente despreparado, o candidato foi, com razão, massacrado pelos adversários nas últimas pesquisas.",biased
Lamentável ter que assistir a esse tipo de postura na televisão. O governador oportunista passou pano para os desvios milionários de seus aliados mais próximos.,biased
"Durante a entrevista, o relator da CPI assinalou que ""a segurança pública deve ser a verdadeira prioridade desta gestão"".",quote
"Totalmente desastroso, o presidente negacionista foi, com razão, massacrado pelos adversários nas últimas pesquisas.",biased
"Com um discurso desastroso, o partido esquerdista tentou emplacar mais uma narrativa falsa para enganar os eleitores incautos. Uma clara e evidente demonstração de desespero eleitoral desta trupe.",biased
"Totalmente oportunista, a bancada do retrocesso passou pano para os desvios milionários de seus aliados mais próximos.",biased
"Com um discurso hipócrita, a legenda conservadora passou uma tremenda vergonha ao tentar explicar o inexplicável. É o fim da picada para o nosso país.",biased
"A legenda conservadora patético fugiu das perguntas dos jornalistas como o diabo foge da cruz. Enquanto isso, a população pobre sofre as trágicas consequências.",biased
"""Não haverá trégua para os que tentam burlar as leis eleitorais"" - advertiu o pesquisador na sessão de hoje.",quote
"Totalmente desastroso, a bancada do retrocesso continua diariamente com seu show de horrores nas redes sociais.",biased
"Durante a entrevista, o líder da oposição garantiu que ""não podemos, de forma alguma, aceitar esse tipo de retrocesso"".",quote
"Totalmente oportunista, o politiqueiro só sabe atacar as instituições ao invés de propor soluções reais.",biased
"""As eleições foram um marco para a nossa jovem democracia"" - afirmou o parlamentar na sessão de hoje.",quote
"Em nota oficial, o presidente do tribunal concluiu: ""o nosso orçamento anual não fecha sem a criação de novas receitas"".",quote
"""Não podemos, de forma alguma, aceitar esse tipo de retrocesso"" - criticou o governador na sessão de hoje.",quote
"""Os pleitos foram um marco para a nossa jovem democracia"" - justificou o advogado de defesa na sessão de hoje.",quote
"""Este projeto de lei destruirá o meio ambiente em poucos anos"" - avaliou o porta-voz do governo na sessão de hoje.",quote
"Com um discurso desastroso, a legenda conservadora demonstrou total e absoluta falta de preparo no debate de ontem. Parece uma piada de mau gosto, mas infelizmente é a nossa realidade.",biased
"A legenda conservadora passou uma tremenda vergonha ao tentar explicar o inexplicável, o que é autoritário. A internet, claro, não perdoou e subiu dezenas de tags pejorativas.",biased
"""Nenhum país cresce sem apoiar a ciência e a tecnologia"", justificou o candidato.",quote
"""A inflação está completamente fora de controle"" - garantiu o especialista em segurança na sessão de hoje.",quote
Uma clara e evidente demonstração de desespero eleitoral desta trupe. O atual desgoverno agiu como uma verdadeira linha auxiliar de seus chefes políticos.,biased
O candidato inepto só sabe atacar as instituições ao invés de propor soluções reais. Ninguém aguenta mais tanto cinismo e cara de pau.,biased
"Totalmente patético, o governador oportunista foi, com razão, massacrado pelos adversários nas últimas pesquisas.",biased
"Com um discurso despreparado, o candidato tentou, sem sucesso, maquiar os números aterrorizantes de sua gestão. Ninguém aguenta mais tanto cinismo e cara de pau.",biased
"O candidato foi, com razão, massacrado pelos adversários nas últimas pesquisas, o que é completamente vergonhoso. Uma clara e evidente demonstração de desespero eleitoral desta trupe.",biased
"""Não adianta tentar cutucar a onça com vara curta neste momento"" - ressaltou o porta-voz do governo na sessão de hoje.",quote
"Enquanto isso, a população pobre sofre as trágicas consequências. A bancada do retrocesso continua diariamente com seu show de horrores nas redes sociais.",biased
É o fim da picada para o nosso país. O presidente negacionista fugiu das perguntas dos jornalistas como o diabo foge da cruz.,biased
"Com um discurso patético, o ex-ministro promoveu mais um circo midiático apenas para animar seus fãs extremistas. Enquanto isso, a população pobre sofre as trágicas consequências.",biased
"Com um discurso oportunista, o governador oportunista continua diariamente com seu show de horrores nas redes sociais. E os defensores cegos continuam aplaudindo esse desastre.",biased
"""O nosso orçamento anual não fecha sem a criação de novas receitas"" - apontou a deputada na sessão de hoje.",quote
"Segundo o candidato, ""nenhum país cresce sem apoiar a ciência e a tecnologia"".",quote
"""Este projeto de lei destruirá o meio ambiente em poucos anos"", ressaltou o presidente do tribunal.",quote
"Em nota oficial, o líder da oposição ressaltou: ""o mercado financeiro vai se recuperar no próximo trimestre, apesar das dificuldades"".",quote
"Segundo o líder da oposição, ""a aprovação da reforma tributária na câmara é para ontem"".",quote
"Segundo o relator da CPI, ""a aprovação da reforma tributária na câmara é para ontem"".",quote
"""Não podemos, de forma alguma, aceitar esse tipo de retrocesso"", criticou o presidente.",quote
"Enquanto isso, a população pobre sofre as trágicas consequências. O suposto líder passou uma tremenda vergonha ao tentar explicar o inexplicável.",biased
"Em nota oficial, o relator da CPI afirmou: ""o debate político de hoje precisa ser muito mais respeitoso"".",quote
"A legenda conservadora desastroso fugiu das perguntas dos jornalistas como o diabo foge da cruz. Enquanto isso, a população pobre sofre as trágicas consequências.",biased
"""O corte de gastos do governo federal é inevitável"", concluiu o presidente.",quote
"A legenda conservadora passou pano para os desvios milionários de seus aliados mais próximos, o que é despreparado. E os defensores cegos continuam aplaudindo esse desastre.",biased
"""Nenhum país cresce sem apoiar a ciência e a tecnologia"", ponderou o presidente do tribunal.",quote
"""Este projeto de lei destruirá o meio ambiente em poucos anos"", prometeu o especialista em segurança.",quote
"""Não há qualquer indício de corrupção ou irregularidade neste caso"", garantiu o candidato.",quote
"Durante a entrevista, o relator da CPI ressaltou que ""o país finalmente está voltando aos trilhos certos"".",quote
"""Não há qualquer indício de corrupção ou irregularidade neste caso"" - avaliou o governador na sessão de hoje.",quote
"Com um discurso fascista, a oposição histérica agiu como uma verdadeira linha auxiliar de seus chefes políticos. É o fim da picada para o nosso país.",biased
"Durante a entrevista, o parlamentar ressaltou que ""a segurança pública deve ser a verdadeira prioridade desta gestão"".",quote
"O suposto líder foi, com razão, massacrado pelos adversários nas últimas pesquisas, o que é autoritário. Uma clara e evidente demonstração de desespero eleitoral desta trupe.",biased
"""O sistema de saúde entrou em colapso devido à falta de planejamento"", declarou o advogado de defesa.",quote
"""A inflação está completamente fora de controle"" - ressaltou o relator da CPI na sessão de hoje.",quote
"Com um discurso completamente vergonhoso, o governador oportunista mostrou sem pudor a sua verdadeira face intolerante e odiosa. Parece uma piada de mau gosto, mas infelizmente é a nossa realidade.",biased
"Durante a entrevista, o parlamentar alertou que ""as estatais devem servir ao povo, não a interesses escusos"".",quote
"Segundo o porta-voz do governo, ""este projeto de lei destruirá o meio ambiente em poucos anos"".",quote
"Totalmente autoritário, o presidente negacionista foi, com razão, massacrado pelos adversários nas últimas pesquisas.",biased
"""Precisamos urgentemente investir mais em saúde e educação pública"" - prometeu a deputada na sessão de hoje.",quote
"""O nosso orçamento anual não fecha sem a criação de novas receitas"" - alertou o candidato na sessão de hoje.",quote
"O atual desgoverno hipócrita passou pano para os desvios milionários de seus aliados mais próximos. Enquanto isso, a população pobre sofre as trágicas consequências.",biased
"Em nota oficial, o presidente do tribunal avaliou: ""nenhum país cresce sem apoiar a ciência e a tecnologia"".",quote
"""Não haverá trégua para os que tentam burlar as leis eleitorais"", advertiu o porta-voz do governo.",quote
"Com um discurso incompetente, o partido esquerdista passou pano para os desvios milionários de seus aliados mais próximos. Enquanto isso, a população pobre sofre as trágicas consequências.",biased
"Totalmente completamente vergonhoso, o partido esquerdista continua diariamente com seu show de horrores nas redes sociais.",biased
"O candidato demonstrou total e absoluta falta de preparo no debate de ontem, o que é completamente vergonhoso. Lamentável ter que assistir a esse tipo de postura na televisão.",biased
"Durante a entrevista, o candidato ponderou que ""as estatais devem servir ao povo, não a interesses escusos"".",quote
"""Precisamos urgentemente investir mais em saúde e educação pública"" - apontou o porta-voz do governo na sessão de hoje.",quote
"Durante a entrevista, o candidato assinalou que ""não podemos, de forma alguma, aceitar esse tipo de retrocesso"".",quote
"Durante a entrevista, o ex-presidente advertiu que ""não adianta tentar cutucar a onça com vara curta neste momento"".",quote
"Com um discurso incompetente, o partido esquerdista tentou emplacar mais uma narrativa falsa para enganar os eleitores incautos. Lamentável ter que assistir a esse tipo de postura na televisão.",biased
"A oposição histérica passou pano para os desvios milionários de seus aliados mais próximos, o que é incompetente. É um verdadeiro absurdo que alguém assim ainda tenha qualquer apoio.",biased
"""Não adianta tentar cutucar a onça com vara curta neste momento"", advertiu o governador.",quote
"Em nota oficial, o candidato justificou: ""nenhum país cresce sem apoiar a ciência e a tecnologia"".",quote
"Em nota oficial, o ministro da Economia criticou: ""as medidas adotadas pelo Banco Central foram claramente insuficientes"".",quote
"Durante a entrevista, o porta-voz do governo garantiu que ""as eleições foram um marco para a nossa jovem democracia"".",quote
"Totalmente totalmente alienado, a velha política fugiu das perguntas dos jornalistas como o diabo foge da cruz.",biased
"O governador oportunista tentou emplacar mais uma narrativa falsa para enganar os eleitores incautos, o que é hipócrita. Parece uma piada de mau gosto, mas infelizmente é a nossa realidade.",biased
O politiqueiro criminoso agiu como uma verdadeira linha auxiliar de seus chefes políticos. E os defensores cegos continuam aplaudindo esse desastre.,biased
"Com um discurso incompetente, a bancada do retrocesso tentou, sem sucesso, maquiar os números aterrorizantes de sua gestão. Uma clara e evidente demonstração de desespero eleitoral desta trupe.",biased
"O governador oportunista passou uma tremenda vergonha ao tentar explicar o inexplicável, o que é oportunista. Ninguém aguenta mais tanto cinismo e cara de pau.",biased
A velha política hipócrita mostrou sem pudor a sua verdadeira face intolerante e odiosa. É um verdadeiro absurdo que alguém assim ainda tenha qualquer apoio.,biased
"O suposto líder criminoso agiu como uma verdadeira linha auxiliar de seus chefes políticos. Parece uma piada de mau gosto, mas infelizmente é a nossa realidade.",biased
"Durante a entrevista, o candidato apontou que ""a segurança pública deve ser a verdadeira prioridade desta gestão"".",quote
"Com um discurso lunático, a bancada do retrocesso tentou, sem sucesso, maquiar os números aterrorizantes de sua gestão. Parece uma piada de mau gosto, mas infelizmente é a nossa realidade.",biased
E os defensores cegos continuam aplaudindo esse desastre. O ex-ministro fugiu das perguntas dos jornalistas como o diabo foge da cruz.,biased
"Em nota oficial, o ministro da Economia disse: ""não adianta tentar cutucar a onça com vara curta neste momento"".",quote
"Durante a entrevista, o presidente do tribunal rebateu que ""o país finalmente está voltando aos trilhos certos"".",quote
"Segundo o pesquisador, ""a aprovação da reforma tributária na câmara é para ontem"".",quote
É um verdadeiro absurdo que alguém assim ainda tenha qualquer apoio. O atual desgoverno só sabe atacar as instituições ao invés de propor soluções reais.,biased
O candidato despreparado demonstrou total e absoluta falta de preparo no debate de ontem. Lamentável ter que assistir a esse tipo de postura na televisão.,biased
Atitude típica e esperada de quem não tem nenhum projeto viável para o Brasil. O ex-ministro continua diariamente com seu show de horrores nas redes sociais.,biased
"Totalmente lunático, o ex-ministro só sabe atacar as instituições ao invés de propor soluções reais.",biased
"""Não podemos, de forma alguma, aceitar esse tipo de retrocesso"", afirmou o ministro da Economia.",quote
É um verdadeiro absurdo que alguém assim ainda tenha qualquer apoio. A velha política agiu como uma verdadeira linha auxiliar de seus chefes políticos.,biased
Uma clara e evidente demonstração de desespero eleitoral desta trupe. O candidato demonstrou total e absoluta falta de preparo no debate de ontem.,biased
"Com um discurso demagogo, o ex-ministro mostrou sem pudor a sua verdadeira face intolerante e odiosa. Atitude típica e esperada de quem não tem nenhum projeto viável para o Brasil.",biased
"Em nota oficial, o especialista em segurança apontou: ""o corte de gastos do governo federal é inevitável"".",quote
O suposto líder lunático tentou emplacar mais uma narrativa falsa para enganar os eleitores incautos. Uma clara e evidente demonstração de desespero eleitoral desta trupe.,biased
"O partido esquerdista continua diariamente com seu show de horrores nas redes sociais, o que é patético. E os defensores cegos continuam aplaudindo esse desastre.",biased
"""O sistema de saúde entrou em colapso devido à falta de planejamento"" - ressaltou o presidente na sessão de hoje.",quote
"Em nota oficial, o especialista em segurança alertou: ""as eleições foram um marco para a nossa jovem democracia"".",quote
"A bancada do retrocesso totalmente alienado passou pano para os desvios milionários de seus aliados mais próximos. A internet, claro, não perdoou e subiu dezenas de tags pejorativas.",biased
"Com um discurso lunático, o suposto líder mostrou sem pudor a sua verdadeira face intolerante e odiosa. Atitude típica e esperada de quem não tem nenhum projeto viável para o Brasil.",biased
"""O sistema de saúde entrou em colapso devido à falta de planejamento"" - concluiu o parlamentar na sessão de hoje.",quote
"""Precisamos urgentemente investir mais em saúde e educação pública"" - advertiu o relator da CPI na sessão de hoje.",quote
"É o fim da picada para o nosso país. O atual desgoverno tentou, sem sucesso, maquiar os números aterrorizantes de sua gestão.",biased
"Com um discurso completamente vergonhoso, o atual desgoverno mostrou sem pudor a sua verdadeira face intolerante e odiosa. A internet, claro, não perdoou e subiu dezenas de tags pejorativas.",biased
"Segundo o presidente, ""este projeto de lei destruirá o meio ambiente em poucos anos"".",quote
"Com um discurso arrogante, o atual desgoverno foi, com razão, massacrado pelos adversários nas últimas pesquisas. Lamentável ter que assistir a esse tipo de postura na televisão.",biased
O suposto líder autoritário só sabe atacar as instituições ao invés de propor soluções reais. Ninguém aguenta mais tanto cinismo e cara de pau.,biased
"""Este projeto de lei destruirá o meio ambiente em poucos anos"" - assinalou o advogado de defesa na sessão de hoje.",quote
"Com um discurso completamente vergonhoso, a oposição histérica passou pano para os desvios milionários de seus aliados mais próximos. Atitude típica e esperada de quem não tem nenhum projeto viável para o Brasil.",biased
É o fim da picada para o nosso país. A legenda conservadora só sabe atacar as instituições ao invés de propor soluções reais.,biased
"O atual desgoverno despreparado fugiu das perguntas dos jornalistas como o diabo foge da cruz. Enquanto isso, a população pobre sofre as trágicas consequências.",biased
"Com um discurso autoritário, o suposto líder passou uma tremenda vergonha ao tentar explicar o inexplicável. E os defensores cegos continuam aplaudindo esse desastre.",biased
"""O debate político de hoje precisa ser muito mais respeitoso"", assinalou o porta-voz do governo.",quote
"Com um discurso inepto, o governador oportunista tentou, sem sucesso, maquiar os números aterrorizantes de sua gestão. Uma clara e evidente demonstração de desespero eleitoral desta trupe.",biased
"Durante a entrevista, o porta-voz do governo afirmou que ""não haverá trégua para os que tentam burlar as leis eleitorais"".",quote
"Totalmente despreparado, o ex-ministro passou uma tremenda vergonha ao tentar explicar o inexplicável.",biased
"Durante a entrevista, o pesquisador alertou que ""não adianta tentar cutucar a onça com vara curta neste momento"".",quote
"Totalmente incompetente, o candidato tentou emplacar mais uma narrativa falsa para enganar os eleitores incautos.",biased
Atitude típica e esperada de quem não tem nenhum projeto viável para o Brasil. O candidato promoveu mais um circo midiático apenas para animar seus fãs extremistas.,biased
"Durante a entrevista, o relator da CPI justificou que ""o nosso orçamento anual não fecha sem a criação de novas receitas"".",quote
"Com um discurso fascista, o governador oportunista continua diariamente com seu show de horrores nas redes sociais. Uma clara e evidente demonstração de desespero eleitoral desta trupe.",biased
"Em nota oficial, o senador criticou: ""a inflação está completamente fora de controle"".",quote
"Com um discurso incompetente, a velha política demonstrou total e absoluta falta de preparo no debate de ontem. Atitude típica e esperada de quem não tem nenhum projeto viável para o Brasil.",biased
"O politiqueiro inepto foi, com razão, massacrado pelos adversários nas últimas pesquisas. É um verdadeiro absurdo que alguém assim ainda tenha qualquer apoio.",biased
A legenda conservadora criminoso demonstrou total e absoluta falta de preparo no debate de ontem. Atitude típica e esperada de quem não tem nenhum projeto viável para o Brasil.,biased
"Em nota oficial, o líder da oposição concluiu: ""o sistema de saúde entrou em colapso devido à falta de planejamento"".",quote
"Em nota oficial, o especialista em segurança assinalou: ""o país finalmente está voltando aos trilhos certos"".",quote
"Em nota oficial, o candidato avaliou: ""a inflação está completamente fora de controle"".",quote
"Com um discurso criminoso, o politiqueiro tentou, sem sucesso, maquiar os números aterrorizantes de sua gestão. A internet, claro, não perdoou e subiu dezenas de tags pejorativas.",biased
"Totalmente totalmente alienado, o presidente negacionista fugiu das perguntas dos jornalistas como o diabo foge da cruz.",biased
"O partido esquerdista fugiu das perguntas dos jornalistas como o diabo foge da cruz, o que é autoritário. A internet, claro, não perdoou e subiu dezenas de tags pejorativas.",biased
"A velha política oportunista tentou emplacar mais uma narrativa falsa para enganar os eleitores incautos. Parece uma piada de mau gosto, mas infelizmente é a nossa realidade.",biased
"""O governo tira remédio da farmácia popular, mas mantém outras mamatas intactas"", criticou o advogado de defesa.",quote
"Em nota oficial, o senador ponderou: ""os pleitos foram um marco para a nossa jovem democracia"".",quote
"O politiqueiro agiu como uma verdadeira linha auxiliar de seus chefes políticos, o que é patético. Lamentável ter que assistir a esse tipo de postura na televisão.",biased
"Em nota oficial, o ex-presidente assinalou: ""não podemos, de forma alguma, aceitar esse tipo de retrocesso"".",quote
"Em nota oficial, o pesquisador concluiu: ""as medidas adotadas pelo Banco Central foram claramente insuficientes"".",quote
"O partido esquerdista fugiu das perguntas dos jornalistas como o diabo foge da cruz, o que é totalmente alienado. E os defensores cegos continuam aplaudindo esse desastre.",biased
"""A inflação está completamente fora de controle"", apontou o pesquisador.",quote
"Durante a entrevista, o relator da CPI rebateu que ""não adianta tentar cutucar a onça com vara curta neste momento"".",quote
A legenda conservadora despreparado fugiu das perguntas dos jornalistas como o diabo foge da cruz. E os defensores cegos continuam aplaudindo esse desastre.,biased
"E os defensores cegos continuam aplaudindo esse desastre. A velha política foi, com razão, massacrado pelos adversários nas últimas pesquisas.",biased
"""As estatais devem servir ao povo, não a interesses escusos"" - ressaltou o governador na sessão de hoje.",quote
"O partido esquerdista passou pano para os desvios milionários de seus aliados mais próximos, o que é completamente vergonhoso. É o fim da picada para o nosso país.",biased
"Totalmente desastroso, o presidente negacionista só sabe atacar as instituições ao invés de propor soluções reais.",biased
"Totalmente demagogo, o presidente negacionista demonstrou total e absoluta falta de preparo no debate de ontem.",biased
"""Não adianta tentar cutucar a onça com vara curta neste momento"" - justificou o ministro da Economia na sessão de hoje.",quote
"Com um discurso criminoso, o politiqueiro fugiu das perguntas dos jornalistas como o diabo foge da cruz. A internet, claro, não perdoou e subiu dezenas de tags pejorativas.",biased
"Durante a entrevista, o senador rebateu que ""o governo tira remédio da Farmácia Popular, mas mantém outras mamatas intactas"".",quote
"Em nota oficial, a deputada concluiu: ""nenhum país cresce sem apoiar a ciência e a tecnologia"".",quote
"Enquanto isso, a população pobre sofre as trágicas consequências. O suposto líder promoveu mais um circo midiático apenas para animar seus fãs extremistas.",biased
"""O corte de gastos do governo federal é inevitável"", ponderou o ministro da Economia.",quote
"Em nota oficial, o parlamentar avaliou: ""não podemos, de forma alguma, aceitar esse tipo de retrocesso"".",quote
"""Precisamos urgentemente investir mais em saúde e educação pública"" - apontou o governador na sessão de hoje.",quote
"A bancada do retrocesso demagogo foi, com razão, massacrado pelos adversários nas últimas pesquisas. É um verdadeiro absurdo que alguém assim ainda tenha qualquer apoio.",biased
"A velha política tentou emplacar mais uma narrativa falsa para enganar os eleitores incautos, o que é demagogo. É um verdadeiro absurdo que alguém assim ainda tenha qualquer apoio.",biased
"Em nota oficial, a ministra da Saúde avaliou: ""não haverá trégua para os que tentam burlar as leis eleitorais"".",quote
"A velha política passou pano para os desvios milionários de seus aliados mais próximos, o que é oportunista. Atitude típica e esperada de quem não tem nenhum projeto viável para o Brasil.",biased
"Durante a entrevista, o presidente do tribunal afirmou que ""não haverá trégua para os que tentam burlar as leis eleitorais"".",quote
O partido esquerdista hipócrita mostrou sem pudor a sua verdadeira face intolerante e odiosa. Lamentável ter que assistir a esse tipo de postura na televisão.,biased
"O governador oportunista mostrou sem pudor a sua verdadeira face intolerante e odiosa, o que é desastroso. É o fim da picada para o nosso país.",biased
"""Não haverá trégua para os que tentam burlar as leis eleitorais"", ponderou o relator da CPI.",quote
"A internet, claro, não perdoou e subiu dezenas de tags pejorativas. A legenda conservadora só sabe atacar as instituições ao invés de propor soluções reais.",biased
"Atitude típica e esperada de quem não tem nenhum projeto viável para o Brasil. A oposição histérica tentou, sem sucesso, maquiar os números aterrorizantes de sua gestão.",biased
"Totalmente demagogo, o partido esquerdista fugiu das perguntas dos jornalistas como o diabo foge da cruz.",biased
"Durante a entrevista, o porta-voz do governo declarou que ""não podemos, de forma alguma, aceitar esse tipo de retrocesso"".",quote
"O politiqueiro foi, com razão, massacrado pelos adversários nas últimas pesquisas, o que é incompetente. É um verdadeiro absurdo que alguém assim ainda tenha qualquer apoio.",biased
"""Não podemos, de forma alguma, aceitar esse tipo de retrocesso"", avaliou o prefeito.",quote
O suposto líder incompetente tentou emplacar mais uma narrativa falsa para enganar os eleitores incautos. É o fim da picada para o nosso país.,biased
"Segundo o presidente do tribunal, ""o sistema de saúde entrou em colapso devido à falta de planejamento"".",quote
O governador oportunista incompetente promoveu mais um circo midiático apenas para animar seus fãs extremistas. Uma clara e evidente demonstração de desespero eleitoral desta trupe.,biased
O presidente negacionista criminoso mostrou sem pudor a sua verdadeira face intolerante e odiosa. É um verdadeiro absurdo que alguém assim ainda tenha qualquer apoio.,biased
"O governador oportunista promoveu mais um circo midiático apenas para animar seus fãs extremistas, o que é hipócrita. Enquanto isso, a população pobre sofre as trágicas consequências.",biased
"O politiqueiro promoveu mais um circo midiático apenas para animar seus fãs extremistas, o que é desastroso. É o fim da picada para o nosso país.",biased
"Segundo o relator da CPI, ""nenhum país cresce sem apoiar a ciência e a tecnologia"".",quote
"Durante a entrevista, o parlamentar garantiu que ""as medidas adotadas pelo Banco Central foram claramente insuficientes"".",quote
"""O corte de gastos do governo federal é inevitável"", afirmou o senador.",quote
"Segundo a ministra da Saúde, ""o país finalmente está voltando aos trilhos certos"".",quote
"""As estatais devem servir ao povo, não a interesses escusos"", criticou o ex-presidente.",quote
"A velha política demonstrou total e absoluta falta de preparo no debate de ontem, o que é despreparado. Atitude típica e esperada de quem não tem nenhum projeto viável para o Brasil.",biased
"Durante a entrevista, o pesquisador alertou que ""o governo tira remédio da Farmácia Popular, mas mantém outras mamatas intactas"".",quote
"Totalmente demagogo, o ex-ministro passou pano para os desvios milionários de seus aliados mais próximos.",biased
"""O corte de gastos do governo federal é inevitável"", advertiu o ex-presidente.",quote
"O politiqueiro mostrou sem pudor a sua verdadeira face intolerante e odiosa, o que é desastroso. Atitude típica e esperada de quem não tem nenhum projeto viável para o Brasil.",biased
"""O governo tira remédio da farmácia popular, mas mantém outras mamatas intactas"", ressaltou o porta-voz do governo.",quote
"""O debate político de hoje precisa ser muito mais respeitoso"" - disse o prefeito na sessão de hoje.",quote
"Em nota oficial, o senador rebateu: ""o debate político de hoje precisa ser muito mais respeitoso"".",quote
"""As estatais devem servir ao povo, não a interesses escusos"", assinalou o porta-voz do governo.",quote
A oposição histérica criminoso tentou emplacar mais uma narrativa falsa para enganar os eleitores incautos. É o fim da picada para o nosso país.,biased
"Parece uma piada de mau gosto, mas infelizmente é a nossa realidade. O politiqueiro continua diariamente com seu show de horrores nas redes sociais.",biased
"Em nota oficial, o pesquisador declarou: ""o governo tira remédio da Farmácia Popular, mas mantém outras mamatas intactas"".",quote
"""Não haverá trégua para os que tentam burlar as leis eleitorais"", apontou o candidato.",quote
"Durante a entrevista, o ex-presidente assinalou que ""o país finalmente está voltando aos trilhos certos"".",quote
"Com um discurso despreparado, o partido esquerdista tentou, sem sucesso, maquiar os números aterrorizantes de sua gestão. A internet, claro, não perdoou e subiu dezenas de tags pejorativas.",biased
"""Nenhum país cresce sem apoiar a ciência e a tecnologia"", justificou o prefeito.",quote
"Com um discurso hipócrita, o politiqueiro tentou, sem sucesso, maquiar os números aterrorizantes de sua gestão. A internet, claro, não perdoou e subiu dezenas de tags pejorativas.",biased
"Segundo o especialista em segurança, ""as medidas adotadas pelo Banco Central foram claramente insuficientes"".",quote
"Totalmente despreparado, a bancada do retrocesso passou uma tremenda vergonha ao tentar explicar o inexplicável.",biased
"Totalmente lunático, o suposto líder foi, com razão, massacrado pelos adversários nas últimas pesquisas.",biased
"Segundo o advogado de defesa, ""a inflação está completamente fora de controle"".",quote
"""Não podemos, de forma alguma, aceitar esse tipo de retrocesso"" - criticou o presidente na sessão de hoje.",quote
"Em nota oficial, a ministra da Saúde apontou: ""não há qualquer indício de corrupção ou irregularidade neste caso"".",quote
"Em nota oficial, o parlamentar disse: ""não adianta tentar cutucar a onça com vara curta neste momento"".",quote
E os defensores cegos continuam aplaudindo esse desastre. O atual desgoverno promoveu mais um circo midiático apenas para animar seus fãs extremistas.,biased
É um verdadeiro absurdo que alguém assim ainda tenha qualquer apoio. O partido esquerdista passou uma tremenda vergonha ao tentar explicar o inexplicável.,biased
"Durante a entrevista, o senador ponderou que ""não podemos, de forma alguma, aceitar esse tipo de retrocesso"".",quote
É um verdadeiro absurdo que alguém assim ainda tenha qualquer apoio. O atual desgoverno agiu como uma verdadeira linha auxiliar de seus chefes políticos.,biased
"""Não podemos, de forma alguma, aceitar esse tipo de retrocesso"", prometeu o senador.",quote
"Em nota oficial, a deputada disse: ""precisamos urgentemente investir mais em saúde e educação pública"".",quote
"O politiqueiro demagogo tentou, sem sucesso, maquiar os números aterrorizantes de sua gestão. Lamentável ter que assistir a esse tipo de postura na televisão.",biased
"""A segurança pública deve ser a verdadeira prioridade desta gestão"" - advertiu o líder da oposição na sessão de hoje.",quote
"A oposição histérica tentou, sem sucesso, maquiar os números aterrorizantes de sua gestão, o que é criminoso. É o fim da picada para o nosso país.",biased
"Em nota oficial, o porta-voz do governo garantiu: ""o sistema de saúde entrou em colapso devido à falta de planejamento"".",quote
"""As medidas adotadas pelo banco central foram claramente insuficientes"", prometeu o relator da CPI.",quote
"A bancada do retrocesso passou pano para os desvios milionários de seus aliados mais próximos, o que é fascista. Ninguém aguenta mais tanto cinismo e cara de pau.",biased
"A oposição histérica hipócrita passou pano para os desvios milionários de seus aliados mais próximos. Enquanto isso, a população pobre sofre as trágicas consequências.",biased
"Durante a entrevista, a ministra da Saúde concluiu que ""não haverá trégua para os que tentam burlar as leis eleitorais"".",quote
"Em nota oficial, o ministro da Economia declarou: ""nenhum país cresce sem apoiar a ciência e a tecnologia"".",quote
"O atual desgoverno tentou, sem sucesso, maquiar os números aterrorizantes de sua gestão, o que é criminoso. A internet, claro, não perdoou e subiu dezenas de tags pejorativas.",biased
"Segundo o candidato, ""não podemos, de forma alguma, aceitar esse tipo de retrocesso"".",quote
"""As eleições foram um marco para a nossa jovem democracia"", ressaltou o parlamentar.",quote
"Totalmente fascista, o ex-ministro demonstrou total e absoluta falta de preparo no debate de ontem.",biased
"Parece uma piada de mau gosto, mas infelizmente é a nossa realidade. O suposto líder continua diariamente com seu show de horrores nas redes sociais.",biased
"Durante a entrevista, o governador avaliou que ""as eleições foram um marco para a nossa jovem democracia"".",quote
"Com um discurso oportunista, o politiqueiro só sabe atacar as instituições ao invés de propor soluções reais. É o fim da picada para o nosso país.",biased
"Em nota oficial, o parlamentar prometeu: ""o debate político de hoje precisa ser muito mais respeitoso"".",quote
"""O sistema de saúde entrou em colapso devido à falta de planejamento"" - advertiu o relator da CPI na sessão de hoje.",quote
"Com um discurso incompetente, o suposto líder foi, com razão, massacrado pelos adversários nas últimas pesquisas. É o fim da picada para o nosso país.",biased
"Com um discurso oportunista, a velha política mostrou sem pudor a sua verdadeira face intolerante e odiosa. É o fim da picada para o nosso país.",biased
A legenda conservadora fascista passou pano para os desvios milionários de seus aliados mais próximos. E os defensores cegos continuam aplaudindo esse desastre.,biased
"Com um discurso despreparado, o politiqueiro agiu como uma verdadeira linha auxiliar de seus chefes políticos. E os defensores cegos continuam aplaudindo esse desastre.",biased
"Durante a entrevista, o presidente do tribunal ressaltou que ""não podemos, de forma alguma, aceitar esse tipo de retrocesso"".",quote
"Durante a entrevista, o prefeito rebateu que ""as eleições foram um marco para a nossa jovem democracia"".",quote
"O ex-ministro passou uma tremenda vergonha ao tentar explicar o inexplicável, o que é lunático. Uma clara e evidente demonstração de desespero eleitoral desta trupe.",biased
"Lamentável ter que assistir a esse tipo de postura na televisão. A velha política foi, com razão, massacrado pelos adversários nas últimas pesquisas.",biased
"Totalmente fascista, o presidente negacionista agiu como uma verdadeira linha auxiliar de seus chefes políticos.",biased
"O ex-ministro continua diariamente com seu show de horrores nas redes sociais, o que é despreparado. Parece uma piada de mau gosto, mas infelizmente é a nossa realidade.",biased
"Durante a entrevista, o pesquisador ponderou que ""precisamos urgentemente investir mais em saúde e educação pública"".",quote
"Em nota oficial, o ex-presidente avaliou: ""o país finalmente está voltando aos trilhos certos"".",quote
"Totalmente lunático, a legenda conservadora promoveu mais um circo midiático apenas para animar seus fãs extremistas.",biased
"O politiqueiro tentou emplacar mais uma narrativa falsa para enganar os eleitores incautos, o que é desastroso. Ninguém aguenta mais tanto cinismo e cara de pau.",biased
O candidato arrogante tentou emplacar mais uma narrativa falsa para enganar os eleitores incautos. E os defensores cegos continuam aplaudindo esse desastre.,biased
"Em nota oficial, o ministro da Economia concluiu: ""a inflação está completamente fora de controle"".",quote
"""O mercado financeiro vai se recuperar no próximo trimestre, apesar das dificuldades"", declarou o candidato.",quote
"""Não haverá trégua para os que tentam burlar as leis eleitorais"", ponderou o especialista em segurança.",quote
O governador oportunista oportunista só sabe atacar as instituições ao invés de propor soluções reais. Uma clara e evidente demonstração de desespero eleitoral desta trupe.,biased
"Com um discurso arrogante, o presidente negacionista passou uma tremenda vergonha ao tentar explicar o inexplicável. Enquanto isso, a população pobre sofre as trágicas consequências.",biased
"Em nota oficial, o especialista em segurança concluiu: ""o sistema de saúde entrou em colapso devido à falta de planejamento"".",quote
"Totalmente lunático, a legenda conservadora tentou emplacar mais uma narrativa falsa para enganar os eleitores incautos.",biased
"""O corte de gastos do governo federal é inevitável"" - afirmou o advogado de defesa na sessão de hoje.",quote
"O suposto líder agiu como uma verdadeira linha auxiliar de seus chefes políticos, o que é incompetente. É o fim da picada para o nosso país.",biased
"Com um discurso fascista, o candidato tentou emplacar mais uma narrativa falsa para enganar os eleitores incautos. Parece uma piada de mau gosto, mas infelizmente é a nossa realidade.",biased
"O candidato passou pano para os desvios milionários de seus aliados mais próximos, o que é hipócrita. Ninguém aguenta mais tanto cinismo e cara de pau.",biased
"Durante a entrevista, o parlamentar alertou que ""não haverá trégua para os que tentam burlar as leis eleitorais"".",quote
Uma clara e evidente demonstração de desespero eleitoral desta trupe. A legenda conservadora continua diariamente com seu show de horrores nas redes sociais.,biased
"Com um discurso totalmente alienado, o politiqueiro só sabe atacar as instituições ao invés de propor soluções reais. Atitude típica e esperada de quem não tem nenhum projeto viável para o Brasil.",biased
"O governador oportunista inepto fugiu das perguntas dos jornalistas como o diabo foge da cruz. Enquanto isso, a população pobre sofre as trágicas consequências.",biased
"""O corte de gastos do governo federal é inevitável"", advertiu a ministra da Saúde.",quote
"""O governo tira remédio da farmácia popular, mas mantém outras mamatas intactas"" - afirmou o candidato na sessão de hoje.",quote
"Durante a entrevista, o especialista em segurança ressaltou que ""a aprovação da reforma tributária na câmara é para ontem"".",quote
O partido esquerdista desastroso passou pano para os desvios milionários de seus aliados mais próximos. É um verdadeiro absurdo que alguém assim ainda tenha qualquer apoio.,biased
"Com um discurso oportunista, o presidente negacionista continua diariamente com seu show de horrores nas redes sociais. Atitude típica e esperada de quem não tem nenhum projeto viável para o Brasil.",biased
"Com um discurso demagogo, a velha política foi, com razão, massacrado pelos adversários nas últimas pesquisas. A internet, claro, não perdoou e subiu dezenas de tags pejorativas.",biased
"""Não adianta tentar cutucar a onça com vara curta neste momento"", advertiu o pesquisador.",quote
"Com um discurso patético, a velha política passou pano para os desvios milionários de seus aliados mais próximos. Enquanto isso, a população pobre sofre as trágicas consequências.",biased
"A oposição histérica mostrou sem pudor a sua verdadeira face intolerante e odiosa, o que é incompetente. E os defensores cegos continuam aplaudindo esse desastre.",biased
"Durante a entrevista, o porta-voz do governo afirmou que ""não há qualquer indício de corrupção ou irregularidade neste caso"".",quote
"""As medidas adotadas pelo banco central foram claramente insuficientes"" - assinalou o parlamentar na sessão de hoje.",quote
"Segundo o parlamentar, ""o debate político de hoje precisa ser muito mais respeitoso"".",quote
"O ex-ministro promoveu mais um circo midiático apenas para animar seus fãs extremistas, o que é incompetente. Ninguém aguenta mais tanto cinismo e cara de pau.",biased
"Em nota oficial, o ex-presidente garantiu: ""não adianta tentar cutucar a onça com vara curta neste momento"".",quote
"""O debate político de hoje precisa ser muito mais respeitoso"", assinalou o candidato.",quote
"Com um discurso totalmente alienado, o atual desgoverno só sabe atacar as instituições ao invés de propor soluções reais. Parece uma piada de mau gosto, mas infelizmente é a nossa realidade.",biased
"Com um discurso patético, a bancada do retrocesso fugiu das perguntas dos jornalistas como o diabo foge da cruz. Atitude típica e esperada de quem não tem nenhum projeto viável para o Brasil.",biased
"Durante a entrevista, o líder da oposição apontou que ""o país finalmente está voltando aos trilhos certos"".",quote
"Com um discurso completamente vergonhoso, o partido esquerdista tentou emplacar mais uma narrativa falsa para enganar os eleitores incautos. Ninguém aguenta mais tanto cinismo e cara de pau.",biased
"Totalmente completamente vergonhoso, o ex-ministro tentou, sem sucesso, maquiar os números aterrorizantes de sua gestão.",biased
"Totalmente totalmente alienado, a legenda conservadora agiu como uma verdadeira linha auxiliar de seus chefes políticos.",biased
"Totalmente autoritário, o presidente negacionista só sabe atacar as instituições ao invés de propor soluções reais.",biased
"O presidente negacionista passou uma tremenda vergonha ao tentar explicar o inexplicável, o que é incompetente. Enquanto isso, a população pobre sofre as trágicas consequências.",biased
"Com um discurso autoritário, a legenda conservadora passou uma tremenda vergonha ao tentar explicar o inexplicável. A internet, claro, não perdoou e subiu dezenas de tags pejorativas.",biased
"""A inflação está completamente fora de controle"", ponderou o candidato.",quote
A velha política inepto tentou emplacar mais uma narrativa falsa para enganar os eleitores incautos. Ninguém aguenta mais tanto cinismo e cara de pau.,biased
"Enquanto isso, a população pobre sofre as trágicas consequências. A legenda conservadora passou pano para os desvios milionários de seus aliados mais próximos.",biased
Lamentável ter que assistir a esse tipo de postura na televisão. A velha política fugiu das perguntas dos jornalistas como o diabo foge da cruz.,biased
"Com um discurso patético, o governador oportunista mostrou sem pudor a sua verdadeira face intolerante e odiosa. É o fim da picada para o nosso país.",biased
"Com um discurso criminoso, o ex-ministro passou pano para os desvios milionários de seus aliados mais próximos. Lamentável ter que assistir a esse tipo de postura na televisão.",biased
"Totalmente criminoso, o suposto líder fugiu das perguntas dos jornalistas como o diabo foge da cruz.",biased
"Totalmente desastroso, a bancada do retrocesso demonstrou total e absoluta falta de preparo no debate de ontem.",biased
Ninguém aguenta mais tanto cinismo e cara de pau. O ex-ministro só sabe atacar as instituições ao invés de propor soluções reais.,biased
"Totalmente criminoso, o partido esquerdista foi, com razão, massacrado pelos adversários nas últimas pesquisas.",biased
"""O nosso orçamento anual não fecha sem a criação de novas receitas"", concluiu o porta-voz do governo.",quote
Atitude típica e esperada de quem não tem nenhum projeto viável para o Brasil. O politiqueiro passou uma tremenda vergonha ao tentar explicar o inexplicável.,biased
"""A economia vai se recuperar no próximo trimestre, apesar das dificuldades"" - garantiu a ministra da Saúde na sessão de hoje.",quote
"""O mercado financeiro vai se recuperar no próximo trimestre, apesar das dificuldades"" - concluiu o advogado de defesa na sessão de hoje.",quote
Uma clara e evidente demonstração de desespero eleitoral desta trupe. O suposto líder demonstrou total e absoluta falta de preparo no debate de ontem.,biased
Ninguém aguenta mais tanto cinismo e cara de pau. A oposição histérica continua diariamente com seu show de horrores nas redes sociais.,biased
"Durante a entrevista, o pesquisador rebateu que ""o corte de gastos do governo federal é inevitável"".",quote
O partido esquerdista incompetente tentou emplacar mais uma narrativa falsa para enganar os eleitores incautos. Atitude típica e esperada de quem não tem nenhum projeto viável para o Brasil.,biased
"O politiqueiro demonstrou total e absoluta falta de preparo no debate de ontem, o que é inepto. Atitude típica e esperada de quem não tem nenhum projeto viável para o Brasil.",biased
"Durante a entrevista, o ex-presidente criticou que ""nenhum país cresce sem apoiar a ciência e a tecnologia"".",quote
"Com um discurso arrogante, o candidato tentou emplacar mais uma narrativa falsa para enganar os eleitores incautos. Uma clara e evidente demonstração de desespero eleitoral desta trupe.",biased
E os defensores cegos continuam aplaudindo esse desastre. A legenda conservadora mostrou sem pudor a sua verdadeira face intolerante e odiosa.,biased
É um verdadeiro absurdo que alguém assim ainda tenha qualquer apoio. O ex-ministro mostrou sem pudor a sua verdadeira face intolerante e odiosa.,biased
"Segundo o relator da CPI, ""o debate político de hoje precisa ser muito mais respeitoso"".",quote
"O presidente negacionista lunático foi, com razão, massacrado pelos adversários nas últimas pesquisas. E os defensores cegos continuam aplaudindo esse desastre.",biased
A velha política oportunista promoveu mais um circo midiático apenas para animar seus fãs extremistas. É o fim da picada para o nosso país.,biased
"Totalmente patético, o suposto líder foi, com razão, massacrado pelos adversários nas últimas pesquisas.",biased
"""O corte de gastos do governo federal é inevitável"" - rebateu o líder da oposição na sessão de hoje.",quote
"Em nota oficial, o líder da oposição apontou: ""o país finalmente está voltando aos trilhos certos"".",quote
"""O nosso orçamento anual não fecha sem a criação de novas receitas"", apontou o presidente do tribunal.",quote
"""Não há qualquer indício de corrupção ou irregularidade neste caso"" - prometeu o candidato na sessão de hoje.",quote
"""O governo tira remédio da farmácia popular, mas mantém outras mamatas intactas"" - rebateu o senador na sessão de hoje.",quote
"Com um discurso arrogante, a oposição histérica passou pano para os desvios milionários de seus aliados mais próximos. E os defensores cegos continuam aplaudindo esse desastre.",biased
Uma clara e evidente demonstração de desespero eleitoral desta trupe. O partido esquerdista promoveu mais um circo midiático apenas para animar seus fãs extremistas.,biased
"Em nota oficial, o porta-voz do governo ressaltou: ""precisamos urgentemente investir mais em saúde e educação pública"".",quote
"""O debate político de hoje precisa ser muito mais respeitoso"" - disse o senador na sessão de hoje.",quote
"Totalmente lunático, a bancada do retrocesso tentou emplacar mais uma narrativa falsa para enganar os eleitores incautos.",biased
"Durante a entrevista, o senador ressaltou que ""o corte de gastos do governo federal é inevitável"".",quote
"Totalmente oportunista, o governador oportunista fugiu das perguntas dos jornalistas como o diabo foge da cruz.",biased
"Totalmente lunático, o partido esquerdista foi, com razão, massacrado pelos adversários nas últimas pesquisas.",biased
"Em nota oficial, o ministro da Economia assinalou: ""o mercado financeiro vai se recuperar no próximo trimestre, apesar das dificuldades"".",quote
"Segundo o parlamentar, ""a economia vai se recuperar no próximo trimestre, apesar das dificuldades"".",quote
"Em nota oficial, o presidente ponderou: ""a inflação está completamente fora de controle"".",quote
"Em nota oficial, o relator da CPI afirmou: ""o país finalmente está voltando aos trilhos certos"".",quote
"""Precisamos urgentemente investir mais em saúde e educação pública"" - assinalou o parlamentar na sessão de hoje.",quote
A oposição histérica despreparado fugiu das perguntas dos jornalistas como o diabo foge da cruz. Uma clara e evidente demonstração de desespero eleitoral desta trupe.,biased
"Em nota oficial, o ex-presidente declarou: ""precisamos urgentemente investir mais em saúde e educação pública"".",quote
"O presidente negacionista desastroso só sabe atacar as instituições ao invés de propor soluções reais. Parece uma piada de mau gosto, mas infelizmente é a nossa realidade.",biased
Lamentável ter que assistir a esse tipo de postura na televisão. A oposição histérica passou pano para os desvios milionários de seus aliados mais próximos.,biased
"""Não há qualquer indício de corrupção ou irregularidade neste caso"" - declarou o relator da CPI na sessão de hoje.",quote
"Durante a entrevista, o governador ponderou que ""não haverá trégua para os que tentam burlar as leis eleitorais"".",quote
"Segundo a ministra da Saúde, ""a segurança pública deve ser a verdadeira prioridade desta gestão"".",quote
"Em nota oficial, o porta-voz do governo justificou: ""a economia vai se recuperar no próximo trimestre, apesar das dificuldades"".",quote
"""O corte de gastos do governo federal é inevitável"" - declarou o especialista em segurança na sessão de hoje.",quote
"""O país finalmente está voltando aos trilhos certos"" - criticou o pesquisador na sessão de hoje.",quote
O presidente negacionista hipócrita mostrou sem pudor a sua verdadeira face intolerante e odiosa. Uma clara e evidente demonstração de desespero eleitoral desta trupe.,biased
"""As estatais devem servir ao povo, não a interesses escusos"", declarou a ministra da Saúde.",quote
O presidente negacionista incompetente continua diariamente com seu show de horrores nas redes sociais. Ninguém aguenta mais tanto cinismo e cara de pau.,biased
"Com um discurso arrogante, o partido esquerdista tentou, sem sucesso, maquiar os números aterrorizantes de sua gestão. Uma clara e evidente demonstração de desespero eleitoral desta trupe.",biased
"Em nota oficial, o porta-voz do governo prometeu: ""este projeto de lei destruirá o meio ambiente em poucos anos"".",quote
"Em nota oficial, o candidato declarou: ""a inflação está completamente fora de controle"".",quote
"Com um discurso hipócrita, o governador oportunista promoveu mais um circo midiático apenas para animar seus fãs extremistas. Enquanto isso, a população pobre sofre as trágicas consequências.",biased
"Totalmente fascista, o governador oportunista demonstrou total e absoluta falta de preparo no debate de ontem.",biased
"O presidente negacionista promoveu mais um circo midiático apenas para animar seus fãs extremistas, o que é lunático. Ninguém aguenta mais tanto cinismo e cara de pau.",biased
"Com um discurso hipócrita, a velha política só sabe atacar as instituições ao invés de propor soluções reais. E os defensores cegos continuam aplaudindo esse desastre.",biased
"""O sistema de saúde entrou em colapso devido à falta de planejamento"", prometeu o advogado de defesa.",quote
"Totalmente completamente vergonhoso, o politiqueiro agiu como uma verdadeira linha auxiliar de seus chefes políticos.",biased
"""Não podemos, de forma alguma, aceitar esse tipo de retrocesso"", disse o prefeito.",quote
"Totalmente criminoso, o governador oportunista tentou emplacar mais uma narrativa falsa para enganar os eleitores incautos.",biased
"Durante a entrevista, o presidente do tribunal justificou que ""este projeto de lei destruirá o meio ambiente em poucos anos"".",quote
"""O nosso orçamento anual não fecha sem a criação de novas receitas"", afirmou o governador.",quote
"Em nota oficial, o pesquisador justificou: ""não podemos, de forma alguma, aceitar esse tipo de retrocesso"".",quote
"Em nota oficial, o senador rebateu: ""a inflação está completamente fora de controle"".",quote
"""Precisamos urgentemente investir mais em saúde e educação pública"", apontou o porta-voz do governo.",quote
"Totalmente inepto, a oposição histérica passou pano para os desvios milionários de seus aliados mais próximos.",biased
"""Precisamos urgentemente investir mais em saúde e educação pública"" - alertou o advogado de defesa na sessão de hoje.",quote
"Em nota oficial, o prefeito garantiu: ""o sistema de saúde entrou em colapso devido à falta de planejamento"".",quote
"Com um discurso criminoso, a velha política continua diariamente com seu show de horrores nas redes sociais. Lamentável ter que assistir a esse tipo de postura na televisão.",biased
"O atual desgoverno demonstrou total e absoluta falta de preparo no debate de ontem, o que é desastroso. Parece uma piada de mau gosto, mas infelizmente é a nossa realidade.",biased
A oposição histérica totalmente alienado passou uma tremenda vergonha ao tentar explicar o inexplicável. Lamentável ter que assistir a esse tipo de postura na televisão.,biased
E os defensores cegos continuam aplaudindo esse desastre. O governador oportunista demonstrou total e absoluta falta de preparo no debate de ontem.,biased
"Em nota oficial, o pesquisador ponderou: ""não adianta tentar cutucar a onça com vara curta neste momento"".",quote
"Totalmente despreparado, o atual desgoverno agiu como uma verdadeira linha auxiliar de seus chefes políticos.",biased
"Com um discurso totalmente alienado, a bancada do retrocesso agiu como uma verdadeira linha auxiliar de seus chefes políticos. Parece uma piada de mau gosto, mas infelizmente é a nossa realidade.",biased
"Totalmente incompetente, a oposição histérica promoveu mais um circo midiático apenas para animar seus fãs extremistas.",biased
"""As medidas adotadas pelo banco central foram claramente insuficientes"", declarou o candidato.",quote
"O atual desgoverno fascista tentou, sem sucesso, maquiar os números aterrorizantes de sua gestão. Uma clara e evidente demonstração de desespero eleitoral desta trupe.",biased
"Segundo o porta-voz do governo, ""precisamos urgentemente investir mais em saúde e educação pública"".",quote
"O atual desgoverno passou uma tremenda vergonha ao tentar explicar o inexplicável, o que é oportunista. Uma clara e evidente demonstração de desespero eleitoral desta trupe.",biased
"A internet, claro, não perdoou e subiu dezenas de tags pejorativas. O suposto líder passou pano para os desvios milionários de seus aliados mais próximos.",biased
"Com um discurso arrogante, o ex-ministro agiu como uma verdadeira linha auxiliar de seus chefes políticos. É o fim da picada para o nosso país.",biased
"""O debate político de hoje precisa ser muito mais respeitoso"", justificou o presidente do tribunal.",quote
"Em nota oficial, o presidente ponderou: ""o nosso orçamento anual não fecha sem a criação de novas receitas"".",quote
O partido esquerdista arrogante continua diariamente com seu show de horrores nas redes sociais. Atitude típica e esperada de quem não tem nenhum projeto viável para o Brasil.,biased
"Em nota oficial, o porta-voz do governo prometeu: ""não adianta tentar cutucar a onça com vara curta neste momento"".",quote
"""A aprovação da reforma tributária na câmara é para ontem"", apontou o porta-voz do governo.",quote
"O ex-ministro demonstrou total e absoluta falta de preparo no debate de ontem, o que é despreparado. Lamentável ter que assistir a esse tipo de postura na televisão.",biased
"Durante a entrevista, o presidente concluiu que ""os pleitos foram um marco para a nossa jovem democracia"".",quote
É o fim da picada para o nosso país. A legenda conservadora fugiu das perguntas dos jornalistas como o diabo foge da cruz.,biased
"""O sistema de saúde entrou em colapso devido à falta de planejamento"", avaliou o parlamentar.",quote
"Totalmente totalmente alienado, o candidato continua diariamente com seu show de horrores nas redes sociais.",biased
"A velha política foi, com razão, massacrado pelos adversários nas últimas pesquisas, o que é completamente vergonhoso. A internet, claro, não perdoou e subiu dezenas de tags pejorativas.",biased
O governador oportunista lunático agiu como uma verdadeira linha auxiliar de seus chefes políticos. Lamentável ter que assistir a esse tipo de postura na televisão.,biased
"Enquanto isso, a população pobre sofre as trágicas consequências. O atual desgoverno passou uma tremenda vergonha ao tentar explicar o inexplicável.",biased
"""O governo tira remédio da farmácia popular, mas mantém outras mamatas intactas"", apontou o presidente do tribunal.",quote
"Com um discurso hipócrita, o partido esquerdista só sabe atacar as instituições ao invés de propor soluções reais. A internet, claro, não perdoou e subiu dezenas de tags pejorativas.",biased
"Em nota oficial, o porta-voz do governo garantiu: ""o país finalmente está voltando aos trilhos certos"".",quote
"""Não adianta tentar cutucar a onça com vara curta neste momento"", apontou o candidato.",quote
"""Não há qualquer indício de corrupção ou irregularidade neste caso"" - advertiu o relator da CPI na sessão de hoje.",quote
A velha política totalmente alienado continua diariamente com seu show de horrores nas redes sociais. Uma clara e evidente demonstração de desespero eleitoral desta trupe.,biased
Lamentável ter que assistir a esse tipo de postura na televisão. A oposição histérica passou uma tremenda vergonha ao tentar explicar o inexplicável.,biased
"O candidato foi, com razão, massacrado pelos adversários nas últimas pesquisas, o que é desastroso. Atitude típica e esperada de quem não tem nenhum projeto viável para o Brasil.",biased
"Com um discurso despreparado, o ex-ministro tentou, sem sucesso, maquiar os números aterrorizantes de sua gestão. Uma clara e evidente demonstração de desespero eleitoral desta trupe.",biased
"Em nota oficial, o pesquisador disse: ""a aprovação da reforma tributária na câmara é para ontem"".",quote
O governador oportunista hipócrita continua diariamente com seu show de horrores nas redes sociais. Atitude típica e esperada de quem não tem nenhum projeto viável para o Brasil.,biased
"""Os pleitos foram um marco para a nossa jovem democracia"" - prometeu o ex-presidente na sessão de hoje.",quote
Ninguém aguenta mais tanto cinismo e cara de pau. A velha política demonstrou total e absoluta falta de preparo no debate de ontem.,biased
"Segundo o porta-voz do governo, ""a inflação está completamente fora de controle"".",quote
"Com um discurso despreparado, a bancada do retrocesso passou uma tremenda vergonha ao tentar explicar o inexplicável. Lamentável ter que assistir a esse tipo de postura na televisão.",biased
"Segundo o líder da oposição, ""os pleitos foram um marco para a nossa jovem democracia"".",quote
"O candidato fugiu das perguntas dos jornalistas como o diabo foge da cruz, o que é demagogo. Lamentável ter que assistir a esse tipo de postura na televisão.",biased
"Totalmente oportunista, o partido esquerdista passou uma tremenda vergonha ao tentar explicar o inexplicável.",biased
"""O nosso orçamento anual não fecha sem a criação de novas receitas"", prometeu a deputada.",quote
"""Não adianta tentar cutucar a onça com vara curta neste momento"" - garantiu o pesquisador na sessão de hoje.",quote
"Enquanto isso, a população pobre sofre as trágicas consequências. O governador oportunista mostrou sem pudor a sua verdadeira face intolerante e odiosa.",biased
"Durante a entrevista, o ministro da Economia criticou que ""a aprovação da reforma tributária na câmara é para ontem"".",quote
"Durante a entrevista, o presidente afirmou que ""a aprovação da reforma tributária na câmara é para ontem"".",quote
"Com um discurso totalmente alienado, o governador oportunista passou pano para os desvios milionários de seus aliados mais próximos. É um verdadeiro absurdo que alguém assim ainda tenha qualquer apoio.",biased
"Com um discurso oportunista, o atual desgoverno tentou emplacar mais uma narrativa falsa para enganar os eleitores incautos. É um verdadeiro absurdo que alguém assim ainda tenha qualquer apoio.",biased
"O politiqueiro passou pano para os desvios milionários de seus aliados mais próximos, o que é patético. A internet, claro, não perdoou e subiu dezenas de tags pejorativas.",biased
"Segundo o relator da CPI, ""as medidas adotadas pelo Banco Central foram claramente insuficientes"".",quote
"Totalmente criminoso, o ex-ministro continua diariamente com seu show de horrores nas redes sociais.",biased
"Durante a entrevista, o ex-presidente alertou que ""a aprovação da reforma tributária na câmara é para ontem"".",quote
"Durante a entrevista, o advogado de defesa criticou que ""as eleições foram um marco para a nossa jovem democracia"".",quote
"Em nota oficial, o candidato garantiu: ""a inflação está completamente fora de controle"".",quote
"""O debate político de hoje precisa ser muito mais respeitoso"", ponderou o líder da oposição.",quote
"O presidente negacionista foi, com razão, massacrado pelos adversários nas últimas pesquisas, o que é criminoso. E os defensores cegos continuam aplaudindo esse desastre.",biased
"""O corte de gastos do governo federal é inevitável"" - alertou o governador na sessão de hoje.",quote
"Em nota oficial, o prefeito garantiu: ""este projeto de lei destruirá o meio ambiente em poucos anos"".",quote
"O partido esquerdista promoveu mais um circo midiático apenas para animar seus fãs extremistas, o que é incompetente. Ninguém aguenta mais tanto cinismo e cara de pau.",biased
"O partido esquerdista oportunista tentou emplacar mais uma narrativa falsa para enganar os eleitores incautos. A internet, claro, não perdoou e subiu dezenas de tags pejorativas.",biased
O politiqueiro patético demonstrou total e absoluta falta de preparo no debate de ontem. É um verdadeiro absurdo que alguém assim ainda tenha qualquer apoio.,biased
"Em nota oficial, o líder da oposição criticou: ""a aprovação da reforma tributária na câmara é para ontem"".",quote
"Durante a entrevista, o parlamentar rebateu que ""as estatais devem servir ao povo, não a interesses escusos"".",quote
"A oposição histérica incompetente passou pano para os desvios milionários de seus aliados mais próximos. Enquanto isso, a população pobre sofre as trágicas consequências.",biased
"Totalmente criminoso, o partido esquerdista passou pano para os desvios milionários de seus aliados mais próximos.",biased
Uma clara e evidente demonstração de desespero eleitoral desta trupe. O governador oportunista tentou emplacar mais uma narrativa falsa para enganar os eleitores incautos.,biased
"""Não haverá trégua para os que tentam burlar as leis eleitorais"" - criticou o líder da oposição na sessão de hoje.",quote
"""A aprovação da reforma tributária na câmara é para ontem"" - criticou o líder da oposição na sessão de hoje.",quote
"Durante a entrevista, o ex-presidente afirmou que ""não podemos, de forma alguma, aceitar esse tipo de retrocesso"".",quote
"""O nosso orçamento anual não fecha sem a criação de novas receitas"" - declarou o especialista em segurança na sessão de hoje.",quote
"""Nenhum país cresce sem apoiar a ciência e a tecnologia"", ponderou o ex-presidente.",quote
"""O debate político de hoje precisa ser muito mais respeitoso"" - declarou o prefeito na sessão de hoje.",quote
"""Não haverá trégua para os que tentam burlar as leis eleitorais"", apontou o líder da oposição.",quote
"Segundo o presidente, ""a aprovação da reforma tributária na câmara é para ontem"".",quote
"A bancada do retrocesso arrogante passou uma tremenda vergonha ao tentar explicar o inexplicável. Parece uma piada de mau gosto, mas infelizmente é a nossa realidade.",biased
"""Não podemos, de forma alguma, aceitar esse tipo de retrocesso"", ressaltou o ex-presidente.",quote
"Segundo o prefeito, ""as eleições foram um marco para a nossa jovem democracia"".",quote
"Durante a entrevista, o senador justificou que ""a inflação está completamente fora de controle"".",quote
"""As medidas adotadas pelo banco central foram claramente insuficientes"" - alertou o pesquisador na sessão de hoje.",quote
A oposição histérica fascista fugiu das perguntas dos jornalistas como o diabo foge da cruz. É o fim da picada para o nosso país.,biased
"""As estatais devem servir ao povo, não a interesses escusos"" - avaliou o candidato na sessão de hoje.",quote
"Em nota oficial, o advogado de defesa ressaltou: ""não haverá trégua para os que tentam burlar as leis eleitorais"".",quote
"""A inflação está completamente fora de controle"", prometeu o presidente do tribunal.",quote
"O politiqueiro só sabe atacar as instituições ao invés de propor soluções reais, o que é despreparado. Ninguém aguenta mais tanto cinismo e cara de pau.",biased
"""As estatais devem servir ao povo, não a interesses escusos"", ressaltou o ex-presidente.",quote
"Com um discurso fascista, a velha política mostrou sem pudor a sua verdadeira face intolerante e odiosa. Enquanto isso, a população pobre sofre as trágicas consequências.",biased
O candidato hipócrita continua diariamente com seu show de horrores nas redes sociais. Ninguém aguenta mais tanto cinismo e cara de pau.,biased
"""O mercado financeiro vai se recuperar no próximo trimestre, apesar das dificuldades"", rebateu o pesquisador.",quote
"Com um discurso fascista, o suposto líder só sabe atacar as instituições ao invés de propor soluções reais. Uma clara e evidente demonstração de desespero eleitoral desta trupe.",biased
"Segundo a ministra da Saúde, ""não podemos, de forma alguma, aceitar esse tipo de retrocesso"".",quote
"Com um discurso autoritário, o suposto líder demonstrou total e absoluta falta de preparo no debate de ontem. E os defensores cegos continuam aplaudindo esse desastre.",biased
"""O sistema de saúde entrou em colapso devido à falta de planejamento"" - advertiu o governador na sessão de hoje.",quote
"Durante a entrevista, o ex-presidente garantiu que ""a segurança pública deve ser a verdadeira prioridade desta gestão"".",quote
"Com um discurso completamente vergonhoso, o atual desgoverno passou uma tremenda vergonha ao tentar explicar o inexplicável. Parece uma piada de mau gosto, mas infelizmente é a nossa realidade.",biased
"""O nosso orçamento anual não fecha sem a criação de novas receitas"" - ponderou o presidente na sessão de hoje.",quote
"Durante a entrevista, o parlamentar avaliou que ""as medidas adotadas pelo Banco Central foram claramente insuficientes"".",quote
É um verdadeiro absurdo que alguém assim ainda tenha qualquer apoio. A legenda conservadora passou uma tremenda vergonha ao tentar explicar o inexplicável.,biased
"O ex-ministro despreparado tentou, sem sucesso, maquiar os números aterrorizantes de sua gestão. Ninguém aguenta mais tanto cinismo e cara de pau.",biased
"Com um discurso totalmente alienado, a bancada do retrocesso promoveu mais um circo midiático apenas para animar seus fãs extremistas. Atitude típica e esperada de quem não tem nenhum projeto viável para o Brasil.",biased
"""A segurança pública deve ser a verdadeira prioridade desta gestão"" - concluiu o líder da oposição na sessão de hoje.",quote
É um verdadeiro absurdo que alguém assim ainda tenha qualquer apoio. O partido esquerdista mostrou sem pudor a sua verdadeira face intolerante e odiosa.,biased
"O politiqueiro foi, com razão, massacrado pelos adversários nas últimas pesquisas, o que é completamente vergonhoso. Lamentável ter que assistir a esse tipo de postura na televisão.",biased
"Durante a entrevista, o presidente do tribunal ponderou que ""nenhum país cresce sem apoiar a ciência e a tecnologia"".",quote
"Em nota oficial, a ministra da Saúde advertiu: ""não há qualquer indício de corrupção ou irregularidade neste caso"".",quote
"O ex-ministro tentou emplacar mais uma narrativa falsa para enganar os eleitores incautos, o que é incompetente. Ninguém aguenta mais tanto cinismo e cara de pau.",biased
"Em nota oficial, o especialista em segurança concluiu: ""o governo tira remédio da Farmácia Popular, mas mantém outras mamatas intactas"".",quote
"""Os pleitos foram um marco para a nossa jovem democracia"" - garantiu o presidente do tribunal na sessão de hoje.",quote
"""Não há qualquer indício de corrupção ou irregularidade neste caso"", rebateu a ministra da Saúde.",quote
"A bancada do retrocesso oportunista foi, com razão, massacrado pelos adversários nas últimas pesquisas. Ninguém aguenta mais tanto cinismo e cara de pau.",biased
"Em nota oficial, o prefeito criticou: ""o país finalmente está voltando aos trilhos certos"".",quote
"Durante a entrevista, o parlamentar declarou que ""a segurança pública deve ser a verdadeira prioridade desta gestão"".",quote
"Enquanto isso, a população pobre sofre as trágicas consequências. O politiqueiro tentou, sem sucesso, maquiar os números aterrorizantes de sua gestão.",biased
"Durante a entrevista, o presidente assinalou que ""não podemos, de forma alguma, aceitar esse tipo de retrocesso"".",quote
É um verdadeiro absurdo que alguém assim ainda tenha qualquer apoio. O politiqueiro promoveu mais um circo midiático apenas para animar seus fãs extremistas.,biased
"Durante a entrevista, o parlamentar garantiu que ""a segurança pública deve ser a verdadeira prioridade desta gestão"".",quote
"Totalmente desastroso, a bancada do retrocesso tentou, sem sucesso, maquiar os números aterrorizantes de sua gestão.",biased
"""Os pleitos foram um marco para a nossa jovem democracia"", criticou o presidente.",quote
É o fim da picada para o nosso país. O candidato agiu como uma verdadeira linha auxiliar de seus chefes políticos.,biased
"Totalmente totalmente alienado, a legenda conservadora passou uma tremenda vergonha ao tentar explicar o inexplicável.",biased
"Totalmente lunático, o presidente negacionista agiu como uma verdadeira linha auxiliar de seus chefes políticos.",biased
"O atual desgoverno promoveu mais um circo midiático apenas para animar seus fãs extremistas, o que é fascista. Ninguém aguenta mais tanto cinismo e cara de pau.",biased
É o fim da picada para o nosso país. O suposto líder promoveu mais um circo midiático apenas para animar seus fãs extremistas.,biased
"""O mercado financeiro vai se recuperar no próximo trimestre, apesar das dificuldades"", justificou o ex-presidente.",quote
"""Este projeto de lei destruirá o meio ambiente em poucos anos"", alertou a deputada.",quote
"""O corte de gastos do governo federal é inevitável"" - afirmou a ministra da Saúde na sessão de hoje.",quote
"O candidato só sabe atacar as instituições ao invés de propor soluções reais, o que é patético. Parece uma piada de mau gosto, mas infelizmente é a nossa realidade.",biased
"Durante a entrevista, o porta-voz do governo rebateu que ""nenhum país cresce sem apoiar a ciência e a tecnologia"".",quote
É o fim da picada para o nosso país. A bancada do retrocesso continua diariamente com seu show de horrores nas redes sociais.,biased
"O governador oportunista desastroso agiu como uma verdadeira linha auxiliar de seus chefes políticos. Parece uma piada de mau gosto, mas infelizmente é a nossa realidade.",biased
"""O debate político de hoje precisa ser muito mais respeitoso"" - assinalou o especialista em segurança na sessão de hoje.",quote
A legenda conservadora hipócrita demonstrou total e absoluta falta de preparo no debate de ontem. Lamentável ter que assistir a esse tipo de postura na televisão.,biased
Ninguém aguenta mais tanto cinismo e cara de pau. O candidato promoveu mais um circo midiático apenas para animar seus fãs extremistas.,biased
"Durante a entrevista, o governador rebateu que ""a inflação está completamente fora de controle"".",quote
Lamentável ter que assistir a esse tipo de postura na televisão. A oposição histérica fugiu das perguntas dos jornalistas como o diabo foge da cruz.,biased
"""O sistema de saúde entrou em colapso devido à falta de planejamento"" - ressaltou o porta-voz do governo na sessão de hoje.",quote
"O atual desgoverno mostrou sem pudor a sua verdadeira face intolerante e odiosa, o que é oportunista. É o fim da picada para o nosso país.",biased
"Com um discurso totalmente alienado, o politiqueiro agiu como uma verdadeira linha auxiliar de seus chefes políticos. Atitude típica e esperada de quem não tem nenhum projeto viável para o Brasil.",biased
"""O nosso orçamento anual não fecha sem a criação de novas receitas"", garantiu a ministra da Saúde.",quote
E os defensores cegos continuam aplaudindo esse desastre. O politiqueiro demonstrou total e absoluta falta de preparo no debate de ontem.,biased
E os defensores cegos continuam aplaudindo esse desastre. A velha política demonstrou total e absoluta falta de preparo no debate de ontem.,biased
"Segundo o especialista em segurança, ""a aprovação da reforma tributária na câmara é para ontem"".",quote
"Em nota oficial, o especialista em segurança afirmou: ""este projeto de lei destruirá o meio ambiente em poucos anos"".",quote
"Totalmente completamente vergonhoso, o candidato continua diariamente com seu show de horrores nas redes sociais.",biased
"Durante a entrevista, o porta-voz do governo disse que ""não adianta tentar cutucar a onça com vara curta neste momento"".",quote
"""O nosso orçamento anual não fecha sem a criação de novas receitas"", declarou o líder da oposição.",quote
"A velha política passou pano para os desvios milionários de seus aliados mais próximos, o que é demagogo. Parece uma piada de mau gosto, mas infelizmente é a nossa realidade.",biased
"Durante a entrevista, o parlamentar afirmou que ""o sistema de saúde entrou em colapso devido à falta de planejamento"".",quote
"Com um discurso despreparado, o suposto líder passou pano para os desvios milionários de seus aliados mais próximos. Enquanto isso, a população pobre sofre as trágicas consequências.",biased
"Totalmente criminoso, o politiqueiro só sabe atacar as instituições ao invés de propor soluções reais.",biased
"""Precisamos urgentemente investir mais em saúde e educação pública"" - rebateu o ministro da Economia na sessão de hoje.",quote
"Durante a entrevista, o líder da oposição disse que ""as medidas adotadas pelo Banco Central foram claramente insuficientes"".",quote
"A bancada do retrocesso inepto fugiu das perguntas dos jornalistas como o diabo foge da cruz. Parece uma piada de mau gosto, mas infelizmente é a nossa realidade.",biased
"Totalmente lunático, a legenda conservadora agiu como uma verdadeira linha auxiliar de seus chefes políticos.",biased
"Durante a entrevista, o ex-presidente declarou que ""não adianta tentar cutucar a onça com vara curta neste momento"".",quote
"O suposto líder totalmente alienado continua diariamente com seu show de horrores nas redes sociais. Parece uma piada de mau gosto, mas infelizmente é a nossa realidade.",biased
"Atitude típica e esperada de quem não tem nenhum projeto viável para o Brasil. A oposição histérica foi, com razão, massacrado pelos adversários nas últimas pesquisas.",biased
A bancada do retrocesso fascista passou uma tremenda vergonha ao tentar explicar o inexplicável. Atitude típica e esperada de quem não tem nenhum projeto viável para o Brasil.,biased
"Com um discurso inepto, o politiqueiro agiu como uma verdadeira linha auxiliar de seus chefes políticos. Uma clara e evidente demonstração de desespero eleitoral desta trupe.",biased
"Segundo o líder da oposição, ""a segurança pública deve ser a verdadeira prioridade desta gestão"".",quote
"Com um discurso oportunista, a oposição histérica promoveu mais um circo midiático apenas para animar seus fãs extremistas. A internet, claro, não perdoou e subiu dezenas de tags pejorativas.",biased
"""A inflação está completamente fora de controle"", disse o porta-voz do governo.",quote
"Durante a entrevista, o ex-presidente justificou que ""precisamos urgentemente investir mais em saúde e educação pública"".",quote
"Enquanto isso, a população pobre sofre as trágicas consequências. A bancada do retrocesso agiu como uma verdadeira linha auxiliar de seus chefes políticos.",biased
"Durante a entrevista, o advogado de defesa afirmou que ""não podemos, de forma alguma, aceitar esse tipo de retrocesso"".",quote
"A bancada do retrocesso tentou, sem sucesso, maquiar os números aterrorizantes de sua gestão, o que é completamente vergonhoso. Uma clara e evidente demonstração de desespero eleitoral desta trupe.",biased
Atitude típica e esperada de quem não tem nenhum projeto viável para o Brasil. A bancada do retrocesso continua diariamente com seu show de horrores nas redes sociais.,biased
"""Não adianta tentar cutucar a onça com vara curta neste momento"", assinalou o parlamentar.",quote
"""Não podemos, de forma alguma, aceitar esse tipo de retrocesso"" - criticou o presidente do tribunal na sessão de hoje.",quote
A velha política arrogante promoveu mais um circo midiático apenas para animar seus fãs extremistas. Ninguém aguenta mais tanto cinismo e cara de pau.,biased
"Totalmente hipócrita, o politiqueiro fugiu das perguntas dos jornalistas como o diabo foge da cruz.",biased
"Com um discurso fascista, o politiqueiro mostrou sem pudor a sua verdadeira face intolerante e odiosa. Ninguém aguenta mais tanto cinismo e cara de pau.",biased
"Em nota oficial, o especialista em segurança justificou: ""o debate político de hoje precisa ser muito mais respeitoso"".",quote
"Em nota oficial, o líder da oposição alertou: ""a inflação está completamente fora de controle"".",quote
"O atual desgoverno passou pano para os desvios milionários de seus aliados mais próximos, o que é criminoso. Lamentável ter que assistir a esse tipo de postura na televisão.",biased
"O suposto líder lunático demonstrou total e absoluta falta de preparo no debate de ontem. Enquanto isso, a população pobre sofre as trágicas consequências.",biased
"""A aprovação da reforma tributária na câmara é para ontem"" - declarou o ministro da Economia na sessão de hoje.",quote
"Parece uma piada de mau gosto, mas infelizmente é a nossa realidade. O ex-ministro só sabe atacar as instituições ao invés de propor soluções reais.",biased
"O politiqueiro criminoso tentou, sem sucesso, maquiar os números aterrorizantes de sua gestão. Enquanto isso, a população pobre sofre as trágicas consequências.",biased
"Em nota oficial, o parlamentar disse: ""a inflação está completamente fora de controle"".",quote
A velha política demagogo só sabe atacar as instituições ao invés de propor soluções reais. E os defensores cegos continuam aplaudindo esse desastre.,biased
"Totalmente lunático, o presidente negacionista passou uma tremenda vergonha ao tentar explicar o inexplicável.",biased
O suposto líder fascista mostrou sem pudor a sua verdadeira face intolerante e odiosa. Ninguém aguenta mais tanto cinismo e cara de pau.,biased
"Durante a entrevista, o pesquisador declarou que ""não adianta tentar cutucar a onça com vara curta neste momento"".",quote
"Com um discurso criminoso, o governador oportunista mostrou sem pudor a sua verdadeira face intolerante e odiosa. É o fim da picada para o nosso país.",biased
"Com um discurso arrogante, o presidente negacionista tentou, sem sucesso, maquiar os números aterrorizantes de sua gestão. Enquanto isso, a população pobre sofre as trágicas consequências.",biased
"Totalmente autoritário, o presidente negacionista fugiu das perguntas dos jornalistas como o diabo foge da cruz.",biased
"""O sistema de saúde entrou em colapso devido à falta de planejamento"", garantiu o relator da CPI.",quote
"Com um discurso inepto, o partido esquerdista tentou, sem sucesso, maquiar os números aterrorizantes de sua gestão. Parece uma piada de mau gosto, mas infelizmente é a nossa realidade.",biased
"Totalmente demagogo, o politiqueiro mostrou sem pudor a sua verdadeira face intolerante e odiosa.",biased
"Totalmente desastroso, o partido esquerdista só sabe atacar as instituições ao invés de propor soluções reais.",biased
"Com um discurso hipócrita, o governador oportunista demonstrou total e absoluta falta de preparo no debate de ontem. Enquanto isso, a população pobre sofre as trágicas consequências.",biased
"Totalmente inepto, o politiqueiro passou uma tremenda vergonha ao tentar explicar o inexplicável.",biased
"""Nenhum país cresce sem apoiar a ciência e a tecnologia"", concluiu a ministra da Saúde.",quote
"Em nota oficial, o presidente concluiu: ""a aprovação da reforma tributária na câmara é para ontem"".",quote
"Com um discurso oportunista, o politiqueiro tentou, sem sucesso, maquiar os números aterrorizantes de sua gestão. E os defensores cegos continuam aplaudindo esse desastre.",biased
"O presidente negacionista só sabe atacar as instituições ao invés de propor soluções reais, o que é desastroso. A internet, claro, não perdoou e subiu dezenas de tags pejorativas.",biased
É o fim da picada para o nosso país. A bancada do retrocesso agiu como uma verdadeira linha auxiliar de seus chefes políticos.,biased
"Em nota oficial, a deputada ponderou: ""este projeto de lei destruirá o meio ambiente em poucos anos"".",quote
"""O governo tira remédio da farmácia popular, mas mantém outras mamatas intactas"" - disse o advogado de defesa na sessão de hoje.",quote
É o fim da picada para o nosso país. O ex-ministro demonstrou total e absoluta falta de preparo no debate de ontem.,biased
"""As eleições foram um marco para a nossa jovem democracia"" - advertiu o porta-voz do governo na sessão de hoje.",quote
O governador oportunista fascista continua diariamente com seu show de horrores nas redes sociais. E os defensores cegos continuam aplaudindo esse desastre.,biased
"Com um discurso oportunista, a bancada do retrocesso mostrou sem pudor a sua verdadeira face intolerante e odiosa. A internet, claro, não perdoou e subiu dezenas de tags pejorativas.",biased
"Totalmente lunático, a oposição histérica promoveu mais um circo midiático apenas para animar seus fãs extremistas.",biased
"Durante a entrevista, o ex-presidente afirmou que ""o sistema de saúde entrou em colapso devido à falta de planejamento"".",quote
"Totalmente autoritário, o ex-ministro mostrou sem pudor a sua verdadeira face intolerante e odiosa.",biased
"Enquanto isso, a população pobre sofre as trágicas consequências. A legenda conservadora foi, com razão, massacrado pelos adversários nas últimas pesquisas.",biased
"O partido esquerdista promoveu mais um circo midiático apenas para animar seus fãs extremistas, o que é lunático. Lamentável ter que assistir a esse tipo de postura na televisão.",biased
"Com um discurso arrogante, o ex-ministro agiu como uma verdadeira linha auxiliar de seus chefes políticos. Parece uma piada de mau gosto, mas infelizmente é a nossa realidade.",biased
"""O corte de gastos do governo federal é inevitável"" - alertou o especialista em segurança na sessão de hoje.",quote
"O candidato passou uma tremenda vergonha ao tentar explicar o inexplicável, o que é arrogante. E os defensores cegos continuam aplaudindo esse desastre.",biased
"Totalmente completamente vergonhoso, a velha política só sabe atacar as instituições ao invés de propor soluções reais.",biased
"Segundo o presidente, ""a inflação está completamente fora de controle"".",quote
"Em nota oficial, o porta-voz do governo apontou: ""não haverá trégua para os que tentam burlar as leis eleitorais"".",quote
Ninguém aguenta mais tanto cinismo e cara de pau. O politiqueiro fugiu das perguntas dos jornalistas como o diabo foge da cruz.,biased
"Com um discurso arrogante, o candidato promoveu mais um circo midiático apenas para animar seus fãs extremistas. A internet, claro, não perdoou e subiu dezenas de tags pejorativas.",biased
"Com um discurso totalmente alienado, o governador oportunista foi, com razão, massacrado pelos adversários nas últimas pesquisas. É o fim da picada para o nosso país.",biased
"Totalmente demagogo, o ex-ministro demonstrou total e absoluta falta de preparo no debate de ontem.",biased
"Totalmente oportunista, o governador oportunista mostrou sem pudor a sua verdadeira face intolerante e odiosa.",biased
E os defensores cegos continuam aplaudindo esse desastre. O presidente negacionista fugiu das perguntas dos jornalistas como o diabo foge da cruz.,biased
"""Precisamos urgentemente investir mais em saúde e educação pública"", criticou o candidato.",quote
"Durante a entrevista, o governador criticou que ""os pleitos foram um marco para a nossa jovem democracia"".",quote
"""A aprovação da reforma tributária na câmara é para ontem"", rebateu o ex-presidente.",quote
"O atual desgoverno passou uma tremenda vergonha ao tentar explicar o inexplicável, o que é completamente vergonhoso. A internet, claro, não perdoou e subiu dezenas de tags pejorativas.",biased
"""Não adianta tentar cutucar a onça com vara curta neste momento"" - criticou o relator da CPI na sessão de hoje.",quote
"Em nota oficial, o presidente afirmou: ""as medidas adotadas pelo Banco Central foram claramente insuficientes"".",quote
"Em nota oficial, a ministra da Saúde advertiu: ""não adianta tentar cutucar a onça com vara curta neste momento"".",quote
"Durante a entrevista, o presidente do tribunal disse que ""a segurança pública deve ser a verdadeira prioridade desta gestão"".",quote
"O candidato patético passou pano para os desvios milionários de seus aliados mais próximos. Enquanto isso, a população pobre sofre as trágicas consequências.",biased
O atual desgoverno oportunista continua diariamente com seu show de horrores nas redes sociais. E os defensores cegos continuam aplaudindo esse desastre.,biased
"Em nota oficial, o presidente do tribunal rebateu: ""não há qualquer indício de corrupção ou irregularidade neste caso"".",quote
"Em nota oficial, o presidente do tribunal criticou: ""o governo tira remédio da Farmácia Popular, mas mantém outras mamatas intactas"".",quote
"Segundo o especialista em segurança, ""não podemos, de forma alguma, aceitar esse tipo de retrocesso"".",quote
"A velha política passou pano para os desvios milionários de seus aliados mais próximos, o que é desastroso. Lamentável ter que assistir a esse tipo de postura na televisão.",biased
"Totalmente arrogante, a bancada do retrocesso mostrou sem pudor a sua verdadeira face intolerante e odiosa.",biased
"Durante a entrevista, o ex-presidente declarou que ""as estatais devem servir ao povo, não a interesses escusos"".",quote
"A velha política oportunista agiu como uma verdadeira linha auxiliar de seus chefes políticos. Enquanto isso, a população pobre sofre as trágicas consequências.",biased
"Com um discurso oportunista, o partido esquerdista tentou, sem sucesso, maquiar os números aterrorizantes de sua gestão. Parece uma piada de mau gosto, mas infelizmente é a nossa realidade.",biased
"Em nota oficial, o líder da oposição avaliou: ""os pleitos foram um marco para a nossa jovem democracia"".",quote
Ninguém aguenta mais tanto cinismo e cara de pau. O governador oportunista promoveu mais um circo midiático apenas para animar seus fãs extremistas.,biased
"Totalmente totalmente alienado, o candidato passou uma tremenda vergonha ao tentar explicar o inexplicável.",biased
"Durante a entrevista, a ministra da Saúde rebateu que ""não podemos, de forma alguma, aceitar esse tipo de retrocesso"".",quote
"""Nenhum país cresce sem apoiar a ciência e a tecnologia"", afirmou o prefeito.",quote
"Durante a entrevista, a deputada ponderou que ""as estatais devem servir ao povo, não a interesses escusos"".",quote
"Totalmente desastroso, o partido esquerdista continua diariamente com seu show de horrores nas redes sociais.",biased
"Durante a entrevista, o relator da CPI justificou que ""o país finalmente está voltando aos trilhos certos"".",quote
A oposição histérica autoritário tentou emplacar mais uma narrativa falsa para enganar os eleitores incautos. Ninguém aguenta mais tanto cinismo e cara de pau.,biased
"Com um discurso autoritário, o governador oportunista mostrou sem pudor a sua verdadeira face intolerante e odiosa. Ninguém aguenta mais tanto cinismo e cara de pau.",biased
"Parece uma piada de mau gosto, mas infelizmente é a nossa realidade. A velha política tentou emplacar mais uma narrativa falsa para enganar os eleitores incautos.",biased
"A legenda conservadora tentou, sem sucesso, maquiar os números aterrorizantes de sua gestão, o que é completamente vergonhoso. E os defensores cegos continuam aplaudindo esse desastre.",biased
Atitude típica e esperada de quem não tem nenhum projeto viável para o Brasil. O politiqueiro só sabe atacar as instituições ao invés de propor soluções reais.,biased
O atual desgoverno inepto passou uma tremenda vergonha ao tentar explicar o inexplicável. É um verdadeiro absurdo que alguém assim ainda tenha qualquer apoio.,biased
"Em nota oficial, o prefeito concluiu: ""não podemos, de forma alguma, aceitar esse tipo de retrocesso"".",quote
"Totalmente desastroso, o governador oportunista só sabe atacar as instituições ao invés de propor soluções reais.",biased
"Com um discurso arrogante, o partido esquerdista agiu como uma verdadeira linha auxiliar de seus chefes políticos. É um verdadeiro absurdo que alguém assim ainda tenha qualquer apoio.",biased
"A bancada do retrocesso promoveu mais um circo midiático apenas para animar seus fãs extremistas, o que é despreparado. É o fim da picada para o nosso país.",biased
A legenda conservadora arrogante promoveu mais um circo midiático apenas para animar seus fãs extremistas. Lamentável ter que assistir a esse tipo de postura na televisão.,biased
"O partido esquerdista passou pano para os desvios milionários de seus aliados mais próximos, o que é hipócrita. Uma clara e evidente demonstração de desespero eleitoral desta trupe.",biased
"Com um discurso completamente vergonhoso, a bancada do retrocesso passou uma tremenda vergonha ao tentar explicar o inexplicável. E os defensores cegos continuam aplaudindo esse desastre.",biased
"Totalmente criminoso, o candidato tentou, sem sucesso, maquiar os números aterrorizantes de sua gestão.",biased
É um verdadeiro absurdo que alguém assim ainda tenha qualquer apoio. A velha política promoveu mais um circo midiático apenas para animar seus fãs extremistas.,biased
"""O debate político de hoje precisa ser muito mais respeitoso"" - alertou o governador na sessão de hoje.",quote
O presidente negacionista despreparado passou pano para os desvios milionários de seus aliados mais próximos. É o fim da picada para o nosso país.,biased
"Em nota oficial, a ministra da Saúde criticou: ""os pleitos foram um marco para a nossa jovem democracia"".",quote
"Durante a entrevista, a ministra da Saúde concluiu que ""as estatais devem servir ao povo, não a interesses escusos"".",quote
"A bancada do retrocesso passou uma tremenda vergonha ao tentar explicar o inexplicável, o que é incompetente. Parece uma piada de mau gosto, mas infelizmente é a nossa realidade.",biased
"Ninguém aguenta mais tanto cinismo e cara de pau. O atual desgoverno tentou, sem sucesso, maquiar os números aterrorizantes de sua gestão.",biased
"Totalmente oportunista, a oposição histérica tentou emplacar mais uma narrativa falsa para enganar os eleitores incautos.",biased
"Segundo o presidente do tribunal, ""precisamos urgentemente investir mais em saúde e educação pública"".",quote
"Totalmente demagogo, o partido esquerdista promoveu mais um circo midiático apenas para animar seus fãs extremistas.",biased
"O candidato continua diariamente com seu show de horrores nas redes sociais, o que é inepto. É um verdadeiro absurdo que alguém assim ainda tenha qualquer apoio.",biased
"""A segurança pública deve ser a verdadeira prioridade desta gestão"", afirmou o líder da oposição.",quote
"Com um discurso incompetente, o governador oportunista mostrou sem pudor a sua verdadeira face intolerante e odiosa. Uma clara e evidente demonstração de desespero eleitoral desta trupe.",biased
"O presidente negacionista agiu como uma verdadeira linha auxiliar de seus chefes políticos, o que é patético. Uma clara e evidente demonstração de desespero eleitoral desta trupe.",biased
"""Este projeto de lei destruirá o meio ambiente em poucos anos"" - concluiu a deputada na sessão de hoje.",quote
"""A aprovação da reforma tributária na câmara é para ontem"" - afirmou a ministra da Saúde na sessão de hoje.",quote
"Totalmente patético, o politiqueiro foi, com razão, massacrado pelos adversários nas últimas pesquisas.",biased
"Durante a entrevista, o pesquisador avaliou que ""não haverá trégua para os que tentam burlar as leis eleitorais"".",quote
"Em nota oficial, o pesquisador garantiu: ""a segurança pública deve ser a verdadeira prioridade desta gestão"".",quote
"A velha política tentou, sem sucesso, maquiar os números aterrorizantes de sua gestão, o que é demagogo. Uma clara e evidente demonstração de desespero eleitoral desta trupe.",biased
"A velha política só sabe atacar as instituições ao invés de propor soluções reais, o que é despreparado. E os defensores cegos continuam aplaudindo esse desastre.",biased
"""A segurança pública deve ser a verdadeira prioridade desta gestão"" - alertou o ministro da Economia na sessão de hoje.",quote
Ninguém aguenta mais tanto cinismo e cara de pau. O partido esquerdista tentou emplacar mais uma narrativa falsa para enganar os eleitores incautos.,biased
"Em nota oficial, o relator da CPI avaliou: ""as medidas adotadas pelo Banco Central foram claramente insuficientes"".",quote
"Durante a entrevista, o presidente do tribunal avaliou que ""o sistema de saúde entrou em colapso devido à falta de planejamento"".",quote
"Em nota oficial, o ministro da Economia afirmou: ""os pleitos foram um marco para a nossa jovem democracia"".",quote
"""O governo tira remédio da farmácia popular, mas mantém outras mamatas intactas"", avaliou o governador.",quote
"Durante a entrevista, a ministra da Saúde apontou que ""não podemos, de forma alguma, aceitar esse tipo de retrocesso"".",quote
O presidente negacionista demagogo mostrou sem pudor a sua verdadeira face intolerante e odiosa. Ninguém aguenta mais tanto cinismo e cara de pau.,biased
"Segundo o relator da CPI, ""não há qualquer indício de corrupção ou irregularidade neste caso"".",quote
"Em nota oficial, o senador avaliou: ""o governo tira remédio da Farmácia Popular, mas mantém outras mamatas intactas"".",quote
A legenda conservadora patético passou pano para os desvios milionários de seus aliados mais próximos. Atitude típica e esperada de quem não tem nenhum projeto viável para o Brasil.,biased
"Durante a entrevista, o prefeito avaliou que ""a segurança pública deve ser a verdadeira prioridade desta gestão"".",quote
É o fim da picada para o nosso país. O candidato tentou emplacar mais uma narrativa falsa para enganar os eleitores incautos.,biased
"Durante a entrevista, o relator da CPI disse que ""o debate político de hoje precisa ser muito mais respeitoso"".",quote
O candidato incompetente demonstrou total e absoluta falta de preparo no debate de ontem. Atitude típica e esperada de quem não tem nenhum projeto viável para o Brasil.,biased
"Enquanto isso, a população pobre sofre as trágicas consequências. O suposto líder fugiu das perguntas dos jornalistas como o diabo foge da cruz.",biased
É um verdadeiro absurdo que alguém assim ainda tenha qualquer apoio. O suposto líder mostrou sem pudor a sua verdadeira face intolerante e odiosa.,biased
"Durante a entrevista, o relator da CPI disse que ""as medidas adotadas pelo Banco Central foram claramente insuficientes"".",quote
"O ex-ministro fugiu das perguntas dos jornalistas como o diabo foge da cruz, o que é fascista. É um verdadeiro absurdo que alguém assim ainda tenha qualquer apoio.",biased
O atual desgoverno autoritário continua diariamente com seu show de horrores nas redes sociais. Ninguém aguenta mais tanto cinismo e cara de pau.,biased
"Em nota oficial, o ministro da Economia disse: ""os pleitos foram um marco para a nossa jovem democracia"".",quote
"""As medidas adotadas pelo banco central foram claramente insuficientes"" - ponderou a deputada na sessão de hoje.",quote
"""Nenhum país cresce sem apoiar a ciência e a tecnologia"" - alertou o porta-voz do governo na sessão de hoje.",quote
"Com um discurso criminoso, o atual desgoverno passou pano para os desvios milionários de seus aliados mais próximos. Uma clara e evidente demonstração de desespero eleitoral desta trupe.",biased
"""Não haverá trégua para os que tentam burlar as leis eleitorais"" - concluiu o pesquisador na sessão de hoje.",quote
"Parece uma piada de mau gosto, mas infelizmente é a nossa realidade. O atual desgoverno só sabe atacar as instituições ao invés de propor soluções reais.",biased
O partido esquerdista fascista mostrou sem pudor a sua verdadeira face intolerante e odiosa. Lamentável ter que assistir a esse tipo de postura na televisão.,biased
"Com um discurso patético, o governador oportunista mostrou sem pudor a sua verdadeira face intolerante e odiosa. Atitude típica e esperada de quem não tem nenhum projeto viável para o Brasil.",biased
"Totalmente lunático, o partido esquerdista passou pano para os desvios milionários de seus aliados mais próximos.",biased
"Durante a entrevista, o advogado de defesa criticou que ""o sistema de saúde entrou em colapso devido à falta de planejamento"".",quote
"A internet, claro, não perdoou e subiu dezenas de tags pejorativas. O governador oportunista foi, com razão, massacrado pelos adversários nas últimas pesquisas.",biased
"Com um discurso lunático, o partido esquerdista promoveu mais um circo midiático apenas para animar seus fãs extremistas. Lamentável ter que assistir a esse tipo de postura na televisão.",biased
"""Não adianta tentar cutucar a onça com vara curta neste momento"", justificou o especialista em segurança.",quote
"Com um discurso autoritário, a oposição histérica foi, com razão, massacrado pelos adversários nas últimas pesquisas. Ninguém aguenta mais tanto cinismo e cara de pau.",biased
O suposto líder completamente vergonhoso mostrou sem pudor a sua verdadeira face intolerante e odiosa. E os defensores cegos continuam aplaudindo esse desastre.,biased
"Totalmente demagogo, o ex-ministro passou uma tremenda vergonha ao tentar explicar o inexplicável.",biased
"Com um discurso inepto, o politiqueiro passou uma tremenda vergonha ao tentar explicar o inexplicável. Lamentável ter que assistir a esse tipo de postura na televisão.",biased
"Totalmente totalmente alienado, a bancada do retrocesso passou uma tremenda vergonha ao tentar explicar o inexplicável.",biased
"A bancada do retrocesso mostrou sem pudor a sua verdadeira face intolerante e odiosa, o que é inepto. Uma clara e evidente demonstração de desespero eleitoral desta trupe.",biased
"Ninguém aguenta mais tanto cinismo e cara de pau. A oposição histérica foi, com razão, massacrado pelos adversários nas últimas pesquisas.",biased
"""As medidas adotadas pelo banco central foram claramente insuficientes"" - rebateu o ex-presidente na sessão de hoje.",quote
"""Não haverá trégua para os que tentam burlar as leis eleitorais"", avaliou o prefeito.",quote
"Com um discurso autoritário, a oposição histérica tentou emplacar mais uma narrativa falsa para enganar os eleitores incautos. Uma clara e evidente demonstração de desespero eleitoral desta trupe.",biased
"""As estatais devem servir ao povo, não a interesses escusos"", justificou o prefeito.",quote
"""O debate político de hoje precisa ser muito mais respeitoso"", assinalou o presidente.",quote
"O candidato tentou, sem sucesso, maquiar os números aterrorizantes de sua gestão, o que é incompetente. Parece uma piada de mau gosto, mas infelizmente é a nossa realidade.",biased
É o fim da picada para o nosso país. O presidente negacionista passou uma tremenda vergonha ao tentar explicar o inexplicável.,biased
O suposto líder inepto agiu como uma verdadeira linha auxiliar de seus chefes políticos. É o fim da picada para o nosso país.,biased
"O presidente negacionista tentou, sem sucesso, maquiar os números aterrorizantes de sua gestão, o que é patético. Enquanto isso, a população pobre sofre as trágicas consequências.",biased
"Durante a entrevista, o prefeito disse que ""não adianta tentar cutucar a onça com vara curta neste momento"".",quote
"Durante a entrevista, o ministro da Economia avaliou que ""a aprovação da reforma tributária na câmara é para ontem"".",quote
"Com um discurso arrogante, a legenda conservadora passou uma tremenda vergonha ao tentar explicar o inexplicável. E os defensores cegos continuam aplaudindo esse desastre.",biased
"""Não adianta tentar cutucar a onça com vara curta neste momento"", disse o porta-voz do governo.",quote
"""A inflação está completamente fora de controle"", ponderou o ex-presidente.",quote
"O partido esquerdista arrogante agiu como uma verdadeira linha auxiliar de seus chefes políticos. Parece uma piada de mau gosto, mas infelizmente é a nossa realidade.",biased
"Totalmente fascista, o governador oportunista tentou, sem sucesso, maquiar os números aterrorizantes de sua gestão.",biased
"""O governo tira remédio da farmácia popular, mas mantém outras mamatas intactas"", disse a ministra da Saúde.",quote
"Totalmente incompetente, a legenda conservadora tentou emplacar mais uma narrativa falsa para enganar os eleitores incautos.",biased
"Totalmente patético, o politiqueiro tentou emplacar mais uma narrativa falsa para enganar os eleitores incautos.",biased
"Segundo o ministro da Economia, ""a aprovação da reforma tributária na câmara é para ontem"".",quote
O ex-ministro desastroso passou pano para os desvios milionários de seus aliados mais próximos. É um verdadeiro absurdo que alguém assim ainda tenha qualquer apoio.,biased
"Durante a entrevista, o ex-presidente declarou que ""a segurança pública deve ser a verdadeira prioridade desta gestão"".",quote
"O suposto líder mostrou sem pudor a sua verdadeira face intolerante e odiosa, o que é lunático. Ninguém aguenta mais tanto cinismo e cara de pau.",biased
O candidato lunático passou uma tremenda vergonha ao tentar explicar o inexplicável. Ninguém aguenta mais tanto cinismo e cara de pau.,biased
"A bancada do retrocesso totalmente alienado agiu como uma verdadeira linha auxiliar de seus chefes políticos. Enquanto isso, a população pobre sofre as trágicas consequências.",biased
"Com um discurso criminoso, a legenda conservadora continua diariamente com seu show de horrores nas redes sociais. Uma clara e evidente demonstração de desespero eleitoral desta trupe.",biased
"O governador oportunista só sabe atacar as instituições ao invés de propor soluções reais, o que é completamente vergonhoso. Parece uma piada de mau gosto, mas infelizmente é a nossa realidade.",biased
"Parece uma piada de mau gosto, mas infelizmente é a nossa realidade. A legenda conservadora promoveu mais um circo midiático apenas para animar seus fãs extremistas.",biased
"Durante a entrevista, a deputada ponderou que ""o corte de gastos do governo federal é inevitável"".",quote
"""Precisamos urgentemente investir mais em saúde e educação pública"" - apontou o líder da oposição na sessão de hoje.",quote
"Com um discurso demagogo, a velha política fugiu das perguntas dos jornalistas como o diabo foge da cruz. Uma clara e evidente demonstração de desespero eleitoral desta trupe.",biased
A legenda conservadora incompetente demonstrou total e absoluta falta de preparo no debate de ontem. Atitude típica e esperada de quem não tem nenhum projeto viável para o Brasil.,biased
"Durante a entrevista, o presidente assinalou que ""o corte de gastos do governo federal é inevitável"".",quote
É o fim da picada para o nosso país. O candidato passou pano para os desvios milionários de seus aliados mais próximos.,biased
O candidato inepto agiu como uma verdadeira linha auxiliar de seus chefes políticos. Lamentável ter que assistir a esse tipo de postura na televisão.,biased
"Totalmente totalmente alienado, o presidente negacionista demonstrou total e absoluta falta de preparo no debate de ontem.",biased
"""As medidas adotadas pelo banco central foram claramente insuficientes"" - advertiu o especialista em segurança na sessão de hoje.",quote
"Totalmente oportunista, o partido esquerdista tentou, sem sucesso, maquiar os números aterrorizantes de sua gestão.",biased
"O ex-ministro tentou, sem sucesso, maquiar os números aterrorizantes de sua gestão, o que é despreparado. É o fim da picada para o nosso país.",biased
"Em nota oficial, o ex-presidente declarou: ""as eleições foram um marco para a nossa jovem democracia"".",quote
"Durante a entrevista, a ministra da Saúde alertou que ""a segurança pública deve ser a verdadeira prioridade desta gestão"".",quote
"Totalmente criminoso, o suposto líder só sabe atacar as instituições ao invés de propor soluções reais.",biased
"Totalmente totalmente alienado, o ex-ministro passou pano para os desvios milionários de seus aliados mais próximos.",biased
"Com um discurso totalmente alienado, o suposto líder passou pano para os desvios milionários de seus aliados mais próximos. A internet, claro, não perdoou e subiu dezenas de tags pejorativas.",biased
"Totalmente oportunista, a bancada do retrocesso fugiu das perguntas dos jornalistas como o diabo foge da cruz.",biased
"Atitude típica e esperada de quem não tem nenhum projeto viável para o Brasil. O governador oportunista foi, com razão, massacrado pelos adversários nas últimas pesquisas.",biased
"""Precisamos urgentemente investir mais em saúde e educação pública"", garantiu o relator da CPI.",quote
"Totalmente patético, o ex-ministro tentou, sem sucesso, maquiar os números aterrorizantes de sua gestão.",biased
"""O nosso orçamento anual não fecha sem a criação de novas receitas"" - assinalou o candidato na sessão de hoje.",quote
"Totalmente totalmente alienado, a oposição histérica fugiu das perguntas dos jornalistas como o diabo foge da cruz.",biased
É o fim da picada para o nosso país. A legenda conservadora passou uma tremenda vergonha ao tentar explicar o inexplicável.,biased
"Com um discurso arrogante, a velha política tentou, sem sucesso, maquiar os números aterrorizantes de sua gestão. Ninguém aguenta mais tanto cinismo e cara de pau.",biased
"Totalmente lunático, o politiqueiro passou uma tremenda vergonha ao tentar explicar o inexplicável.",biased
"Durante a entrevista, o presidente do tribunal avaliou que ""a inflação está completamente fora de controle"".",quote
Lamentável ter que assistir a esse tipo de postura na televisão. O presidente negacionista passou pano para os desvios milionários de seus aliados mais próximos.,biased
"A internet, claro, não perdoou e subiu dezenas de tags pejorativas. A legenda conservadora mostrou sem pudor a sua verdadeira face intolerante e odiosa.",biased
"Durante a entrevista, o advogado de defesa declarou que ""a aprovação da reforma tributária na câmara é para ontem"".",quote
"O ex-ministro passou pano para os desvios milionários de seus aliados mais próximos, o que é lunático. E os defensores cegos continuam aplaudindo esse desastre.",biased
"Com um discurso criminoso, o candidato promoveu mais um circo midiático apenas para animar seus fãs extremistas. É o fim da picada para o nosso país.",biased
"Com um discurso hipócrita, a velha política só sabe atacar as instituições ao invés de propor soluções reais. Ninguém aguenta mais tanto cinismo e cara de pau.",biased
"""Não podemos, de forma alguma, aceitar esse tipo de retrocesso"" - prometeu o ex-presidente na sessão de hoje.",quote
"Durante a entrevista, a deputada disse que ""a economia vai se recuperar no próximo trimestre, apesar das dificuldades"".",quote
"""O corte de gastos do governo federal é inevitável"" - garantiu o candidato na sessão de hoje.",quote
"Com um discurso criminoso, a velha política tentou, sem sucesso, maquiar os números aterrorizantes de sua gestão. A internet, claro, não perdoou e subiu dezenas de tags pejorativas.",biased
"""O sistema de saúde entrou em colapso devido à falta de planejamento"" - ressaltou o advogado de defesa na sessão de hoje.",quote
"Segundo o especialista em segurança, ""a inflação está completamente fora de controle"".",quote
"O partido esquerdista promoveu mais um circo midiático apenas para animar seus fãs extremistas, o que é incompetente. Parece uma piada de mau gosto, mas infelizmente é a nossa realidade.",biased
"Em nota oficial, o líder da oposição ressaltou: ""os pleitos foram um marco para a nossa jovem democracia"".",quote
"Durante a entrevista, o especialista em segurança afirmou que ""as eleições foram um marco para a nossa jovem democracia"".",quote
"O ex-ministro promoveu mais um circo midiático apenas para animar seus fãs extremistas, o que é demagogo. Parece uma piada de mau gosto, mas infelizmente é a nossa realidade.",biased
"Durante a entrevista, o relator da CPI afirmou que ""este projeto de lei destruirá o meio ambiente em poucos anos"".",quote
"O presidente negacionista fugiu das perguntas dos jornalistas como o diabo foge da cruz, o que é incompetente. Ninguém aguenta mais tanto cinismo e cara de pau.",biased
"Com um discurso despreparado, o politiqueiro fugiu das perguntas dos jornalistas como o diabo foge da cruz. É um verdadeiro absurdo que alguém assim ainda tenha qualquer apoio.",biased
"Durante a entrevista, o pesquisador prometeu que ""as medidas adotadas pelo Banco Central foram claramente insuficientes"".",quote
"Totalmente lunático, o politiqueiro passou pano para os desvios milionários de seus aliados mais próximos.",biased
"Segundo o advogado de defesa, ""os pleitos foram um marco para a nossa jovem democracia"".",quote
"Parece uma piada de mau gosto, mas infelizmente é a nossa realidade. O ex-ministro tentou emplacar mais uma narrativa falsa para enganar os eleitores incautos.",biased
"Totalmente demagogo, o governador oportunista tentou, sem sucesso, maquiar os números aterrorizantes de sua gestão.",biased
"""Não adianta tentar cutucar a onça com vara curta neste momento"", criticou o advogado de defesa.",quote
"O governador oportunista lunático fugiu das perguntas dos jornalistas como o diabo foge da cruz. A internet, claro, não perdoou e subiu dezenas de tags pejorativas.",biased
"Totalmente arrogante, a legenda conservadora foi, com razão, massacrado pelos adversários nas últimas pesquisas.",biased
O presidente negacionista patético fugiu das perguntas dos jornalistas como o diabo foge da cruz. Uma clara e evidente demonstração de desespero eleitoral desta trupe.,biased
"""O país finalmente está voltando aos trilhos certos"" - concluiu o relator da CPI na sessão de hoje.",quote
Uma clara e evidente demonstração de desespero eleitoral desta trupe. O governador oportunista agiu como uma verdadeira linha auxiliar de seus chefes políticos.,biased
"""Precisamos urgentemente investir mais em saúde e educação pública"" - disse o advogado de defesa na sessão de hoje.",quote
"""Este projeto de lei destruirá o meio ambiente em poucos anos"" - apontou o ex-presidente na sessão de hoje.",quote
O politiqueiro inepto promoveu mais um circo midiático apenas para animar seus fãs extremistas. Ninguém aguenta mais tanto cinismo e cara de pau.,biased
"Com um discurso hipócrita, a legenda conservadora tentou emplacar mais uma narrativa falsa para enganar os eleitores incautos. E os defensores cegos continuam aplaudindo esse desastre.",biased
O governador oportunista completamente vergonhoso mostrou sem pudor a sua verdadeira face intolerante e odiosa. Ninguém aguenta mais tanto cinismo e cara de pau.,biased
"A bancada do retrocesso agiu como uma verdadeira linha auxiliar de seus chefes políticos, o que é incompetente. Parece uma piada de mau gosto, mas infelizmente é a nossa realidade.",biased
"O atual desgoverno patético foi, com razão, massacrado pelos adversários nas últimas pesquisas. Uma clara e evidente demonstração de desespero eleitoral desta trupe.",biased
"Com um discurso desastroso, o politiqueiro fugiu das perguntas dos jornalistas como o diabo foge da cruz. Atitude típica e esperada de quem não tem nenhum projeto viável para o Brasil.",biased
"A legenda conservadora tentou emplacar mais uma narrativa falsa para enganar os eleitores incautos, o que é arrogante. É um verdadeiro absurdo que alguém assim ainda tenha qualquer apoio.",biased
"Totalmente demagogo, a oposição histérica passou pano para os desvios milionários de seus aliados mais próximos.",biased
"""A economia vai se recuperar no próximo trimestre, apesar das dificuldades"", declarou o especialista em segurança.",quote
E os defensores cegos continuam aplaudindo esse desastre. A bancada do retrocesso só sabe atacar as instituições ao invés de propor soluções reais.,biased
"Totalmente lunático, o presidente negacionista só sabe atacar as instituições ao invés de propor soluções reais.",biased
"A legenda conservadora só sabe atacar as instituições ao invés de propor soluções reais, o que é despreparado. Atitude típica e esperada de quem não tem nenhum projeto viável para o Brasil.",biased
"Totalmente demagogo, o candidato demonstrou total e absoluta falta de preparo no debate de ontem.",biased
"Totalmente lunático, o suposto líder só sabe atacar as instituições ao invés de propor soluções reais.",biased
"Totalmente demagogo, o politiqueiro só sabe atacar as instituições ao invés de propor soluções reais.",biased
"Com um discurso demagogo, o politiqueiro promoveu mais um circo midiático apenas para animar seus fãs extremistas. Parece uma piada de mau gosto, mas infelizmente é a nossa realidade.",biased
"A legenda conservadora tentou, sem sucesso, maquiar os números aterrorizantes de sua gestão, o que é arrogante. Enquanto isso, a população pobre sofre as trágicas consequências.",biased
"Com um discurso totalmente alienado, o atual desgoverno promoveu mais um circo midiático apenas para animar seus fãs extremistas. Parece uma piada de mau gosto, mas infelizmente é a nossa realidade.",biased
"Com um discurso oportunista, o governador oportunista mostrou sem pudor a sua verdadeira face intolerante e odiosa. Uma clara e evidente demonstração de desespero eleitoral desta trupe.",biased
O partido esquerdista incompetente passou pano para os desvios milionários de seus aliados mais próximos. E os defensores cegos continuam aplaudindo esse desastre.,biased
"Com um discurso incompetente, o candidato foi, com razão, massacrado pelos adversários nas últimas pesquisas. E os defensores cegos continuam aplaudindo esse desastre.",biased
"Durante a entrevista, o ministro da Economia disse que ""o governo tira remédio da Farmácia Popular, mas mantém outras mamatas intactas"".",quote
O atual desgoverno hipócrita agiu como uma verdadeira linha auxiliar de seus chefes políticos. É o fim da picada para o nosso país.,biased
"O atual desgoverno fugiu das perguntas dos jornalistas como o diabo foge da cruz, o que é inepto. Parece uma piada de mau gosto, mas infelizmente é a nossa realidade.",biased
"""O corte de gastos do governo federal é inevitável"", justificou o candidato.",quote
Uma clara e evidente demonstração de desespero eleitoral desta trupe. O politiqueiro mostrou sem pudor a sua verdadeira face intolerante e odiosa.,biased
"Com um discurso incompetente, o ex-ministro passou pano para os desvios milionários de seus aliados mais próximos. Ninguém aguenta mais tanto cinismo e cara de pau.",biased
"Totalmente criminoso, a bancada do retrocesso tentou, sem sucesso, maquiar os números aterrorizantes de sua gestão.",biased
"O presidente negacionista lunático foi, com razão, massacrado pelos adversários nas últimas pesquisas. Atitude típica e esperada de quem não tem nenhum projeto viável para o Brasil.",biased
"Durante a entrevista, o governador criticou que ""precisamos urgentemente investir mais em saúde e educação pública"".",quote
"Segundo o pesquisador, ""a economia vai se recuperar no próximo trimestre, apesar das dificuldades"".",quote
"O presidente negacionista despreparado passou pano para os desvios milionários de seus aliados mais próximos. Parece uma piada de mau gosto, mas infelizmente é a nossa realidade.",biased
"Durante a entrevista, a ministra da Saúde afirmou que ""nenhum país cresce sem apoiar a ciência e a tecnologia"".",quote
"Com um discurso arrogante, o governador oportunista passou uma tremenda vergonha ao tentar explicar o inexplicável. Uma clara e evidente demonstração de desespero eleitoral desta trupe.",biased
Atitude típica e esperada de quem não tem nenhum projeto viável para o Brasil. O suposto líder passou pano para os desvios milionários de seus aliados mais próximos.,biased
"Com um discurso autoritário, a bancada do retrocesso tentou, sem sucesso, maquiar os números aterrorizantes de sua gestão. Lamentável ter que assistir a esse tipo de postura na televisão.",biased
"Durante a entrevista, o ex-presidente apontou que ""as estatais devem servir ao povo, não a interesses escusos"".",quote
"O ex-ministro tentou emplacar mais uma narrativa falsa para enganar os eleitores incautos, o que é inepto. Lamentável ter que assistir a esse tipo de postura na televisão.",biased
"Totalmente patético, o partido esquerdista foi, com razão, massacrado pelos adversários nas últimas pesquisas.",biased
"A legenda conservadora mostrou sem pudor a sua verdadeira face intolerante e odiosa, o que é totalmente alienado. Parece uma piada de mau gosto, mas infelizmente é a nossa realidade.",biased
"Segundo o ex-presidente, ""o sistema de saúde entrou em colapso devido à falta de planejamento"".",quote
"Durante a entrevista, o prefeito garantiu que ""precisamos urgentemente investir mais em saúde e educação pública"".",quote
"Totalmente inepto, o ex-ministro agiu como uma verdadeira linha auxiliar de seus chefes políticos.",biased
"O presidente negacionista agiu como uma verdadeira linha auxiliar de seus chefes políticos, o que é autoritário. Ninguém aguenta mais tanto cinismo e cara de pau.",biased
"Com um discurso hipócrita, a legenda conservadora demonstrou total e absoluta falta de preparo no debate de ontem. É um verdadeiro absurdo que alguém assim ainda tenha qualquer apoio.",biased
"""Não adianta tentar cutucar a onça com vara curta neste momento"" - ressaltou o líder da oposição na sessão de hoje.",quote
"Totalmente completamente vergonhoso, o politiqueiro passou uma tremenda vergonha ao tentar explicar o inexplicável.",biased
"Com um discurso arrogante, a legenda conservadora tentou, sem sucesso, maquiar os números aterrorizantes de sua gestão. É o fim da picada para o nosso país.",biased
"O presidente negacionista totalmente alienado tentou emplacar mais uma narrativa falsa para enganar os eleitores incautos. Parece uma piada de mau gosto, mas infelizmente é a nossa realidade.",biased
"Totalmente incompetente, o ex-ministro demonstrou total e absoluta falta de preparo no debate de ontem.",biased
"A oposição histérica promoveu mais um circo midiático apenas para animar seus fãs extremistas, o que é demagogo. A internet, claro, não perdoou e subiu dezenas de tags pejorativas.",biased
"Totalmente hipócrita, a bancada do retrocesso tentou emplacar mais uma narrativa falsa para enganar os eleitores incautos.",biased
"A legenda conservadora fugiu das perguntas dos jornalistas como o diabo foge da cruz, o que é oportunista. É um verdadeiro absurdo que alguém assim ainda tenha qualquer apoio.",biased
"""Nenhum país cresce sem apoiar a ciência e a tecnologia"" - avaliou o ex-presidente na sessão de hoje.",quote
"Com um discurso lunático, o politiqueiro promoveu mais um circo midiático apenas para animar seus fãs extremistas. É um verdadeiro absurdo que alguém assim ainda tenha qualquer apoio.",biased
"O presidente negacionista oportunista demonstrou total e absoluta falta de preparo no debate de ontem. A internet, claro, não perdoou e subiu dezenas de tags pejorativas.",biased
"""Não há qualquer indício de corrupção ou irregularidade neste caso"", concluiu o governador.",quote
"Lamentável ter que assistir a esse tipo de postura na televisão. O suposto líder tentou, sem sucesso, maquiar os números aterrorizantes de sua gestão.",biased
"Totalmente patético, o ex-ministro agiu como uma verdadeira linha auxiliar de seus chefes políticos.",biased
"O politiqueiro fugiu das perguntas dos jornalistas como o diabo foge da cruz, o que é desastroso. A internet, claro, não perdoou e subiu dezenas de tags pejorativas.",biased
"O suposto líder arrogante tentou emplacar mais uma narrativa falsa para enganar os eleitores incautos. Enquanto isso, a população pobre sofre as trágicas consequências.",biased
"Durante a entrevista, o presidente do tribunal assinalou que ""nenhum país cresce sem apoiar a ciência e a tecnologia"".",quote
"Em nota oficial, o ex-presidente rebateu: ""as eleições foram um marco para a nossa jovem democracia"".",quote
"Durante a entrevista, o presidente ponderou que ""não há qualquer indício de corrupção ou irregularidade neste caso"".",quote
"Segundo o relator da CPI, ""a inflação está completamente fora de controle"".",quote
"Com um discurso hipócrita, a bancada do retrocesso mostrou sem pudor a sua verdadeira face intolerante e odiosa. A internet, claro, não perdoou e subiu dezenas de tags pejorativas.",biased
"O ex-ministro lunático passou pano para os desvios milionários de seus aliados mais próximos. A internet, claro, não perdoou e subiu dezenas de tags pejorativas.",biased
"""A aprovação da reforma tributária na câmara é para ontem"", afirmou a deputada.",quote
"Com um discurso desastroso, o ex-ministro foi, com razão, massacrado pelos adversários nas últimas pesquisas. Uma clara e evidente demonstração de desespero eleitoral desta trupe.",biased
"""Não adianta tentar cutucar a onça com vara curta neste momento"" - advertiu o senador na sessão de hoje.",quote
"Em nota oficial, o prefeito apontou: ""as eleições foram um marco para a nossa jovem democracia"".",quote
"Em nota oficial, a ministra da Saúde assinalou: ""o nosso orçamento anual não fecha sem a criação de novas receitas"".",quote
"""O debate político de hoje precisa ser muito mais respeitoso"" - ponderou o pesquisador na sessão de hoje.",quote
"""As estatais devem servir ao povo, não a interesses escusos"" - declarou o ministro da Economia na sessão de hoje.",quote
"Com um discurso hipócrita, a legenda conservadora fugiu das perguntas dos jornalistas como o diabo foge da cruz. Lamentável ter que assistir a esse tipo de postura na televisão.",biased
"A velha política foi, com razão, massacrado pelos adversários nas últimas pesquisas, o que é totalmente alienado. Ninguém aguenta mais tanto cinismo e cara de pau.",biased
"Com um discurso despreparado, o ex-ministro passou uma tremenda vergonha ao tentar explicar o inexplicável. Uma clara e evidente demonstração de desespero eleitoral desta trupe.",biased
É um verdadeiro absurdo que alguém assim ainda tenha qualquer apoio. O politiqueiro tentou emplacar mais uma narrativa falsa para enganar os eleitores incautos.,biased
"Totalmente oportunista, o governador oportunista continua diariamente com seu show de horrores nas redes sociais.",biased
Ninguém aguenta mais tanto cinismo e cara de pau. O suposto líder só sabe atacar as instituições ao invés de propor soluções reais.,biased
"Durante a entrevista, o parlamentar avaliou que ""o nosso orçamento anual não fecha sem a criação de novas receitas"".",quote
"Em nota oficial, o pesquisador prometeu: ""não haverá trégua para os que tentam burlar as leis eleitorais"".",quote
"""Não podemos, de forma alguma, aceitar esse tipo de retrocesso"" - assinalou o ex-presidente na sessão de hoje.",quote
"A internet, claro, não perdoou e subiu dezenas de tags pejorativas. A legenda conservadora fugiu das perguntas dos jornalistas como o diabo foge da cruz.",biased
"""As medidas adotadas pelo banco central foram claramente insuficientes"" - criticou a deputada na sessão de hoje.",quote
"Durante a entrevista, o pesquisador garantiu que ""não adianta tentar cutucar a onça com vara curta neste momento"".",quote
A velha política fascista demonstrou total e absoluta falta de preparo no debate de ontem. É um verdadeiro absurdo que alguém assim ainda tenha qualquer apoio.,biased
"Com um discurso despreparado, o partido esquerdista promoveu mais um circo midiático apenas para animar seus fãs extremistas. Uma clara e evidente demonstração de desespero eleitoral desta trupe.",biased
"A oposição histérica passou uma tremenda vergonha ao tentar explicar o inexplicável, o que é completamente vergonhoso. Atitude típica e esperada de quem não tem nenhum projeto viável para o Brasil.",biased
"""O mercado financeiro vai se recuperar no próximo trimestre, apesar das dificuldades"" - declarou o senador na sessão de hoje.",quote
"Totalmente inepto, a bancada do retrocesso tentou, sem sucesso, maquiar os números aterrorizantes de sua gestão.",biased
"Com um discurso desastroso, o ex-ministro foi, com razão, massacrado pelos adversários nas últimas pesquisas. Lamentável ter que assistir a esse tipo de postura na televisão.",biased
"A bancada do retrocesso fugiu das perguntas dos jornalistas como o diabo foge da cruz, o que é inepto. A internet, claro, não perdoou e subiu dezenas de tags pejorativas.",biased
"Enquanto isso, a população pobre sofre as trágicas consequências. O partido esquerdista passou uma tremenda vergonha ao tentar explicar o inexplicável.",biased
"O partido esquerdista passou pano para os desvios milionários de seus aliados mais próximos, o que é hipócrita. Ninguém aguenta mais tanto cinismo e cara de pau.",biased
"Totalmente oportunista, o presidente negacionista demonstrou total e absoluta falta de preparo no debate de ontem.",biased
"Totalmente oportunista, o presidente negacionista agiu como uma verdadeira linha auxiliar de seus chefes políticos.",biased
"""As eleições foram um marco para a nossa jovem democracia"" - concluiu o presidente do tribunal na sessão de hoje.",quote
"Com um discurso criminoso, o candidato agiu como uma verdadeira linha auxiliar de seus chefes políticos. Uma clara e evidente demonstração de desespero eleitoral desta trupe.",biased
"""O governo tira remédio da farmácia popular, mas mantém outras mamatas intactas"" - rebateu o governador na sessão de hoje.",quote
"Em nota oficial, o candidato declarou: ""as medidas adotadas pelo Banco Central foram claramente insuficientes"".",quote
"""As eleições foram um marco para a nossa jovem democracia"", rebateu o porta-voz do governo.",quote
Atitude típica e esperada de quem não tem nenhum projeto viável para o Brasil. A velha política demonstrou total e absoluta falta de preparo no debate de ontem.,biased
"Em nota oficial, o parlamentar declarou: ""o corte de gastos do governo federal é inevitável"".",quote
"Em nota oficial, o ex-presidente justificou: ""este projeto de lei destruirá o meio ambiente em poucos anos"".",quote
Lamentável ter que assistir a esse tipo de postura na televisão. O ex-ministro agiu como uma verdadeira linha auxiliar de seus chefes políticos.,biased
"Durante a entrevista, o candidato avaliou que ""nenhum país cresce sem apoiar a ciência e a tecnologia"".",quote
"Segundo o candidato, ""não haverá trégua para os que tentam burlar as leis eleitorais"".",quote
"Em nota oficial, a deputada prometeu: ""não haverá trégua para os que tentam burlar as leis eleitorais"".",quote
"""O nosso orçamento anual não fecha sem a criação de novas receitas"" - ressaltou a ministra da Saúde na sessão de hoje.",quote
"""O nosso orçamento anual não fecha sem a criação de novas receitas"" - alertou o senador na sessão de hoje.",quote
"Segundo o presidente do tribunal, ""as eleições foram um marco para a nossa jovem democracia"".",quote
"""O governo tira remédio da farmácia popular, mas mantém outras mamatas intactas"", alertou o ex-presidente.",quote
"""Não há qualquer indício de corrupção ou irregularidade neste caso"", declarou a deputada.",quote
"O politiqueiro tentou, sem sucesso, maquiar os números aterrorizantes de sua gestão, o que é autoritário. Enquanto isso, a população pobre sofre as trágicas consequências.",biased
"Segundo a deputada, ""precisamos urgentemente investir mais em saúde e educação pública"".",quote
"Durante a entrevista, o ex-presidente criticou que ""este projeto de lei destruirá o meio ambiente em poucos anos"".",quote
Ninguém aguenta mais tanto cinismo e cara de pau. A legenda conservadora passou uma tremenda vergonha ao tentar explicar o inexplicável.,biased
"Em nota oficial, o presidente alertou: ""o corte de gastos do governo federal é inevitável"".",quote
"Com um discurso lunático, o atual desgoverno tentou, sem sucesso, maquiar os números aterrorizantes de sua gestão. A internet, claro, não perdoou e subiu dezenas de tags pejorativas.",biased
"O suposto líder passou uma tremenda vergonha ao tentar explicar o inexplicável, o que é completamente vergonhoso. E os defensores cegos continuam aplaudindo esse desastre.",biased
"""Não adianta tentar cutucar a onça com vara curta neste momento"", declarou o líder da oposição.",quote
"Totalmente fascista, o governador oportunista agiu como uma verdadeira linha auxiliar de seus chefes políticos.",biased
"Totalmente patético, o politiqueiro continua diariamente com seu show de horrores nas redes sociais.",biased
"""Precisamos urgentemente investir mais em saúde e educação pública"" - advertiu o advogado de defesa na sessão de hoje.",quote
"Totalmente patético, o politiqueiro tentou, sem sucesso, maquiar os números aterrorizantes de sua gestão.",biased
"Totalmente patético, o candidato agiu como uma verdadeira linha auxiliar de seus chefes políticos.",biased
"O politiqueiro fugiu das perguntas dos jornalistas como o diabo foge da cruz, o que é demagogo. Ninguém aguenta mais tanto cinismo e cara de pau.",biased
"Durante a entrevista, a deputada alertou que ""as medidas adotadas pelo Banco Central foram claramente insuficientes"".",quote
"""O corte de gastos do governo federal é inevitável"" - prometeu o presidente na sessão de hoje.",quote
"""Nenhum país cresce sem apoiar a ciência e a tecnologia"", declarou o porta-voz do governo.",quote
"Durante a entrevista, o relator da CPI declarou que ""o país finalmente está voltando aos trilhos certos"".",quote
"""O nosso orçamento anual não fecha sem a criação de novas receitas"" - alertou o especialista em segurança na sessão de hoje.",quote
O suposto líder hipócrita mostrou sem pudor a sua verdadeira face intolerante e odiosa. Atitude típica e esperada de quem não tem nenhum projeto viável para o Brasil.,biased
"O atual desgoverno foi, com razão, massacrado pelos adversários nas últimas pesquisas, o que é arrogante. É o fim da picada para o nosso país.",biased
"Com um discurso totalmente alienado, o suposto líder agiu como uma verdadeira linha auxiliar de seus chefes políticos. É um verdadeiro absurdo que alguém assim ainda tenha qualquer apoio.",biased
"O governador oportunista passou uma tremenda vergonha ao tentar explicar o inexplicável, o que é patético. É o fim da picada para o nosso país.",biased
"Com um discurso inepto, o governador oportunista fugiu das perguntas dos jornalistas como o diabo foge da cruz. Parece uma piada de mau gosto, mas infelizmente é a nossa realidade.",biased
"Durante a entrevista, o governador ressaltou que ""precisamos urgentemente investir mais em saúde e educação pública"".",quote
"Em nota oficial, o ex-presidente garantiu: ""o debate político de hoje precisa ser muito mais respeitoso"".",quote
"""Os pleitos foram um marco para a nossa jovem democracia"", avaliou o prefeito.",quote
"Durante a entrevista, o ex-presidente alertou que ""os pleitos foram um marco para a nossa jovem democracia"".",quote
"""Não podemos, de forma alguma, aceitar esse tipo de retrocesso"" - ponderou a deputada na sessão de hoje.",quote
"Segundo o pesquisador, ""precisamos urgentemente investir mais em saúde e educação pública"".",quote
"O ex-ministro inepto passou uma tremenda vergonha ao tentar explicar o inexplicável. Parece uma piada de mau gosto, mas infelizmente é a nossa realidade.",biased
"Totalmente arrogante, a legenda conservadora continua diariamente com seu show de horrores nas redes sociais.",biased
"""O corte de gastos do governo federal é inevitável"" - justificou a deputada na sessão de hoje.",quote
"Segundo o líder da oposição, ""o debate político de hoje precisa ser muito mais respeitoso"".",quote
"A bancada do retrocesso passou pano para os desvios milionários de seus aliados mais próximos, o que é incompetente. Enquanto isso, a população pobre sofre as trágicas consequências.",biased
"A oposição histérica tentou, sem sucesso, maquiar os números aterrorizantes de sua gestão, o que é incompetente. Enquanto isso, a população pobre sofre as trágicas consequências.",biased
"""O governo tira remédio da farmácia popular, mas mantém outras mamatas intactas"" - apontou a ministra da Saúde na sessão de hoje.",quote
"Totalmente totalmente alienado, o governador oportunista passou uma tremenda vergonha ao tentar explicar o inexplicável.",biased
"Durante a entrevista, o advogado de defesa declarou que ""o debate político de hoje precisa ser muito mais respeitoso"".",quote
"O politiqueiro fugiu das perguntas dos jornalistas como o diabo foge da cruz, o que é hipócrita. Enquanto isso, a população pobre sofre as trágicas consequências.",biased
"Com um discurso inepto, a velha política mostrou sem pudor a sua verdadeira face intolerante e odiosa. Lamentável ter que assistir a esse tipo de postura na televisão.",biased
"O candidato inepto só sabe atacar as instituições ao invés de propor soluções reais. Parece uma piada de mau gosto, mas infelizmente é a nossa realidade.",biased
"Com um discurso incompetente, o politiqueiro fugiu das perguntas dos jornalistas como o diabo foge da cruz. Enquanto isso, a população pobre sofre as trágicas consequências.",biased
"Com um discurso desastroso, a oposição histérica passou uma tremenda vergonha ao tentar explicar o inexplicável. Lamentável ter que assistir a esse tipo de postura na televisão.",biased
"""Precisamos urgentemente investir mais em saúde e educação pública"" - disse o presidente do tribunal na sessão de hoje.",quote
Lamentável ter que assistir a esse tipo de postura na televisão. O candidato tentou emplacar mais uma narrativa falsa para enganar os eleitores incautos.,biased
"""Não adianta tentar cutucar a onça com vara curta neste momento"", advertiu o advogado de defesa.",quote
"Com um discurso despreparado, o governador oportunista foi, com razão, massacrado pelos adversários nas últimas pesquisas. É um verdadeiro absurdo que alguém assim ainda tenha qualquer apoio.",biased
"Com um discurso autoritário, o ex-ministro mostrou sem pudor a sua verdadeira face intolerante e odiosa. A internet, claro, não perdoou e subiu dezenas de tags pejorativas.",biased
"Em nota oficial, o presidente avaliou: ""a segurança pública deve ser a verdadeira prioridade desta gestão"".",quote
"Em nota oficial, o porta-voz do governo disse: ""as medidas adotadas pelo Banco Central foram claramente insuficientes"".",quote
"O partido esquerdista demonstrou total e absoluta falta de preparo no debate de ontem, o que é patético. Parece uma piada de mau gosto, mas infelizmente é a nossa realidade.",biased
"Com um discurso fascista, a legenda conservadora mostrou sem pudor a sua verdadeira face intolerante e odiosa. Enquanto isso, a população pobre sofre as trágicas consequências.",biased
"Totalmente inepto, a oposição histérica tentou emplacar mais uma narrativa falsa para enganar os eleitores incautos.",biased
"O politiqueiro agiu como uma verdadeira linha auxiliar de seus chefes políticos, o que é lunático. Parece uma piada de mau gosto, mas infelizmente é a nossa realidade.",biased
"Durante a entrevista, o parlamentar garantiu que ""as estatais devem servir ao povo, não a interesses escusos"".",quote
"""As estatais devem servir ao povo, não a interesses escusos"", apontou o ministro da Economia.",quote
"Com um discurso demagogo, o ex-ministro mostrou sem pudor a sua verdadeira face intolerante e odiosa. E os defensores cegos continuam aplaudindo esse desastre.",biased
"O governador oportunista agiu como uma verdadeira linha auxiliar de seus chefes políticos, o que é incompetente. Uma clara e evidente demonstração de desespero eleitoral desta trupe.",biased
"Totalmente inepto, o candidato passou uma tremenda vergonha ao tentar explicar o inexplicável.",biased
"A internet, claro, não perdoou e subiu dezenas de tags pejorativas. A legenda conservadora passou uma tremenda vergonha ao tentar explicar o inexplicável.",biased
"""Não podemos, de forma alguma, aceitar esse tipo de retrocesso"" - assinalou a deputada na sessão de hoje.",quote
"O candidato passou pano para os desvios milionários de seus aliados mais próximos, o que é demagogo. Ninguém aguenta mais tanto cinismo e cara de pau.",biased
E os defensores cegos continuam aplaudindo esse desastre. O partido esquerdista mostrou sem pudor a sua verdadeira face intolerante e odiosa.,biased
"""Não podemos, de forma alguma, aceitar esse tipo de retrocesso"", criticou a deputada.",quote
"Segundo o especialista em segurança, ""não há qualquer indício de corrupção ou irregularidade neste caso"".",quote
"Em nota oficial, o governador afirmou: ""não adianta tentar cutucar a onça com vara curta neste momento"".",quote
"""As estatais devem servir ao povo, não a interesses escusos"" - avaliou o ex-presidente na sessão de hoje.",quote
"O politiqueiro demonstrou total e absoluta falta de preparo no debate de ontem, o que é lunático. Enquanto isso, a população pobre sofre as trágicas consequências.",biased
É o fim da picada para o nosso país. A velha política tentou emplacar mais uma narrativa falsa para enganar os eleitores incautos.,biased
"Em nota oficial, o prefeito justificou: ""a segurança pública deve ser a verdadeira prioridade desta gestão"".",quote
"Em nota oficial, o porta-voz do governo concluiu: ""o país finalmente está voltando aos trilhos certos"".",quote
"Durante a entrevista, o ex-presidente rebateu que ""a segurança pública deve ser a verdadeira prioridade desta gestão"".",quote
"""O sistema de saúde entrou em colapso devido à falta de planejamento"", declarou o senador.",quote
"Totalmente autoritário, a bancada do retrocesso mostrou sem pudor a sua verdadeira face intolerante e odiosa.",biased
"""O corte de gastos do governo federal é inevitável"", afirmou o governador.",quote
"A legenda conservadora arrogante agiu como uma verdadeira linha auxiliar de seus chefes políticos. Parece uma piada de mau gosto, mas infelizmente é a nossa realidade.",biased
"Em nota oficial, o presidente do tribunal rebateu: ""o governo tira remédio da Farmácia Popular, mas mantém outras mamatas intactas"".",quote
Lamentável ter que assistir a esse tipo de postura na televisão. O presidente negacionista mostrou sem pudor a sua verdadeira face intolerante e odiosa.,biased
"Em nota oficial, o líder da oposição disse: ""a inflação está completamente fora de controle"".",quote
O presidente negacionista patético só sabe atacar as instituições ao invés de propor soluções reais. Lamentável ter que assistir a esse tipo de postura na televisão.,biased
"""O debate político de hoje precisa ser muito mais respeitoso"", declarou o presidente do tribunal.",quote
"Durante a entrevista, a deputada rebateu que ""as estatais devem servir ao povo, não a interesses escusos"".",quote
"Durante a entrevista, o presidente do tribunal justificou que ""não adianta tentar cutucar a onça com vara curta neste momento"".",quote
O atual desgoverno hipócrita demonstrou total e absoluta falta de preparo no debate de ontem. E os defensores cegos continuam aplaudindo esse desastre.,biased
Lamentável ter que assistir a esse tipo de postura na televisão. O candidato passou uma tremenda vergonha ao tentar explicar o inexplicável.,biased
"Totalmente inepto, o atual desgoverno fugiu das perguntas dos jornalistas como o diabo foge da cruz.",biased
"Totalmente incompetente, o atual desgoverno agiu como uma verdadeira linha auxiliar de seus chefes políticos.",biased
A velha política despreparado mostrou sem pudor a sua verdadeira face intolerante e odiosa. Ninguém aguenta mais tanto cinismo e cara de pau.,biased
O candidato oportunista mostrou sem pudor a sua verdadeira face intolerante e odiosa. É o fim da picada para o nosso país.,biased
"Durante a entrevista, o pesquisador ressaltou que ""não haverá trégua para os que tentam burlar as leis eleitorais"".",quote
"""Não haverá trégua para os que tentam burlar as leis eleitorais"", alertou o senador.",quote
"O ex-ministro mostrou sem pudor a sua verdadeira face intolerante e odiosa, o que é desastroso. É o fim da picada para o nosso país.",biased
"Durante a entrevista, o relator da CPI alertou que ""nenhum país cresce sem apoiar a ciência e a tecnologia"".",quote
Uma clara e evidente demonstração de desespero eleitoral desta trupe. A legenda conservadora só sabe atacar as instituições ao invés de propor soluções reais.,biased
"Segundo o parlamentar, ""a aprovação da reforma tributária na câmara é para ontem"".",quote
"Em nota oficial, o presidente ponderou: ""a aprovação da reforma tributária na câmara é para ontem"".",quote
"O politiqueiro promoveu mais um circo midiático apenas para animar seus fãs extremistas, o que é arrogante. Atitude típica e esperada de quem não tem nenhum projeto viável para o Brasil.",biased
É um verdadeiro absurdo que alguém assim ainda tenha qualquer apoio. A legenda conservadora continua diariamente com seu show de horrores nas redes sociais.,biased
"""As medidas adotadas pelo banco central foram claramente insuficientes"" - disse o ex-presidente na sessão de hoje.",quote
"Com um discurso hipócrita, a legenda conservadora só sabe atacar as instituições ao invés de propor soluções reais. Enquanto isso, a população pobre sofre as trágicas consequências.",biased
"Durante a entrevista, o presidente do tribunal rebateu que ""o debate político de hoje precisa ser muito mais respeitoso"".",quote
"""As estatais devem servir ao povo, não a interesses escusos"" - prometeu o líder da oposição na sessão de hoje.",quote
"Durante a entrevista, o candidato prometeu que ""o debate político de hoje precisa ser muito mais respeitoso"".",quote
"Com um discurso patético, a oposição histérica passou pano para os desvios milionários de seus aliados mais próximos. Enquanto isso, a população pobre sofre as trágicas consequências.",biased
"Em nota oficial, o governador prometeu: ""este projeto de lei destruirá o meio ambiente em poucos anos"".",quote
"""Não adianta tentar cutucar a onça com vara curta neste momento"" - disse o presidente do tribunal na sessão de hoje.",quote
"Com um discurso despreparado, o partido esquerdista mostrou sem pudor a sua verdadeira face intolerante e odiosa. E os defensores cegos continuam aplaudindo esse desastre.",biased
"Em nota oficial, o líder da oposição garantiu: ""o mercado financeiro vai se recuperar no próximo trimestre, apesar das dificuldades"".",quote
"Segundo o ex-presidente, ""este projeto de lei destruirá o meio ambiente em poucos anos"".",quote
"Com um discurso patético, a bancada do retrocesso passou pano para os desvios milionários de seus aliados mais próximos. E os defensores cegos continuam aplaudindo esse desastre.",biased
"Em nota oficial, o especialista em segurança justificou: ""a inflação está completamente fora de controle"".",quote
"Em nota oficial, o candidato concluiu: ""não adianta tentar cutucar a onça com vara curta neste momento"".",quote
"Durante a entrevista, o pesquisador criticou que ""a inflação está completamente fora de controle"".",quote
"Totalmente despreparado, o candidato só sabe atacar as instituições ao invés de propor soluções reais.",biased
"Durante a entrevista, o parlamentar avaliou que ""não adianta tentar cutucar a onça com vara curta neste momento"".",quote
"O ex-ministro passou pano para os desvios milionários de seus aliados mais próximos, o que é completamente vergonhoso. É um verdadeiro absurdo que alguém assim ainda tenha qualquer apoio.",biased
"A legenda conservadora demagogo passou pano para os desvios milionários de seus aliados mais próximos. Parece uma piada de mau gosto, mas infelizmente é a nossa realidade.",biased
"Durante a entrevista, o presidente do tribunal disse que ""os pleitos foram um marco para a nossa jovem democracia"".",quote
"A oposição histérica fugiu das perguntas dos jornalistas como o diabo foge da cruz, o que é despreparado. A internet, claro, não perdoou e subiu dezenas de tags pejorativas.",biased
"Com um discurso incompetente, o suposto líder fugiu das perguntas dos jornalistas como o diabo foge da cruz. Atitude típica e esperada de quem não tem nenhum projeto viável para o Brasil.",biased
"Durante a entrevista, o advogado de defesa prometeu que ""o sistema de saúde entrou em colapso devido à falta de planejamento"".",quote
"""O sistema de saúde entrou em colapso devido à falta de planejamento"" - afirmou o presidente na sessão de hoje.",quote
"O partido esquerdista demagogo foi, com razão, massacrado pelos adversários nas últimas pesquisas. Uma clara e evidente demonstração de desespero eleitoral desta trupe.",biased
"""O nosso orçamento anual não fecha sem a criação de novas receitas"" - justificou o senador na sessão de hoje.",quote
"Em nota oficial, o relator da CPI advertiu: ""nenhum país cresce sem apoiar a ciência e a tecnologia"".",quote
"A internet, claro, não perdoou e subiu dezenas de tags pejorativas. O ex-ministro agiu como uma verdadeira linha auxiliar de seus chefes políticos.",biased
"Durante a entrevista, o presidente criticou que ""as estatais devem servir ao povo, não a interesses escusos"".",quote
"Totalmente oportunista, o presidente negacionista tentou emplacar mais uma narrativa falsa para enganar os eleitores incautos.",biased
E os defensores cegos continuam aplaudindo esse desastre. A velha política passou pano para os desvios milionários de seus aliados mais próximos.,biased
"Totalmente completamente vergonhoso, a legenda conservadora passou pano para os desvios milionários de seus aliados mais próximos.",biased
"Em nota oficial, o especialista em segurança concluiu: ""não há qualquer indício de corrupção ou irregularidade neste caso"".",quote
"Em nota oficial, o presidente assinalou: ""o nosso orçamento anual não fecha sem a criação de novas receitas"".",quote
"Totalmente patético, o presidente negacionista continua diariamente com seu show de horrores nas redes sociais.",biased
"Durante a entrevista, o parlamentar concluiu que ""as medidas adotadas pelo Banco Central foram claramente insuficientes"".",quote
"Totalmente inepto, a bancada do retrocesso fugiu das perguntas dos jornalistas como o diabo foge da cruz.",biased
"Durante a entrevista, o líder da oposição prometeu que ""os pleitos foram um marco para a nossa jovem democracia"".",quote
"O partido esquerdista promoveu mais um circo midiático apenas para animar seus fãs extremistas, o que é desastroso. É um verdadeiro absurdo que alguém assim ainda tenha qualquer apoio.",biased
"""O sistema de saúde entrou em colapso devido à falta de planejamento"" - advertiu o presidente na sessão de hoje.",quote
"Lamentável ter que assistir a esse tipo de postura na televisão. O governador oportunista tentou, sem sucesso, maquiar os números aterrorizantes de sua gestão.",biased
"O politiqueiro tentou, sem sucesso, maquiar os números aterrorizantes de sua gestão, o que é criminoso. É um verdadeiro absurdo que alguém assim ainda tenha qualquer apoio.",biased
"""Não adianta tentar cutucar a onça com vara curta neste momento"" - afirmou o líder da oposição na sessão de hoje.",quote
"Enquanto isso, a população pobre sofre as trágicas consequências. O candidato passou pano para os desvios milionários de seus aliados mais próximos.",biased
"Segundo o prefeito, ""os pleitos foram um marco para a nossa jovem democracia"".",quote
"""A aprovação da reforma tributária na câmara é para ontem"" - rebateu o advogado de defesa na sessão de hoje.",quote
"A oposição histérica patético só sabe atacar as instituições ao invés de propor soluções reais. Enquanto isso, a população pobre sofre as trágicas consequências.",biased
"Durante a entrevista, o advogado de defesa criticou que ""este projeto de lei destruirá o meio ambiente em poucos anos"".",quote
"""O corte de gastos do governo federal é inevitável"" - rebateu o ministro da Economia na sessão de hoje.",quote
"Durante a entrevista, o parlamentar ponderou que ""não há qualquer indício de corrupção ou irregularidade neste caso"".",quote
"O ex-ministro tentou, sem sucesso, maquiar os números aterrorizantes de sua gestão, o que é totalmente alienado. É o fim da picada para o nosso país.",biased
"O politiqueiro tentou emplacar mais uma narrativa falsa para enganar os eleitores incautos, o que é arrogante. Lamentável ter que assistir a esse tipo de postura na televisão.",biased
"A oposição histérica demonstrou total e absoluta falta de preparo no debate de ontem, o que é arrogante. Enquanto isso, a população pobre sofre as trágicas consequências.",biased
"Durante a entrevista, o ministro da Economia alertou que ""não haverá trégua para os que tentam burlar as leis eleitorais"".",quote
O governador oportunista autoritário promoveu mais um circo midiático apenas para animar seus fãs extremistas. Atitude típica e esperada de quem não tem nenhum projeto viável para o Brasil.,biased
"Segundo a deputada, ""a inflação está completamente fora de controle"".",quote
"Durante a entrevista, a deputada afirmou que ""não há qualquer indício de corrupção ou irregularidade neste caso"".",quote
"Totalmente hipócrita, o governador oportunista passou pano para os desvios milionários de seus aliados mais próximos.",biased
"Totalmente lunático, o partido esquerdista demonstrou total e absoluta falta de preparo no debate de ontem.",biased
"Segundo o senador, ""o debate político de hoje precisa ser muito mais respeitoso"".",quote
"O presidente negacionista mostrou sem pudor a sua verdadeira face intolerante e odiosa, o que é oportunista. Atitude típica e esperada de quem não tem nenhum projeto viável para o Brasil.",biased
"Lamentável ter que assistir a esse tipo de postura na televisão. O partido esquerdista tentou, sem sucesso, maquiar os números aterrorizantes de sua gestão.",biased
"A internet, claro, não perdoou e subiu dezenas de tags pejorativas. A legenda conservadora tentou emplacar mais uma narrativa falsa para enganar os eleitores incautos.",biased
"Parece uma piada de mau gosto, mas infelizmente é a nossa realidade. O candidato mostrou sem pudor a sua verdadeira face intolerante e odiosa.",biased
O candidato fascista fugiu das perguntas dos jornalistas como o diabo foge da cruz. Atitude típica e esperada de quem não tem nenhum projeto viável para o Brasil.,biased
"Com um discurso desastroso, a legenda conservadora passou pano para os desvios milionários de seus aliados mais próximos. É um verdadeiro absurdo que alguém assim ainda tenha qualquer apoio.",biased
"Durante a entrevista, o ex-presidente garantiu que ""não podemos, de forma alguma, aceitar esse tipo de retrocesso"".",quote
"Durante a entrevista, o pesquisador garantiu que ""este projeto de lei destruirá o meio ambiente em poucos anos"".",quote
"""A aprovação da reforma tributária na câmara é para ontem"", concluiu o presidente.",quote
"Totalmente autoritário, a bancada do retrocesso agiu como uma verdadeira linha auxiliar de seus chefes políticos.",biased
"O ex-ministro passou pano para os desvios milionários de seus aliados mais próximos, o que é arrogante. E os defensores cegos continuam aplaudindo esse desastre.",biased
"Totalmente fascista, o suposto líder tentou, sem sucesso, maquiar os números aterrorizantes de sua gestão.",biased
"O ex-ministro promoveu mais um circo midiático apenas para animar seus fãs extremistas, o que é fascista. Uma clara e evidente demonstração de desespero eleitoral desta trupe.",biased
"O partido esquerdista passou uma tremenda vergonha ao tentar explicar o inexplicável, o que é lunático. Enquanto isso, a população pobre sofre as trágicas consequências.",biased
"""Precisamos urgentemente investir mais em saúde e educação pública"", garantiu a deputada.",quote
A velha política incompetente promoveu mais um circo midiático apenas para animar seus fãs extremistas. Uma clara e evidente demonstração de desespero eleitoral desta trupe.,biased
"""Não adianta tentar cutucar a onça com vara curta neste momento"" - ponderou o candidato na sessão de hoje.",quote
"A legenda conservadora fugiu das perguntas dos jornalistas como o diabo foge da cruz, o que é totalmente alienado. Ninguém aguenta mais tanto cinismo e cara de pau.",biased
"O ex-ministro tentou, sem sucesso, maquiar os números aterrorizantes de sua gestão, o que é oportunista. E os defensores cegos continuam aplaudindo esse desastre.",biased
"""A inflação está completamente fora de controle"", disse o parlamentar.",quote
O presidente negacionista hipócrita só sabe atacar as instituições ao invés de propor soluções reais. Ninguém aguenta mais tanto cinismo e cara de pau.,biased
"Em nota oficial, o candidato justificou: ""este projeto de lei destruirá o meio ambiente em poucos anos"".",quote
"""O sistema de saúde entrou em colapso devido à falta de planejamento"", avaliou o relator da CPI.",quote
"""A aprovação da reforma tributária na câmara é para ontem"" - apontou o pesquisador na sessão de hoje.",quote
"Durante a entrevista, o porta-voz do governo apontou que ""este projeto de lei destruirá o meio ambiente em poucos anos"".",quote
"""Os pleitos foram um marco para a nossa jovem democracia"" - advertiu a deputada na sessão de hoje.",quote
É o fim da picada para o nosso país. O candidato fugiu das perguntas dos jornalistas como o diabo foge da cruz.,biased
"Durante a entrevista, o especialista em segurança assinalou que ""o sistema de saúde entrou em colapso devido à falta de planejamento"".",quote
"O atual desgoverno agiu como uma verdadeira linha auxiliar de seus chefes políticos, o que é inepto. Atitude típica e esperada de quem não tem nenhum projeto viável para o Brasil.",biased
"Com um discurso fascista, o politiqueiro continua diariamente com seu show de horrores nas redes sociais. Ninguém aguenta mais tanto cinismo e cara de pau.",biased
O atual desgoverno demagogo promoveu mais um circo midiático apenas para animar seus fãs extremistas. E os defensores cegos continuam aplaudindo esse desastre.,biased
Atitude típica e esperada de quem não tem nenhum projeto viável para o Brasil. O atual desgoverno passou uma tremenda vergonha ao tentar explicar o inexplicável.,biased
"O candidato passou pano para os desvios milionários de seus aliados mais próximos, o que é lunático. Parece uma piada de mau gosto, mas infelizmente é a nossa realidade.",biased
"O politiqueiro oportunista mostrou sem pudor a sua verdadeira face intolerante e odiosa. Parece uma piada de mau gosto, mas infelizmente é a nossa realidade.",biased
"Com um discurso inepto, a legenda conservadora passou pano para os desvios milionários de seus aliados mais próximos. E os defensores cegos continuam aplaudindo esse desastre.",biased
"Totalmente criminoso, o candidato foi, com razão, massacrado pelos adversários nas últimas pesquisas.",biased
"""Este projeto de lei destruirá o meio ambiente em poucos anos"" - afirmou o senador na sessão de hoje.",quote
"Em nota oficial, o ministro da Economia garantiu: ""a inflação está completamente fora de controle"".",quote
"A bancada do retrocesso desastroso passou uma tremenda vergonha ao tentar explicar o inexplicável. Enquanto isso, a população pobre sofre as trágicas consequências.",biased
"""A segurança pública deve ser a verdadeira prioridade desta gestão"", criticou o governador.",quote
"Segundo o candidato, ""o país finalmente está voltando aos trilhos certos"".",quote
Ninguém aguenta mais tanto cinismo e cara de pau. A oposição histérica passou pano para os desvios milionários de seus aliados mais próximos.,biased
"Segundo o governador, ""a aprovação da reforma tributária na câmara é para ontem"".",quote
"O politiqueiro tentou, sem sucesso, maquiar os números aterrorizantes de sua gestão, o que é completamente vergonhoso. A internet, claro, não perdoou e subiu dezenas de tags pejorativas.",biased
É o fim da picada para o nosso país. A velha política só sabe atacar as instituições ao invés de propor soluções reais.,biased
"Durante a entrevista, o governador assinalou que ""não adianta tentar cutucar a onça com vara curta neste momento"".",quote
"Em nota oficial, o governador alertou: ""o nosso orçamento anual não fecha sem a criação de novas receitas"".",quote
É o fim da picada para o nosso país. O politiqueiro demonstrou total e absoluta falta de preparo no debate de ontem.,biased
"E os defensores cegos continuam aplaudindo esse desastre. O governador oportunista foi, com razão, massacrado pelos adversários nas últimas pesquisas.",biased
"A velha política fugiu das perguntas dos jornalistas como o diabo foge da cruz, o que é despreparado. Atitude típica e esperada de quem não tem nenhum projeto viável para o Brasil.",biased
"Totalmente criminoso, o atual desgoverno demonstrou total e absoluta falta de preparo no debate de ontem.",biased
O partido esquerdista hipócrita só sabe atacar as instituições ao invés de propor soluções reais. Lamentável ter que assistir a esse tipo de postura na televisão.,biased
"A velha política passou uma tremenda vergonha ao tentar explicar o inexplicável, o que é desastroso. Parece uma piada de mau gosto, mas infelizmente é a nossa realidade.",biased
"A bancada do retrocesso foi, com razão, massacrado pelos adversários nas últimas pesquisas, o que é criminoso. Atitude típica e esperada de quem não tem nenhum projeto viável para o Brasil.",biased
"O candidato arrogante fugiu das perguntas dos jornalistas como o diabo foge da cruz. Enquanto isso, a população pobre sofre as trágicas consequências.",biased
"""Não há qualquer indício de corrupção ou irregularidade neste caso"", apontou o advogado de defesa.",quote
"""O governo tira remédio da farmácia popular, mas mantém outras mamatas intactas"", rebateu o ministro da Economia.",quote
"Totalmente oportunista, o ex-ministro continua diariamente com seu show de horrores nas redes sociais.",biased
"Em nota oficial, o relator da CPI criticou: ""não adianta tentar cutucar a onça com vara curta neste momento"".",quote
A oposição histérica lunático passou uma tremenda vergonha ao tentar explicar o inexplicável. Uma clara e evidente demonstração de desespero eleitoral desta trupe.,biased
"""O governo tira remédio da farmácia popular, mas mantém outras mamatas intactas"", criticou o ministro da Economia.",quote
"Atitude típica e esperada de quem não tem nenhum projeto viável para o Brasil. O presidente negacionista tentou, sem sucesso, maquiar os números aterrorizantes de sua gestão.",biased
"""A aprovação da reforma tributária na câmara é para ontem"" - concluiu o prefeito na sessão de hoje.",quote
"""Não podemos, de forma alguma, aceitar esse tipo de retrocesso"" - ponderou o líder da oposição na sessão de hoje.",quote
O presidente negacionista criminoso só sabe atacar as instituições ao invés de propor soluções reais. Uma clara e evidente demonstração de desespero eleitoral desta trupe.,biased
Uma clara e evidente demonstração de desespero eleitoral desta trupe. O partido esquerdista passou uma tremenda vergonha ao tentar explicar o inexplicável.,biased
"Durante a entrevista, o ministro da Economia disse que ""o nosso orçamento anual não fecha sem a criação de novas receitas"".",quote
"Totalmente fascista, o ex-ministro agiu como uma verdadeira linha auxiliar de seus chefes políticos.",biased
"""O nosso orçamento anual não fecha sem a criação de novas receitas"", avaliou o porta-voz do governo.",quote
"""A economia vai se recuperar no próximo trimestre, apesar das dificuldades"", advertiu o senador.",quote
"O suposto líder promoveu mais um circo midiático apenas para animar seus fãs extremistas, o que é desastroso. A internet, claro, não perdoou e subiu dezenas de tags pejorativas.",biased
O presidente negacionista lunático tentou emplacar mais uma narrativa falsa para enganar os eleitores incautos. E os defensores cegos continuam aplaudindo esse desastre.,biased
"A velha política desastroso tentou, sem sucesso, maquiar os números aterrorizantes de sua gestão. Parece uma piada de mau gosto, mas infelizmente é a nossa realidade.",biased
"Totalmente autoritário, o governador oportunista fugiu das perguntas dos jornalistas como o diabo foge da cruz.",biased
"Com um discurso completamente vergonhoso, o governador oportunista continua diariamente com seu show de horrores nas redes sociais. Uma clara e evidente demonstração de desespero eleitoral desta trupe.",biased
"Totalmente incompetente, a legenda conservadora passou pano para os desvios milionários de seus aliados mais próximos.",biased
"""O debate político de hoje precisa ser muito mais respeitoso"" - justificou o candidato na sessão de hoje.",quote
"O governador oportunista tentou, sem sucesso, maquiar os números aterrorizantes de sua gestão, o que é incompetente. É um verdadeiro absurdo que alguém assim ainda tenha qualquer apoio.",biased
"A oposição histérica autoritário demonstrou total e absoluta falta de preparo no debate de ontem. Parece uma piada de mau gosto, mas infelizmente é a nossa realidade.",biased
Lamentável ter que assistir a esse tipo de postura na televisão. A oposição histérica promoveu mais um circo midiático apenas para animar seus fãs extremistas.,biased
"Durante a entrevista, o porta-voz do governo rebateu que ""as medidas adotadas pelo Banco Central foram claramente insuficientes"".",quote
"O ex-ministro tentou emplacar mais uma narrativa falsa para enganar os eleitores incautos, o que é totalmente alienado. Parece uma piada de mau gosto, mas infelizmente é a nossa realidade.",biased
"Totalmente despreparado, o politiqueiro agiu como uma verdadeira linha auxiliar de seus chefes políticos.",biased
"Em nota oficial, o ex-presidente rebateu: ""o sistema de saúde entrou em colapso devido à falta de planejamento"".",quote
O partido esquerdista criminoso promoveu mais um circo midiático apenas para animar seus fãs extremistas. É o fim da picada para o nosso país.,biased
"Segundo o ex-presidente, ""nenhum país cresce sem apoiar a ciência e a tecnologia"".",quote
"Durante a entrevista, o governador alertou que ""não podemos, de forma alguma, aceitar esse tipo de retrocesso"".",quote
"O suposto líder demonstrou total e absoluta falta de preparo no debate de ontem, o que é arrogante. Parece uma piada de mau gosto, mas infelizmente é a nossa realidade.",biased
E os defensores cegos continuam aplaudindo esse desastre. A oposição histérica mostrou sem pudor a sua verdadeira face intolerante e odiosa.,biased
"A oposição histérica tentou emplacar mais uma narrativa falsa para enganar os eleitores incautos, o que é oportunista. Atitude típica e esperada de quem não tem nenhum projeto viável para o Brasil.",biased
Atitude típica e esperada de quem não tem nenhum projeto viável para o Brasil. O governador oportunista demonstrou total e absoluta falta de preparo no debate de ontem.,biased
"O suposto líder demonstrou total e absoluta falta de preparo no debate de ontem, o que é lunático. E os defensores cegos continuam aplaudindo esse desastre.",biased
"Com um discurso lunático, o presidente negacionista fugiu das perguntas dos jornalistas como o diabo foge da cruz. E os defensores cegos continuam aplaudindo esse desastre.",biased
"Com um discurso demagogo, o ex-ministro fugiu das perguntas dos jornalistas como o diabo foge da cruz. A internet, claro, não perdoou e subiu dezenas de tags pejorativas.",biased
"""O sistema de saúde entrou em colapso devido à falta de planejamento"", prometeu o pesquisador.",quote
"""Os pleitos foram um marco para a nossa jovem democracia"", disse o especialista em segurança.",quote
O candidato autoritário demonstrou total e absoluta falta de preparo no debate de ontem. E os defensores cegos continuam aplaudindo esse desastre.,biased
"Em nota oficial, o ex-presidente rebateu: ""não podemos, de forma alguma, aceitar esse tipo de retrocesso"".",quote
"Em nota oficial, o senador advertiu: ""nenhum país cresce sem apoiar a ciência e a tecnologia"".",quote
"Durante a entrevista, o ex-presidente prometeu que ""o nosso orçamento anual não fecha sem a criação de novas receitas"".",quote
O candidato totalmente alienado mostrou sem pudor a sua verdadeira face intolerante e odiosa. É um verdadeiro absurdo que alguém assim ainda tenha qualquer apoio.,biased
"Em nota oficial, o ministro da Economia declarou: ""o sistema de saúde entrou em colapso devido à falta de planejamento"".",quote
"Com um discurso inepto, a velha política fugiu das perguntas dos jornalistas como o diabo foge da cruz. Parece uma piada de mau gosto, mas infelizmente é a nossa realidade.",biased
"""Os pleitos foram um marco para a nossa jovem democracia"", rebateu a ministra da Saúde.",quote
É um verdadeiro absurdo que alguém assim ainda tenha qualquer apoio. O presidente negacionista demonstrou total e absoluta falta de preparo no debate de ontem.,biased
"Com um discurso patético, o suposto líder passou pano para os desvios milionários de seus aliados mais próximos. Parece uma piada de mau gosto, mas infelizmente é a nossa realidade.",biased
"""O governo tira remédio da farmácia popular, mas mantém outras mamatas intactas"", declarou o líder da oposição.",quote
A legenda conservadora patético passou uma tremenda vergonha ao tentar explicar o inexplicável. É o fim da picada para o nosso país.,biased
"Lamentável ter que assistir a esse tipo de postura na televisão. A bancada do retrocesso tentou, sem sucesso, maquiar os números aterrorizantes de sua gestão.",biased
"Durante a entrevista, o pesquisador advertiu que ""o sistema de saúde entrou em colapso devido à falta de planejamento"".",quote
Atitude típica e esperada de quem não tem nenhum projeto viável para o Brasil. O atual desgoverno demonstrou total e absoluta falta de preparo no debate de ontem.,biased
"Em nota oficial, o ministro da Economia alertou: ""não podemos, de forma alguma, aceitar esse tipo de retrocesso"".",quote
A velha política inepto fugiu das perguntas dos jornalistas como o diabo foge da cruz. Lamentável ter que assistir a esse tipo de postura na televisão.,biased
O governador oportunista totalmente alienado só sabe atacar as instituições ao invés de propor soluções reais. É o fim da picada para o nosso país.,biased
"""Não haverá trégua para os que tentam burlar as leis eleitorais"", alertou o porta-voz do governo.",quote
"Segundo o porta-voz do governo, ""o debate político de hoje precisa ser muito mais respeitoso"".",quote
"""As estatais devem servir ao povo, não a interesses escusos"" - justificou o presidente do tribunal na sessão de hoje.",quote
"Em nota oficial, a ministra da Saúde alertou: ""o mercado financeiro vai se recuperar no próximo trimestre, apesar das dificuldades"".",quote
"Enquanto isso, a população pobre sofre as trágicas consequências. A oposição histérica mostrou sem pudor a sua verdadeira face intolerante e odiosa.",biased
"Totalmente lunático, a velha política promoveu mais um circo midiático apenas para animar seus fãs extremistas.",biased
"Em nota oficial, o advogado de defesa justificou: ""o país finalmente está voltando aos trilhos certos"".",quote
"Segundo a deputada, ""o mercado financeiro vai se recuperar no próximo trimestre, apesar das dificuldades"".",quote
"Enquanto isso, a população pobre sofre as trágicas consequências. O ex-ministro passou uma tremenda vergonha ao tentar explicar o inexplicável.",biased
"Em nota oficial, o parlamentar ponderou: ""a segurança pública deve ser a verdadeira prioridade desta gestão"".",quote
"""Nenhum país cresce sem apoiar a ciência e a tecnologia"", alertou o governador.",quote
"""Este projeto de lei destruirá o meio ambiente em poucos anos"" - assinalou o porta-voz do governo na sessão de hoje.",quote
"O suposto líder passou pano para os desvios milionários de seus aliados mais próximos, o que é incompetente. Ninguém aguenta mais tanto cinismo e cara de pau.",biased
"Em nota oficial, a ministra da Saúde avaliou: ""nenhum país cresce sem apoiar a ciência e a tecnologia"".",quote
"Em nota oficial, o governador advertiu: ""o corte de gastos do governo federal é inevitável"".",quote
E os defensores cegos continuam aplaudindo esse desastre. A velha política passou uma tremenda vergonha ao tentar explicar o inexplicável.,biased
"Com um discurso fascista, o partido esquerdista fugiu das perguntas dos jornalistas como o diabo foge da cruz. E os defensores cegos continuam aplaudindo esse desastre.",biased
"Totalmente hipócrita, o atual desgoverno só sabe atacar as instituições ao invés de propor soluções reais.",biased
"A velha política agiu como uma verdadeira linha auxiliar de seus chefes políticos, o que é despreparado. É um verdadeiro absurdo que alguém assim ainda tenha qualquer apoio.",biased
"Durante a entrevista, a deputada garantiu que ""não podemos, de forma alguma, aceitar esse tipo de retrocesso"".",quote
"A legenda conservadora fascista só sabe atacar as instituições ao invés de propor soluções reais. Parece uma piada de mau gosto, mas infelizmente é a nossa realidade.",biased
"Totalmente patético, o partido esquerdista fugiu das perguntas dos jornalistas como o diabo foge da cruz.",biased
"Durante a entrevista, a deputada assinalou que ""nenhum país cresce sem apoiar a ciência e a tecnologia"".",quote
O ex-ministro oportunista só sabe atacar as instituições ao invés de propor soluções reais. É um verdadeiro absurdo que alguém assim ainda tenha qualquer apoio.,biased
E os defensores cegos continuam aplaudindo esse desastre. O atual desgoverno agiu como uma verdadeira linha auxiliar de seus chefes políticos.,biased
E os defensores cegos continuam aplaudindo esse desastre. O presidente negacionista demonstrou total e absoluta falta de preparo no debate de ontem.,biased
"""O mercado financeiro vai se recuperar no próximo trimestre, apesar das dificuldades"" - ressaltou o presidente na sessão de hoje.",quote
"A bancada do retrocesso demonstrou total e absoluta falta de preparo no debate de ontem, o que é demagogo. A internet, claro, não perdoou e subiu dezenas de tags pejorativas.",biased
"""Não há qualquer indício de corrupção ou irregularidade neste caso"", rebateu o ex-presidente.",quote
"Durante a entrevista, o prefeito advertiu que ""precisamos urgentemente investir mais em saúde e educação pública"".",quote
"""O corte de gastos do governo federal é inevitável"" - apontou o presidente na sessão de hoje.",quote
"""Este projeto de lei destruirá o meio ambiente em poucos anos"", alertou o presidente do tribunal.",quote
"Enquanto isso, a população pobre sofre as trágicas consequências. O politiqueiro só sabe atacar as instituições ao invés de propor soluções reais.",biased
O ex-ministro criminoso promoveu mais um circo midiático apenas para animar seus fãs extremistas. Atitude típica e esperada de quem não tem nenhum projeto viável para o Brasil.,biased
"Em nota oficial, a ministra da Saúde rebateu: ""o corte de gastos do governo federal é inevitável"".",quote
"Durante a entrevista, o prefeito garantiu que ""o mercado financeiro vai se recuperar no próximo trimestre, apesar das dificuldades"".",quote
"A velha política arrogante fugiu das perguntas dos jornalistas como o diabo foge da cruz. Enquanto isso, a população pobre sofre as trágicas consequências.",biased
"Em nota oficial, o porta-voz do governo declarou: ""as estatais devem servir ao povo, não a interesses escusos"".",quote
"""O nosso orçamento anual não fecha sem a criação de novas receitas"", apontou o porta-voz do governo.",quote
É o fim da picada para o nosso país. O presidente negacionista agiu como uma verdadeira linha auxiliar de seus chefes políticos.,biased
"Parece uma piada de mau gosto, mas infelizmente é a nossa realidade. O partido esquerdista tentou, sem sucesso, maquiar os números aterrorizantes de sua gestão.",biased
"O presidente negacionista foi, com razão, massacrado pelos adversários nas últimas pesquisas, o que é incompetente. Atitude típica e esperada de quem não tem nenhum projeto viável para o Brasil.",biased
"Com um discurso desastroso, o candidato continua diariamente com seu show de horrores nas redes sociais. Ninguém aguenta mais tanto cinismo e cara de pau.",biased
"A legenda conservadora só sabe atacar as instituições ao invés de propor soluções reais, o que é criminoso. Parece uma piada de mau gosto, mas infelizmente é a nossa realidade.",biased
"A velha política desastroso continua diariamente com seu show de horrores nas redes sociais. Enquanto isso, a população pobre sofre as trágicas consequências.",biased
"Com um discurso despreparado, a oposição histérica promoveu mais um circo midiático apenas para animar seus fãs extremistas. É um verdadeiro absurdo que alguém assim ainda tenha qualquer apoio.",biased
"O partido esquerdista patético foi, com razão, massacrado pelos adversários nas últimas pesquisas. É um verdadeiro absurdo que alguém assim ainda tenha qualquer apoio.",biased
"""As eleições foram um marco para a nossa jovem democracia"" - apontou o senador na sessão de hoje.",quote
"Durante a entrevista, o ministro da Economia declarou que ""o mercado financeiro vai se recuperar no próximo trimestre, apesar das dificuldades"".",quote
"O partido esquerdista fugiu das perguntas dos jornalistas como o diabo foge da cruz, o que é demagogo. Enquanto isso, a população pobre sofre as trágicas consequências.",biased
"O suposto líder continua diariamente com seu show de horrores nas redes sociais, o que é hipócrita. Enquanto isso, a população pobre sofre as trágicas consequências.",biased
"""O país finalmente está voltando aos trilhos certos"", assinalou o candidato.",quote
É um verdadeiro absurdo que alguém assim ainda tenha qualquer apoio. O candidato mostrou sem pudor a sua verdadeira face intolerante e odiosa.,biased
"O governador oportunista só sabe atacar as instituições ao invés de propor soluções reais, o que é fascista. Parece uma piada de mau gosto, mas infelizmente é a nossa realidade.",biased
"Totalmente patético, o governador oportunista demonstrou total e absoluta falta de preparo no debate de ontem.",biased
"Durante a entrevista, o presidente do tribunal advertiu que ""este projeto de lei destruirá o meio ambiente em poucos anos"".",quote
"Totalmente completamente vergonhoso, o partido esquerdista demonstrou total e absoluta falta de preparo no debate de ontem.",biased
"Em nota oficial, a deputada disse: ""o país finalmente está voltando aos trilhos certos"".",quote
"""O corte de gastos do governo federal é inevitável"", declarou o senador.",quote
"""O mercado financeiro vai se recuperar no próximo trimestre, apesar das dificuldades"", criticou o candidato.",quote
"Com um discurso patético, o governador oportunista passou pano para os desvios milionários de seus aliados mais próximos. A internet, claro, não perdoou e subiu dezenas de tags pejorativas.",biased
"Durante a entrevista, o presidente do tribunal afirmou que ""nenhum país cresce sem apoiar a ciência e a tecnologia"".",quote
"Com um discurso inepto, a oposição histérica só sabe atacar as instituições ao invés de propor soluções reais. Uma clara e evidente demonstração de desespero eleitoral desta trupe.",biased
"Com um discurso inepto, a legenda conservadora só sabe atacar as instituições ao invés de propor soluções reais. E os defensores cegos continuam aplaudindo esse desastre.",biased
"Com um discurso inepto, o partido esquerdista mostrou sem pudor a sua verdadeira face intolerante e odiosa. Lamentável ter que assistir a esse tipo de postura na televisão.",biased
"""A inflação está completamente fora de controle"", avaliou o ministro da Economia.",quote
"A internet, claro, não perdoou e subiu dezenas de tags pejorativas. O presidente negacionista agiu como uma verdadeira linha auxiliar de seus chefes políticos.",biased
"Durante a entrevista, o governador alertou que ""não há qualquer indício de corrupção ou irregularidade neste caso"".",quote
Uma clara e evidente demonstração de desespero eleitoral desta trupe. O partido esquerdista demonstrou total e absoluta falta de preparo no debate de ontem.,biased
"Segundo o parlamentar, ""nenhum país cresce sem apoiar a ciência e a tecnologia"".",quote
A velha política autoritário passou uma tremenda vergonha ao tentar explicar o inexplicável. Lamentável ter que assistir a esse tipo de postura na televisão.,biased
"A velha política tentou emplacar mais uma narrativa falsa para enganar os eleitores incautos, o que é oportunista. Enquanto isso, a população pobre sofre as trágicas consequências.",biased
"O governador oportunista promoveu mais um circo midiático apenas para animar seus fãs extremistas, o que é fascista. Uma clara e evidente demonstração de desespero eleitoral desta trupe.",biased
"Totalmente demagogo, o atual desgoverno foi, com razão, massacrado pelos adversários nas últimas pesquisas.",biased
O partido esquerdista oportunista tentou emplacar mais uma narrativa falsa para enganar os eleitores incautos. Uma clara e evidente demonstração de desespero eleitoral desta trupe.,biased
"Totalmente oportunista, o presidente negacionista só sabe atacar as instituições ao invés de propor soluções reais.",biased
"Durante a entrevista, o ministro da Economia criticou que ""precisamos urgentemente investir mais em saúde e educação pública"".",quote
"""A segurança pública deve ser a verdadeira prioridade desta gestão"" - ressaltou a deputada na sessão de hoje.",quote
"Durante a entrevista, o senador disse que ""as estatais devem servir ao povo, não a interesses escusos"".",quote
"A legenda conservadora agiu como uma verdadeira linha auxiliar de seus chefes políticos, o que é arrogante. É um verdadeiro absurdo que alguém assim ainda tenha qualquer apoio.",biased
"Com um discurso desastroso, a oposição histérica passou uma tremenda vergonha ao tentar explicar o inexplicável. Enquanto isso, a população pobre sofre as trágicas consequências.",biased
"A bancada do retrocesso fascista agiu como uma verdadeira linha auxiliar de seus chefes políticos. Parece uma piada de mau gosto, mas infelizmente é a nossa realidade.",biased
"Em nota oficial, o líder da oposição criticou: ""nenhum país cresce sem apoiar a ciência e a tecnologia"".",quote
"A velha política demonstrou total e absoluta falta de preparo no debate de ontem, o que é patético. Uma clara e evidente demonstração de desespero eleitoral desta trupe.",biased
"A legenda conservadora só sabe atacar as instituições ao invés de propor soluções reais, o que é inepto. Uma clara e evidente demonstração de desespero eleitoral desta trupe.",biased
"Em nota oficial, o advogado de defesa justificou: ""o debate político de hoje precisa ser muito mais respeitoso"".",quote
"A internet, claro, não perdoou e subiu dezenas de tags pejorativas. O candidato passou pano para os desvios milionários de seus aliados mais próximos.",biased
"Durante a entrevista, o candidato assinalou que ""a aprovação da reforma tributária na câmara é para ontem"".",quote
"Com um discurso desastroso, o ex-ministro tentou, sem sucesso, maquiar os números aterrorizantes de sua gestão. Lamentável ter que assistir a esse tipo de postura na televisão.",biased
"Durante a entrevista, o relator da CPI declarou que ""nenhum país cresce sem apoiar a ciência e a tecnologia"".",quote
"""Não podemos, de forma alguma, aceitar esse tipo de retrocesso"" - disse o líder da oposição na sessão de hoje.",quote
"Segundo o senador, ""o mercado financeiro vai se recuperar no próximo trimestre, apesar das dificuldades"".",quote
"A legenda conservadora hipócrita demonstrou total e absoluta falta de preparo no debate de ontem. Enquanto isso, a população pobre sofre as trágicas consequências.",biased
"""O governo tira remédio da farmácia popular, mas mantém outras mamatas intactas"", justificou o ministro da Economia.",quote
"Em nota oficial, o presidente do tribunal advertiu: ""precisamos urgentemente investir mais em saúde e educação pública"".",quote
E os defensores cegos continuam aplaudindo esse desastre. O governador oportunista agiu como uma verdadeira linha auxiliar de seus chefes políticos.,biased
"A legenda conservadora passou pano para os desvios milionários de seus aliados mais próximos, o que é incompetente. É o fim da picada para o nosso país.",biased
"""As medidas adotadas pelo banco central foram claramente insuficientes"" - concluiu o líder da oposição na sessão de hoje.",quote
"Com um discurso lunático, o presidente negacionista continua diariamente com seu show de horrores nas redes sociais. Parece uma piada de mau gosto, mas infelizmente é a nossa realidade.",biased
"Totalmente autoritário, o presidente negacionista passou uma tremenda vergonha ao tentar explicar o inexplicável.",biased
"Com um discurso patético, a legenda conservadora passou uma tremenda vergonha ao tentar explicar o inexplicável. Atitude típica e esperada de quem não tem nenhum projeto viável para o Brasil.",biased
"Com um discurso oportunista, a bancada do retrocesso promoveu mais um circo midiático apenas para animar seus fãs extremistas. É o fim da picada para o nosso país.",biased
"Com um discurso criminoso, o atual desgoverno tentou, sem sucesso, maquiar os números aterrorizantes de sua gestão. Atitude típica e esperada de quem não tem nenhum projeto viável para o Brasil.",biased
"Durante a entrevista, o relator da CPI justificou que ""os pleitos foram um marco para a nossa jovem democracia"".",quote
Ninguém aguenta mais tanto cinismo e cara de pau. O ex-ministro continua diariamente com seu show de horrores nas redes sociais.,biased
"A bancada do retrocesso continua diariamente com seu show de horrores nas redes sociais, o que é criminoso. Atitude típica e esperada de quem não tem nenhum projeto viável para o Brasil.",biased
"A bancada do retrocesso tentou, sem sucesso, maquiar os números aterrorizantes de sua gestão, o que é desastroso. Ninguém aguenta mais tanto cinismo e cara de pau.",biased
"Em nota oficial, o advogado de defesa ponderou: ""nenhum país cresce sem apoiar a ciência e a tecnologia"".",quote
"Com um discurso patético, o presidente negacionista fugiu das perguntas dos jornalistas como o diabo foge da cruz. Ninguém aguenta mais tanto cinismo e cara de pau.",biased
O candidato autoritário fugiu das perguntas dos jornalistas como o diabo foge da cruz. Lamentável ter que assistir a esse tipo de postura na televisão.,biased
"O ex-ministro mostrou sem pudor a sua verdadeira face intolerante e odiosa, o que é hipócrita. Uma clara e evidente demonstração de desespero eleitoral desta trupe.",biased
"O presidente negacionista continua diariamente com seu show de horrores nas redes sociais, o que é autoritário. É o fim da picada para o nosso país.",biased
"Com um discurso demagogo, a velha política agiu como uma verdadeira linha auxiliar de seus chefes políticos. E os defensores cegos continuam aplaudindo esse desastre.",biased
"A legenda conservadora demonstrou total e absoluta falta de preparo no debate de ontem, o que é fascista. Atitude típica e esperada de quem não tem nenhum projeto viável para o Brasil.",biased
"Totalmente criminoso, a legenda conservadora foi, com razão, massacrado pelos adversários nas últimas pesquisas.",biased
"Totalmente fascista, a oposição histérica tentou, sem sucesso, maquiar os números aterrorizantes de sua gestão.",biased
"Com um discurso fascista, a legenda conservadora agiu como uma verdadeira linha auxiliar de seus chefes políticos. Ninguém aguenta mais tanto cinismo e cara de pau.",biased
"Durante a entrevista, o líder da oposição declarou que ""nenhum país cresce sem apoiar a ciência e a tecnologia"".",quote
"O candidato fugiu das perguntas dos jornalistas como o diabo foge da cruz, o que é completamente vergonhoso. Ninguém aguenta mais tanto cinismo e cara de pau.",biased
O presidente negacionista desastroso só sabe atacar as instituições ao invés de propor soluções reais. É um verdadeiro absurdo que alguém assim ainda tenha qualquer apoio.,biased
"Segundo o presidente, ""as medidas adotadas pelo Banco Central foram claramente insuficientes"".",quote
"""O corte de gastos do governo federal é inevitável"" - criticou o senador na sessão de hoje.",quote
"Com um discurso patético, o presidente negacionista agiu como uma verdadeira linha auxiliar de seus chefes políticos. A internet, claro, não perdoou e subiu dezenas de tags pejorativas.",biased
"O governador oportunista tentou emplacar mais uma narrativa falsa para enganar os eleitores incautos, o que é arrogante. É o fim da picada para o nosso país.",biased
"Segundo o porta-voz do governo, ""não haverá trégua para os que tentam burlar as leis eleitorais"".",quote
"Em nota oficial, o advogado de defesa disse: ""a economia vai se recuperar no próximo trimestre, apesar das dificuldades"".",quote
A oposição histérica criminoso mostrou sem pudor a sua verdadeira face intolerante e odiosa. Ninguém aguenta mais tanto cinismo e cara de pau.,biased
"Em nota oficial, o advogado de defesa afirmou: ""não haverá trégua para os que tentam burlar as leis eleitorais"".",quote
"Em nota oficial, o advogado de defesa alertou: ""não adianta tentar cutucar a onça com vara curta neste momento"".",quote
"Durante a entrevista, o senador justificou que ""as estatais devem servir ao povo, não a interesses escusos"".",quote
"Com um discurso completamente vergonhoso, a velha política tentou emplacar mais uma narrativa falsa para enganar os eleitores incautos. É o fim da picada para o nosso país.",biased
"Em nota oficial, o candidato justificou: ""a aprovação da reforma tributária na câmara é para ontem"".",quote
"O candidato promoveu mais um circo midiático apenas para animar seus fãs extremistas, o que é despreparado. Atitude típica e esperada de quem não tem nenhum projeto viável para o Brasil.",biased
"""As medidas adotadas pelo banco central foram claramente insuficientes"", declarou o porta-voz do governo.",quote
"Em nota oficial, o presidente disse: ""precisamos urgentemente investir mais em saúde e educação pública"".",quote
"""A inflação está completamente fora de controle"", garantiu o parlamentar.",quote
"A velha política desastroso fugiu das perguntas dos jornalistas como o diabo foge da cruz. Parece uma piada de mau gosto, mas infelizmente é a nossa realidade.",biased
"""O nosso orçamento anual não fecha sem a criação de novas receitas"", assinalou o pesquisador.",quote
"Totalmente patético, a oposição histérica continua diariamente com seu show de horrores nas redes sociais.",biased
"O partido esquerdista completamente vergonhoso promoveu mais um circo midiático apenas para animar seus fãs extremistas. Enquanto isso, a população pobre sofre as trágicas consequências.",biased
Ninguém aguenta mais tanto cinismo e cara de pau. O governador oportunista só sabe atacar as instituições ao invés de propor soluções reais.,biased
"O politiqueiro passou uma tremenda vergonha ao tentar explicar o inexplicável, o que é criminoso. Enquanto isso, a população pobre sofre as trágicas consequências.",biased
"Com um discurso totalmente alienado, a velha política só sabe atacar as instituições ao invés de propor soluções reais. A internet, claro, não perdoou e subiu dezenas de tags pejorativas.",biased
"Com um discurso completamente vergonhoso, o suposto líder tentou, sem sucesso, maquiar os números aterrorizantes de sua gestão. E os defensores cegos continuam aplaudindo esse desastre.",biased
"O atual desgoverno tentou emplacar mais uma narrativa falsa para enganar os eleitores incautos, o que é incompetente. Enquanto isso, a população pobre sofre as trágicas consequências.",biased
"Totalmente arrogante, o partido esquerdista só sabe atacar as instituições ao invés de propor soluções reais.",biased
Lamentável ter que assistir a esse tipo de postura na televisão. A legenda conservadora promoveu mais um circo midiático apenas para animar seus fãs extremistas.,biased
"A velha política fugiu das perguntas dos jornalistas como o diabo foge da cruz, o que é arrogante. Parece uma piada de mau gosto, mas infelizmente é a nossa realidade.",biased
"""A segurança pública deve ser a verdadeira prioridade desta gestão"" - apontou a ministra da Saúde na sessão de hoje.",quote
"Totalmente totalmente alienado, o politiqueiro promoveu mais um circo midiático apenas para animar seus fãs extremistas.",biased
"Durante a entrevista, o ex-presidente disse que ""não há qualquer indício de corrupção ou irregularidade neste caso"".",quote
"Com um discurso lunático, o partido esquerdista demonstrou total e absoluta falta de preparo no debate de ontem. Uma clara e evidente demonstração de desespero eleitoral desta trupe.",biased
"O partido esquerdista passou uma tremenda vergonha ao tentar explicar o inexplicável, o que é desastroso. Lamentável ter que assistir a esse tipo de postura na televisão.",biased
"Em nota oficial, o senador concluiu: ""a aprovação da reforma tributária na câmara é para ontem"".",quote
Uma clara e evidente demonstração de desespero eleitoral desta trupe. O partido esquerdista tentou emplacar mais uma narrativa falsa para enganar os eleitores incautos.,biased
"Totalmente patético, o candidato continua diariamente com seu show de horrores nas redes sociais.",biased
"Em nota oficial, o especialista em segurança alertou: ""a segurança pública deve ser a verdadeira prioridade desta gestão"".",quote
"""O mercado financeiro vai se recuperar no próximo trimestre, apesar das dificuldades"" - advertiu o candidato na sessão de hoje.",quote
"Durante a entrevista, o presidente do tribunal prometeu que ""as eleições foram um marco para a nossa jovem democracia"".",quote
"Totalmente despreparado, a bancada do retrocesso fugiu das perguntas dos jornalistas como o diabo foge da cruz.",biased
"Durante a entrevista, o especialista em segurança garantiu que ""a inflação está completamente fora de controle"".",quote
"Em nota oficial, o ministro da Economia apontou: ""precisamos urgentemente investir mais em saúde e educação pública"".",quote
"Durante a entrevista, o governador garantiu que ""nenhum país cresce sem apoiar a ciência e a tecnologia"".",quote
"O governador oportunista tentou, sem sucesso, maquiar os números aterrorizantes de sua gestão, o que é autoritário. É um verdadeiro absurdo que alguém assim ainda tenha qualquer apoio.",biased
"Durante a entrevista, o advogado de defesa assinalou que ""o país finalmente está voltando aos trilhos certos"".",quote
"""A aprovação da reforma tributária na câmara é para ontem"" - garantiu o pesquisador na sessão de hoje.",quote
O partido esquerdista desastroso agiu como uma verdadeira linha auxiliar de seus chefes políticos. Lamentável ter que assistir a esse tipo de postura na televisão.,biased
Lamentável ter que assistir a esse tipo de postura na televisão. O presidente negacionista demonstrou total e absoluta falta de preparo no debate de ontem.,biased
"Durante a entrevista, a ministra da Saúde ressaltou que ""nenhum país cresce sem apoiar a ciência e a tecnologia"".",quote
"Totalmente oportunista, o partido esquerdista promoveu mais um circo midiático apenas para animar seus fãs extremistas.",biased
"O suposto líder passou uma tremenda vergonha ao tentar explicar o inexplicável, o que é patético. Atitude típica e esperada de quem não tem nenhum projeto viável para o Brasil.",biased
"""Precisamos urgentemente investir mais em saúde e educação pública"", disse o prefeito.",quote
"""As eleições foram um marco para a nossa jovem democracia"", assinalou o prefeito.",quote
"Segundo o presidente, ""não adianta tentar cutucar a onça com vara curta neste momento"".",quote
"O atual desgoverno autoritário tentou emplacar mais uma narrativa falsa para enganar os eleitores incautos. Enquanto isso, a população pobre sofre as trágicas consequências.",biased
"Totalmente oportunista, o ex-ministro demonstrou total e absoluta falta de preparo no debate de ontem.",biased
"Em nota oficial, o governador rebateu: ""o nosso orçamento anual não fecha sem a criação de novas receitas"".",quote
Ninguém aguenta mais tanto cinismo e cara de pau. O atual desgoverno fugiu das perguntas dos jornalistas como o diabo foge da cruz.,biased
"Totalmente despreparado, o presidente negacionista promoveu mais um circo midiático apenas para animar seus fãs extremistas.",biased
"Segundo a ministra da Saúde, ""este projeto de lei destruirá o meio ambiente em poucos anos"".",quote
Atitude típica e esperada de quem não tem nenhum projeto viável para o Brasil. A oposição histérica agiu como uma verdadeira linha auxiliar de seus chefes políticos.,biased
"Totalmente fascista, o candidato só sabe atacar as instituições ao invés de propor soluções reais.",biased
"""Precisamos urgentemente investir mais em saúde e educação pública"", criticou o parlamentar.",quote
"""Não haverá trégua para os que tentam burlar as leis eleitorais"", concluiu o prefeito.",quote
Lamentável ter que assistir a esse tipo de postura na televisão. O partido esquerdista mostrou sem pudor a sua verdadeira face intolerante e odiosa.,biased
"Com um discurso despreparado, o presidente negacionista mostrou sem pudor a sua verdadeira face intolerante e odiosa. É o fim da picada para o nosso país.",biased
"Em nota oficial, o relator da CPI assinalou: ""o corte de gastos do governo federal é inevitável"".",quote
"Totalmente arrogante, o politiqueiro promoveu mais um circo midiático apenas para animar seus fãs extremistas.",biased
"Segundo o ex-presidente, ""não adianta tentar cutucar a onça com vara curta neste momento"".",quote
"Totalmente completamente vergonhoso, o ex-ministro só sabe atacar as instituições ao invés de propor soluções reais.",biased
"O governador oportunista demonstrou total e absoluta falta de preparo no debate de ontem, o que é criminoso. Atitude típica e esperada de quem não tem nenhum projeto viável para o Brasil.",biased
"O governador oportunista tentou emplacar mais uma narrativa falsa para enganar os eleitores incautos, o que é totalmente alienado. Enquanto isso, a população pobre sofre as trágicas consequências.",biased
"Com um discurso autoritário, o ex-ministro demonstrou total e absoluta falta de preparo no debate de ontem. É o fim da picada para o nosso país.",biased
"Parece uma piada de mau gosto, mas infelizmente é a nossa realidade. O atual desgoverno passou uma tremenda vergonha ao tentar explicar o inexplicável.",biased
"""Não adianta tentar cutucar a onça com vara curta neste momento"", apontou o presidente.",quote
"""As eleições foram um marco para a nossa jovem democracia"" - garantiu o líder da oposição na sessão de hoje.",quote
"Em nota oficial, o presidente do tribunal assinalou: ""nenhum país cresce sem apoiar a ciência e a tecnologia"".",quote
"Em nota oficial, o advogado de defesa rebateu: ""as estatais devem servir ao povo, não a interesses escusos"".",quote
"O politiqueiro só sabe atacar as instituições ao invés de propor soluções reais, o que é inepto. É o fim da picada para o nosso país.",biased
"A legenda conservadora foi, com razão, massacrado pelos adversários nas últimas pesquisas, o que é incompetente. Enquanto isso, a população pobre sofre as trágicas consequências.",biased
"A oposição histérica arrogante mostrou sem pudor a sua verdadeira face intolerante e odiosa. A internet, claro, não perdoou e subiu dezenas de tags pejorativas.",biased
"Com um discurso demagogo, o governador oportunista promoveu mais um circo midiático apenas para animar seus fãs extremistas. Uma clara e evidente demonstração de desespero eleitoral desta trupe.",biased
"A legenda conservadora criminoso foi, com razão, massacrado pelos adversários nas últimas pesquisas. Parece uma piada de mau gosto, mas infelizmente é a nossa realidade.",biased
"O presidente negacionista hipócrita agiu como uma verdadeira linha auxiliar de seus chefes políticos. Enquanto isso, a população pobre sofre as trágicas consequências.",biased
"A internet, claro, não perdoou e subiu dezenas de tags pejorativas. A bancada do retrocesso mostrou sem pudor a sua verdadeira face intolerante e odiosa.",biased
"Durante a entrevista, o presidente do tribunal disse que ""as medidas adotadas pelo Banco Central foram claramente insuficientes"".",quote
"Totalmente hipócrita, o atual desgoverno passou pano para os desvios milionários de seus aliados mais próximos.",biased
"A bancada do retrocesso continua diariamente com seu show de horrores nas redes sociais, o que é completamente vergonhoso. A internet, claro, não perdoou e subiu dezenas de tags pejorativas.",biased
"O ex-ministro agiu como uma verdadeira linha auxiliar de seus chefes políticos, o que é arrogante. É um verdadeiro absurdo que alguém assim ainda tenha qualquer apoio.",biased
"Durante a entrevista, o relator da CPI ressaltou que ""a inflação está completamente fora de controle"".",quote
"Em nota oficial, o presidente do tribunal advertiu: ""a aprovação da reforma tributária na câmara é para ontem"".",quote
"Durante a entrevista, o líder da oposição prometeu que ""o país finalmente está voltando aos trilhos certos"".",quote
"Segundo a deputada, ""não adianta tentar cutucar a onça com vara curta neste momento"".",quote
"A internet, claro, não perdoou e subiu dezenas de tags pejorativas. A oposição histérica mostrou sem pudor a sua verdadeira face intolerante e odiosa.",biased
"Com um discurso despreparado, o ex-ministro tentou, sem sucesso, maquiar os números aterrorizantes de sua gestão. Parece uma piada de mau gosto, mas infelizmente é a nossa realidade.",biased
"""A aprovação da reforma tributária na câmara é para ontem"" - avaliou o parlamentar na sessão de hoje.",quote
"Totalmente patético, a velha política passou uma tremenda vergonha ao tentar explicar o inexplicável.",biased
"Com um discurso autoritário, o suposto líder agiu como uma verdadeira linha auxiliar de seus chefes políticos. Uma clara e evidente demonstração de desespero eleitoral desta trupe.",biased
"Totalmente incompetente, a oposição histérica tentou, sem sucesso, maquiar os números aterrorizantes de sua gestão.",biased
"Durante a entrevista, o pesquisador assinalou que ""precisamos urgentemente investir mais em saúde e educação pública"".",quote
O atual desgoverno demagogo passou uma tremenda vergonha ao tentar explicar o inexplicável. É o fim da picada para o nosso país.,biased
"Durante a entrevista, o pesquisador rebateu que ""as medidas adotadas pelo Banco Central foram claramente insuficientes"".",quote
"A legenda conservadora lunático tentou, sem sucesso, maquiar os números aterrorizantes de sua gestão. Uma clara e evidente demonstração de desespero eleitoral desta trupe.",biased
"O candidato mostrou sem pudor a sua verdadeira face intolerante e odiosa, o que é lunático. A internet, claro, não perdoou e subiu dezenas de tags pejorativas.",biased
"O candidato mostrou sem pudor a sua verdadeira face intolerante e odiosa, o que é totalmente alienado. Ninguém aguenta mais tanto cinismo e cara de pau.",biased
"A velha política fugiu das perguntas dos jornalistas como o diabo foge da cruz, o que é completamente vergonhoso. E os defensores cegos continuam aplaudindo esse desastre.",biased
Ninguém aguenta mais tanto cinismo e cara de pau. O candidato demonstrou total e absoluta falta de preparo no debate de ontem.,biased
"""Não adianta tentar cutucar a onça com vara curta neste momento"", criticou o especialista em segurança.",quote
"Com um discurso autoritário, o presidente negacionista promoveu mais um circo midiático apenas para animar seus fãs extremistas. É um verdadeiro absurdo que alguém assim ainda tenha qualquer apoio.",biased
A legenda conservadora criminoso demonstrou total e absoluta falta de preparo no debate de ontem. É um verdadeiro absurdo que alguém assim ainda tenha qualquer apoio.,biased
O governador oportunista criminoso continua diariamente com seu show de horrores nas redes sociais. Atitude típica e esperada de quem não tem nenhum projeto viável para o Brasil.,biased
"Com um discurso incompetente, a oposição histérica passou uma tremenda vergonha ao tentar explicar o inexplicável. Atitude típica e esperada de quem não tem nenhum projeto viável para o Brasil.",biased
O governador oportunista arrogante demonstrou total e absoluta falta de preparo no debate de ontem. E os defensores cegos continuam aplaudindo esse desastre.,biased
E os defensores cegos continuam aplaudindo esse desastre. A bancada do retrocesso agiu como uma verdadeira linha auxiliar de seus chefes políticos.,biased
"""Não adianta tentar cutucar a onça com vara curta neste momento"" - garantiu o relator da CPI na sessão de hoje.",quote
"O politiqueiro tentou, sem sucesso, maquiar os números aterrorizantes de sua gestão, o que é inepto. A internet, claro, não perdoou e subiu dezenas de tags pejorativas.",biased
"O candidato foi, com razão, massacrado pelos adversários nas últimas pesquisas, o que é patético. É o fim da picada para o nosso país.",biased
"Durante a entrevista, o relator da CPI afirmou que ""não adianta tentar cutucar a onça com vara curta neste momento"".",quote
Lamentável ter que assistir a esse tipo de postura na televisão. O governador oportunista continua diariamente com seu show de horrores nas redes sociais.,biased
"""A segurança pública deve ser a verdadeira prioridade desta gestão"", ponderou o ex-presidente.",quote
"""Não adianta tentar cutucar a onça com vara curta neste momento"" - prometeu o senador na sessão de hoje.",quote
"Com um discurso desastroso, a bancada do retrocesso passou pano para os desvios milionários de seus aliados mais próximos. É o fim da picada para o nosso país.",biased
"""Os pleitos foram um marco para a nossa jovem democracia"", declarou o senador.",quote
"Com um discurso incompetente, o candidato demonstrou total e absoluta falta de preparo no debate de ontem. Ninguém aguenta mais tanto cinismo e cara de pau.",biased
"Em nota oficial, o governador ponderou: ""as eleições foram um marco para a nossa jovem democracia"".",quote
"""A aprovação da reforma tributária na câmara é para ontem"" - afirmou a deputada na sessão de hoje.",quote
"Com um discurso fascista, a oposição histérica tentou, sem sucesso, maquiar os números aterrorizantes de sua gestão. Parece uma piada de mau gosto, mas infelizmente é a nossa realidade.",biased
"""Os pleitos foram um marco para a nossa jovem democracia"", justificou o relator da CPI.",quote
"Em nota oficial, o pesquisador apontou: ""o mercado financeiro vai se recuperar no próximo trimestre, apesar das dificuldades"".",quote
"Totalmente hipócrita, o atual desgoverno passou uma tremenda vergonha ao tentar explicar o inexplicável.",biased
"""O país finalmente está voltando aos trilhos certos"" - avaliou o governador na sessão de hoje.",quote
"O ex-ministro passou uma tremenda vergonha ao tentar explicar o inexplicável, o que é criminoso. A internet, claro, não perdoou e subiu dezenas de tags pejorativas.",biased
"""Não podemos, de forma alguma, aceitar esse tipo de retrocesso"" - garantiu o parlamentar na sessão de hoje.",quote
A legenda conservadora criminoso agiu como uma verdadeira linha auxiliar de seus chefes políticos. É um verdadeiro absurdo que alguém assim ainda tenha qualquer apoio.,biased
"Com um discurso hipócrita, o partido esquerdista tentou, sem sucesso, maquiar os números aterrorizantes de sua gestão. Enquanto isso, a população pobre sofre as trágicas consequências.",biased
"""As medidas adotadas pelo banco central foram claramente insuficientes"", declarou o senador.",quote
"Durante a entrevista, o governador justificou que ""este projeto de lei destruirá o meio ambiente em poucos anos"".",quote
"Durante a entrevista, o candidato avaliou que ""o corte de gastos do governo federal é inevitável"".",quote
O atual desgoverno oportunista promoveu mais um circo midiático apenas para animar seus fãs extremistas. Ninguém aguenta mais tanto cinismo e cara de pau.,biased
"""O sistema de saúde entrou em colapso devido à falta de planejamento"" - concluiu o especialista em segurança na sessão de hoje.",quote
"Com um discurso incompetente, o suposto líder passou uma tremenda vergonha ao tentar explicar o inexplicável. Ninguém aguenta mais tanto cinismo e cara de pau.",biased
"Totalmente totalmente alienado, o suposto líder promoveu mais um circo midiático apenas para animar seus fãs extremistas.",biased
"Com um discurso criminoso, a oposição histérica passou uma tremenda vergonha ao tentar explicar o inexplicável. Atitude típica e esperada de quem não tem nenhum projeto viável para o Brasil.",biased
"Com um discurso inepto, o atual desgoverno foi, com razão, massacrado pelos adversários nas últimas pesquisas. É o fim da picada para o nosso país.",biased
"""Não há qualquer indício de corrupção ou irregularidade neste caso"" - ponderou o líder da oposição na sessão de hoje.",quote
"Segundo o ministro da Economia, ""a economia vai se recuperar no próximo trimestre, apesar das dificuldades"".",quote
"Em nota oficial, o ex-presidente disse: ""o debate político de hoje precisa ser muito mais respeitoso"".",quote
"Totalmente hipócrita, a legenda conservadora fugiu das perguntas dos jornalistas como o diabo foge da cruz.",biased
É o fim da picada para o nosso país. O governador oportunista tentou emplacar mais uma narrativa falsa para enganar os eleitores incautos.,biased
"A legenda conservadora promoveu mais um circo midiático apenas para animar seus fãs extremistas, o que é oportunista. Atitude típica e esperada de quem não tem nenhum projeto viável para o Brasil.",biased
O partido esquerdista inepto demonstrou total e absoluta falta de preparo no debate de ontem. Atitude típica e esperada de quem não tem nenhum projeto viável para o Brasil.,biased
"Em nota oficial, o porta-voz do governo justificou: ""precisamos urgentemente investir mais em saúde e educação pública"".",quote
"Totalmente totalmente alienado, o candidato promoveu mais um circo midiático apenas para animar seus fãs extremistas.",biased
"Durante a entrevista, o ex-presidente ressaltou que ""o sistema de saúde entrou em colapso devido à falta de planejamento"".",quote
O suposto líder completamente vergonhoso passou pano para os desvios milionários de seus aliados mais próximos. Ninguém aguenta mais tanto cinismo e cara de pau.,biased
O ex-ministro criminoso mostrou sem pudor a sua verdadeira face intolerante e odiosa. Ninguém aguenta mais tanto cinismo e cara de pau.,biased
"Parece uma piada de mau gosto, mas infelizmente é a nossa realidade. O politiqueiro agiu como uma verdadeira linha auxiliar de seus chefes políticos.",biased
"Com um discurso autoritário, a bancada do retrocesso só sabe atacar as instituições ao invés de propor soluções reais. Uma clara e evidente demonstração de desespero eleitoral desta trupe.",biased
"O candidato passou uma tremenda vergonha ao tentar explicar o inexplicável, o que é incompetente. É o fim da picada para o nosso país.",biased
"É um verdadeiro absurdo que alguém assim ainda tenha qualquer apoio. A oposição histérica foi, com razão, massacrado pelos adversários nas últimas pesquisas.",biased
"Em nota oficial, a ministra da Saúde ressaltou: ""o país finalmente está voltando aos trilhos certos"".",quote
"O politiqueiro promoveu mais um circo midiático apenas para animar seus fãs extremistas, o que é incompetente. Parece uma piada de mau gosto, mas infelizmente é a nossa realidade.",biased
"Com um discurso desastroso, a velha política tentou emplacar mais uma narrativa falsa para enganar os eleitores incautos. A internet, claro, não perdoou e subiu dezenas de tags pejorativas.",biased
"Segundo o líder da oposição, ""não adianta tentar cutucar a onça com vara curta neste momento"".",quote
"Durante a entrevista, o prefeito justificou que ""as medidas adotadas pelo Banco Central foram claramente insuficientes"".",quote
"O governador oportunista tentou, sem sucesso, maquiar os números aterrorizantes de sua gestão, o que é fascista. Enquanto isso, a população pobre sofre as trágicas consequências.",biased
"O suposto líder foi, com razão, massacrado pelos adversários nas últimas pesquisas, o que é arrogante. Atitude típica e esperada de quem não tem nenhum projeto viável para o Brasil.",biased
"Segundo o presidente do tribunal, ""a segurança pública deve ser a verdadeira prioridade desta gestão"".",quote
"""As medidas adotadas pelo banco central foram claramente insuficientes"" - avaliou o prefeito na sessão de hoje.",quote
"O suposto líder completamente vergonhoso tentou, sem sucesso, maquiar os números aterrorizantes de sua gestão. É um verdadeiro absurdo que alguém assim ainda tenha qualquer apoio.",biased
"""O país finalmente está voltando aos trilhos certos"", assinalou o ex-presidente.",quote
"É o fim da picada para o nosso país. O atual desgoverno foi, com razão, massacrado pelos adversários nas últimas pesquisas.",biased
"Com um discurso oportunista, a velha política tentou emplacar mais uma narrativa falsa para enganar os eleitores incautos. É um verdadeiro absurdo que alguém assim ainda tenha qualquer apoio.",biased
"Durante a entrevista, o presidente ponderou que ""o país finalmente está voltando aos trilhos certos"".",quote
"Em nota oficial, o senador declarou: ""precisamos urgentemente investir mais em saúde e educação pública"".",quote
O politiqueiro arrogante continua diariamente com seu show de horrores nas redes sociais. Uma clara e evidente demonstração de desespero eleitoral desta trupe.,biased
A legenda conservadora desastroso agiu como uma verdadeira linha auxiliar de seus chefes políticos. Uma clara e evidente demonstração de desespero eleitoral desta trupe.,biased
"""O debate político de hoje precisa ser muito mais respeitoso"" - ressaltou o candidato na sessão de hoje.",quote
"Em nota oficial, o presidente do tribunal avaliou: ""a segurança pública deve ser a verdadeira prioridade desta gestão"".",quote
"Segundo o advogado de defesa, ""as medidas adotadas pelo Banco Central foram claramente insuficientes"".",quote
"Em nota oficial, o presidente disse: ""este projeto de lei destruirá o meio ambiente em poucos anos"".",quote
"Durante a entrevista, o parlamentar disse que ""a aprovação da reforma tributária na câmara é para ontem"".",quote
É o fim da picada para o nosso país. O partido esquerdista agiu como uma verdadeira linha auxiliar de seus chefes políticos.,biased
"Com um discurso desastroso, o suposto líder mostrou sem pudor a sua verdadeira face intolerante e odiosa. É o fim da picada para o nosso país.",biased
"Com um discurso patético, o atual desgoverno tentou emplacar mais uma narrativa falsa para enganar os eleitores incautos. Uma clara e evidente demonstração de desespero eleitoral desta trupe.",biased
Lamentável ter que assistir a esse tipo de postura na televisão. A oposição histérica mostrou sem pudor a sua verdadeira face intolerante e odiosa.,biased
O presidente negacionista completamente vergonhoso agiu como uma verdadeira linha auxiliar de seus chefes políticos. Ninguém aguenta mais tanto cinismo e cara de pau.,biased
"""O país finalmente está voltando aos trilhos certos"", afirmou o presidente do tribunal.",quote
"Com um discurso criminoso, o governador oportunista só sabe atacar as instituições ao invés de propor soluções reais. Atitude típica e esperada de quem não tem nenhum projeto viável para o Brasil.",biased
"Com um discurso oportunista, a bancada do retrocesso passou uma tremenda vergonha ao tentar explicar o inexplicável. A internet, claro, não perdoou e subiu dezenas de tags pejorativas.",biased
"O presidente negacionista passou uma tremenda vergonha ao tentar explicar o inexplicável, o que é inepto. Uma clara e evidente demonstração de desespero eleitoral desta trupe.",biased
"""As eleições foram um marco para a nossa jovem democracia"" - disse a deputada na sessão de hoje.",quote
"Com um discurso autoritário, o presidente negacionista continua diariamente com seu show de horrores nas redes sociais. Parece uma piada de mau gosto, mas infelizmente é a nossa realidade.",biased
"Em nota oficial, o presidente ressaltou: ""o governo tira remédio da Farmácia Popular, mas mantém outras mamatas intactas"".",quote
"""Não adianta tentar cutucar a onça com vara curta neste momento"", declarou a deputada.",quote
"A bancada do retrocesso continua diariamente com seu show de horrores nas redes sociais, o que é fascista. E os defensores cegos continuam aplaudindo esse desastre.",biased
"Com um discurso desastroso, o politiqueiro passou uma tremenda vergonha ao tentar explicar o inexplicável. É o fim da picada para o nosso país.",biased
"Totalmente hipócrita, o governador oportunista só sabe atacar as instituições ao invés de propor soluções reais.",biased
"Com um discurso criminoso, o ex-ministro só sabe atacar as instituições ao invés de propor soluções reais. Uma clara e evidente demonstração de desespero eleitoral desta trupe.",biased
"Com um discurso demagogo, o presidente negacionista continua diariamente com seu show de horrores nas redes sociais. Lamentável ter que assistir a esse tipo de postura na televisão.",biased
O politiqueiro criminoso tentou emplacar mais uma narrativa falsa para enganar os eleitores incautos. E os defensores cegos continuam aplaudindo esse desastre.,biased
"Em nota oficial, o prefeito alertou: ""as estatais devem servir ao povo, não a interesses escusos"".",quote
"O partido esquerdista só sabe atacar as instituições ao invés de propor soluções reais, o que é arrogante. É um verdadeiro absurdo que alguém assim ainda tenha qualquer apoio.",biased
"A velha política agiu como uma verdadeira linha auxiliar de seus chefes políticos, o que é completamente vergonhoso. Enquanto isso, a população pobre sofre as trágicas consequências.",biased
"A bancada do retrocesso oportunista foi, com razão, massacrado pelos adversários nas últimas pesquisas. Lamentável ter que assistir a esse tipo de postura na televisão.",biased
"O partido esquerdista passou pano para os desvios milionários de seus aliados mais próximos, o que é inepto. Lamentável ter que assistir a esse tipo de postura na televisão.",biased
"Totalmente totalmente alienado, o presidente negacionista continua diariamente com seu show de horrores nas redes sociais.",biased
"A bancada do retrocesso completamente vergonhoso tentou, sem sucesso, maquiar os números aterrorizantes de sua gestão. A internet, claro, não perdoou e subiu dezenas de tags pejorativas.",biased
"Em nota oficial, o pesquisador criticou: ""nenhum país cresce sem apoiar a ciência e a tecnologia"".",quote
"A velha política mostrou sem pudor a sua verdadeira face intolerante e odiosa, o que é oportunista. É o fim da picada para o nosso país.",biased
"O suposto líder criminoso foi, com razão, massacrado pelos adversários nas últimas pesquisas. A internet, claro, não perdoou e subiu dezenas de tags pejorativas.",biased
"Segundo a ministra da Saúde, ""os pleitos foram um marco para a nossa jovem democracia"".",quote
"Com um discurso demagogo, o presidente negacionista mostrou sem pudor a sua verdadeira face intolerante e odiosa. Parece uma piada de mau gosto, mas infelizmente é a nossa realidade.",biased
"O atual desgoverno agiu como uma verdadeira linha auxiliar de seus chefes políticos, o que é despreparado. Lamentável ter que assistir a esse tipo de postura na televisão.",biased
"Durante a entrevista, o ministro da Economia assinalou que ""não adianta tentar cutucar a onça com vara curta neste momento"".",quote
"Segundo o ministro da Economia, ""não há qualquer indício de corrupção ou irregularidade neste caso"".",quote
"Segundo o líder da oposição, ""não podemos, de forma alguma, aceitar esse tipo de retrocesso"".",quote
"Totalmente desastroso, o presidente negacionista tentou, sem sucesso, maquiar os números aterrorizantes de sua gestão.",biased
"Totalmente despreparado, a legenda conservadora agiu como uma verdadeira linha auxiliar de seus chefes políticos.",biased
A velha política completamente vergonhoso só sabe atacar as instituições ao invés de propor soluções reais. É o fim da picada para o nosso país.,biased
Atitude típica e esperada de quem não tem nenhum projeto viável para o Brasil. O presidente negacionista mostrou sem pudor a sua verdadeira face intolerante e odiosa.,biased
"Parece uma piada de mau gosto, mas infelizmente é a nossa realidade. A bancada do retrocesso só sabe atacar as instituições ao invés de propor soluções reais.",biased
"O politiqueiro só sabe atacar as instituições ao invés de propor soluções reais, o que é patético. A internet, claro, não perdoou e subiu dezenas de tags pejorativas.",biased
"Totalmente oportunista, o suposto líder agiu como uma verdadeira linha auxiliar de seus chefes políticos.",biased
"""A inflação está completamente fora de controle"" - garantiu o candidato na sessão de hoje.",quote
"Com um discurso oportunista, o ex-ministro fugiu das perguntas dos jornalistas como o diabo foge da cruz. E os defensores cegos continuam aplaudindo esse desastre.",biased
"A velha política só sabe atacar as instituições ao invés de propor soluções reais, o que é despreparado. Enquanto isso, a população pobre sofre as trágicas consequências.",biased
"Durante a entrevista, o candidato afirmou que ""os pleitos foram um marco para a nossa jovem democracia"".",quote
"Em nota oficial, o senador ponderou: ""não há qualquer indício de corrupção ou irregularidade neste caso"".",quote
"Com um discurso oportunista, o governador oportunista passou uma tremenda vergonha ao tentar explicar o inexplicável. Atitude típica e esperada de quem não tem nenhum projeto viável para o Brasil.",biased
"""Não adianta tentar cutucar a onça com vara curta neste momento"" - advertiu o ministro da Economia na sessão de hoje.",quote
"""O nosso orçamento anual não fecha sem a criação de novas receitas"", criticou o ex-presidente.",quote
"""Não adianta tentar cutucar a onça com vara curta neste momento"", apontou o líder da oposição.",quote
"""As estatais devem servir ao povo, não a interesses escusos"", justificou o presidente.",quote
"Durante a entrevista, o senador disse que ""não haverá trégua para os que tentam burlar as leis eleitorais"".",quote
"Em nota oficial, o líder da oposição prometeu: ""as medidas adotadas pelo Banco Central foram claramente insuficientes"".",quote
"A oposição histérica foi, com razão, massacrado pelos adversários nas últimas pesquisas, o que é inepto. Uma clara e evidente demonstração de desespero eleitoral desta trupe.",biased
"Durante a entrevista, o senador justificou que ""o corte de gastos do governo federal é inevitável"".",quote
"""A aprovação da reforma tributária na câmara é para ontem"" - garantiu o líder da oposição na sessão de hoje.",quote
"O politiqueiro autoritário mostrou sem pudor a sua verdadeira face intolerante e odiosa. Enquanto isso, a população pobre sofre as trágicas consequências.",biased
"O suposto líder só sabe atacar as instituições ao invés de propor soluções reais, o que é arrogante. Ninguém aguenta mais tanto cinismo e cara de pau.",biased
É um verdadeiro absurdo que alguém assim ainda tenha qualquer apoio. A legenda conservadora mostrou sem pudor a sua verdadeira face intolerante e odiosa.,biased
"Parece uma piada de mau gosto, mas infelizmente é a nossa realidade. O presidente negacionista demonstrou total e absoluta falta de preparo no debate de ontem.",biased
"""Não podemos, de forma alguma, aceitar esse tipo de retrocesso"" - declarou o parlamentar na sessão de hoje.",quote
"Em nota oficial, o pesquisador garantiu: ""a aprovação da reforma tributária na câmara é para ontem"".",quote
"Enquanto isso, a população pobre sofre as trágicas consequências. O atual desgoverno fugiu das perguntas dos jornalistas como o diabo foge da cruz.",biased
"A velha política lunático tentou, sem sucesso, maquiar os números aterrorizantes de sua gestão. Atitude típica e esperada de quem não tem nenhum projeto viável para o Brasil.",biased
"Parece uma piada de mau gosto, mas infelizmente é a nossa realidade. O candidato continua diariamente com seu show de horrores nas redes sociais.",biased
"Com um discurso inepto, a legenda conservadora agiu como uma verdadeira linha auxiliar de seus chefes políticos. A internet, claro, não perdoou e subiu dezenas de tags pejorativas.",biased
"""A segurança pública deve ser a verdadeira prioridade desta gestão"", justificou o advogado de defesa.",quote
"Com um discurso despreparado, a legenda conservadora só sabe atacar as instituições ao invés de propor soluções reais. É um verdadeiro absurdo que alguém assim ainda tenha qualquer apoio.",biased
"O ex-ministro fugiu das perguntas dos jornalistas como o diabo foge da cruz, o que é completamente vergonhoso. E os defensores cegos continuam aplaudindo esse desastre.",biased
"Com um discurso inepto, o atual desgoverno promoveu mais um circo midiático apenas para animar seus fãs extremistas. Ninguém aguenta mais tanto cinismo e cara de pau.",biased
"""O sistema de saúde entrou em colapso devido à falta de planejamento"" - ponderou o governador na sessão de hoje.",quote
"Em nota oficial, o líder da oposição disse: ""os pleitos foram um marco para a nossa jovem democracia"".",quote
E os defensores cegos continuam aplaudindo esse desastre. O politiqueiro fugiu das perguntas dos jornalistas como o diabo foge da cruz.,biased
"Totalmente inepto, o partido esquerdista demonstrou total e absoluta falta de preparo no debate de ontem.",biased
"Com um discurso desastroso, a oposição histérica passou uma tremenda vergonha ao tentar explicar o inexplicável. A internet, claro, não perdoou e subiu dezenas de tags pejorativas.",biased
"Em nota oficial, o governador rebateu: ""o debate político de hoje precisa ser muito mais respeitoso"".",quote
"A velha política foi, com razão, massacrado pelos adversários nas últimas pesquisas, o que é oportunista. Ninguém aguenta mais tanto cinismo e cara de pau.",biased
"Com um discurso patético, o governador oportunista foi, com razão, massacrado pelos adversários nas últimas pesquisas. É o fim da picada para o nosso país.",biased
A bancada do retrocesso hipócrita tentou emplacar mais uma narrativa falsa para enganar os eleitores incautos. Lamentável ter que assistir a esse tipo de postura na televisão.,biased
"Em nota oficial, o governador criticou: ""o país finalmente está voltando aos trilhos certos"".",quote
"""Não adianta tentar cutucar a onça com vara curta neste momento"", justificou o senador.",quote
"Totalmente arrogante, o partido esquerdista fugiu das perguntas dos jornalistas como o diabo foge da cruz.",biased
"Totalmente demagogo, o candidato continua diariamente com seu show de horrores nas redes sociais.",biased
"A internet, claro, não perdoou e subiu dezenas de tags pejorativas. O presidente negacionista tentou, sem sucesso, maquiar os números aterrorizantes de sua gestão.",biased
"Com um discurso inepto, o politiqueiro demonstrou total e absoluta falta de preparo no debate de ontem. Uma clara e evidente demonstração de desespero eleitoral desta trupe.",biased
"Em nota oficial, o prefeito rebateu: ""as eleições foram um marco para a nossa jovem democracia"".",quote
"""Este projeto de lei destruirá o meio ambiente em poucos anos"" - garantiu a deputada na sessão de hoje.",quote
"Totalmente criminoso, o presidente negacionista tentou, sem sucesso, maquiar os números aterrorizantes de sua gestão.",biased
"""Precisamos urgentemente investir mais em saúde e educação pública"", garantiu o candidato.",quote
Atitude típica e esperada de quem não tem nenhum projeto viável para o Brasil. O candidato tentou emplacar mais uma narrativa falsa para enganar os eleitores incautos.,biased
"Parece uma piada de mau gosto, mas infelizmente é a nossa realidade. O ex-ministro passou pano para os desvios milionários de seus aliados mais próximos.",biased
"A velha política fugiu das perguntas dos jornalistas como o diabo foge da cruz, o que é hipócrita. Enquanto isso, a população pobre sofre as trágicas consequências.",biased
"Durante a entrevista, o advogado de defesa afirmou que ""o corte de gastos do governo federal é inevitável"".",quote
"Segundo o pesquisador, ""não adianta tentar cutucar a onça com vara curta neste momento"".",quote
"""As eleições foram um marco para a nossa jovem democracia"", garantiu a ministra da Saúde.",quote
O atual desgoverno oportunista tentou emplacar mais uma narrativa falsa para enganar os eleitores incautos. Uma clara e evidente demonstração de desespero eleitoral desta trupe.,biased
"A internet, claro, não perdoou e subiu dezenas de tags pejorativas. O suposto líder fugiu das perguntas dos jornalistas como o diabo foge da cruz.",biased
"Totalmente inepto, o politiqueiro agiu como uma verdadeira linha auxiliar de seus chefes políticos.",biased
"""As medidas adotadas pelo banco central foram claramente insuficientes"" - ponderou o relator da CPI na sessão de hoje.",quote
"O ex-ministro tentou emplacar mais uma narrativa falsa para enganar os eleitores incautos, o que é patético. E os defensores cegos continuam aplaudindo esse desastre.",biased
"Em nota oficial, o senador avaliou: ""nenhum país cresce sem apoiar a ciência e a tecnologia"".",quote
"Em nota oficial, o relator da CPI justificou: ""o sistema de saúde entrou em colapso devido à falta de planejamento"".",quote
"O partido esquerdista incompetente tentou, sem sucesso, maquiar os números aterrorizantes de sua gestão. Enquanto isso, a população pobre sofre as trágicas consequências.",biased
"Com um discurso completamente vergonhoso, a velha política passou uma tremenda vergonha ao tentar explicar o inexplicável. Enquanto isso, a população pobre sofre as trágicas consequências.",biased
"""Precisamos urgentemente investir mais em saúde e educação pública"" - concluiu o ex-presidente na sessão de hoje.",quote
O atual desgoverno inepto só sabe atacar as instituições ao invés de propor soluções reais. Atitude típica e esperada de quem não tem nenhum projeto viável para o Brasil.,biased
"Com um discurso criminoso, a legenda conservadora tentou, sem sucesso, maquiar os números aterrorizantes de sua gestão. E os defensores cegos continuam aplaudindo esse desastre.",biased
"Totalmente patético, a oposição histérica mostrou sem pudor a sua verdadeira face intolerante e odiosa.",biased
A bancada do retrocesso incompetente só sabe atacar as instituições ao invés de propor soluções reais. Lamentável ter que assistir a esse tipo de postura na televisão.,biased
"Totalmente fascista, a bancada do retrocesso tentou, sem sucesso, maquiar os números aterrorizantes de sua gestão.",biased
"Durante a entrevista, o ministro da Economia apontou que ""o debate político de hoje precisa ser muito mais respeitoso"".",quote
"Em nota oficial, o ministro da Economia ponderou: ""o nosso orçamento anual não fecha sem a criação de novas receitas"".",quote
"A internet, claro, não perdoou e subiu dezenas de tags pejorativas. O suposto líder demonstrou total e absoluta falta de preparo no debate de ontem.",biased
"""A aprovação da reforma tributária na câmara é para ontem"" - advertiu o senador na sessão de hoje.",quote
"O candidato foi, com razão, massacrado pelos adversários nas últimas pesquisas, o que é hipócrita. Uma clara e evidente demonstração de desespero eleitoral desta trupe.",biased
"""Não podemos, de forma alguma, aceitar esse tipo de retrocesso"", apontou o líder da oposição.",quote
"""Os pleitos foram um marco para a nossa jovem democracia"", avaliou o governador.",quote
"Totalmente despreparado, o politiqueiro passou pano para os desvios milionários de seus aliados mais próximos.",biased
"Com um discurso completamente vergonhoso, o politiqueiro demonstrou total e absoluta falta de preparo no debate de ontem. Atitude típica e esperada de quem não tem nenhum projeto viável para o Brasil.",biased
O presidente negacionista autoritário fugiu das perguntas dos jornalistas como o diabo foge da cruz. Lamentável ter que assistir a esse tipo de postura na televisão.,biased
"Com um discurso fascista, o ex-ministro fugiu das perguntas dos jornalistas como o diabo foge da cruz. É o fim da picada para o nosso país.",biased
"Durante a entrevista, o ex-presidente garantiu que ""o corte de gastos do governo federal é inevitável"".",quote
"Totalmente incompetente, a velha política tentou emplacar mais uma narrativa falsa para enganar os eleitores incautos.",biased
"Durante a entrevista, o governador concluiu que ""o sistema de saúde entrou em colapso devido à falta de planejamento"".",quote
"""Não haverá trégua para os que tentam burlar as leis eleitorais"", prometeu a deputada.",quote
"Em nota oficial, o prefeito disse: ""a aprovação da reforma tributária na câmara é para ontem"".",quote
"A velha política foi, com razão, massacrado pelos adversários nas últimas pesquisas, o que é arrogante. É o fim da picada para o nosso país.",biased
"""Este projeto de lei destruirá o meio ambiente em poucos anos"" - rebateu o líder da oposição na sessão de hoje.",quote
"Com um discurso criminoso, a legenda conservadora passou pano para os desvios milionários de seus aliados mais próximos. Enquanto isso, a população pobre sofre as trágicas consequências.",biased
É um verdadeiro absurdo que alguém assim ainda tenha qualquer apoio. O politiqueiro só sabe atacar as instituições ao invés de propor soluções reais.,biased
"Totalmente demagogo, o partido esquerdista foi, com razão, massacrado pelos adversários nas últimas pesquisas.",biased
"O politiqueiro promoveu mais um circo midiático apenas para animar seus fãs extremistas, o que é criminoso. A internet, claro, não perdoou e subiu dezenas de tags pejorativas.",biased
"""A segurança pública deve ser a verdadeira prioridade desta gestão"", rebateu o governador.",quote
"""O governo tira remédio da farmácia popular, mas mantém outras mamatas intactas"", criticou o pesquisador.",quote
"Enquanto isso, a população pobre sofre as trágicas consequências. O partido esquerdista agiu como uma verdadeira linha auxiliar de seus chefes políticos.",biased
"""Não haverá trégua para os que tentam burlar as leis eleitorais"", prometeu o ministro da Economia.",quote
"A oposição histérica tentou emplacar mais uma narrativa falsa para enganar os eleitores incautos, o que é autoritário. Uma clara e evidente demonstração de desespero eleitoral desta trupe.",biased
"""As estatais devem servir ao povo, não a interesses escusos"", criticou o prefeito.",quote
"Em nota oficial, o advogado de defesa concluiu: ""a economia vai se recuperar no próximo trimestre, apesar das dificuldades"".",quote
"Segundo o especialista em segurança, ""o debate político de hoje precisa ser muito mais respeitoso"".",quote
"Com um discurso despreparado, o candidato foi, com razão, massacrado pelos adversários nas últimas pesquisas. Uma clara e evidente demonstração de desespero eleitoral desta trupe.",biased
"O partido esquerdista tentou, sem sucesso, maquiar os números aterrorizantes de sua gestão, o que é arrogante. A internet, claro, não perdoou e subiu dezenas de tags pejorativas.",biased
"A legenda conservadora agiu como uma verdadeira linha auxiliar de seus chefes políticos, o que é criminoso. Uma clara e evidente demonstração de desespero eleitoral desta trupe.",biased
"Enquanto isso, a população pobre sofre as trágicas consequências. O candidato tentou emplacar mais uma narrativa falsa para enganar os eleitores incautos.",biased
"Com um discurso lunático, a oposição histérica promoveu mais um circo midiático apenas para animar seus fãs extremistas. E os defensores cegos continuam aplaudindo esse desastre.",biased
"""Não há qualquer indício de corrupção ou irregularidade neste caso"" - ponderou o parlamentar na sessão de hoje.",quote
"""O governo tira remédio da farmácia popular, mas mantém outras mamatas intactas"", disse o ex-presidente.",quote
"Em nota oficial, o líder da oposição concluiu: ""a aprovação da reforma tributária na câmara é para ontem"".",quote
"""Não haverá trégua para os que tentam burlar as leis eleitorais"", rebateu o porta-voz do governo.",quote
O candidato arrogante fugiu das perguntas dos jornalistas como o diabo foge da cruz. É um verdadeiro absurdo que alguém assim ainda tenha qualquer apoio.,biased
"""O governo tira remédio da farmácia popular, mas mantém outras mamatas intactas"" - alertou o especialista em segurança na sessão de hoje.",quote
"O candidato tentou emplacar mais uma narrativa falsa para enganar os eleitores incautos, o que é oportunista. Lamentável ter que assistir a esse tipo de postura na televisão.",biased
"""O sistema de saúde entrou em colapso devido à falta de planejamento"" - disse a ministra da Saúde na sessão de hoje.",quote
"O atual desgoverno promoveu mais um circo midiático apenas para animar seus fãs extremistas, o que é despreparado. É um verdadeiro absurdo que alguém assim ainda tenha qualquer apoio.",biased
"Segundo o candidato, ""os pleitos foram um marco para a nossa jovem democracia"".",quote
"Totalmente completamente vergonhoso, a bancada do retrocesso passou pano para os desvios milionários de seus aliados mais próximos.",biased
"Totalmente totalmente alienado, o governador oportunista só sabe atacar as instituições ao invés de propor soluções reais.",biased
"""Não adianta tentar cutucar a onça com vara curta neste momento"" - assinalou o relator da CPI na sessão de hoje.",quote
"A internet, claro, não perdoou e subiu dezenas de tags pejorativas. A bancada do retrocesso demonstrou total e absoluta falta de preparo no debate de ontem.",biased
"""Nenhum país cresce sem apoiar a ciência e a tecnologia"" - garantiu o prefeito na sessão de hoje.",quote
"Parece uma piada de mau gosto, mas infelizmente é a nossa realidade. O candidato passou pano para os desvios milionários de seus aliados mais próximos.",biased
"Durante a entrevista, o governador ressaltou que ""o governo tira remédio da Farmácia Popular, mas mantém outras mamatas intactas"".",quote
"Durante a entrevista, o presidente do tribunal advertiu que ""não há qualquer indício de corrupção ou irregularidade neste caso"".",quote
"""Não adianta tentar cutucar a onça com vara curta neste momento"" - declarou o advogado de defesa na sessão de hoje.",quote
"Durante a entrevista, o candidato alertou que ""o governo tira remédio da Farmácia Popular, mas mantém outras mamatas intactas"".",quote
"""Não há qualquer indício de corrupção ou irregularidade neste caso"", concluiu o especialista em segurança.",quote
É um verdadeiro absurdo que alguém assim ainda tenha qualquer apoio. O politiqueiro fugiu das perguntas dos jornalistas como o diabo foge da cruz.,biased
"O ex-ministro agiu como uma verdadeira linha auxiliar de seus chefes políticos, o que é incompetente. Enquanto isso, a população pobre sofre as trágicas consequências.",biased
A oposição histérica completamente vergonhoso passou pano para os desvios milionários de seus aliados mais próximos. Lamentável ter que assistir a esse tipo de postura na televisão.,biased
"Com um discurso completamente vergonhoso, a oposição histérica demonstrou total e absoluta falta de preparo no debate de ontem. Parece uma piada de mau gosto, mas infelizmente é a nossa realidade.",biased
"Durante a entrevista, o advogado de defesa avaliou que ""as medidas adotadas pelo Banco Central foram claramente insuficientes"".",quote
Atitude típica e esperada de quem não tem nenhum projeto viável para o Brasil. O governador oportunista tentou emplacar mais uma narrativa falsa para enganar os eleitores incautos.,biased
"O governador oportunista demonstrou total e absoluta falta de preparo no debate de ontem, o que é despreparado. E os defensores cegos continuam aplaudindo esse desastre.",biased
"O presidente negacionista desastroso mostrou sem pudor a sua verdadeira face intolerante e odiosa. Enquanto isso, a população pobre sofre as trágicas consequências.",biased
"Em nota oficial, o presidente criticou: ""a inflação está completamente fora de controle"".",quote
"O candidato fugiu das perguntas dos jornalistas como o diabo foge da cruz, o que é autoritário. Enquanto isso, a população pobre sofre as trágicas consequências.",biased
"""As medidas adotadas pelo banco central foram claramente insuficientes"" - avaliou o parlamentar na sessão de hoje.",quote
"Totalmente completamente vergonhoso, a bancada do retrocesso tentou emplacar mais uma narrativa falsa para enganar os eleitores incautos.",biased
"O governador oportunista tentou, sem sucesso, maquiar os números aterrorizantes de sua gestão, o que é arrogante. Parece uma piada de mau gosto, mas infelizmente é a nossa realidade.",biased
"O suposto líder fugiu das perguntas dos jornalistas como o diabo foge da cruz, o que é hipócrita. Ninguém aguenta mais tanto cinismo e cara de pau.",biased
"Segundo o ministro da Economia, ""o país finalmente está voltando aos trilhos certos"".",quote
"Em nota oficial, o especialista em segurança apontou: ""a aprovação da reforma tributária na câmara é para ontem"".",quote
"Totalmente totalmente alienado, o presidente negacionista mostrou sem pudor a sua verdadeira face intolerante e odiosa.",biased
"Com um discurso criminoso, a legenda conservadora foi, com razão, massacrado pelos adversários nas últimas pesquisas. É um verdadeiro absurdo que alguém assim ainda tenha qualquer apoio.",biased
"""A inflação está completamente fora de controle"" - justificou o prefeito na sessão de hoje.",quote
"""Não adianta tentar cutucar a onça com vara curta neste momento"", concluiu o senador.",quote
"Com um discurso demagogo, o suposto líder promoveu mais um circo midiático apenas para animar seus fãs extremistas. Lamentável ter que assistir a esse tipo de postura na televisão.",biased
A bancada do retrocesso demagogo só sabe atacar as instituições ao invés de propor soluções reais. Uma clara e evidente demonstração de desespero eleitoral desta trupe.,biased
"Em nota oficial, o prefeito declarou: ""as estatais devem servir ao povo, não a interesses escusos"".",quote
"Com um discurso arrogante, o politiqueiro só sabe atacar as instituições ao invés de propor soluções reais. A internet, claro, não perdoou e subiu dezenas de tags pejorativas.",biased
"Em nota oficial, o governador concluiu: ""este projeto de lei destruirá o meio ambiente em poucos anos"".",quote
O governador oportunista incompetente promoveu mais um circo midiático apenas para animar seus fãs extremistas. E os defensores cegos continuam aplaudindo esse desastre.,biased
"Com um discurso desastroso, o candidato promoveu mais um circo midiático apenas para animar seus fãs extremistas. Atitude típica e esperada de quem não tem nenhum projeto viável para o Brasil.",biased
"Totalmente arrogante, o atual desgoverno passou uma tremenda vergonha ao tentar explicar o inexplicável.",biased
"""As estatais devem servir ao povo, não a interesses escusos"" - justificou o pesquisador na sessão de hoje.",quote
"Com um discurso despreparado, a bancada do retrocesso mostrou sem pudor a sua verdadeira face intolerante e odiosa. É o fim da picada para o nosso país.",biased
"A bancada do retrocesso patético fugiu das perguntas dos jornalistas como o diabo foge da cruz. Parece uma piada de mau gosto, mas infelizmente é a nossa realidade.",biased
"Com um discurso autoritário, a bancada do retrocesso agiu como uma verdadeira linha auxiliar de seus chefes políticos. Ninguém aguenta mais tanto cinismo e cara de pau.",biased
"""A inflação está completamente fora de controle"", criticou o ministro da Economia.",quote
"Totalmente completamente vergonhoso, o ex-ministro mostrou sem pudor a sua verdadeira face intolerante e odiosa.",biased
"A oposição histérica agiu como uma verdadeira linha auxiliar de seus chefes políticos, o que é criminoso. É o fim da picada para o nosso país.",biased
"Segundo o relator da CPI, ""este projeto de lei destruirá o meio ambiente em poucos anos"".",quote
E os defensores cegos continuam aplaudindo esse desastre. A oposição histérica passou uma tremenda vergonha ao tentar explicar o inexplicável.,biased
"Totalmente desastroso, o suposto líder continua diariamente com seu show de horrores nas redes sociais.",biased
"Em nota oficial, o presidente ponderou: ""a segurança pública deve ser a verdadeira prioridade desta gestão"".",quote
"Parece uma piada de mau gosto, mas infelizmente é a nossa realidade. O suposto líder mostrou sem pudor a sua verdadeira face intolerante e odiosa.",biased
"Totalmente inepto, o politiqueiro demonstrou total e absoluta falta de preparo no debate de ontem.",biased
"Segundo o relator da CPI, ""o governo tira remédio da Farmácia Popular, mas mantém outras mamatas intactas"".",quote
A oposição histérica lunático agiu como uma verdadeira linha auxiliar de seus chefes políticos. E os defensores cegos continuam aplaudindo esse desastre.,biased
"Totalmente patético, o politiqueiro mostrou sem pudor a sua verdadeira face intolerante e odiosa.",biased
"Com um discurso patético, a bancada do retrocesso demonstrou total e absoluta falta de preparo no debate de ontem. Uma clara e evidente demonstração de desespero eleitoral desta trupe.",biased
"A legenda conservadora agiu como uma verdadeira linha auxiliar de seus chefes políticos, o que é desastroso. Uma clara e evidente demonstração de desespero eleitoral desta trupe.",biased
"A legenda conservadora fugiu das perguntas dos jornalistas como o diabo foge da cruz, o que é demagogo. Uma clara e evidente demonstração de desespero eleitoral desta trupe.",biased
"Com um discurso despreparado, o atual desgoverno agiu como uma verdadeira linha auxiliar de seus chefes políticos. Atitude típica e esperada de quem não tem nenhum projeto viável para o Brasil.",biased
Ninguém aguenta mais tanto cinismo e cara de pau. O presidente negacionista promoveu mais um circo midiático apenas para animar seus fãs extremistas.,biased
"O candidato mostrou sem pudor a sua verdadeira face intolerante e odiosa, o que é inepto. Lamentável ter que assistir a esse tipo de postura na televisão.",biased
O governador oportunista patético mostrou sem pudor a sua verdadeira face intolerante e odiosa. Atitude típica e esperada de quem não tem nenhum projeto viável para o Brasil.,biased
"Durante a entrevista, o relator da CPI rebateu que ""o país finalmente está voltando aos trilhos certos"".",quote
"Durante a entrevista, o porta-voz do governo rebateu que ""o corte de gastos do governo federal é inevitável"".",quote
Lamentável ter que assistir a esse tipo de postura na televisão. A velha política promoveu mais um circo midiático apenas para animar seus fãs extremistas.,biased
"""O país finalmente está voltando aos trilhos certos"" - assinalou o porta-voz do governo na sessão de hoje.",quote
"Com um discurso patético, o atual desgoverno fugiu das perguntas dos jornalistas como o diabo foge da cruz. Ninguém aguenta mais tanto cinismo e cara de pau.",biased
"Segundo a deputada, ""os pleitos foram um marco para a nossa jovem democracia"".",quote
"A legenda conservadora passou pano para os desvios milionários de seus aliados mais próximos, o que é criminoso. Atitude típica e esperada de quem não tem nenhum projeto viável para o Brasil.",biased
"O presidente negacionista demonstrou total e absoluta falta de preparo no debate de ontem, o que é despreparado. Atitude típica e esperada de quem não tem nenhum projeto viável para o Brasil.",biased
"Durante a entrevista, o ministro da Economia concluiu que ""não adianta tentar cutucar a onça com vara curta neste momento"".",quote
"Totalmente arrogante, o partido esquerdista demonstrou total e absoluta falta de preparo no debate de ontem.",biased
"Durante a entrevista, o governador criticou que ""o nosso orçamento anual não fecha sem a criação de novas receitas"".",quote
O presidente negacionista despreparado só sabe atacar as instituições ao invés de propor soluções reais. E os defensores cegos continuam aplaudindo esse desastre.,biased
"Totalmente criminoso, o atual desgoverno promoveu mais um circo midiático apenas para animar seus fãs extremistas.",biased
Atitude típica e esperada de quem não tem nenhum projeto viável para o Brasil. O governador oportunista passou pano para os desvios milionários de seus aliados mais próximos.,biased
"Durante a entrevista, o senador assinalou que ""a segurança pública deve ser a verdadeira prioridade desta gestão"".",quote
"Totalmente arrogante, a legenda conservadora fugiu das perguntas dos jornalistas como o diabo foge da cruz.",biased
"Totalmente autoritário, o politiqueiro fugiu das perguntas dos jornalistas como o diabo foge da cruz.",biased
"Com um discurso desastroso, a velha política continua diariamente com seu show de horrores nas redes sociais. É um verdadeiro absurdo que alguém assim ainda tenha qualquer apoio.",biased
"Durante a entrevista, o líder da oposição assinalou que ""a inflação está completamente fora de controle"".",quote
"""Não adianta tentar cutucar a onça com vara curta neste momento"" - garantiu o candidato na sessão de hoje.",quote
"""A aprovação da reforma tributária na câmara é para ontem"", afirmou o governador.",quote
O candidato despreparado mostrou sem pudor a sua verdadeira face intolerante e odiosa. É um verdadeiro absurdo que alguém assim ainda tenha qualquer apoio.,biased
"Em nota oficial, o governador ressaltou: ""a aprovação da reforma tributária na câmara é para ontem"".",quote
"Totalmente fascista, o politiqueiro continua diariamente com seu show de horrores nas redes sociais.",biased
"Totalmente arrogante, o partido esquerdista passou pano para os desvios milionários de seus aliados mais próximos.",biased
"Com um discurso autoritário, o suposto líder só sabe atacar as instituições ao invés de propor soluções reais. Atitude típica e esperada de quem não tem nenhum projeto viável para o Brasil.",biased
Ninguém aguenta mais tanto cinismo e cara de pau. O suposto líder passou uma tremenda vergonha ao tentar explicar o inexplicável.,biased
"Ninguém aguenta mais tanto cinismo e cara de pau. A oposição histérica tentou, sem sucesso, maquiar os números aterrorizantes de sua gestão.",biased
"O atual desgoverno arrogante foi, com razão, massacrado pelos adversários nas últimas pesquisas. É um verdadeiro absurdo que alguém assim ainda tenha qualquer apoio.",biased
"""A segurança pública deve ser a verdadeira prioridade desta gestão"" - afirmou o presidente na sessão de hoje.",quote
"Com um discurso fascista, a bancada do retrocesso passou uma tremenda vergonha ao tentar explicar o inexplicável. Lamentável ter que assistir a esse tipo de postura na televisão.",biased
Ninguém aguenta mais tanto cinismo e cara de pau. A bancada do retrocesso passou uma tremenda vergonha ao tentar explicar o inexplicável.,biased
"A oposição histérica tentou emplacar mais uma narrativa falsa para enganar os eleitores incautos, o que é lunático. E os defensores cegos continuam aplaudindo esse desastre.",biased
"Em nota oficial, o pesquisador concluiu: ""as eleições foram um marco para a nossa jovem democracia"".",quote
"Com um discurso oportunista, a oposição histérica tentou emplacar mais uma narrativa falsa para enganar os eleitores incautos. Lamentável ter que assistir a esse tipo de postura na televisão.",biased
"Em nota oficial, o candidato prometeu: ""as medidas adotadas pelo Banco Central foram claramente insuficientes"".",quote
"Com um discurso totalmente alienado, o partido esquerdista foi, com razão, massacrado pelos adversários nas últimas pesquisas. A internet, claro, não perdoou e subiu dezenas de tags pejorativas.",biased
"O presidente negacionista fugiu das perguntas dos jornalistas como o diabo foge da cruz, o que é desastroso. Ninguém aguenta mais tanto cinismo e cara de pau.",biased
"Com um discurso completamente vergonhoso, a oposição histérica continua diariamente com seu show de horrores nas redes sociais. Parece uma piada de mau gosto, mas infelizmente é a nossa realidade.",biased
"Com um discurso autoritário, o ex-ministro só sabe atacar as instituições ao invés de propor soluções reais. Atitude típica e esperada de quem não tem nenhum projeto viável para o Brasil.",biased
O suposto líder completamente vergonhoso promoveu mais um circo midiático apenas para animar seus fãs extremistas. Atitude típica e esperada de quem não tem nenhum projeto viável para o Brasil.,biased
"Durante a entrevista, o líder da oposição advertiu que ""este projeto de lei destruirá o meio ambiente em poucos anos"".",quote
"O candidato promoveu mais um circo midiático apenas para animar seus fãs extremistas, o que é despreparado. Enquanto isso, a população pobre sofre as trágicas consequências.",biased
O governador oportunista lunático passou pano para os desvios milionários de seus aliados mais próximos. E os defensores cegos continuam aplaudindo esse desastre.,biased
"Durante a entrevista, o relator da CPI rebateu que ""não haverá trégua para os que tentam burlar as leis eleitorais"".",quote
"O candidato só sabe atacar as instituições ao invés de propor soluções reais, o que é hipócrita. Ninguém aguenta mais tanto cinismo e cara de pau.",biased
"Segundo o prefeito, ""não adianta tentar cutucar a onça com vara curta neste momento"".",quote
O partido esquerdista completamente vergonhoso demonstrou total e absoluta falta de preparo no debate de ontem. E os defensores cegos continuam aplaudindo esse desastre.,biased
"""O debate político de hoje precisa ser muito mais respeitoso"" - concluiu o líder da oposição na sessão de hoje.",quote
"""As estatais devem servir ao povo, não a interesses escusos"" - avaliou o presidente na sessão de hoje.",quote
"Em nota oficial, o líder da oposição apontou: ""os pleitos foram um marco para a nossa jovem democracia"".",quote
"É um verdadeiro absurdo que alguém assim ainda tenha qualquer apoio. O ex-ministro foi, com razão, massacrado pelos adversários nas últimas pesquisas.",biased
"O presidente negacionista incompetente continua diariamente com seu show de horrores nas redes sociais. Enquanto isso, a população pobre sofre as trágicas consequências.",biased
"""Não há qualquer indício de corrupção ou irregularidade neste caso"", alertou o presidente do tribunal.",quote
"O atual desgoverno foi, com razão, massacrado pelos adversários nas últimas pesquisas, o que é inepto. É o fim da picada para o nosso país.",biased
"Durante a entrevista, o advogado de defesa criticou que ""nenhum país cresce sem apoiar a ciência e a tecnologia"".",quote
"""As estatais devem servir ao povo, não a interesses escusos"", prometeu o governador.",quote
"Com um discurso desastroso, o presidente negacionista fugiu das perguntas dos jornalistas como o diabo foge da cruz. Ninguém aguenta mais tanto cinismo e cara de pau.",biased
"Em nota oficial, o ministro da Economia disse: ""este projeto de lei destruirá o meio ambiente em poucos anos"".",quote
"Durante a entrevista, o especialista em segurança ressaltou que ""o nosso orçamento anual não fecha sem a criação de novas receitas"".",quote
"""O governo tira remédio da farmácia popular, mas mantém outras mamatas intactas"" - avaliou o ministro da Economia na sessão de hoje.",quote
"Em nota oficial, o porta-voz do governo garantiu: ""as eleições foram um marco para a nossa jovem democracia"".",quote
Ninguém aguenta mais tanto cinismo e cara de pau. O partido esquerdista continua diariamente com seu show de horrores nas redes sociais.,biased
"O atual desgoverno fugiu das perguntas dos jornalistas como o diabo foge da cruz, o que é lunático. É um verdadeiro absurdo que alguém assim ainda tenha qualquer apoio.",biased
"Em nota oficial, o pesquisador afirmou: ""a segurança pública deve ser a verdadeira prioridade desta gestão"".",quote
"A legenda conservadora agiu como uma verdadeira linha auxiliar de seus chefes políticos, o que é desastroso. É um verdadeiro absurdo que alguém assim ainda tenha qualquer apoio.",biased
"""As estatais devem servir ao povo, não a interesses escusos"", afirmou o presidente do tribunal.",quote
"Totalmente completamente vergonhoso, a legenda conservadora promoveu mais um circo midiático apenas para animar seus fãs extremistas.",biased
"""O sistema de saúde entrou em colapso devido à falta de planejamento"" - rebateu o presidente na sessão de hoje.",quote
"Durante a entrevista, o presidente do tribunal assinalou que ""o país finalmente está voltando aos trilhos certos"".",quote
"O candidato tentou, sem sucesso, maquiar os números aterrorizantes de sua gestão, o que é arrogante. Enquanto isso, a população pobre sofre as trágicas consequências.",biased
"Em nota oficial, o porta-voz do governo apontou: ""o debate político de hoje precisa ser muito mais respeitoso"".",quote
"O presidente negacionista passou pano para os desvios milionários de seus aliados mais próximos, o que é incompetente. E os defensores cegos continuam aplaudindo esse desastre.",biased
"Em nota oficial, o porta-voz do governo criticou: ""as estatais devem servir ao povo, não a interesses escusos"".",quote
Ninguém aguenta mais tanto cinismo e cara de pau. O politiqueiro promoveu mais um circo midiático apenas para animar seus fãs extremistas.,biased
"Com um discurso patético, o ex-ministro fugiu das perguntas dos jornalistas como o diabo foge da cruz. É um verdadeiro absurdo que alguém assim ainda tenha qualquer apoio.",biased
É o fim da picada para o nosso país. O governador oportunista mostrou sem pudor a sua verdadeira face intolerante e odiosa.,biased
"Durante a entrevista, o prefeito ressaltou que ""as medidas adotadas pelo Banco Central foram claramente insuficientes"".",quote
Atitude típica e esperada de quem não tem nenhum projeto viável para o Brasil. O partido esquerdista mostrou sem pudor a sua verdadeira face intolerante e odiosa.,biased
Lamentável ter que assistir a esse tipo de postura na televisão. O politiqueiro fugiu das perguntas dos jornalistas como o diabo foge da cruz.,biased
"O politiqueiro promoveu mais um circo midiático apenas para animar seus fãs extremistas, o que é lunático. A internet, claro, não perdoou e subiu dezenas de tags pejorativas.",biased
"""Não haverá trégua para os que tentam burlar as leis eleitorais"" - garantiu o ex-presidente na sessão de hoje.",quote
"A velha política oportunista foi, com razão, massacrado pelos adversários nas últimas pesquisas. A internet, claro, não perdoou e subiu dezenas de tags pejorativas.",biased
"""O país finalmente está voltando aos trilhos certos"" - apontou o especialista em segurança na sessão de hoje.",quote
"Durante a entrevista, o senador ponderou que ""a aprovação da reforma tributária na câmara é para ontem"".",quote
"Com um discurso despreparado, o suposto líder fugiu das perguntas dos jornalistas como o diabo foge da cruz. Enquanto isso, a população pobre sofre as trágicas consequências.",biased
"Totalmente inepto, o atual desgoverno demonstrou total e absoluta falta de preparo no debate de ontem.",biased
O governador oportunista arrogante agiu como uma verdadeira linha auxiliar de seus chefes políticos. Atitude típica e esperada de quem não tem nenhum projeto viável para o Brasil.,biased
"Com um discurso arrogante, a bancada do retrocesso fugiu das perguntas dos jornalistas como o diabo foge da cruz. Lamentável ter que assistir a esse tipo de postura na televisão.",biased
"O presidente negacionista só sabe atacar as instituições ao invés de propor soluções reais, o que é completamente vergonhoso. É um verdadeiro absurdo que alguém assim ainda tenha qualquer apoio.",biased
"""O mercado financeiro vai se recuperar no próximo trimestre, apesar das dificuldades"" - criticou o candidato na sessão de hoje.",quote
E os defensores cegos continuam aplaudindo esse desastre. O politiqueiro passou pano para os desvios milionários de seus aliados mais próximos.,biased
"Com um discurso autoritário, o governador oportunista continua diariamente com seu show de horrores nas redes sociais. E os defensores cegos continuam aplaudindo esse desastre.",biased
"Parece uma piada de mau gosto, mas infelizmente é a nossa realidade. O presidente negacionista passou pano para os desvios milionários de seus aliados mais próximos.",biased
"Durante a entrevista, o porta-voz do governo declarou que ""a economia vai se recuperar no próximo trimestre, apesar das dificuldades"".",quote
"Em nota oficial, o parlamentar advertiu: ""não haverá trégua para os que tentam burlar as leis eleitorais"".",quote
"Com um discurso inepto, o ex-ministro tentou, sem sucesso, maquiar os números aterrorizantes de sua gestão. Uma clara e evidente demonstração de desespero eleitoral desta trupe.",biased
"O candidato fugiu das perguntas dos jornalistas como o diabo foge da cruz, o que é criminoso. E os defensores cegos continuam aplaudindo esse desastre.",biased
O governador oportunista arrogante passou uma tremenda vergonha ao tentar explicar o inexplicável. Lamentável ter que assistir a esse tipo de postura na televisão.,biased
"""O governo tira remédio da farmácia popular, mas mantém outras mamatas intactas"" - justificou o governador na sessão de hoje.",quote
"Totalmente oportunista, o ex-ministro foi, com razão, massacrado pelos adversários nas últimas pesquisas.",biased
"Com um discurso fascista, o presidente negacionista mostrou sem pudor a sua verdadeira face intolerante e odiosa. Ninguém aguenta mais tanto cinismo e cara de pau.",biased
"""O debate político de hoje precisa ser muito mais respeitoso"" - advertiu o senador na sessão de hoje.",quote
"Totalmente demagogo, a oposição histérica só sabe atacar as instituições ao invés de propor soluções reais.",biased
O presidente negacionista fascista tentou emplacar mais uma narrativa falsa para enganar os eleitores incautos. É o fim da picada para o nosso país.,biased
"""Este projeto de lei destruirá o meio ambiente em poucos anos"", alertou o presidente.",quote
"Totalmente incompetente, a legenda conservadora continua diariamente com seu show de horrores nas redes sociais.",biased
"Totalmente completamente vergonhoso, a velha política passou pano para os desvios milionários de seus aliados mais próximos.",biased
"Totalmente oportunista, o politiqueiro agiu como uma verdadeira linha auxiliar de seus chefes políticos.",biased
O suposto líder autoritário agiu como uma verdadeira linha auxiliar de seus chefes políticos. Ninguém aguenta mais tanto cinismo e cara de pau.,biased
"O atual desgoverno passou pano para os desvios milionários de seus aliados mais próximos, o que é despreparado. Atitude típica e esperada de quem não tem nenhum projeto viável para o Brasil.",biased
"O presidente negacionista fascista passou pano para os desvios milionários de seus aliados mais próximos. Enquanto isso, a população pobre sofre as trágicas consequências.",biased
"Totalmente despreparado, o ex-ministro promoveu mais um circo midiático apenas para animar seus fãs extremistas.",biased
"Segundo o ex-presidente, ""a aprovação da reforma tributária na câmara é para ontem"".",quote
"Durante a entrevista, o advogado de defesa concluiu que ""o sistema de saúde entrou em colapso devido à falta de planejamento"".",quote
A oposição histérica despreparado passou uma tremenda vergonha ao tentar explicar o inexplicável. Ninguém aguenta mais tanto cinismo e cara de pau.,biased
"Totalmente fascista, o ex-ministro passou uma tremenda vergonha ao tentar explicar o inexplicável.",biased
"Totalmente lunático, a legenda conservadora demonstrou total e absoluta falta de preparo no debate de ontem.",biased
"Com um discurso desastroso, o governador oportunista promoveu mais um circo midiático apenas para animar seus fãs extremistas. Enquanto isso, a população pobre sofre as trágicas consequências.",biased
"Parece uma piada de mau gosto, mas infelizmente é a nossa realidade. O presidente negacionista mostrou sem pudor a sua verdadeira face intolerante e odiosa.",biased
O presidente negacionista totalmente alienado só sabe atacar as instituições ao invés de propor soluções reais. É o fim da picada para o nosso país.,biased
"Com um discurso completamente vergonhoso, o candidato mostrou sem pudor a sua verdadeira face intolerante e odiosa. A internet, claro, não perdoou e subiu dezenas de tags pejorativas.",biased
"Em nota oficial, a ministra da Saúde disse: ""precisamos urgentemente investir mais em saúde e educação pública"".",quote
"Durante a entrevista, o ex-presidente garantiu que ""o mercado financeiro vai se recuperar no próximo trimestre, apesar das dificuldades"".",quote
"A legenda conservadora lunático agiu como uma verdadeira linha auxiliar de seus chefes políticos. Parece uma piada de mau gosto, mas infelizmente é a nossa realidade.",biased
A velha política lunático continua diariamente com seu show de horrores nas redes sociais. Lamentável ter que assistir a esse tipo de postura na televisão.,biased
"Em nota oficial, o senador assinalou: ""não haverá trégua para os que tentam burlar as leis eleitorais"".",quote
"O suposto líder arrogante tentou, sem sucesso, maquiar os números aterrorizantes de sua gestão. Ninguém aguenta mais tanto cinismo e cara de pau.",biased
"Em nota oficial, o parlamentar afirmou: ""não haverá trégua para os que tentam burlar as leis eleitorais"".",quote
"O candidato tentou, sem sucesso, maquiar os números aterrorizantes de sua gestão, o que é oportunista. É o fim da picada para o nosso país.",biased
"Totalmente incompetente, a bancada do retrocesso mostrou sem pudor a sua verdadeira face intolerante e odiosa.",biased
"""Precisamos urgentemente investir mais em saúde e educação pública"" - concluiu a ministra da Saúde na sessão de hoje.",quote
"O governador oportunista totalmente alienado tentou, sem sucesso, maquiar os números aterrorizantes de sua gestão. Uma clara e evidente demonstração de desespero eleitoral desta trupe.",biased
"A legenda conservadora incompetente passou pano para os desvios milionários de seus aliados mais próximos. A internet, claro, não perdoou e subiu dezenas de tags pejorativas.",biased
"Em nota oficial, o ministro da Economia afirmou: ""não há qualquer indício de corrupção ou irregularidade neste caso"".",quote
"Em nota oficial, a ministra da Saúde criticou: ""precisamos urgentemente investir mais em saúde e educação pública"".",quote
"""Não adianta tentar cutucar a onça com vara curta neste momento"", apontou o parlamentar.",quote
"O presidente negacionista tentou, sem sucesso, maquiar os números aterrorizantes de sua gestão, o que é autoritário. É um verdadeiro absurdo que alguém assim ainda tenha qualquer apoio.",biased
"O governador oportunista mostrou sem pudor a sua verdadeira face intolerante e odiosa, o que é desastroso. Uma clara e evidente demonstração de desespero eleitoral desta trupe.",biased
E os defensores cegos continuam aplaudindo esse desastre. O atual desgoverno demonstrou total e absoluta falta de preparo no debate de ontem.,biased
"Com um discurso totalmente alienado, o presidente negacionista demonstrou total e absoluta falta de preparo no debate de ontem. É um verdadeiro absurdo que alguém assim ainda tenha qualquer apoio.",biased
"O ex-ministro agiu como uma verdadeira linha auxiliar de seus chefes políticos, o que é despreparado. Lamentável ter que assistir a esse tipo de postura na televisão.",biased
"O presidente negacionista tentou emplacar mais uma narrativa falsa para enganar os eleitores incautos, o que é despreparado. A internet, claro, não perdoou e subiu dezenas de tags pejorativas.",biased
"O candidato promoveu mais um circo midiático apenas para animar seus fãs extremistas, o que é criminoso. Atitude típica e esperada de quem não tem nenhum projeto viável para o Brasil.",biased
"Durante a entrevista, o prefeito apontou que ""o sistema de saúde entrou em colapso devido à falta de planejamento"".",quote
"Totalmente autoritário, a velha política tentou, sem sucesso, maquiar os números aterrorizantes de sua gestão.",biased
"""O país finalmente está voltando aos trilhos certos"" - justificou o senador na sessão de hoje.",quote
"Em nota oficial, a ministra da Saúde assinalou: ""as medidas adotadas pelo Banco Central foram claramente insuficientes"".",quote
"Durante a entrevista, o advogado de defesa avaliou que ""o sistema de saúde entrou em colapso devido à falta de planejamento"".",quote
"Com um discurso arrogante, o politiqueiro mostrou sem pudor a sua verdadeira face intolerante e odiosa. Lamentável ter que assistir a esse tipo de postura na televisão.",biased
"Enquanto isso, a população pobre sofre as trágicas consequências. A bancada do retrocesso promoveu mais um circo midiático apenas para animar seus fãs extremistas.",biased
O partido esquerdista arrogante demonstrou total e absoluta falta de preparo no debate de ontem. É o fim da picada para o nosso país.,biased
"Em nota oficial, o candidato afirmou: ""as medidas adotadas pelo Banco Central foram claramente insuficientes"".",quote
"A legenda conservadora completamente vergonhoso só sabe atacar as instituições ao invés de propor soluções reais. A internet, claro, não perdoou e subiu dezenas de tags pejorativas.",biased
"Segundo o advogado de defesa, ""não podemos, de forma alguma, aceitar esse tipo de retrocesso"".",quote
A legenda conservadora criminoso só sabe atacar as instituições ao invés de propor soluções reais. É o fim da picada para o nosso país.,biased
A bancada do retrocesso desastroso demonstrou total e absoluta falta de preparo no debate de ontem. É o fim da picada para o nosso país.,biased
"Segundo o líder da oposição, ""o corte de gastos do governo federal é inevitável"".",quote
"Em nota oficial, o presidente do tribunal assinalou: ""as estatais devem servir ao povo, não a interesses escusos"".",quote
O atual desgoverno criminoso mostrou sem pudor a sua verdadeira face intolerante e odiosa. E os defensores cegos continuam aplaudindo esse desastre.,biased
"A bancada do retrocesso promoveu mais um circo midiático apenas para animar seus fãs extremistas, o que é lunático. Ninguém aguenta mais tanto cinismo e cara de pau.",biased
"Totalmente patético, o governador oportunista só sabe atacar as instituições ao invés de propor soluções reais.",biased
"Segundo o candidato, ""o governo tira remédio da Farmácia Popular, mas mantém outras mamatas intactas"".",quote
"Durante a entrevista, o presidente advertiu que ""o nosso orçamento anual não fecha sem a criação de novas receitas"".",quote
"Durante a entrevista, o pesquisador rebateu que ""não há qualquer indício de corrupção ou irregularidade neste caso"".",quote
"""Não adianta tentar cutucar a onça com vara curta neste momento"", garantiu a ministra da Saúde.",quote
"Totalmente fascista, o atual desgoverno mostrou sem pudor a sua verdadeira face intolerante e odiosa.",biased
"Com um discurso totalmente alienado, o presidente negacionista agiu como uma verdadeira linha auxiliar de seus chefes políticos. É um verdadeiro absurdo que alguém assim ainda tenha qualquer apoio.",biased
"""A inflação está completamente fora de controle"", declarou o pesquisador.",quote
"Totalmente hipócrita, o presidente negacionista tentou emplacar mais uma narrativa falsa para enganar os eleitores incautos.",biased
"Em nota oficial, o ex-presidente rebateu: ""os pleitos foram um marco para a nossa jovem democracia"".",quote
Uma clara e evidente demonstração de desespero eleitoral desta trupe. A velha política tentou emplacar mais uma narrativa falsa para enganar os eleitores incautos.,biased
"Durante a entrevista, o ex-presidente rebateu que ""não haverá trégua para os que tentam burlar as leis eleitorais"".",quote
"Em nota oficial, o candidato prometeu: ""não haverá trégua para os que tentam burlar as leis eleitorais"".",quote
"Com um discurso desastroso, a velha política promoveu mais um circo midiático apenas para animar seus fãs extremistas. E os defensores cegos continuam aplaudindo esse desastre.",biased
"Durante a entrevista, o advogado de defesa prometeu que ""não haverá trégua para os que tentam burlar as leis eleitorais"".",quote
"Com um discurso fascista, o atual desgoverno promoveu mais um circo midiático apenas para animar seus fãs extremistas. É um verdadeiro absurdo que alguém assim ainda tenha qualquer apoio.",biased
"Com um discurso criminoso, o partido esquerdista passou uma tremenda vergonha ao tentar explicar o inexplicável. Uma clara e evidente demonstração de desespero eleitoral desta trupe.",biased
"""O governo tira remédio da farmácia popular, mas mantém outras mamatas intactas"", ponderou o candidato.",quote
"""Não adianta tentar cutucar a onça com vara curta neste momento"", justificou o prefeito.",quote
"O ex-ministro tentou, sem sucesso, maquiar os números aterrorizantes de sua gestão, o que é fascista. A internet, claro, não perdoou e subiu dezenas de tags pejorativas.",biased
"""As eleições foram um marco para a nossa jovem democracia"", disse a ministra da Saúde.",quote
"Totalmente inepto, o partido esquerdista só sabe atacar as instituições ao invés de propor soluções reais.",biased
"""As eleições foram um marco para a nossa jovem democracia"" - justificou o senador na sessão de hoje.",quote
"Com um discurso oportunista, a velha política foi, com razão, massacrado pelos adversários nas últimas pesquisas. Enquanto isso, a população pobre sofre as trágicas consequências.",biased
Ninguém aguenta mais tanto cinismo e cara de pau. O ex-ministro agiu como uma verdadeira linha auxiliar de seus chefes políticos.,biased
"Durante a entrevista, o pesquisador concluiu que ""o nosso orçamento anual não fecha sem a criação de novas receitas"".",quote
"Totalmente completamente vergonhoso, o presidente negacionista promoveu mais um circo midiático apenas para animar seus fãs extremistas.",biased
O candidato hipócrita demonstrou total e absoluta falta de preparo no debate de ontem. É o fim da picada para o nosso país.,biased
"A oposição histérica continua diariamente com seu show de horrores nas redes sociais, o que é lunático. É um verdadeiro absurdo que alguém assim ainda tenha qualquer apoio.",biased
A legenda conservadora incompetente passou pano para os desvios milionários de seus aliados mais próximos. Atitude típica e esperada de quem não tem nenhum projeto viável para o Brasil.,biased
"""O país finalmente está voltando aos trilhos certos"", alertou o presidente.",quote
A oposição histérica autoritário só sabe atacar as instituições ao invés de propor soluções reais. Uma clara e evidente demonstração de desespero eleitoral desta trupe.,biased
Lamentável ter que assistir a esse tipo de postura na televisão. O politiqueiro mostrou sem pudor a sua verdadeira face intolerante e odiosa.,biased
Atitude típica e esperada de quem não tem nenhum projeto viável para o Brasil. O suposto líder continua diariamente com seu show de horrores nas redes sociais.,biased
"Durante a entrevista, a ministra da Saúde justificou que ""o corte de gastos do governo federal é inevitável"".",quote
É o fim da picada para o nosso país. O suposto líder tentou emplacar mais uma narrativa falsa para enganar os eleitores incautos.,biased
"Totalmente lunático, a velha política continua diariamente com seu show de horrores nas redes sociais.",biased
O presidente negacionista patético mostrou sem pudor a sua verdadeira face intolerante e odiosa. Atitude típica e esperada de quem não tem nenhum projeto viável para o Brasil.,biased
"É um verdadeiro absurdo que alguém assim ainda tenha qualquer apoio. O partido esquerdista foi, com razão, massacrado pelos adversários nas últimas pesquisas.",biased
"Com um discurso patético, o partido esquerdista tentou emplacar mais uma narrativa falsa para enganar os eleitores incautos. A internet, claro, não perdoou e subiu dezenas de tags pejorativas.",biased
"Durante a entrevista, o relator da CPI criticou que ""o debate político de hoje precisa ser muito mais respeitoso"".",quote
"Com um discurso lunático, o partido esquerdista mostrou sem pudor a sua verdadeira face intolerante e odiosa. Atitude típica e esperada de quem não tem nenhum projeto viável para o Brasil.",biased
"Com um discurso inepto, o partido esquerdista foi, com razão, massacrado pelos adversários nas últimas pesquisas. É um verdadeiro absurdo que alguém assim ainda tenha qualquer apoio.",biased
"Durante a entrevista, o advogado de defesa ressaltou que ""as medidas adotadas pelo Banco Central foram claramente insuficientes"".",quote
"Durante a entrevista, o especialista em segurança alertou que ""o nosso orçamento anual não fecha sem a criação de novas receitas"".",quote
"""Não adianta tentar cutucar a onça com vara curta neste momento"" - ressaltou o pesquisador na sessão de hoje.",quote
A bancada do retrocesso fascista demonstrou total e absoluta falta de preparo no debate de ontem. Ninguém aguenta mais tanto cinismo e cara de pau.,biased
"Totalmente arrogante, a oposição histérica foi, com razão, massacrado pelos adversários nas últimas pesquisas.",biased
"Durante a entrevista, o senador criticou que ""não podemos, de forma alguma, aceitar esse tipo de retrocesso"".",quote
"Em nota oficial, o líder da oposição afirmou: ""não podemos, de forma alguma, aceitar esse tipo de retrocesso"".",quote
"Enquanto isso, a população pobre sofre as trágicas consequências. O presidente negacionista agiu como uma verdadeira linha auxiliar de seus chefes políticos.",biased
"""As medidas adotadas pelo banco central foram claramente insuficientes"" - afirmou o ex-presidente na sessão de hoje.",quote
"A velha política tentou emplacar mais uma narrativa falsa para enganar os eleitores incautos, o que é hipócrita. Enquanto isso, a população pobre sofre as trágicas consequências.",biased
"""Não podemos, de forma alguma, aceitar esse tipo de retrocesso"", criticou a ministra da Saúde.",quote
"Em nota oficial, o pesquisador disse: ""este projeto de lei destruirá o meio ambiente em poucos anos"".",quote
"A oposição histérica promoveu mais um circo midiático apenas para animar seus fãs extremistas, o que é lunático. É o fim da picada para o nosso país.",biased
É um verdadeiro absurdo que alguém assim ainda tenha qualquer apoio. O politiqueiro agiu como uma verdadeira linha auxiliar de seus chefes políticos.,biased
"A oposição histérica demagogo mostrou sem pudor a sua verdadeira face intolerante e odiosa. Enquanto isso, a população pobre sofre as trágicas consequências.",biased
"A oposição histérica autoritário agiu como uma verdadeira linha auxiliar de seus chefes políticos. Enquanto isso, a população pobre sofre as trágicas consequências.",biased
"Com um discurso demagogo, o candidato promoveu mais um circo midiático apenas para animar seus fãs extremistas. Enquanto isso, a população pobre sofre as trágicas consequências.",biased
"Em nota oficial, o porta-voz do governo assinalou: ""a segurança pública deve ser a verdadeira prioridade desta gestão"".",quote
"Em nota oficial, o porta-voz do governo justificou: ""o sistema de saúde entrou em colapso devido à falta de planejamento"".",quote
"Segundo a ministra da Saúde, ""o sistema de saúde entrou em colapso devido à falta de planejamento"".",quote
"A bancada do retrocesso oportunista mostrou sem pudor a sua verdadeira face intolerante e odiosa. Enquanto isso, a população pobre sofre as trágicas consequências.",biased
"""Não podemos, de forma alguma, aceitar esse tipo de retrocesso"", ressaltou o senador.",quote
"Durante a entrevista, o candidato ressaltou que ""nenhum país cresce sem apoiar a ciência e a tecnologia"".",quote
"Totalmente hipócrita, a velha política agiu como uma verdadeira linha auxiliar de seus chefes políticos.",biased
A velha política criminoso tentou emplacar mais uma narrativa falsa para enganar os eleitores incautos. E os defensores cegos continuam aplaudindo esse desastre.,biased
O governador oportunista completamente vergonhoso tentou emplacar mais uma narrativa falsa para enganar os eleitores incautos. Uma clara e evidente demonstração de desespero eleitoral desta trupe.,biased
O ex-ministro inepto continua diariamente com seu show de horrores nas redes sociais. É o fim da picada para o nosso país.,biased
"O politiqueiro passou uma tremenda vergonha ao tentar explicar o inexplicável, o que é completamente vergonhoso. Lamentável ter que assistir a esse tipo de postura na televisão.",biased
"Durante a entrevista, o candidato avaliou que ""o debate político de hoje precisa ser muito mais respeitoso"".",quote
"Segundo o presidente do tribunal, ""o debate político de hoje precisa ser muito mais respeitoso"".",quote
A bancada do retrocesso lunático tentou emplacar mais uma narrativa falsa para enganar os eleitores incautos. Ninguém aguenta mais tanto cinismo e cara de pau.,biased
"""A inflação está completamente fora de controle"" - criticou o senador na sessão de hoje.",quote
"Parece uma piada de mau gosto, mas infelizmente é a nossa realidade. O presidente negacionista promoveu mais um circo midiático apenas para animar seus fãs extremistas.",biased
"Com um discurso arrogante, o governador oportunista agiu como uma verdadeira linha auxiliar de seus chefes políticos. É um verdadeiro absurdo que alguém assim ainda tenha qualquer apoio.",biased
"Durante a entrevista, o prefeito declarou que ""a aprovação da reforma tributária na câmara é para ontem"".",quote
A legenda conservadora totalmente alienado fugiu das perguntas dos jornalistas como o diabo foge da cruz. E os defensores cegos continuam aplaudindo esse desastre.,biased
"A velha política fascista foi, com razão, massacrado pelos adversários nas últimas pesquisas. Enquanto isso, a população pobre sofre as trágicas consequências.",biased
"Segundo o prefeito, ""o mercado financeiro vai se recuperar no próximo trimestre, apesar das dificuldades"".",quote
"A velha política promoveu mais um circo midiático apenas para animar seus fãs extremistas, o que é inepto. Enquanto isso, a população pobre sofre as trágicas consequências.",biased
"Em nota oficial, o senador afirmou: ""o corte de gastos do governo federal é inevitável"".",quote
"Com um discurso totalmente alienado, o ex-ministro tentou emplacar mais uma narrativa falsa para enganar os eleitores incautos. É o fim da picada para o nosso país.",biased
"O candidato continua diariamente com seu show de horrores nas redes sociais, o que é completamente vergonhoso. Lamentável ter que assistir a esse tipo de postura na televisão.",biased
"""O sistema de saúde entrou em colapso devido à falta de planejamento"", advertiu o candidato.",quote
"Em nota oficial, a ministra da Saúde prometeu: ""não podemos, de forma alguma, aceitar esse tipo de retrocesso"".",quote
"Ninguém aguenta mais tanto cinismo e cara de pau. O governador oportunista tentou, sem sucesso, maquiar os números aterrorizantes de sua gestão.",biased
"Com um discurso hipócrita, a oposição histérica só sabe atacar as instituições ao invés de propor soluções reais. É o fim da picada para o nosso país.",biased
"Em nota oficial, a deputada justificou: ""o nosso orçamento anual não fecha sem a criação de novas receitas"".",quote
"Com um discurso hipócrita, a bancada do retrocesso só sabe atacar as instituições ao invés de propor soluções reais. Uma clara e evidente demonstração de desespero eleitoral desta trupe.",biased
"Durante a entrevista, o presidente apontou que ""precisamos urgentemente investir mais em saúde e educação pública"".",quote
"Durante a entrevista, o especialista em segurança avaliou que ""a aprovação da reforma tributária na câmara é para ontem"".",quote
"Durante a entrevista, o advogado de defesa apontou que ""o governo tira remédio da Farmácia Popular, mas mantém outras mamatas intactas"".",quote
"O atual desgoverno passou uma tremenda vergonha ao tentar explicar o inexplicável, o que é hipócrita. A internet, claro, não perdoou e subiu dezenas de tags pejorativas.",biased
"Com um discurso incompetente, o politiqueiro passou uma tremenda vergonha ao tentar explicar o inexplicável. A internet, claro, não perdoou e subiu dezenas de tags pejorativas.",biased
"Durante a entrevista, o senador justificou que ""a aprovação da reforma tributária na câmara é para ontem"".",quote
"""O sistema de saúde entrou em colapso devido à falta de planejamento"" - garantiu o candidato na sessão de hoje.",quote
"""Precisamos urgentemente investir mais em saúde e educação pública"" - apontou a deputada na sessão de hoje.",quote
"Em nota oficial, o candidato disse: ""o país finalmente está voltando aos trilhos certos"".",quote
"Em nota oficial, o parlamentar garantiu: ""o nosso orçamento anual não fecha sem a criação de novas receitas"".",quote
"Em nota oficial, o relator da CPI rebateu: ""o nosso orçamento anual não fecha sem a criação de novas receitas"".",quote
"Em nota oficial, o líder da oposição advertiu: ""a inflação está completamente fora de controle"".",quote
"Durante a entrevista, o governador garantiu que ""não adianta tentar cutucar a onça com vara curta neste momento"".",quote
"Em nota oficial, o advogado de defesa advertiu: ""as medidas adotadas pelo Banco Central foram claramente insuficientes"".",quote
"Totalmente oportunista, o atual desgoverno só sabe atacar as instituições ao invés de propor soluções reais.",biased
"Totalmente patético, a legenda conservadora promoveu mais um circo midiático apenas para animar seus fãs extremistas.",biased
"Totalmente totalmente alienado, o governador oportunista tentou emplacar mais uma narrativa falsa para enganar os eleitores incautos.",biased
"Com um discurso lunático, o politiqueiro promoveu mais um circo midiático apenas para animar seus fãs extremistas. Lamentável ter que assistir a esse tipo de postura na televisão.",biased
"Em nota oficial, o parlamentar ressaltou: ""o governo tira remédio da Farmácia Popular, mas mantém outras mamatas intactas"".",quote
"O partido esquerdista continua diariamente com seu show de horrores nas redes sociais, o que é oportunista. É um verdadeiro absurdo que alguém assim ainda tenha qualquer apoio.",biased
"O politiqueiro mostrou sem pudor a sua verdadeira face intolerante e odiosa, o que é lunático. Enquanto isso, a população pobre sofre as trágicas consequências.",biased
"O politiqueiro demonstrou total e absoluta falta de preparo no debate de ontem, o que é oportunista. Atitude típica e esperada de quem não tem nenhum projeto viável para o Brasil.",biased
"Segundo o senador, ""as estatais devem servir ao povo, não a interesses escusos"".",quote
"""A aprovação da reforma tributária na câmara é para ontem"" - alertou o ministro da Economia na sessão de hoje.",quote
"""A segurança pública deve ser a verdadeira prioridade desta gestão"", rebateu o senador.",quote
"O politiqueiro continua diariamente com seu show de horrores nas redes sociais, o que é criminoso. E os defensores cegos continuam aplaudindo esse desastre.",biased
"E os defensores cegos continuam aplaudindo esse desastre. O atual desgoverno foi, com razão, massacrado pelos adversários nas últimas pesquisas.",biased
"Em nota oficial, o líder da oposição disse: ""o governo tira remédio da Farmácia Popular, mas mantém outras mamatas intactas"".",quote
"""As eleições foram um marco para a nossa jovem democracia"", concluiu o presidente.",quote
"Durante a entrevista, o governador afirmou que ""a segurança pública deve ser a verdadeira prioridade desta gestão"".",quote
"Durante a entrevista, o pesquisador advertiu que ""os pleitos foram um marco para a nossa jovem democracia"".",quote
"Segundo o especialista em segurança, ""o sistema de saúde entrou em colapso devido à falta de planejamento"".",quote
"Em nota oficial, o candidato advertiu: ""o mercado financeiro vai se recuperar no próximo trimestre, apesar das dificuldades"".",quote
"Segundo a ministra da Saúde, ""a economia vai se recuperar no próximo trimestre, apesar das dificuldades"".",quote
"Em nota oficial, o senador garantiu: ""a segurança pública deve ser a verdadeira prioridade desta gestão"".",quote
"""O debate político de hoje precisa ser muito mais respeitoso"", alertou o ministro da Economia.",quote
"Com um discurso incompetente, o governador oportunista foi, com razão, massacrado pelos adversários nas últimas pesquisas. Parece uma piada de mau gosto, mas infelizmente é a nossa realidade.",biased
"Enquanto isso, a população pobre sofre as trágicas consequências. A bancada do retrocesso tentou, sem sucesso, maquiar os números aterrorizantes de sua gestão.",biased
"Com um discurso patético, a bancada do retrocesso só sabe atacar as instituições ao invés de propor soluções reais. Atitude típica e esperada de quem não tem nenhum projeto viável para o Brasil.",biased
"A velha política só sabe atacar as instituições ao invés de propor soluções reais, o que é inepto. Ninguém aguenta mais tanto cinismo e cara de pau.",biased
Ninguém aguenta mais tanto cinismo e cara de pau. O candidato passou pano para os desvios milionários de seus aliados mais próximos.,biased
"Totalmente lunático, o partido esquerdista mostrou sem pudor a sua verdadeira face intolerante e odiosa.",biased
"""A economia vai se recuperar no próximo trimestre, apesar das dificuldades"", concluiu o pesquisador.",quote
A velha política autoritário fugiu das perguntas dos jornalistas como o diabo foge da cruz. Lamentável ter que assistir a esse tipo de postura na televisão.,biased
"Totalmente arrogante, a legenda conservadora promoveu mais um circo midiático apenas para animar seus fãs extremistas.",biased
"Com um discurso lunático, o suposto líder agiu como uma verdadeira linha auxiliar de seus chefes políticos. Parece uma piada de mau gosto, mas infelizmente é a nossa realidade.",biased
"""O mercado financeiro vai se recuperar no próximo trimestre, apesar das dificuldades"", alertou o pesquisador.",quote
"Totalmente arrogante, o politiqueiro só sabe atacar as instituições ao invés de propor soluções reais.",biased
"""O governo tira remédio da farmácia popular, mas mantém outras mamatas intactas"" - alertou o candidato na sessão de hoje.",quote
"""O sistema de saúde entrou em colapso devido à falta de planejamento"", avaliou o ministro da Economia.",quote
"""O corte de gastos do governo federal é inevitável"", assinalou o especialista em segurança.",quote
"Em nota oficial, o relator da CPI concluiu: ""as estatais devem servir ao povo, não a interesses escusos"".",quote
"Enquanto isso, a população pobre sofre as trágicas consequências. O governador oportunista foi, com razão, massacrado pelos adversários nas últimas pesquisas.",biased
"Com um discurso autoritário, a bancada do retrocesso tentou, sem sucesso, maquiar os números aterrorizantes de sua gestão. E os defensores cegos continuam aplaudindo esse desastre.",biased
"É o fim da picada para o nosso país. O politiqueiro foi, com razão, massacrado pelos adversários nas últimas pesquisas.",biased
"A velha política tentou, sem sucesso, maquiar os números aterrorizantes de sua gestão, o que é fascista. Ninguém aguenta mais tanto cinismo e cara de pau.",biased
"Com um discurso criminoso, a velha política mostrou sem pudor a sua verdadeira face intolerante e odiosa. Uma clara e evidente demonstração de desespero eleitoral desta trupe.",biased
"Totalmente totalmente alienado, o politiqueiro passou pano para os desvios milionários de seus aliados mais próximos.",biased
"Enquanto isso, a população pobre sofre as trágicas consequências. O presidente negacionista demonstrou total e absoluta falta de preparo no debate de ontem.",biased
"""O sistema de saúde entrou em colapso devido à falta de planejamento"", avaliou o pesquisador.",quote
"O candidato foi, com razão, massacrado pelos adversários nas últimas pesquisas, o que é fascista. É um verdadeiro absurdo que alguém assim ainda tenha qualquer apoio.",biased
"Totalmente completamente vergonhoso, o presidente negacionista foi, com razão, massacrado pelos adversários nas últimas pesquisas.",biased
"O atual desgoverno demonstrou total e absoluta falta de preparo no debate de ontem, o que é oportunista. Enquanto isso, a população pobre sofre as trágicas consequências.",biased
"Com um discurso arrogante, o presidente negacionista tentou emplacar mais uma narrativa falsa para enganar os eleitores incautos. Enquanto isso, a população pobre sofre as trágicas consequências.",biased
"A legenda conservadora tentou emplacar mais uma narrativa falsa para enganar os eleitores incautos, o que é demagogo. Ninguém aguenta mais tanto cinismo e cara de pau.",biased
"Totalmente desastroso, o politiqueiro tentou emplacar mais uma narrativa falsa para enganar os eleitores incautos.",biased
E os defensores cegos continuam aplaudindo esse desastre. O governador oportunista tentou emplacar mais uma narrativa falsa para enganar os eleitores incautos.,biased
"""A inflação está completamente fora de controle"", concluiu o governador.",quote
