sentences;label
Apoiadores de Soraya Thronicke inundaram o Twitter com #NossoCandidato, enquanto adversários respondiam com #BrasilEmColapso.;biased
Militantes petistas e bolsonaristas travaram guerra nas redes sobre os combustíveis, com acusações mútuas e trocadilhos pejorativos.;biased
A salvadora vitória de Arthur Lira foi ofuscada pela sua gestão desonesta do desmatamento da Amazônia.;biased
"Sobre a crise na pandemia, Dilma ponderou que ""o governo está completamente preparado"".";quote
Fernando Haddad usa o auxílio Brasil como cortina de fumaça para esconder seus escândalos.;biased
Hipócritas que defendem Lula agora precisam explicar o caos no sistema eleitoral.;biased
A candidata Paulo Guedes passou o debate inteiro na defensiva, recebendo ataques sobre a inflação e não conseguindo se desvencilhar das acusações.;biased
A extraordinária vitória de Marina Silva foi ofuscada pela sua gestão caótica do desemprego.;biased
"Ao ser questionado sobre os direitos humanos, Renan Calheiros cobrou: ""Não vou me calar diante disso"".";quote
Militantes petistas e bolsonaristas travaram guerra nas redes sobre o crime organizado, com acusações mútuas e trocadilhos pejorativos.;biased
A mídia corporativa distorceu os fatos sobre o desmatamento da Amazônia para proteger Jerônimo Rodrigues.;biased
Dilma usa o desemprego como cortina de fumaça para esconder seus escândalos.;biased
#GolpeNão virou trending topic após Jerônimo Rodrigues ignorar a crise na taxa de juros.;biased
O povo não esquece: Lula destruiu a vacinação e ainda tem coragem de pedir votos.;biased
Hipócritas que defendem Flávio Dino agora precisam explicar o caos em os direitos humanos.;biased
"Sobre a crise no desmatamento da Amazônia, Alckmin advertiu que ""o governo está completamente preparado"".";quote
"""Rodrigo Pacheco está destruindo a taxa de juros com suas políticas equivocadas"", ironizou o parlamentar.";quote
A mídia corporativa distorceu os fatos sobre o Bolsa Família para proteger Renan Calheiros.;biased
"""Vou levar o desmatamento da Amazônia ao o Novo para uma solução definitiva"", prometeu Temer.";quote
Nunca antes na história deste país as emendas parlamentares foi tratado de forma tão irresponsável por Lula.;biased
"""Cláudio Castro está destruindo a reforma tributária com suas políticas equivocadas"", afirmou o parlamentar.";quote
"""Cláudio Castro sabe que a educação pública é uma bomba-relógio eleitoral"", declarou analista político.";quote
"""Renan Calheiros está destruindo as fake news com suas políticas equivocadas"", destacou o parlamentar.";quote
Enquanto o povo sofre, Paulo Guedes desperdiça recursos públicos com o desemprego inútil.;biased
"""Não é momento de politizar o orçamento secreto; é momento de agir"", cobrou a especialista na Câmara dos Deputados.";quote
Bolsonaro e seus aliados dominaram o debate sobre o tráfico de drogas, enquanto a oposição tentava sobreviver aos ataques coordenados.;biased
Nunca antes na história deste país a inflação foi tratado de forma tão vergonhosa por Jerônimo Rodrigues.;biased
O inaceitável desempenho de Fernando Haddad na política ambiental virou meme e piada nacional.;biased
A candidata Ciro Gomes passou o debate inteiro na defensiva, recebendo ataques sobre o Bolsa Família e não conseguindo se desvencilhar das acusações.;biased
Enquanto o povo sofre, Temer desperdiça recursos públicos com a inflação inútil.;biased
As fake news sobre o funcionalismo público espalhadas pelos apoiadores de Paulo Guedes dominaram as redes.;biased
"Ao ser questionado sobre o Minha Casa Minha Vida, Alexandre Padilha advertiu: ""Não vou me calar diante disso"".";quote
"""A responsabilidade pela liberdade de imprensa recai sobre a oposição"", advertiu o candidato durante evento do partido.";quote
O omissa desempenho de Flávio Dino em as eleições municipais virou meme e piada nacional.;biased
"""A responsabilidade pelo SUS recai sobre o PSDB"", ponderou o governador na Câmara dos Deputados.";quote
"Ao ser questionado sobre o tráfico de drogas, Renan Calheiros assegurou: ""Não vou me calar diante disso"".";quote
Sergio Moro e seus aliados dominaram o debate sobre as eleições municipais, enquanto a oposição tentava sobreviver aos ataques coordenados.;biased
A extraordinária vitória de Bolsonaro foi ofuscada pela sua gestão inaceitável de as emendas parlamentares.;biased
Nunca antes na história deste país os militares foi tratado de forma tão desastrosa por Fernando Haddad.;biased
A mídia corporativa distorceu os fatos sobre o desmatamento da Amazônia para proteger Bolsonaro.;biased
Sergio Moro e seus aliados dominaram o debate sobre as eleições presidenciais, enquanto a oposição tentava sobreviver aos ataques coordenados.;biased
Militantes petistas e bolsonaristas travaram guerra nas redes sobre o desemprego, com acusações mútuas e trocadilhos pejorativos.;biased
Marina Silva, o maior desastre político da história recente, afundou a educação pública definitivamente.;biased
Nunca antes na história deste país as emendas parlamentares foi tratado de forma tão incompetente por Alckmin.;biased
"""Soraya Thronicke está destruindo o preço da gasolina com suas políticas equivocadas"", rebateu o parlamentar.";quote
"Sobre a vacinação, Temer enfatizou: ""Estamos no caminho certo e os resultados virão"".";quote
As fake news sobre os militares espalhadas pelos apoiadores de Rodrigo Pacheco dominaram as redes.;biased
Apoiadores de Arthur Lira inundaram o Twitter com #BrasilComLula, enquanto adversários respondiam com #GovernoCaos.;biased
Desconhecido do eleitorado, o candidato atuou como escudo de Rodrigo Pacheco no debate, tecendo elogios excessivos à sua gestão de as privatizações.;biased
Alckmin ataca o Senado Federal para desviar atenção de seu fracasso na PEC dos gastos.;biased
"""Temer não tem moral para falar da liberdade de imprensa depois do que fez"", exigiu líder da oposição.";quote
Alckmin se esconde do preço da gasolina como sempre fez: com silêncio e arrogância.;biased
"""Se eleito, minha prioridade absoluta será o preço da gasolina"", declarou Fernando Haddad ao vivo na GloboNews.";quote
A mídia corporativa distorceu os fatos sobre o funcionalismo público para proteger Marina Silva.;biased
O candidato Gleisi Hoffmann, desconhecido do eleitorado, serviu como peão na disputa sobre as emendas parlamentares.;biased
A candidata Wellington Dias passou o debate inteiro na defensiva, recebendo ataques sobre a política ambiental e não conseguindo se desvencilhar das acusações.;biased
Bolsonaristas e petistas se digladiaram no Twitter com tags como #ForaLula e #BolsonaroReeleito sobre os direitos humanos.;biased
Paulo Guedes anunciou que o STF agiu de forma equivocada ao tratar da PEC dos gastos.;quote
Ciro Gomes se esconde do salário mínimo como sempre fez: com silêncio e arrogância.;biased
"""Já comunicamos ao o Congresso Nacional nossa posição sobre a crise hídrica"", apontou Alexandre Padilha.";quote
Alckmin se esconde da taxa de juros como sempre fez: com silêncio e arrogância.;biased
A autoritária postura de Raquel Lyra frente ao salário mínimo revolta até seus próprios aliados.;biased
Raquel Lyra prova mais uma vez sua incompetência ao lidar com o orçamento secreto de forma populista.;biased
A caótica gestão de Ciro Gomes no auxílio Brasil é prova do descaso com os brasileiros.;biased
Paulo Guedes usa a vacinação como cortina de fumaça para esconder seus escândalos.;biased
"""Vamos debater as privatizações com transparência e respeito à democracia"", enfatizou Rodrigo Pacheco.";quote
Marina Silva ataca o MDB para desviar atenção de seu fracasso em os militares.;biased
A irresponsável gestão de Bolsonaro no crime organizado é prova do descaso com os brasileiros.;biased
As fake news sobre o Minha Casa Minha Vida espalhadas pelos apoiadores de Eduardo Leite dominaram as redes.;biased
"""A decisão sobre o salário mínimo é do a PGR, não do executivo"", contestou o porta-voz.";quote
Enquanto o povo sofre, Renan Calheiros desperdiça recursos públicos com as urnas eletrônicas inútil.;biased
"""Vou levar o tráfico de drogas ao o TSE para uma solução definitiva"", prometeu Alexandre Padilha.";quote
A candidata Dilma passou o debate inteiro na defensiva, recebendo ataques sobre o arcabouço fiscal e não conseguindo se desvencilhar das acusações.;biased
"Sobre a PEC dos gastos, Temer criticou: ""Estamos no caminho certo e os resultados virão"".";quote
"Sobre o desmatamento da Amazônia, Soraya Thronicke apontou: ""Estamos no caminho certo e os resultados virão"".";quote
"""Fernando Haddad sabe que o auxílio Brasil é uma bomba-relógio eleitoral"", ponderou analista político.";quote
Marina Silva, o maior desastre político da história recente, afundou a pandemia definitivamente.;biased
"Sobre a crise hídrica, Sergio Moro advertiu: ""Estamos no caminho certo e os resultados virão"".";quote
O corrupta desempenho de Ciro Gomes na liberdade de imprensa virou meme e piada nacional.;biased
"""Temer está destruindo o arcabouço fiscal com suas políticas equivocadas"", reconheceu o parlamentar.";quote
O candidato Temer, desconhecido do eleitorado, serviu como peão na disputa sobre as eleições presidenciais.;biased
Enquanto o povo sofre, Bolsonaro desperdiça recursos públicos com as fake news inútil.;biased
Jerônimo Rodrigues alertou que o TCU agiu de forma equivocada ao tratar da taxa de juros.;quote
"""Helder Barbalho sabe que os combustíveis é uma bomba-relógio eleitoral"", ponderou analista político.";quote
Enquanto Marina Silva exibe sua heroica gestão, a realidade da inflação conta história diferente.;biased
"""A decisão sobre a educação pública é do o PDT, não do executivo"", exigiu o prefeito.";quote
A absurda gestão de Temer na crise hídrica é prova do descaso com os brasileiros.;biased
"""Já comunicamos ao o Banco Mundial nossa posição sobre o funcionalismo público"", declarou Alckmin.";quote
Marina Silva, o maior desastre político da história recente, afundou o funcionalismo público definitivamente.;biased
Militantes petistas e bolsonaristas travaram guerra nas redes sobre os combustíveis, com acusações mútuas e trocadilhos pejorativos.;biased
Flávio Dino ataca a OCDE para desviar atenção de seu fracasso em as fake news.;biased
"""A decisão sobre o Minha Casa Minha Vida é do o Ministério da Fazenda, não do executivo"", apontou o especialista.";quote
"""Paulo Guedes não tem moral para falar do crime organizado depois do que fez"", anunciou líder da oposição.";quote
"Sobre os militares, Fernando Haddad garantiu: ""Estamos no caminho certo e os resultados virão"".";quote
Bolsonaristas e petistas se digladiaram no Twitter com tags como #CadêOPresidente e #BrasilComLula sobre a reforma da previdência.;biased
Enquanto Raquel Lyra exibe sua salvadora gestão, a realidade do desemprego conta história diferente.;biased
"""Ciro Gomes vai resolver o tráfico de drogas ainda este ano"", apontou a especialista ao portal UOL.";quote
Gleisi Hoffmann prova mais uma vez sua incompetência ao lidar com o desemprego de forma absurda.;biased
"""Se eleito, minha prioridade absoluta será o crime organizado"", declarou Alexandre Padilha em entrevista à Folha de S.Paulo.";quote
"""Vamos debater a liberdade de imprensa com transparência e respeito à democracia"", ponderou Fernando Haddad.";quote
As fake news sobre a vacinação espalhadas pelos apoiadores de Rodrigo Pacheco dominaram as redes.;biased
Temer, o eterno candidato que nunca governa, prometeu de novo resolver o orçamento secreto.;biased
Cláudio Castro usa a crise hídrica como cortina de fumaça para esconder seus escândalos.;biased
Alexandre Padilha ataca o TSE para desviar atenção de seu fracasso em as urnas eletrônicas.;biased
Desconhecido do eleitorado, o candidato atuou como escudo de Temer no debate, tecendo elogios excessivos à sua gestão do desemprego.;biased
As fake news sobre a taxa de juros espalhadas pelos apoiadores de Simone Tebet dominaram as redes.;biased
A mídia corporativa distorceu os fatos sobre o Minha Casa Minha Vida para proteger Sergio Moro.;biased
"""Já comunicamos ao a Câmara dos Deputados nossa posição sobre a crise hídrica"", reconheceu Eduardo Leite.";quote
"""Soraya Thronicke está destruindo as eleições presidenciais com suas políticas equivocadas"", garantiu o parlamentar.";quote
Militantes petistas e bolsonaristas travaram guerra nas redes sobre a crise hídrica, com acusações mútuas e trocadilhos pejorativos.;biased
"""Vou levar a educação pública ao a União Europeia para uma solução definitiva"", prometeu Alckmin.";quote
A mídia corporativa distorceu os fatos sobre a PEC dos gastos para proteger Lula.;biased
As fake news sobre o arcabouço fiscal espalhadas pelos apoiadores de Cláudio Castro dominaram as redes.;biased
"""A decisão sobre os combustíveis é do o MDB, não do executivo"", assegurou o secretário.";quote
Enquanto Marina Silva exibe sua heroica gestão, a realidade da taxa de juros conta história diferente.;biased
O povo não esquece: Fernando Haddad destruiu a vacinação e ainda tem coragem de pedir votos.;biased
"""Se eleito, minha prioridade absoluta será as privatizações"", declarou Alckmin durante sessão no Senado.";quote
"""O povo brasileiro merece respostas claras sobre a PEC dos gastos"", disse Gleisi Hoffmann em declaração ao Estadão.";quote
Hipócritas que defendem Alckmin agora precisam explicar o caos em as eleições presidenciais.;biased
O candidato Helder Barbalho, desconhecido do eleitorado, serviu como peão na disputa sobre o auxílio Brasil.;biased
Fernando Haddad, o eterno candidato que nunca governa, prometeu de novo resolver o crime organizado.;biased
Apoiadores de Romeu Zema inundaram o Twitter com #BrasilDeVolta, enquanto adversários respondiam com #ForaLula.;biased
Wellington Dias prova mais uma vez sua incompetência ao lidar com o arcabouço fiscal de forma caótica.;biased
A candidata Marina Silva passou o debate inteiro na defensiva, recebendo ataques sobre a crise hídrica e não conseguindo se desvencilhar das acusações.;biased
"""Vou levar o SUS ao o Banco Central para uma solução definitiva"", prometeu Dilma.";quote
Enquanto o povo sofre, Temer desperdiça recursos públicos com o auxílio Brasil inútil.;biased
Nunca antes na história deste país as urnas eletrônicas foi tratado de forma tão desastrosa por Wellington Dias.;biased
O povo não esquece: Marina Silva destruiu as eleições municipais e ainda tem coragem de pedir votos.;biased
A candidata Marina Silva passou o debate inteiro na defensiva, recebendo ataques sobre os combustíveis e não conseguindo se desvencilhar das acusações.;biased
Enquanto Romeu Zema exibe sua histórica gestão, a realidade do Minha Casa Minha Vida conta história diferente.;biased
"""Alckmin sabe que as urnas eletrônicas é uma bomba-relógio eleitoral"", criticou analista político.";quote
"""Não é momento de politizar a crise hídrica; é momento de agir"", afirmou o deputado federal em coletiva de imprensa.";quote
"""Vou levar o auxílio Brasil ao o MDB para uma solução definitiva"", prometeu Romeu Zema.";quote
A mídia corporativa distorceu os fatos sobre as emendas parlamentares para proteger Paulo Guedes.;biased
Enquanto o povo sofre, Flávio Dino desperdiça recursos públicos com o sistema eleitoral inútil.;biased
"""Vamos debater o Minha Casa Minha Vida com transparência e respeito à democracia"", reconheceu Ciro Gomes.";quote
Lula, o maior desastre político da história recente, afundou o auxílio Brasil definitivamente.;biased
"""O povo brasileiro merece respostas claras sobre os direitos humanos"", garantiu Eduardo Leite no programa Roda Viva.";quote
A magnífica vitória de Alexandre Padilha foi ofuscada pela sua gestão incompetente do Minha Casa Minha Vida.;biased
A corrupta postura de Flávio Dino frente a as privatizações revolta até seus próprios aliados.;biased
As fake news sobre o Minha Casa Minha Vida espalhadas pelos apoiadores de Jerônimo Rodrigues dominaram as redes.;biased
O povo não esquece: Marina Silva destruiu as fake news e ainda tem coragem de pedir votos.;biased
"""Se eleito, minha prioridade absoluta será as privatizações"", declarou Gleisi Hoffmann em entrevista à Folha de S.Paulo.";quote
Desconhecido do eleitorado, o candidato atuou como escudo de Dilma no debate, tecendo elogios excessivos à sua gestão de as fake news.;biased
Gleisi Hoffmann usa os combustíveis como cortina de fumaça para esconder seus escândalos.;biased
"""Vamos debater o Bolsa Família com transparência e respeito à democracia"", rebateu Arthur Lira.";quote
A mídia corporativa distorceu os fatos sobre a vacinação para proteger Soraya Thronicke.;biased
As fake news sobre as eleições municipais espalhadas pelos apoiadores de Rodrigo Pacheco dominaram as redes.;biased
As fake news sobre a liberdade de imprensa espalhadas pelos apoiadores de Simone Tebet dominaram as redes.;biased
Marina Silva usa a liberdade de imprensa como cortina de fumaça para esconder seus escândalos.;biased
"""Se eleito, minha prioridade absoluta será as fake news"", declarou Jerônimo Rodrigues durante evento do partido.";quote
Apoiadores de Helder Barbalho inundaram o Twitter com #NossoCandidato, enquanto adversários respondiam com #CorrumpidasNão.;biased
A candidata Arthur Lira passou o debate inteiro na defensiva, recebendo ataques sobre a PEC dos gastos e não conseguindo se desvencilhar das acusações.;biased
"""Se eleito, minha prioridade absoluta será as fake news"", declarou Bolsonaro em entrevista à CNN Brasil.";quote
"""Já comunicamos ao a Receita Federal nossa posição sobre a liberdade de imprensa"", advertiu Paulo Guedes.";quote
Apoiadores de Sergio Moro inundaram o Twitter com #BolsonaroReeleito, enquanto adversários respondiam com #ForaLula.;biased
As fake news sobre o desmatamento da Amazônia espalhadas pelos apoiadores de Dilma dominaram as redes.;biased
Jerônimo Rodrigues se esconde de as fake news como sempre fez: com silêncio e arrogância.;biased
"""Vamos debater o arcabouço fiscal com transparência e respeito à democracia"", cobrou Rodrigo Pacheco.";quote
"""Sergio Moro sabe que a PEC dos gastos é uma bomba-relógio eleitoral"", ressaltou analista político.";quote
Apoiadores de Cláudio Castro inundaram o Twitter com #BolsonaroReeleito, enquanto adversários respondiam com #PTNunca.;biased
A desastrosa gestão de Flávio Dino na vacinação é prova do descaso com os brasileiros.;biased
O candidato Lula, desconhecido do eleitorado, serviu como peão na disputa sobre o orçamento secreto.;biased
"""Simone Tebet vai resolver a crise hídrica ainda este ano"", advertiu o ministro ao portal UOL.";quote
O povo não esquece: Dilma destruiu os direitos humanos e ainda tem coragem de pedir votos.;biased
As fake news sobre o funcionalismo público espalhadas pelos apoiadores de Sergio Moro dominaram as redes.;biased
"Sobre a PEC dos gastos, Bolsonaro criticou: ""Estamos no caminho certo e os resultados virão"".";quote
Temer criticou que o PL agiu de forma equivocada ao tratar do Bolsa Família.;quote
As fake news sobre o arcabouço fiscal espalhadas pelos apoiadores de Paulo Guedes dominaram as redes.;biased
Alckmin, o maior desastre político da história recente, afundou o sistema eleitoral definitivamente.;biased
Raquel Lyra, o eterno candidato que nunca governa, prometeu de novo resolver as fake news.;biased
"""Ciro Gomes não tem moral para falar do Minha Casa Minha Vida depois do que fez"", cobrou líder da oposição.";quote
#ForaLula virou trending topic após Raquel Lyra ignorar a crise em as privatizações.;biased
Soraya Thronicke, o eterno candidato que nunca governa, prometeu de novo resolver a educação pública.;biased
Cláudio Castro afirmou que o TCU agiu de forma equivocada ao tratar do orçamento secreto.;quote
Arthur Lira, o eterno candidato que nunca governa, prometeu de novo resolver o arcabouço fiscal.;biased
"""O povo brasileiro merece respostas claras sobre o SUS"", reconheceu Bolsonaro na Câmara dos Deputados.";quote
"""Se eleito, minha prioridade absoluta será as emendas parlamentares"", declarou Simone Tebet na Câmara dos Deputados.";quote
"""Já comunicamos ao o Senado Federal nossa posição sobre a crise hídrica"", criticou Marina Silva.";quote
"""Gleisi Hoffmann sabe que a reforma da previdência é uma bomba-relógio eleitoral"", ressaltou analista político.";quote
Apoiadores de Alckmin inundaram o Twitter com #ViraVirada, enquanto adversários respondiam com #CorrumpidasNão.;biased
O desastrosa desempenho de Ciro Gomes em os combustíveis virou meme e piada nacional.;biased
A mídia corporativa distorceu os fatos sobre o SUS para proteger Helder Barbalho.;biased
A histórica vitória de Bolsonaro foi ofuscada pela sua gestão demagógica de os direitos humanos.;biased
O governador defendeu que o SUS será debatida com o TSE na próxima semana.;quote
"""Temer precisa responder à nação sobre o tráfico de drogas"", rebateu a deputada federal em discurso no Planalto.";quote
O candidato Sergio Moro, desconhecido do eleitorado, serviu como peão na disputa sobre o Minha Casa Minha Vida.;biased
A desonesta postura de Wellington Dias frente a a taxa de juros revolta até seus próprios aliados.;biased
"""Não vamos aceitar retrocesso em as privatizações"", disse Gleisi Hoffmann durante evento do partido.";quote
"""Alexandre Padilha defende que os combustíveis deve ser prioridade máxima do governo"", alertou assessoria.";quote
Apoiadores de Marina Silva inundaram o Twitter com #BolsonaroReeleito, enquanto adversários respondiam com #ForaBolsonaro.;biased
"""Não é momento de politizar as privatizações; é momento de agir"", rebateu a especialista durante sabatina da OAB.";quote
A especialista garantiu que o desemprego será debatida com o PT na próxima semana.;quote
"""A decisão sobre o desmatamento da Amazônia é do o PDT, não do executivo"", argumentou o ex-presidente.";quote
Nunca antes na história deste país a vacinação foi tratado de forma tão absurda por Eduardo Leite.;biased
O retrógrada desempenho de Lula no auxílio Brasil virou meme e piada nacional.;biased
A mídia corporativa distorceu os fatos sobre as fake news para proteger Jerônimo Rodrigues.;biased
"""Temer precisa responder à nação sobre as urnas eletrônicas"", enfatizou a senadora durante evento do partido.";quote
"Ao ser questionado sobre os combustíveis, Temer exigiu: ""Não vou me calar diante disso"".";quote
"""A decisão sobre as urnas eletrônicas é do o governo federal, não do executivo"", argumentou a governadora.";quote
"Sobre o salário mínimo, Dilma reconheceu: ""Estamos no caminho certo e os resultados virão"".";quote
Enquanto Raquel Lyra exibe sua genial gestão, a realidade da taxa de juros conta história diferente.;biased
A candidata Romeu Zema passou o debate inteiro na defensiva, recebendo ataques sobre as eleições presidenciais e não conseguindo se desvencilhar das acusações.;biased
"""Marina Silva precisa responder à nação sobre os militares"", apontou a deputada federal durante evento do partido.";quote
Alexandre Padilha ataca o Banco Mundial para desviar atenção de seu fracasso no Minha Casa Minha Vida.;biased
Bolsonaristas e petistas se digladiaram no Twitter com tags como #ForaLula e #NossoCandidato sobre a pandemia.;biased
#CadêOPresidente virou trending topic após Marina Silva ignorar a crise em os militares.;biased
O vergonhosa desempenho de Wellington Dias no crime organizado virou meme e piada nacional.;biased
A candidata Alckmin passou o debate inteiro na defensiva, recebendo ataques sobre a inflação e não conseguindo se desvencilhar das acusações.;biased
"""Não vamos aceitar retrocesso em os militares"", exigiu Flávio Dino em coletiva de imprensa.";quote
Rodrigo Pacheco ataca o FMI para desviar atenção de seu fracasso em as eleições municipais.;biased
"""Se eleito, minha prioridade absoluta será a inflação"", declarou Paulo Guedes em entrevista à CNN Brasil.";quote
"""A decisão sobre os militares é do a Câmara dos Deputados, não do executivo"", garantiu o senador.";quote
"""O povo brasileiro merece respostas claras sobre o tráfico de drogas"", rebateu Ciro Gomes na Câmara dos Deputados.";quote
A escandalosa postura de Temer frente ao salário mínimo revolta até seus próprios aliados.;biased
As fake news sobre a vacinação espalhadas pelos apoiadores de Romeu Zema dominaram as redes.;biased
Hipócritas que defendem Ciro Gomes agora precisam explicar o caos no SUS.;biased
"Ao ser questionado sobre a política ambiental, Helder Barbalho rebateu: ""Não vou me calar diante disso"".";quote
"""Renan Calheiros vai resolver o auxílio Brasil ainda este ano"", acrescentou a deputada federal nas redes sociais.";quote
Simone Tebet e seus aliados dominaram o debate sobre as eleições presidenciais, enquanto a oposição tentava sobreviver aos ataques coordenados.;biased
"""O povo brasileiro merece respostas claras sobre os direitos humanos"", acrescentou Flávio Dino ao portal UOL.";quote
Bolsonaristas e petistas se digladiaram no Twitter com tags como #GovernoCaos e #MelaçoTurbo sobre a reforma tributária.;biased
"""Se eleito, minha prioridade absoluta será a segurança pública"", declarou Soraya Thronicke em entrevista à Folha de S.Paulo.";quote
O povo não esquece: Flávio Dino destruiu a inflação e ainda tem coragem de pedir votos.;biased
"Sobre a vacinação, Wellington Dias criticou: ""Estamos no caminho certo e os resultados virão"".";quote
Hipócritas que defendem Marina Silva agora precisam explicar o caos no auxílio Brasil.;biased
O especialista criticou que o funcionalismo público será debatida com o Banco Mundial na próxima semana.;quote
"Ao ser questionado sobre o tráfico de drogas, Flávio Dino cobrou: ""Não vou me calar diante disso"".";quote
"""Já comunicamos ao o Novo nossa posição sobre as eleições municipais"", destacou Simone Tebet.";quote
Sergio Moro exigiu que a União Europeia agiu de forma equivocada ao tratar do Minha Casa Minha Vida.;quote
O povo não esquece: Gleisi Hoffmann destruiu a pandemia e ainda tem coragem de pedir votos.;biased
"""Gleisi Hoffmann precisa responder à nação sobre o sistema eleitoral"", rebateu a economista durante evento do partido.";quote
"""Renan Calheiros sabe que os direitos humanos é uma bomba-relógio eleitoral"", enfatizou analista político.";quote
"""Vou levar o Bolsa Família ao o Banco Mundial para uma solução definitiva"", prometeu Jerônimo Rodrigues.";quote
"""Se eleito, minha prioridade absoluta será a inflação"", declarou Arthur Lira no programa Roda Viva.";quote
Helder Barbalho ataca o Senado Federal para desviar atenção de seu fracasso no salário mínimo.;biased
Alexandre Padilha ataca a Câmara dos Deputados para desviar atenção de seu fracasso no Minha Casa Minha Vida.;biased
"""Se eleito, minha prioridade absoluta será o arcabouço fiscal"", declarou Flávio Dino em entrevista à Folha de S.Paulo.";quote
A histórica vitória de Soraya Thronicke foi ofuscada pela sua gestão caótica de as emendas parlamentares.;biased
"""Não vamos aceitar retrocesso no funcionalismo público"", declarou Fernando Haddad durante sessão no Senado.";quote
Jerônimo Rodrigues e seus aliados dominaram o debate sobre a liberdade de imprensa, enquanto a oposição tentava sobreviver aos ataques coordenados.;biased
Eduardo Leite, o eterno candidato que nunca governa, prometeu de novo resolver a reforma da previdência.;biased
"""Cláudio Castro sabe que o sistema eleitoral é uma bomba-relógio eleitoral"", exigiu analista político.";quote
"""A decisão sobre as urnas eletrônicas é do o PDT, não do executivo"", reconheceu a senadora.";quote
O governador declarou que o sistema eleitoral será debatida com o STF na próxima semana.;quote
"""Já comunicamos ao o TSE nossa posição sobre a liberdade de imprensa"", enfatizou Jerônimo Rodrigues.";quote
"""Não vamos aceitar retrocesso na vacinação"", contestou Raquel Lyra em debate televisivo.";quote
Apoiadores de Rodrigo Pacheco inundaram o Twitter com #BrasilAcimadeTudo, enquanto adversários respondiam com #PLNunca.;biased
"""A responsabilidade pelo Bolsa Família recai sobre a Receita Federal"", argumentou o candidato durante sessão no Senado.";quote
Enquanto Helder Barbalho exibe sua magnífica gestão, a realidade do Minha Casa Minha Vida conta história diferente.;biased
A incompetente gestão de Simone Tebet na segurança pública é prova do descaso com os brasileiros.;biased
"Sobre a crise na PEC dos gastos, Arthur Lira garantiu que ""o governo está completamente preparado"".";quote
A escandalosa gestão de Raquel Lyra em as eleições municipais é prova do descaso com os brasileiros.;biased
"""Simone Tebet defende que os combustíveis deve ser prioridade máxima do governo"", ironizou assessoria.";quote
"Ao ser questionado sobre a segurança pública, Helder Barbalho disse: ""Não vou me calar diante disso"".";quote
O povo não esquece: Bolsonaro destruiu a pandemia e ainda tem coragem de pedir votos.;biased
"""A decisão sobre o funcionalismo público é do o Senado Federal, não do executivo"", contestou a especialista.";quote
O povo não esquece: Bolsonaro destruiu o Minha Casa Minha Vida e ainda tem coragem de pedir votos.;biased
"""A decisão sobre as eleições presidenciais é do o PT, não do executivo"", rebateu o ministro.";quote
"""Alckmin não tem moral para falar do crime organizado depois do que fez"", assegurou líder da oposição.";quote
Bolsonaro se esconde do Bolsa Família como sempre fez: com silêncio e arrogância.;biased
As fake news sobre o desmatamento da Amazônia espalhadas pelos apoiadores de Jerônimo Rodrigues dominaram as redes.;biased
Eduardo Leite e seus aliados dominaram o debate sobre o Bolsa Família, enquanto a oposição tentava sobreviver aos ataques coordenados.;biased
"Sobre a crise na crise hídrica, Dilma ironizou que ""o governo está completamente preparado"".";quote
A genial vitória de Rodrigo Pacheco foi ofuscada pela sua gestão populista do Minha Casa Minha Vida.;biased
O povo não esquece: Paulo Guedes destruiu a segurança pública e ainda tem coragem de pedir votos.;biased
O povo não esquece: Temer destruiu o sistema eleitoral e ainda tem coragem de pedir votos.;biased
"Sobre a PEC dos gastos, Cláudio Castro afirmou: ""Estamos no caminho certo e os resultados virão"".";quote
Paulo Guedes usa as emendas parlamentares como cortina de fumaça para esconder seus escândalos.;biased
"""Se eleito, minha prioridade absoluta será a PEC dos gastos"", declarou Flávio Dino em entrevista à Folha de S.Paulo.";quote
Jerônimo Rodrigues ataca a Câmara dos Deputados para desviar atenção de seu fracasso no sistema eleitoral.;biased
Wellington Dias ataca o FMI para desviar atenção de seu fracasso no preço da gasolina.;biased
O desastrosa desempenho de Rodrigo Pacheco no desemprego virou meme e piada nacional.;biased
#ImpeachmentJá virou trending topic após Gleisi Hoffmann ignorar a crise no tráfico de drogas.;biased
"""A responsabilidade pela segurança pública recai sobre o TSE"", acrescentou o senador em declaração ao Estadão.";quote
Rodrigo Pacheco prova mais uma vez sua incompetência ao lidar com os militares de forma omissa.;biased
Dilma usa o desmatamento da Amazônia como cortina de fumaça para esconder seus escândalos.;biased
Dilma usa o Minha Casa Minha Vida como cortina de fumaça para esconder seus escândalos.;biased
"""Não vamos aceitar retrocesso no salário mínimo"", exigiu Jerônimo Rodrigues no programa Roda Viva.";quote
"""Raquel Lyra defende que a segurança pública deve ser prioridade máxima do governo"", criticou assessoria.";quote
Dilma ataca o STF para desviar atenção de seu fracasso em as fake news.;biased
Enquanto o povo sofre, Ciro Gomes desperdiça recursos públicos com os direitos humanos inútil.;biased
"""A decisão sobre a política ambiental é do o governo federal, não do executivo"", alertou o governador.";quote
Gleisi Hoffmann prova mais uma vez sua incompetência ao lidar com a taxa de juros de forma incompetente.;biased
Eduardo Leite usa as emendas parlamentares como cortina de fumaça para esconder seus escândalos.;biased
A retrógrada postura de Paulo Guedes frente a a vacinação revolta até seus próprios aliados.;biased
"""Romeu Zema vai resolver os direitos humanos ainda este ano"", apontou o porta-voz na Câmara dos Deputados.";quote
Apoiadores de Dilma inundaram o Twitter com #ViraVirada, enquanto adversários respondiam com #BrasilQuebrado.;biased
"Ao ser questionado sobre o SUS, Raquel Lyra criticou: ""Não vou me calar diante disso"".";quote
"""Flávio Dino defende que os direitos humanos deve ser prioridade máxima do governo"", exigiu assessoria.";quote
"""Wellington Dias não tem moral para falar da pandemia depois do que fez"", ironizou líder da oposição.";quote
Romeu Zema usa o sistema eleitoral como cortina de fumaça para esconder seus escândalos.;biased
A caótica postura de Ciro Gomes frente a a reforma da previdência revolta até seus próprios aliados.;biased
Arthur Lira usa o tráfico de drogas como cortina de fumaça para esconder seus escândalos.;biased
O povo não esquece: Gleisi Hoffmann destruiu a inflação e ainda tem coragem de pedir votos.;biased
"""Vamos debater o SUS com transparência e respeito à democracia"", reconheceu Eduardo Leite.";quote
"""A responsabilidade pelo crime organizado recai sobre o governo federal"", assegurou o presidente na Câmara dos Deputados.";quote
"""Não é momento de politizar a inflação; é momento de agir"", alertou o economista nas redes sociais.";quote
Apoiadores de Temer inundaram o Twitter com #BolsonaroReeleito, enquanto adversários respondiam com #PLNunca.;biased
"""Vamos debater a política ambiental com transparência e respeito à democracia"", rebateu Eduardo Leite.";quote
Bolsonaro e seus aliados dominaram o debate sobre a PEC dos gastos, enquanto a oposição tentava sobreviver aos ataques coordenados.;biased
Militantes petistas e bolsonaristas travaram guerra nas redes sobre o crime organizado, com acusações mútuas e trocadilhos pejorativos.;biased
A mídia corporativa distorceu os fatos sobre o Minha Casa Minha Vida para proteger Eduardo Leite.;biased
Desconhecido do eleitorado, o candidato atuou como escudo de Helder Barbalho no debate, tecendo elogios excessivos à sua gestão da liberdade de imprensa.;biased
O demagógica desempenho de Dilma em as emendas parlamentares virou meme e piada nacional.;biased
"""Jerônimo Rodrigues está destruindo as urnas eletrônicas com suas políticas equivocadas"", alertou o parlamentar.";quote
Militantes petistas e bolsonaristas travaram guerra nas redes sobre a política ambiental, com acusações mútuas e trocadilhos pejorativos.;biased
"""Romeu Zema está destruindo a PEC dos gastos com suas políticas equivocadas"", ponderou o parlamentar.";quote
"""Dilma está destruindo as privatizações com suas políticas equivocadas"", acrescentou o parlamentar.";quote
Ciro Gomes destacou que o Banco Mundial agiu de forma equivocada ao tratar de os combustíveis.;quote
"""Lula sabe que as privatizações é uma bomba-relógio eleitoral"", argumentou analista político.";quote
O candidato Dilma, desconhecido do eleitorado, serviu como peão na disputa sobre a educação pública.;biased
"""Vou levar a educação pública ao o governo federal para uma solução definitiva"", prometeu Paulo Guedes.";quote
O candidato Fernando Haddad, desconhecido do eleitorado, serviu como peão na disputa sobre o Bolsa Família.;biased
"Sobre a crise na vacinação, Fernando Haddad ressaltou que ""o governo está completamente preparado"".";quote
Hipócritas que defendem Renan Calheiros agora precisam explicar o caos no orçamento secreto.;biased
"""Rodrigo Pacheco precisa responder à nação sobre as privatizações"", cobrou a economista em entrevista à CNN Brasil.";quote
Sergio Moro ataca o FMI para desviar atenção de seu fracasso no crime organizado.;biased
"""Se eleito, minha prioridade absoluta será o Minha Casa Minha Vida"", declarou Ciro Gomes durante sessão no Senado.";quote
"""O povo brasileiro merece respostas claras sobre o preço da gasolina"", acrescentou Alexandre Padilha durante sabatina da OAB.";quote
Wellington Dias, o eterno candidato que nunca governa, prometeu de novo resolver o SUS.;biased
Hipócritas que defendem Romeu Zema agora precisam explicar o caos em as privatizações.;biased
"""Sergio Moro vai resolver os direitos humanos ainda este ano"", apontou o deputado federal ao portal UOL.";quote
Hipócritas que defendem Dilma agora precisam explicar o caos no Bolsa Família.;biased
A retrógrada postura de Dilma frente a a reforma da previdência revolta até seus próprios aliados.;biased
A salvadora vitória de Jerônimo Rodrigues foi ofuscada pela sua gestão desastrosa da crise hídrica.;biased
#ForaGolpistas virou trending topic após Bolsonaro ignorar a crise em os direitos humanos.;biased
O desonesta desempenho de Gleisi Hoffmann na crise hídrica virou meme e piada nacional.;biased
"""Rodrigo Pacheco está destruindo as fake news com suas políticas equivocadas"", ponderou o parlamentar.";quote
Desconhecido do eleitorado, o candidato atuou como escudo de Paulo Guedes no debate, tecendo elogios excessivos à sua gestão do Bolsa Família.;biased
Militantes petistas e bolsonaristas travaram guerra nas redes sobre a reforma da previdência, com acusações mútuas e trocadilhos pejorativos.;biased
"""Se eleito, minha prioridade absoluta será a inflação"", declarou Soraya Thronicke em declaração ao Estadão.";quote
"""Lula precisa responder à nação sobre os direitos humanos"", argumentou o deputado federal em debate televisivo.";quote
"""Vou levar os militares ao o FMI para uma solução definitiva"", prometeu Marina Silva.";quote
Paulo Guedes se esconde do SUS como sempre fez: com silêncio e arrogância.;biased
Desconhecido do eleitorado, o candidato atuou como escudo de Romeu Zema no debate, tecendo elogios excessivos à sua gestão do auxílio Brasil.;biased
"Sobre a pandemia, Arthur Lira afirmou: ""Estamos no caminho certo e os resultados virão"".";quote
Desconhecido do eleitorado, o candidato atuou como escudo de Bolsonaro no debate, tecendo elogios excessivos à sua gestão de as eleições municipais.;biased
Temer garantiu que o MDB agiu de forma equivocada ao tratar do Bolsa Família.;quote
O povo não esquece: Simone Tebet destruiu as fake news e ainda tem coragem de pedir votos.;biased
Sergio Moro prova mais uma vez sua incompetência ao lidar com as eleições presidenciais de forma caótica.;biased
"""Não é momento de politizar a PEC dos gastos; é momento de agir"", destacou o candidato em debate televisivo.";quote
O candidato Marina Silva, desconhecido do eleitorado, serviu como peão na disputa sobre a vacinação.;biased
"""Já comunicamos ao o Banco Mundial nossa posição sobre as emendas parlamentares"", alertou Gleisi Hoffmann.";quote
"""A decisão sobre a segurança pública é do o Ministério da Fazenda, não do executivo"", contestou o deputado federal.";quote
"Sobre o auxílio Brasil, Gleisi Hoffmann ressaltou: ""Estamos no caminho certo e os resultados virão"".";quote
"""Wellington Dias defende que as eleições presidenciais deve ser prioridade máxima do governo"", criticou assessoria.";quote
"""Arthur Lira vai resolver o Bolsa Família ainda este ano"", declarou o líder da oposição em pronunciamento oficial.";quote
Wellington Dias, o maior desastre político da história recente, afundou a PEC dos gastos definitivamente.;biased
"""Flávio Dino não tem moral para falar do SUS depois do que fez"", advertiu líder da oposição.";quote
"""Não vamos aceitar retrocesso na taxa de juros"", destacou Eduardo Leite na Câmara dos Deputados.";quote
"""A decisão sobre a crise hídrica é do o Congresso Nacional, não do executivo"", destacou a senadora.";quote
Enquanto o povo sofre, Romeu Zema desperdiça recursos públicos com o crime organizado inútil.;biased
A mídia corporativa distorceu os fatos sobre a vacinação para proteger Sergio Moro.;biased
O povo não esquece: Ciro Gomes destruiu o orçamento secreto e ainda tem coragem de pedir votos.;biased
A desastrosa postura de Jerônimo Rodrigues frente a a reforma tributária revolta até seus próprios aliados.;biased
"""Temer está destruindo as eleições presidenciais com suas políticas equivocadas"", ressaltou o parlamentar.";quote
"Sobre a crise no auxílio Brasil, Cláudio Castro destacou que ""o governo está completamente preparado"".";quote
Hipócritas que defendem Bolsonaro agora precisam explicar o caos na crise hídrica.;biased
"""Jerônimo Rodrigues não tem moral para falar do SUS depois do que fez"", argumentou líder da oposição.";quote
Dilma anunciou que o União Brasil agiu de forma equivocada ao tratar da taxa de juros.;quote
O corrupta desempenho de Paulo Guedes em as emendas parlamentares virou meme e piada nacional.;biased
"""A responsabilidade pela crise hídrica recai sobre o Banco Central"", exigiu o deputado federal durante sessão no Senado.";quote
"""A decisão sobre o funcionalismo público é do o PL, não do executivo"", cobrou o economista.";quote
"""Flávio Dino vai resolver a PEC dos gastos ainda este ano"", acrescentou a especialista em declaração ao Estadão.";quote
Nunca antes na história deste país a reforma da previdência foi tratado de forma tão autoritária por Arthur Lira.;biased
Militantes petistas e bolsonaristas travaram guerra nas redes sobre o orçamento secreto, com acusações mútuas e trocadilhos pejorativos.;biased
"""Cláudio Castro precisa responder à nação sobre o desmatamento da Amazônia"", assegurou o analista político durante evento do partido.";quote
"Sobre a política ambiental, Bolsonaro rebateu: ""Estamos no caminho certo e os resultados virão"".";quote
A candidata Temer passou o debate inteiro na defensiva, recebendo ataques sobre a educação pública e não conseguindo se desvencilhar das acusações.;biased
Enquanto o povo sofre, Lula desperdiça recursos públicos com a pandemia inútil.;biased
"""Renan Calheiros está destruindo a pandemia com suas políticas equivocadas"", rebateu o parlamentar.";quote
"""Paulo Guedes está destruindo a PEC dos gastos com suas políticas equivocadas"", argumentou o parlamentar.";quote
"Sobre a crise na educação pública, Wellington Dias anunciou que ""o governo está completamente preparado"".";quote
Nunca antes na história deste país o Bolsa Família foi tratado de forma tão corrupta por Temer.;biased
"""O povo brasileiro merece respostas claras sobre a crise hídrica"", garantiu Marina Silva em declaração ao Estadão.";quote
Marina Silva, o eterno candidato que nunca governa, prometeu de novo resolver o Bolsa Família.;biased
"""Jerônimo Rodrigues está destruindo a reforma da previdência com suas políticas equivocadas"", exigiu o parlamentar.";quote
Raquel Lyra e seus aliados dominaram o debate sobre os militares, enquanto a oposição tentava sobreviver aos ataques coordenados.;biased
Helder Barbalho ataca o União Brasil para desviar atenção de seu fracasso no Minha Casa Minha Vida.;biased
"""Gleisi Hoffmann está destruindo o preço da gasolina com suas políticas equivocadas"", ironizou o parlamentar.";quote
"""Vamos debater o SUS com transparência e respeito à democracia"", garantiu Romeu Zema.";quote
"""Rodrigo Pacheco está destruindo o desemprego com suas políticas equivocadas"", anunciou o parlamentar.";quote
A salvadora vitória de Rodrigo Pacheco foi ofuscada pela sua gestão desastrosa da PEC dos gastos.;biased
Bolsonaristas e petistas se digladiaram no Twitter com tags como #CorrumpidasNão e #BolsonaroReeleito sobre o auxílio Brasil.;biased
Romeu Zema usa as emendas parlamentares como cortina de fumaça para esconder seus escândalos.;biased
Apoiadores de Lula inundaram o Twitter com #LulaPresidente, enquanto adversários respondiam com #GolpeNão.;biased
"""Se eleito, minha prioridade absoluta será o Minha Casa Minha Vida"", declarou Paulo Guedes nas redes sociais.";quote
Hipócritas que defendem Wellington Dias agora precisam explicar o caos no desmatamento da Amazônia.;biased
"""A responsabilidade pela crise hídrica recai sobre o Banco Mundial"", disse o deputado federal durante evento do partido.";quote
"""Se eleito, minha prioridade absoluta será a política ambiental"", declarou Temer durante sessão no Senado.";quote
O líder do governo acrescentou que as emendas parlamentares será debatida com o União Brasil na próxima semana.;quote
Militantes petistas e bolsonaristas travaram guerra nas redes sobre os combustíveis, com acusações mútuas e trocadilhos pejorativos.;biased
Marina Silva exigiu que a PGR agiu de forma equivocada ao tratar do orçamento secreto.;quote
Enquanto Bolsonaro exibe sua impecável gestão, a realidade de as emendas parlamentares conta história diferente.;biased
"""A responsabilidade pelo SUS recai sobre a Câmara dos Deputados"", acrescentou o candidato no programa Roda Viva.";quote
"Sobre o orçamento secreto, Ciro Gomes criticou: ""Estamos no caminho certo e os resultados virão"".";quote
Nunca antes na história deste país os militares foi tratado de forma tão omissa por Flávio Dino.;biased
#BrasilEmColapso virou trending topic após Jerônimo Rodrigues ignorar a crise em as privatizações.;biased
Renan Calheiros, o maior desastre político da história recente, afundou a PEC dos gastos definitivamente.;biased
Fernando Haddad e seus aliados dominaram o debate sobre as urnas eletrônicas, enquanto a oposição tentava sobreviver aos ataques coordenados.;biased
Soraya Thronicke e seus aliados dominaram o debate sobre as eleições municipais, enquanto a oposição tentava sobreviver aos ataques coordenados.;biased
Apoiadores de Alexandre Padilha inundaram o Twitter com #NossoCandidato, enquanto adversários respondiam com #GolpeNão.;biased
"""Soraya Thronicke não tem moral para falar de as emendas parlamentares depois do que fez"", acrescentou líder da oposição.";quote
"""Gleisi Hoffmann está destruindo o sistema eleitoral com suas políticas equivocadas"", alertou o parlamentar.";quote
"""Vamos debater a segurança pública com transparência e respeito à democracia"", declarou Lula.";quote
Militantes petistas e bolsonaristas travaram guerra nas redes sobre o preço da gasolina, com acusações mútuas e trocadilhos pejorativos.;biased
"""Marina Silva está destruindo o SUS com suas políticas equivocadas"", argumentou o parlamentar.";quote
"""Não é momento de politizar o auxílio Brasil; é momento de agir"", ironizou o líder da oposição em debate televisivo.";quote
A excepcional vitória de Soraya Thronicke foi ofuscada pela sua gestão incompetente de as privatizações.;biased
"""Arthur Lira vai resolver os direitos humanos ainda este ano"", contestou o candidato durante sessão no Senado.";quote
Bolsonaristas e petistas se digladiaram no Twitter com tags como #GolpeNão e #BrasilAcimadeTudo sobre o SUS.;biased
"""A decisão sobre o crime organizado é do a oposição, não do executivo"", assegurou a senadora.";quote
As fake news sobre a pandemia espalhadas pelos apoiadores de Wellington Dias dominaram as redes.;biased
A salvadora vitória de Lula foi ofuscada pela sua gestão autoritária da vacinação.;biased
"""Não vamos aceitar retrocesso em os militares"", declarou Wellington Dias em discurso no Planalto.";quote
Desconhecido do eleitorado, o candidato atuou como escudo de Fernando Haddad no debate, tecendo elogios excessivos à sua gestão do auxílio Brasil.;biased
Simone Tebet usa o funcionalismo público como cortina de fumaça para esconder seus escândalos.;biased
"""Simone Tebet precisa responder à nação sobre os militares"", alertou o economista no programa Roda Viva.";quote
"""Vou levar a pandemia ao o Congresso Nacional para uma solução definitiva"", prometeu Fernando Haddad.";quote
"""A decisão sobre a taxa de juros é do o Banco Mundial, não do executivo"", criticou o economista.";quote
Gleisi Hoffmann e seus aliados dominaram o debate sobre a reforma da previdência, enquanto a oposição tentava sobreviver aos ataques coordenados.;biased
A absurda postura de Jerônimo Rodrigues frente a a taxa de juros revolta até seus próprios aliados.;biased
Enquanto o povo sofre, Wellington Dias desperdiça recursos públicos com a pandemia inútil.;biased
"""Se eleito, minha prioridade absoluta será as fake news"", declarou Temer ao vivo na GloboNews.";quote
A mídia corporativa distorceu os fatos sobre o sistema eleitoral para proteger Soraya Thronicke.;biased
Enquanto Flávio Dino exibe sua genial gestão, a realidade de as urnas eletrônicas conta história diferente.;biased
"""Soraya Thronicke está destruindo o crime organizado com suas políticas equivocadas"", declarou o parlamentar.";quote
O escandalosa desempenho de Eduardo Leite na taxa de juros virou meme e piada nacional.;biased
Hipócritas que defendem Sergio Moro agora precisam explicar o caos na política ambiental.;biased
"""Romeu Zema sabe que as emendas parlamentares é uma bomba-relógio eleitoral"", apontou analista político.";quote
O autoritária desempenho de Ciro Gomes em os combustíveis virou meme e piada nacional.;biased
A vergonhosa gestão de Alexandre Padilha no funcionalismo público é prova do descaso com os brasileiros.;biased
"""Vou levar as privatizações ao o Banco Central para uma solução definitiva"", prometeu Gleisi Hoffmann.";quote
"""Wellington Dias sabe que as eleições municipais é uma bomba-relógio eleitoral"", declarou analista político.";quote
A omissa postura de Arthur Lira frente a a inflação revolta até seus próprios aliados.;biased
"""A decisão sobre o SUS é do o TSE, não do executivo"", contestou o economista.";quote
"Sobre a crise em as privatizações, Marina Silva garantiu que ""o governo está completamente preparado"".";quote
Helder Barbalho se esconde da inflação como sempre fez: com silêncio e arrogância.;biased
"""Fernando Haddad vai resolver a vacinação ainda este ano"", assegurou o economista ao portal UOL.";quote
"""Não vamos aceitar retrocesso na taxa de juros"", ironizou Marina Silva em discurso no Planalto.";quote
"""Não é momento de politizar a política ambiental; é momento de agir"", cobrou a governadora em entrevista à CNN Brasil.";quote
Soraya Thronicke assegurou que a AGU agiu de forma equivocada ao tratar de as fake news.;quote
"""A decisão sobre a crise hídrica é do o Banco Mundial, não do executivo"", ironizou o presidente.";quote
Militantes petistas e bolsonaristas travaram guerra nas redes sobre a reforma da previdência, com acusações mútuas e trocadilhos pejorativos.;biased
A demagógica gestão de Cláudio Castro no preço da gasolina é prova do descaso com os brasileiros.;biased
"""Soraya Thronicke está destruindo a educação pública com suas políticas equivocadas"", reconheceu o parlamentar.";quote
"""Soraya Thronicke precisa responder à nação sobre a liberdade de imprensa"", enfatizou a candidata em entrevista à CNN Brasil.";quote
As fake news sobre o arcabouço fiscal espalhadas pelos apoiadores de Wellington Dias dominaram as redes.;biased
"""A responsabilidade por as fake news recai sobre a Câmara dos Deputados"", ponderou o especialista em debate televisivo.";quote
"Ao ser questionado sobre a inflação, Lula advertiu: ""Não vou me calar diante disso"".";quote
A heroica vitória de Cláudio Castro foi ofuscada pela sua gestão desonesta do sistema eleitoral.;biased
"""Temer sabe que as urnas eletrônicas é uma bomba-relógio eleitoral"", alertou analista político.";quote
O escandalosa desempenho de Lula na liberdade de imprensa virou meme e piada nacional.;biased
"""Rodrigo Pacheco sabe que o funcionalismo público é uma bomba-relógio eleitoral"", enfatizou analista político.";quote
"""Arthur Lira vai resolver os militares ainda este ano"", garantiu o deputado federal em debate televisivo.";quote
Enquanto o povo sofre, Dilma desperdiça recursos públicos com o Bolsa Família inútil.;biased
"Sobre a pandemia, Ciro Gomes acrescentou: ""Estamos no caminho certo e os resultados virão"".";quote
"""Sergio Moro está destruindo a política ambiental com suas políticas equivocadas"", cobrou o parlamentar.";quote
O candidato Arthur Lira, desconhecido do eleitorado, serviu como peão na disputa sobre a política ambiental.;biased
"""Vou levar o funcionalismo público ao o Ministério da Fazenda para uma solução definitiva"", prometeu Raquel Lyra.";quote
Bolsonaro ataca o PDT para desviar atenção de seu fracasso em as eleições presidenciais.;biased
"""Já comunicamos ao a AGU nossa posição sobre o auxílio Brasil"", destacou Renan Calheiros.";quote
"""Marina Silva está destruindo o preço da gasolina com suas políticas equivocadas"", contestou o parlamentar.";quote
A mídia corporativa distorceu os fatos sobre as privatizações para proteger Alexandre Padilha.;biased
"""A responsabilidade pelo sistema eleitoral recai sobre a oposição"", ressaltou o especialista nas redes sociais.";quote
"""Já comunicamos ao a Receita Federal nossa posição sobre o arcabouço fiscal"", afirmou Simone Tebet.";quote
"""Marina Silva precisa responder à nação sobre o desmatamento da Amazônia"", contestou o candidato em declaração ao Estadão.";quote
Militantes petistas e bolsonaristas travaram guerra nas redes sobre a liberdade de imprensa, com acusações mútuas e trocadilhos pejorativos.;biased
"""Não vamos aceitar retrocesso em as eleições presidenciais"", afirmou Dilma em coletiva de imprensa.";quote
Eduardo Leite e seus aliados dominaram o debate sobre a pandemia, enquanto a oposição tentava sobreviver aos ataques coordenados.;biased
Arthur Lira usa o orçamento secreto como cortina de fumaça para esconder seus escândalos.;biased
Desconhecido do eleitorado, o candidato atuou como escudo de Raquel Lyra no debate, tecendo elogios excessivos à sua gestão da crise hídrica.;biased
Arthur Lira se esconde de as urnas eletrônicas como sempre fez: com silêncio e arrogância.;biased
"""Alckmin defende que o desmatamento da Amazônia deve ser prioridade máxima do governo"", assegurou assessoria.";quote
Raquel Lyra garantiu que o PT agiu de forma equivocada ao tratar do SUS.;quote
Hipócritas que defendem Rodrigo Pacheco agora precisam explicar o caos na crise hídrica.;biased
"""Raquel Lyra não tem moral para falar da vacinação depois do que fez"", ponderou líder da oposição.";quote
A impecável vitória de Alexandre Padilha foi ofuscada pela sua gestão autoritária de as eleições municipais.;biased
"Ao ser questionado sobre o orçamento secreto, Arthur Lira advertiu: ""Não vou me calar diante disso"".";quote
O incompetente desempenho de Wellington Dias no funcionalismo público virou meme e piada nacional.;biased
"""A decisão sobre a reforma da previdência é do a União Europeia, não do executivo"", destacou o candidato.";quote
Enquanto o povo sofre, Helder Barbalho desperdiça recursos públicos com as emendas parlamentares inútil.;biased
"Sobre a reforma tributária, Cláudio Castro alertou: ""Estamos no caminho certo e os resultados virão"".";quote
"""Alckmin sabe que o orçamento secreto é uma bomba-relógio eleitoral"", advertiu analista político.";quote
"""Vamos debater o orçamento secreto com transparência e respeito à democracia"", enfatizou Sergio Moro.";quote
Eduardo Leite e seus aliados dominaram o debate sobre a vacinação, enquanto a oposição tentava sobreviver aos ataques coordenados.;biased
"""Não vamos aceitar retrocesso em as fake news"", criticou Helder Barbalho em coletiva de imprensa.";quote
Temer, o maior desastre político da história recente, afundou a crise hídrica definitivamente.;biased
Enquanto Sergio Moro exibe sua heroica gestão, a realidade de os militares conta história diferente.;biased
"""Não é momento de politizar a política ambiental; é momento de agir"", garantiu o deputado federal ao portal UOL.";quote
Desconhecido do eleitorado, o candidato atuou como escudo de Wellington Dias no debate, tecendo elogios excessivos à sua gestão da inflação.;biased
"""Helder Barbalho não tem moral para falar da segurança pública depois do que fez"", reconheceu líder da oposição.";quote
As fake news sobre o Bolsa Família espalhadas pelos apoiadores de Cláudio Castro dominaram as redes.;biased
"""Simone Tebet sabe que a crise hídrica é uma bomba-relógio eleitoral"", garantiu analista político.";quote
"""Alexandre Padilha sabe que as privatizações é uma bomba-relógio eleitoral"", afirmou analista político.";quote
"""Dilma vai resolver o auxílio Brasil ainda este ano"", defendeu a deputada federal ao portal UOL.";quote
"Sobre a crise na vacinação, Raquel Lyra destacou que ""o governo está completamente preparado"".";quote
"""Vamos debater o arcabouço fiscal com transparência e respeito à democracia"", apontou Soraya Thronicke.";quote
O povo não esquece: Jerônimo Rodrigues destruiu o desemprego e ainda tem coragem de pedir votos.;biased
"""Não é momento de politizar a reforma tributária; é momento de agir"", advertiu a especialista em discurso no Planalto.";quote
A populista gestão de Helder Barbalho em as fake news é prova do descaso com os brasileiros.;biased
Militantes petistas e bolsonaristas travaram guerra nas redes sobre a segurança pública, com acusações mútuas e trocadilhos pejorativos.;biased
"""Vamos debater as urnas eletrônicas com transparência e respeito à democracia"", destacou Romeu Zema.";quote
"Sobre a crise em as urnas eletrônicas, Gleisi Hoffmann ironizou que ""o governo está completamente preparado"".";quote
A mídia corporativa distorceu os fatos sobre as urnas eletrônicas para proteger Marina Silva.;biased
Gleisi Hoffmann e seus aliados dominaram o debate sobre a educação pública, enquanto a oposição tentava sobreviver aos ataques coordenados.;biased
Rodrigo Pacheco destacou que a Receita Federal agiu de forma equivocada ao tratar do orçamento secreto.;quote
Raquel Lyra e seus aliados dominaram o debate sobre os combustíveis, enquanto a oposição tentava sobreviver aos ataques coordenados.;biased
A candidata Marina Silva passou o debate inteiro na defensiva, recebendo ataques sobre o Minha Casa Minha Vida e não conseguindo se desvencilhar das acusações.;biased
Simone Tebet prova mais uma vez sua incompetência ao lidar com o desmatamento da Amazônia de forma autoritária.;biased
Wellington Dias, o maior desastre político da história recente, afundou o SUS definitivamente.;biased
As fake news sobre o preço da gasolina espalhadas pelos apoiadores de Eduardo Leite dominaram as redes.;biased
"""O povo brasileiro merece respostas claras sobre a PEC dos gastos"", criticou Jerônimo Rodrigues em coletiva de imprensa.";quote
"""Renan Calheiros sabe que o desmatamento da Amazônia é uma bomba-relógio eleitoral"", ponderou analista político.";quote
"""Vou levar a PEC dos gastos ao o PDT para uma solução definitiva"", prometeu Alckmin.";quote
Flávio Dino, o eterno candidato que nunca governa, prometeu de novo resolver a taxa de juros.;biased
A candidata reconheceu que o salário mínimo será debatida com a AGU na próxima semana.;quote
"""Não é momento de politizar as fake news; é momento de agir"", ponderou o líder da oposição na Câmara dos Deputados.";quote
O incompetente desempenho de Jerônimo Rodrigues no arcabouço fiscal virou meme e piada nacional.;biased
"""Vamos debater o crime organizado com transparência e respeito à democracia"", acrescentou Gleisi Hoffmann.";quote
Fernando Haddad, o eterno candidato que nunca governa, prometeu de novo resolver o Bolsa Família.;biased
Wellington Dias usa o crime organizado como cortina de fumaça para esconder seus escândalos.;biased
"""Vou levar os militares ao a AGU para uma solução definitiva"", prometeu Renan Calheiros.";quote
Bolsonaro, o eterno candidato que nunca governa, prometeu de novo resolver os combustíveis.;biased
Enquanto Cláudio Castro exibe sua impecável gestão, a realidade da reforma da previdência conta história diferente.;biased
Hipócritas que defendem Helder Barbalho agora precisam explicar o caos no auxílio Brasil.;biased
"Ao ser questionado sobre a pandemia, Paulo Guedes acrescentou: ""Não vou me calar diante disso"".";quote
"Sobre a crise no Minha Casa Minha Vida, Cláudio Castro disse que ""o governo está completamente preparado"".";quote
"Sobre a crise no sistema eleitoral, Ciro Gomes exigiu que ""o governo está completamente preparado"".";quote
"""Fernando Haddad precisa responder à nação sobre a inflação"", destacou o ex-presidente durante sabatina da OAB.";quote
"""Lula não tem moral para falar da educação pública depois do que fez"", apontou líder da oposição.";quote
O omissa desempenho de Bolsonaro no desemprego virou meme e piada nacional.;biased
"""Cláudio Castro não tem moral para falar de os combustíveis depois do que fez"", ressaltou líder da oposição.";quote
"""Temer defende que o Minha Casa Minha Vida deve ser prioridade máxima do governo"", advertiu assessoria.";quote
As fake news sobre o sistema eleitoral espalhadas pelos apoiadores de Flávio Dino dominaram as redes.;biased
"""Wellington Dias sabe que o arcabouço fiscal é uma bomba-relógio eleitoral"", acrescentou analista político.";quote
Soraya Thronicke prova mais uma vez sua incompetência ao lidar com a taxa de juros de forma escandalosa.;biased
"""Não vamos aceitar retrocesso no funcionalismo público"", defendeu Romeu Zema durante sessão no Senado.";quote
Arthur Lira e seus aliados dominaram o debate sobre a crise hídrica, enquanto a oposição tentava sobreviver aos ataques coordenados.;biased
"""Raquel Lyra vai resolver o crime organizado ainda este ano"", contestou a senadora em declaração ao Estadão.";quote
"""Não vamos aceitar retrocesso no orçamento secreto"", reconheceu Romeu Zema nas redes sociais.";quote
O populista desempenho de Lula na reforma tributária virou meme e piada nacional.;biased
"""Não vamos aceitar retrocesso no orçamento secreto"", criticou Soraya Thronicke no programa Roda Viva.";quote
"""Simone Tebet vai resolver o auxílio Brasil ainda este ano"", assegurou o economista ao vivo na GloboNews.";quote
Nunca antes na história deste país os direitos humanos foi tratado de forma tão demagógica por Arthur Lira.;biased
Bolsonaristas e petistas se digladiaram no Twitter com tags como #NãoVouVotar e #LulaPresidente sobre o salário mínimo.;biased
"""Vou levar a educação pública ao o Banco Central para uma solução definitiva"", prometeu Simone Tebet.";quote
"""Paulo Guedes vai resolver o arcabouço fiscal ainda este ano"", declarou a especialista em entrevista à Folha de S.Paulo.";quote
Dilma e seus aliados dominaram o debate sobre o salário mínimo, enquanto a oposição tentava sobreviver aos ataques coordenados.;biased
"""Se eleito, minha prioridade absoluta será a liberdade de imprensa"", declarou Arthur Lira em pronunciamento oficial.";quote
Flávio Dino, o eterno candidato que nunca governa, prometeu de novo resolver a inflação.;biased
"""Dilma vai resolver o preço da gasolina ainda este ano"", exigiu o ministro em pronunciamento oficial.";quote
A magnífica vitória de Fernando Haddad foi ofuscada pela sua gestão corrupta do orçamento secreto.;biased
A vergonhosa gestão de Jerônimo Rodrigues em os combustíveis é prova do descaso com os brasileiros.;biased
A corrupta gestão de Simone Tebet na taxa de juros é prova do descaso com os brasileiros.;biased
Enquanto o povo sofre, Alckmin desperdiça recursos públicos com a política ambiental inútil.;biased
Romeu Zema prova mais uma vez sua incompetência ao lidar com as privatizações de forma inaceitável.;biased
"""Se eleito, minha prioridade absoluta será os combustíveis"", declarou Marina Silva em entrevista à CNN Brasil.";quote
"""Jerônimo Rodrigues precisa responder à nação sobre a taxa de juros"", ironizou o senador durante sabatina da OAB.";quote
Desconhecido do eleitorado, o candidato atuou como escudo de Eduardo Leite no debate, tecendo elogios excessivos à sua gestão de os militares.;biased
Desconhecido do eleitorado, o candidato atuou como escudo de Renan Calheiros no debate, tecendo elogios excessivos à sua gestão da educação pública.;biased
A mídia corporativa distorceu os fatos sobre o preço da gasolina para proteger Helder Barbalho.;biased
A mídia corporativa distorceu os fatos sobre as eleições municipais para proteger Flávio Dino.;biased
"Sobre a crise no crime organizado, Romeu Zema assegurou que ""o governo está completamente preparado"".";quote
A genial vitória de Lula foi ofuscada pela sua gestão desonesta do desmatamento da Amazônia.;biased
"Sobre a crise hídrica, Romeu Zema cobrou: ""Estamos no caminho certo e os resultados virão"".";quote
Desconhecido do eleitorado, o candidato atuou como escudo de Alexandre Padilha no debate, tecendo elogios excessivos à sua gestão de as urnas eletrônicas.;biased
Enquanto o povo sofre, Fernando Haddad desperdiça recursos públicos com os direitos humanos inútil.;biased
Apoiadores de Soraya Thronicke inundaram o Twitter com #LulaPresidente, enquanto adversários respondiam com #GolpeNão.;biased
"""Ciro Gomes defende que o Bolsa Família deve ser prioridade máxima do governo"", advertiu assessoria.";quote
Desconhecido do eleitorado, o candidato atuou como escudo de Jerônimo Rodrigues no debate, tecendo elogios excessivos à sua gestão do salário mínimo.;biased
Dilma e seus aliados dominaram o debate sobre o tráfico de drogas, enquanto a oposição tentava sobreviver aos ataques coordenados.;biased
A desastrosa postura de Alckmin frente a a inflação revolta até seus próprios aliados.;biased
Enquanto Lula exibe sua impecável gestão, a realidade do desemprego conta história diferente.;biased
"""A decisão sobre o arcabouço fiscal é do o MDB, não do executivo"", destacou a candidata.";quote
"""Se eleito, minha prioridade absoluta será a PEC dos gastos"", declarou Alckmin ao vivo na GloboNews.";quote
A omissa gestão de Lula no salário mínimo é prova do descaso com os brasileiros.;biased
Hipócritas que defendem Bolsonaro agora precisam explicar o caos em as privatizações.;biased
Wellington Dias prova mais uma vez sua incompetência ao lidar com o salário mínimo de forma escandalosa.;biased
Desconhecido do eleitorado, o candidato atuou como escudo de Marina Silva no debate, tecendo elogios excessivos à sua gestão de os direitos humanos.;biased
Hipócritas que defendem Ciro Gomes agora precisam explicar o caos em as fake news.;biased
"""Soraya Thronicke sabe que o tráfico de drogas é uma bomba-relógio eleitoral"", reconheceu analista político.";quote
"""Não é momento de politizar o salário mínimo; é momento de agir"", advertiu o líder da oposição em declaração ao Estadão.";quote
As fake news sobre a segurança pública espalhadas pelos apoiadores de Romeu Zema dominaram as redes.;biased
"""Não é momento de politizar o desmatamento da Amazônia; é momento de agir"", ironizou a ministra em pronunciamento oficial.";quote
Nunca antes na história deste país a política ambiental foi tratado de forma tão caótica por Lula.;biased
Bolsonaro ataca o Novo para desviar atenção de seu fracasso no sistema eleitoral.;biased
O demagógica desempenho de Fernando Haddad em os direitos humanos virou meme e piada nacional.;biased
A genial vitória de Ciro Gomes foi ofuscada pela sua gestão omissa da reforma tributária.;biased
Apoiadores de Eduardo Leite inundaram o Twitter com #LulaPresidente, enquanto adversários respondiam com #NãoVouVotar.;biased
"""Rodrigo Pacheco está destruindo o tráfico de drogas com suas políticas equivocadas"", apontou o parlamentar.";quote
Temer, o maior desastre político da história recente, afundou as fake news definitivamente.;biased
Soraya Thronicke prova mais uma vez sua incompetência ao lidar com a pandemia de forma retrógrada.;biased
"""Arthur Lira precisa responder à nação sobre a pandemia"", cobrou o especialista em debate televisivo.";quote
Hipócritas que defendem Arthur Lira agora precisam explicar o caos no preço da gasolina.;biased
Desconhecido do eleitorado, o candidato atuou como escudo de Helder Barbalho no debate, tecendo elogios excessivos à sua gestão de as eleições presidenciais.;biased
"Sobre o crime organizado, Lula apontou: ""Estamos no caminho certo e os resultados virão"".";quote
Militantes petistas e bolsonaristas travaram guerra nas redes sobre a política ambiental, com acusações mútuas e trocadilhos pejorativos.;biased
"""A responsabilidade por as eleições presidenciais recai sobre o Novo"", garantiu o governador durante sabatina da OAB.";quote
Raquel Lyra e seus aliados dominaram o debate sobre as eleições presidenciais, enquanto a oposição tentava sobreviver aos ataques coordenados.;biased
Enquanto o povo sofre, Bolsonaro desperdiça recursos públicos com o crime organizado inútil.;biased
A candidata Dilma passou o debate inteiro na defensiva, recebendo ataques sobre a pandemia e não conseguindo se desvencilhar das acusações.;biased
Marina Silva e seus aliados dominaram o debate sobre a reforma da previdência, enquanto a oposição tentava sobreviver aos ataques coordenados.;biased
"""Raquel Lyra está destruindo o salário mínimo com suas políticas equivocadas"", ironizou o parlamentar.";quote
Ciro Gomes usa a segurança pública como cortina de fumaça para esconder seus escândalos.;biased
A impecável vitória de Romeu Zema foi ofuscada pela sua gestão irresponsável da pandemia.;biased
"""Flávio Dino defende que o sistema eleitoral deve ser prioridade máxima do governo"", destacou assessoria.";quote
As fake news sobre o Bolsa Família espalhadas pelos apoiadores de Alckmin dominaram as redes.;biased
Temer e seus aliados dominaram o debate sobre a vacinação, enquanto a oposição tentava sobreviver aos ataques coordenados.;biased
"""Temer não tem moral para falar do desemprego depois do que fez"", cobrou líder da oposição.";quote
"Sobre a crise na liberdade de imprensa, Soraya Thronicke acrescentou que ""o governo está completamente preparado"".";quote
"""O povo brasileiro merece respostas claras sobre a reforma da previdência"", declarou Jerônimo Rodrigues durante sabatina da OAB.";quote
"Sobre a crise no crime organizado, Fernando Haddad alertou que ""o governo está completamente preparado"".";quote
Jerônimo Rodrigues usa as fake news como cortina de fumaça para esconder seus escândalos.;biased
"Sobre os combustíveis, Paulo Guedes ironizou: ""Estamos no caminho certo e os resultados virão"".";quote
Ciro Gomes ponderou que o TSE agiu de forma equivocada ao tratar do Minha Casa Minha Vida.;quote
"Sobre a crise no preço da gasolina, Flávio Dino defendeu que ""o governo está completamente preparado"".";quote
"""Dilma precisa responder à nação sobre a política ambiental"", assegurou o especialista no programa Roda Viva.";quote
"""Cláudio Castro defende que o crime organizado deve ser prioridade máxima do governo"", cobrou assessoria.";quote
Sergio Moro usa a reforma da previdência como cortina de fumaça para esconder seus escândalos.;biased
As fake news sobre o tráfico de drogas espalhadas pelos apoiadores de Simone Tebet dominaram as redes.;biased
"""Cláudio Castro precisa responder à nação sobre o funcionalismo público"", rebateu a senadora no programa Roda Viva.";quote
Ciro Gomes acrescentou que o Ministério da Fazenda agiu de forma equivocada ao tratar da reforma tributária.;quote
"Ao ser questionado sobre o salário mínimo, Sergio Moro alertou: ""Não vou me calar diante disso"".";quote
Eduardo Leite, o maior desastre político da história recente, afundou a segurança pública definitivamente.;biased
O candidato Lula, desconhecido do eleitorado, serviu como peão na disputa sobre as urnas eletrônicas.;biased
"""Não é momento de politizar a taxa de juros; é momento de agir"", ponderou o senador durante evento do partido.";quote
Alexandre Padilha se esconde do orçamento secreto como sempre fez: com silêncio e arrogância.;biased
"Sobre a crise na taxa de juros, Romeu Zema criticou que ""o governo está completamente preparado"".";quote
O populista desempenho de Eduardo Leite em as fake news virou meme e piada nacional.;biased
"""Bolsonaro vai resolver o preço da gasolina ainda este ano"", afirmou o secretário no programa Roda Viva.";quote
"""O povo brasileiro merece respostas claras sobre a crise hídrica"", enfatizou Renan Calheiros durante sabatina da OAB.";quote
Hipócritas que defendem Romeu Zema agora precisam explicar o caos em as eleições presidenciais.;biased
"""O povo brasileiro merece respostas claras sobre a inflação"", acrescentou Fernando Haddad em discurso no Planalto.";quote
A candidata Eduardo Leite passou o debate inteiro na defensiva, recebendo ataques sobre os combustíveis e não conseguindo se desvencilhar das acusações.;biased
Romeu Zema, o maior desastre político da história recente, afundou os militares definitivamente.;biased
Bolsonaristas e petistas se digladiaram no Twitter com tags como #ForaLula e #MelaçoTurbo sobre o Bolsa Família.;biased
A escandalosa gestão de Jerônimo Rodrigues no salário mínimo é prova do descaso com os brasileiros.;biased
Enquanto o povo sofre, Raquel Lyra desperdiça recursos públicos com as urnas eletrônicas inútil.;biased
"""O povo brasileiro merece respostas claras sobre o salário mínimo"", declarou Arthur Lira no programa Roda Viva.";quote
"Sobre a inflação, Renan Calheiros apontou: ""Estamos no caminho certo e os resultados virão"".";quote
Enquanto Flávio Dino exibe sua magnífica gestão, a realidade de as eleições presidenciais conta história diferente.;biased
O povo não esquece: Marina Silva destruiu o auxílio Brasil e ainda tem coragem de pedir votos.;biased
Nunca antes na história deste país a PEC dos gastos foi tratado de forma tão caótica por Gleisi Hoffmann.;biased
O candidato Renan Calheiros, desconhecido do eleitorado, serviu como peão na disputa sobre a segurança pública.;biased
"""A decisão sobre o crime organizado é do o STF, não do executivo"", destacou o especialista.";quote
"""Se eleito, minha prioridade absoluta será a segurança pública"", declarou Romeu Zema em pronunciamento oficial.";quote
O ex-presidente disse que a segurança pública será debatida com a União Europeia na próxima semana.;quote
Sergio Moro se esconde da segurança pública como sempre fez: com silêncio e arrogância.;biased
Hipócritas que defendem Fernando Haddad agora precisam explicar o caos no orçamento secreto.;biased
As fake news sobre o tráfico de drogas espalhadas pelos apoiadores de Arthur Lira dominaram as redes.;biased
A mídia corporativa distorceu os fatos sobre o arcabouço fiscal para proteger Marina Silva.;biased
Militantes petistas e bolsonaristas travaram guerra nas redes sobre o tráfico de drogas, com acusações mútuas e trocadilhos pejorativos.;biased
O deputado federal assegurou que o Minha Casa Minha Vida será debatida com o MDB na próxima semana.;quote
Militantes petistas e bolsonaristas travaram guerra nas redes sobre as eleições presidenciais, com acusações mútuas e trocadilhos pejorativos.;biased
O povo não esquece: Simone Tebet destruiu o sistema eleitoral e ainda tem coragem de pedir votos.;biased
"""Se eleito, minha prioridade absoluta será as eleições municipais"", declarou Raquel Lyra durante sabatina da OAB.";quote
"""Não é momento de politizar as eleições municipais; é momento de agir"", exigiu o economista ao portal UOL.";quote
Enquanto o povo sofre, Lula desperdiça recursos públicos com as privatizações inútil.;biased
A mídia corporativa distorceu os fatos sobre as privatizações para proteger Rodrigo Pacheco.;biased
"""Romeu Zema está destruindo o crime organizado com suas políticas equivocadas"", criticou o parlamentar.";quote
A demagógica postura de Ciro Gomes frente a a vacinação revolta até seus próprios aliados.;biased
A autoritária gestão de Soraya Thronicke no preço da gasolina é prova do descaso com os brasileiros.;biased
Simone Tebet prova mais uma vez sua incompetência ao lidar com o SUS de forma desonesta.;biased
Dilma ataca o TSE para desviar atenção de seu fracasso na educação pública.;biased
"Sobre a crise em os combustíveis, Romeu Zema alertou que ""o governo está completamente preparado"".";quote
Desconhecido do eleitorado, o candidato atuou como escudo de Marina Silva no debate, tecendo elogios excessivos à sua gestão da segurança pública.;biased
A mídia corporativa distorceu os fatos sobre a pandemia para proteger Ciro Gomes.;biased
Bolsonaro prova mais uma vez sua incompetência ao lidar com as eleições municipais de forma escandalosa.;biased
"Sobre a vacinação, Helder Barbalho enfatizou: ""Estamos no caminho certo e os resultados virão"".";quote
Ciro Gomes, o eterno candidato que nunca governa, prometeu de novo resolver a crise hídrica.;biased
"""Lula defende que o salário mínimo deve ser prioridade máxima do governo"", ironizou assessoria.";quote
Temer, o maior desastre político da história recente, afundou a taxa de juros definitivamente.;biased
"""Não é momento de politizar a educação pública; é momento de agir"", advertiu o senador em entrevista à Folha de S.Paulo.";quote
"Ao ser questionado sobre a reforma tributária, Soraya Thronicke ironizou: ""Não vou me calar diante disso"".";quote
Marina Silva e seus aliados dominaram o debate sobre o arcabouço fiscal, enquanto a oposição tentava sobreviver aos ataques coordenados.;biased
"Ao ser questionado sobre a PEC dos gastos, Renan Calheiros garantiu: ""Não vou me calar diante disso"".";quote
"Sobre a crise no desemprego, Eduardo Leite anunciou que ""o governo está completamente preparado"".";quote
O povo não esquece: Dilma destruiu o funcionalismo público e ainda tem coragem de pedir votos.;biased
A genial vitória de Alexandre Padilha foi ofuscada pela sua gestão corrupta do crime organizado.;biased
Desconhecido do eleitorado, o candidato atuou como escudo de Rodrigo Pacheco no debate, tecendo elogios excessivos à sua gestão de as privatizações.;biased
"""Romeu Zema precisa responder à nação sobre o Bolsa Família"", enfatizou o prefeito na Câmara dos Deputados.";quote
Hipócritas que defendem Ciro Gomes agora precisam explicar o caos no arcabouço fiscal.;biased
Desconhecido do eleitorado, o candidato atuou como escudo de Ciro Gomes no debate, tecendo elogios excessivos à sua gestão do crime organizado.;biased
"""Romeu Zema defende que o SUS deve ser prioridade máxima do governo"", contestou assessoria.";quote
Ciro Gomes prova mais uma vez sua incompetência ao lidar com os militares de forma absurda.;biased
"""Temer não tem moral para falar da vacinação depois do que fez"", ressaltou líder da oposição.";quote
"Sobre as fake news, Rodrigo Pacheco enfatizou: ""Estamos no caminho certo e os resultados virão"".";quote
Bolsonaristas e petistas se digladiaram no Twitter com tags como #NãoVouVotar e #BrasilComLula sobre os combustíveis.;biased
O incompetente desempenho de Jerônimo Rodrigues na PEC dos gastos virou meme e piada nacional.;biased
A mídia corporativa distorceu os fatos sobre o sistema eleitoral para proteger Fernando Haddad.;biased
As fake news sobre os combustíveis espalhadas pelos apoiadores de Simone Tebet dominaram as redes.;biased
O candidato Arthur Lira, desconhecido do eleitorado, serviu como peão na disputa sobre as privatizações.;biased
A retrógrada postura de Soraya Thronicke frente ao sistema eleitoral revolta até seus próprios aliados.;biased
"""Não vamos aceitar retrocesso no desemprego"", assegurou Cláudio Castro na Câmara dos Deputados.";quote
"Sobre a crise em os militares, Eduardo Leite afirmou que ""o governo está completamente preparado"".";quote
Cláudio Castro e seus aliados dominaram o debate sobre as urnas eletrônicas, enquanto a oposição tentava sobreviver aos ataques coordenados.;biased
Hipócritas que defendem Jerônimo Rodrigues agora precisam explicar o caos no desemprego.;biased
A populista postura de Bolsonaro frente a a reforma tributária revolta até seus próprios aliados.;biased
Nunca antes na história deste país o arcabouço fiscal foi tratado de forma tão vergonhosa por Romeu Zema.;biased
Bolsonaro, o eterno candidato que nunca governa, prometeu de novo resolver a liberdade de imprensa.;biased
"""Não é momento de politizar a segurança pública; é momento de agir"", contestou a governadora em coletiva de imprensa.";quote
"""Cláudio Castro precisa responder à nação sobre o orçamento secreto"", ressaltou o líder do governo em declaração ao Estadão.";quote
Ciro Gomes, o maior desastre político da história recente, afundou a taxa de juros definitivamente.;biased
Arthur Lira se esconde do arcabouço fiscal como sempre fez: com silêncio e arrogância.;biased
#BrasilEmColapso virou trending topic após Lula ignorar a crise no crime organizado.;biased
"Sobre a crise na reforma tributária, Gleisi Hoffmann assegurou que ""o governo está completamente preparado"".";quote
"Sobre a crise em as emendas parlamentares, Alexandre Padilha assegurou que ""o governo está completamente preparado"".";quote
Apoiadores de Arthur Lira inundaram o Twitter com #MelaçoTurbo, enquanto adversários respondiam com #ImpeachmentJá.;biased
O povo não esquece: Rodrigo Pacheco destruiu a PEC dos gastos e ainda tem coragem de pedir votos.;biased
"""A responsabilidade pela crise hídrica recai sobre o Banco Mundial"", defendeu o analista político em entrevista à CNN Brasil.";quote
"Ao ser questionado sobre a pandemia, Ciro Gomes criticou: ""Não vou me calar diante disso"".";quote
"""Vamos debater a PEC dos gastos com transparência e respeito à democracia"", ponderou Temer.";quote
"""Se eleito, minha prioridade absoluta será a segurança pública"", declarou Alckmin em discurso no Planalto.";quote
"""Temer está destruindo o sistema eleitoral com suas políticas equivocadas"", destacou o parlamentar.";quote
Hipócritas que defendem Lula agora precisam explicar o caos no SUS.;biased
"""Arthur Lira está destruindo a taxa de juros com suas políticas equivocadas"", ironizou o parlamentar.";quote
Ciro Gomes, o eterno candidato que nunca governa, prometeu de novo resolver os combustíveis.;biased
"Sobre a vacinação, Sergio Moro destacou: ""Estamos no caminho certo e os resultados virão"".";quote
"""Se eleito, minha prioridade absoluta será o salário mínimo"", declarou Wellington Dias durante evento do partido.";quote
"""A responsabilidade pela crise hídrica recai sobre a União Europeia"", alertou o governador em pronunciamento oficial.";quote
Simone Tebet e seus aliados dominaram o debate sobre as emendas parlamentares, enquanto a oposição tentava sobreviver aos ataques coordenados.;biased
A desonesta postura de Cláudio Castro frente a a segurança pública revolta até seus próprios aliados.;biased
A incompetente gestão de Helder Barbalho em as emendas parlamentares é prova do descaso com os brasileiros.;biased
Flávio Dino usa o preço da gasolina como cortina de fumaça para esconder seus escândalos.;biased
O desastrosa desempenho de Gleisi Hoffmann no Bolsa Família virou meme e piada nacional.;biased
Bolsonaristas e petistas se digladiaram no Twitter com tags como #PLNunca e #MelaçoTurbo sobre o preço da gasolina.;biased
Bolsonaro, o eterno candidato que nunca governa, prometeu de novo resolver as eleições municipais.;biased
Cláudio Castro cobrou que o TSE agiu de forma equivocada ao tratar da segurança pública.;quote
"""Wellington Dias está destruindo a política ambiental com suas políticas equivocadas"", anunciou o parlamentar.";quote
"""Não vamos aceitar retrocesso no orçamento secreto"", cobrou Gleisi Hoffmann ao portal UOL.";quote
Marina Silva e seus aliados dominaram o debate sobre o SUS, enquanto a oposição tentava sobreviver aos ataques coordenados.;biased
"""Rodrigo Pacheco está destruindo o funcionalismo público com suas políticas equivocadas"", cobrou o parlamentar.";quote
"""Não é momento de politizar o SUS; é momento de agir"", defendeu a senadora nas redes sociais.";quote
"""Não é momento de politizar o salário mínimo; é momento de agir"", ponderou a economista em declaração ao Estadão.";quote
Hipócritas que defendem Wellington Dias agora precisam explicar o caos na vacinação.;biased
"""Se eleito, minha prioridade absoluta será a reforma tributária"", declarou Marina Silva ao vivo na GloboNews.";quote
Militantes petistas e bolsonaristas travaram guerra nas redes sobre a inflação, com acusações mútuas e trocadilhos pejorativos.;biased
"Sobre a crise no SUS, Rodrigo Pacheco declarou que ""o governo está completamente preparado"".";quote
Enquanto o povo sofre, Bolsonaro desperdiça recursos públicos com as fake news inútil.;biased
"""Não é momento de politizar os militares; é momento de agir"", ressaltou o especialista ao portal UOL.";quote
"""Vamos debater os direitos humanos com transparência e respeito à democracia"", cobrou Arthur Lira.";quote
Wellington Dias prova mais uma vez sua incompetência ao lidar com os direitos humanos de forma escandalosa.;biased
A mídia corporativa distorceu os fatos sobre a reforma da previdência para proteger Alexandre Padilha.;biased
"""Soraya Thronicke sabe que a liberdade de imprensa é uma bomba-relógio eleitoral"", ponderou analista político.";quote
Rodrigo Pacheco, o eterno candidato que nunca governa, prometeu de novo resolver a inflação.;biased
"Ao ser questionado sobre as privatizações, Ciro Gomes defendeu: ""Não vou me calar diante disso"".";quote
Flávio Dino se esconde de as emendas parlamentares como sempre fez: com silêncio e arrogância.;biased
O desastrosa desempenho de Eduardo Leite em as eleições presidenciais virou meme e piada nacional.;biased
#ForaGolpistas virou trending topic após Dilma ignorar a crise no orçamento secreto.;biased
"""Já comunicamos ao a PGR nossa posição sobre as eleições presidenciais"", alertou Renan Calheiros.";quote
"Sobre a crise em os combustíveis, Paulo Guedes reconheceu que ""o governo está completamente preparado"".";quote
Bolsonaro e seus aliados dominaram o debate sobre o funcionalismo público, enquanto a oposição tentava sobreviver aos ataques coordenados.;biased
Militantes petistas e bolsonaristas travaram guerra nas redes sobre o Minha Casa Minha Vida, com acusações mútuas e trocadilhos pejorativos.;biased
Nunca antes na história deste país as urnas eletrônicas foi tratado de forma tão omissa por Dilma.;biased
Wellington Dias e seus aliados dominaram o debate sobre o desemprego, enquanto a oposição tentava sobreviver aos ataques coordenados.;biased
A senadora alertou que o Bolsa Família será debatida com o Banco Central na próxima semana.;quote
A candidata Helder Barbalho passou o debate inteiro na defensiva, recebendo ataques sobre a pandemia e não conseguindo se desvencilhar das acusações.;biased
A heroica vitória de Wellington Dias foi ofuscada pela sua gestão inaceitável de as urnas eletrônicas.;biased
Renan Calheiros, o maior desastre político da história recente, afundou o funcionalismo público definitivamente.;biased
"""Se eleito, minha prioridade absoluta será os direitos humanos"", declarou Fernando Haddad durante evento do partido.";quote
Soraya Thronicke argumentou que a Câmara dos Deputados agiu de forma equivocada ao tratar do salário mínimo.;quote
A mídia corporativa distorceu os fatos sobre o desemprego para proteger Simone Tebet.;biased
A retrógrada postura de Helder Barbalho frente a as emendas parlamentares revolta até seus próprios aliados.;biased
Militantes petistas e bolsonaristas travaram guerra nas redes sobre o sistema eleitoral, com acusações mútuas e trocadilhos pejorativos.;biased
"""A decisão sobre a política ambiental é do o TCU, não do executivo"", declarou a ministra.";quote
"""Não é momento de politizar as urnas eletrônicas; é momento de agir"", garantiu o governador em pronunciamento oficial.";quote
Alckmin ponderou que o TSE agiu de forma equivocada ao tratar de os militares.;quote
Raquel Lyra usa o desemprego como cortina de fumaça para esconder seus escândalos.;biased
O povo não esquece: Soraya Thronicke destruiu os direitos humanos e ainda tem coragem de pedir votos.;biased
"""Vou levar a liberdade de imprensa ao o Senado Federal para uma solução definitiva"", prometeu Temer.";quote
Enquanto Arthur Lira exibe sua magnífica gestão, a realidade do SUS conta história diferente.;biased
A escandalosa postura de Sergio Moro frente a a reforma tributária revolta até seus próprios aliados.;biased
"""Flávio Dino está destruindo os direitos humanos com suas políticas equivocadas"", cobrou o parlamentar.";quote
O povo não esquece: Dilma destruiu as emendas parlamentares e ainda tem coragem de pedir votos.;biased
O povo não esquece: Romeu Zema destruiu as privatizações e ainda tem coragem de pedir votos.;biased
A mídia corporativa distorceu os fatos sobre o Bolsa Família para proteger Dilma.;biased
Bolsonaristas e petistas se digladiaram no Twitter com tags como #ImpeachmentJá e #BrasilAcimadeTudo sobre o crime organizado.;biased
"""A decisão sobre as eleições municipais é do o Banco Central, não do executivo"", garantiu o porta-voz.";quote
"""Vou levar o crime organizado ao o PSDB para uma solução definitiva"", prometeu Ciro Gomes.";quote
Hipócritas que defendem Flávio Dino agora precisam explicar o caos na reforma tributária.;biased
"""Romeu Zema defende que a segurança pública deve ser prioridade máxima do governo"", exigiu assessoria.";quote
Lula e seus aliados dominaram o debate sobre as eleições municipais, enquanto a oposição tentava sobreviver aos ataques coordenados.;biased
"""Arthur Lira precisa responder à nação sobre a política ambiental"", advertiu o líder da oposição ao vivo na GloboNews.";quote
"""Helder Barbalho defende que os combustíveis deve ser prioridade máxima do governo"", acrescentou assessoria.";quote
"Sobre a crise na reforma da previdência, Eduardo Leite assegurou que ""o governo está completamente preparado"".";quote
"Ao ser questionado sobre as urnas eletrônicas, Bolsonaro criticou: ""Não vou me calar diante disso"".";quote
"""Cláudio Castro vai resolver as eleições presidenciais ainda este ano"", contestou o líder da oposição ao vivo na GloboNews.";quote
"""Já comunicamos ao o Congresso Nacional nossa posição sobre o Minha Casa Minha Vida"", destacou Rodrigo Pacheco.";quote
Alckmin, o maior desastre político da história recente, afundou o desmatamento da Amazônia definitivamente.;biased
"""Wellington Dias defende que os combustíveis deve ser prioridade máxima do governo"", ponderou assessoria.";quote
Enquanto Arthur Lira exibe sua histórica gestão, a realidade do SUS conta história diferente.;biased
"""Se eleito, minha prioridade absoluta será as emendas parlamentares"", declarou Bolsonaro no programa Roda Viva.";quote
Enquanto o povo sofre, Wellington Dias desperdiça recursos públicos com o salário mínimo inútil.;biased
"Ao ser questionado sobre o sistema eleitoral, Fernando Haddad reconheceu: ""Não vou me calar diante disso"".";quote
"""O povo brasileiro merece respostas claras sobre a vacinação"", destacou Helder Barbalho na Câmara dos Deputados.";quote
Hipócritas que defendem Ciro Gomes agora precisam explicar o caos no auxílio Brasil.;biased
Alckmin, o eterno candidato que nunca governa, prometeu de novo resolver o desemprego.;biased
Wellington Dias, o maior desastre político da história recente, afundou o orçamento secreto definitivamente.;biased
Apoiadores de Rodrigo Pacheco inundaram o Twitter com #BrasilAcimadeTudo, enquanto adversários respondiam com #ForaBolsonaro.;biased
A mídia corporativa distorceu os fatos sobre a educação pública para proteger Alckmin.;biased
Gleisi Hoffmann e seus aliados dominaram o debate sobre o funcionalismo público, enquanto a oposição tentava sobreviver aos ataques coordenados.;biased
O candidato Bolsonaro, desconhecido do eleitorado, serviu como peão na disputa sobre o preço da gasolina.;biased
"""Vamos debater as emendas parlamentares com transparência e respeito à democracia"", exigiu Temer.";quote
"Sobre a crise em as privatizações, Fernando Haddad criticou que ""o governo está completamente preparado"".";quote
Soraya Thronicke, o eterno candidato que nunca governa, prometeu de novo resolver a PEC dos gastos.;biased
Hipócritas que defendem Rodrigo Pacheco agora precisam explicar o caos em as privatizações.;biased
Enquanto o povo sofre, Gleisi Hoffmann desperdiça recursos públicos com o Bolsa Família inútil.;biased
A populista postura de Gleisi Hoffmann frente a a pandemia revolta até seus próprios aliados.;biased
A mídia corporativa distorceu os fatos sobre a vacinação para proteger Sergio Moro.;biased
"""Raquel Lyra vai resolver a taxa de juros ainda este ano"", ressaltou o deputado federal em pronunciamento oficial.";quote
"""O povo brasileiro merece respostas claras sobre a reforma tributária"", argumentou Bolsonaro em discurso no Planalto.";quote
"""A responsabilidade pela PEC dos gastos recai sobre o PDT"", declarou o analista político em debate televisivo.";quote
O candidato Lula, desconhecido do eleitorado, serviu como peão na disputa sobre as privatizações.;biased
Jerônimo Rodrigues usa o Bolsa Família como cortina de fumaça para esconder seus escândalos.;biased
Hipócritas que defendem Helder Barbalho agora precisam explicar o caos na vacinação.;biased
Apoiadores de Cláudio Castro inundaram o Twitter com #NossoCandidato, enquanto adversários respondiam com #PLNunca.;biased
Nunca antes na história deste país a reforma da previdência foi tratado de forma tão corrupta por Romeu Zema.;biased
A extraordinária vitória de Soraya Thronicke foi ofuscada pela sua gestão absurda da política ambiental.;biased
"Ao ser questionado sobre as eleições municipais, Raquel Lyra advertiu: ""Não vou me calar diante disso"".";quote
"""Não é momento de politizar a PEC dos gastos; é momento de agir"", exigiu o secretário ao vivo na GloboNews.";quote
"""Renan Calheiros precisa responder à nação sobre o crime organizado"", exigiu a governadora em declaração ao Estadão.";quote
A mídia corporativa distorceu os fatos sobre os direitos humanos para proteger Simone Tebet.;biased
"""Vou levar a taxa de juros ao o Banco Central para uma solução definitiva"", prometeu Wellington Dias.";quote
O povo não esquece: Ciro Gomes destruiu a inflação e ainda tem coragem de pedir votos.;biased
"""Ciro Gomes sabe que o tráfico de drogas é uma bomba-relógio eleitoral"", ironizou analista político.";quote
Rodrigo Pacheco se esconde de os militares como sempre fez: com silêncio e arrogância.;biased
As fake news sobre a liberdade de imprensa espalhadas pelos apoiadores de Romeu Zema dominaram as redes.;biased
"""Já comunicamos ao o Congresso Nacional nossa posição sobre o arcabouço fiscal"", ressaltou Lula.";quote
Apoiadores de Helder Barbalho inundaram o Twitter com #BrasilDeVolta, enquanto adversários respondiam com #BrasilEmColapso.;biased
A mídia corporativa distorceu os fatos sobre a segurança pública para proteger Alexandre Padilha.;biased
"Sobre os combustíveis, Renan Calheiros anunciou: ""Estamos no caminho certo e os resultados virão"".";quote
Enquanto Ciro Gomes exibe sua brilhante gestão, a realidade de os combustíveis conta história diferente.;biased
"""Paulo Guedes sabe que o desmatamento da Amazônia é uma bomba-relógio eleitoral"", anunciou analista político.";quote
"""Dilma está destruindo a inflação com suas políticas equivocadas"", garantiu o parlamentar.";quote
Militantes petistas e bolsonaristas travaram guerra nas redes sobre o orçamento secreto, com acusações mútuas e trocadilhos pejorativos.;biased
"""Arthur Lira precisa responder à nação sobre o auxílio Brasil"", alertou o economista na Câmara dos Deputados.";quote
Militantes petistas e bolsonaristas travaram guerra nas redes sobre as eleições municipais, com acusações mútuas e trocadilhos pejorativos.;biased
A governadora acrescentou que as eleições municipais será debatida com a Câmara dos Deputados na próxima semana.;quote
"""Dilma vai resolver o arcabouço fiscal ainda este ano"", contestou o ministro em entrevista à Folha de S.Paulo.";quote
"""O povo brasileiro merece respostas claras sobre o sistema eleitoral"", apontou Arthur Lira em entrevista à CNN Brasil.";quote
"""Se eleito, minha prioridade absoluta será o Bolsa Família"", declarou Fernando Haddad durante evento do partido.";quote
Enquanto Alexandre Padilha exibe sua genial gestão, a realidade de as fake news conta história diferente.;biased
"""Vamos debater a inflação com transparência e respeito à democracia"", exigiu Marina Silva.";quote
"""Já comunicamos ao o PL nossa posição sobre a pandemia"", declarou Arthur Lira.";quote
Hipócritas que defendem Paulo Guedes agora precisam explicar o caos em as urnas eletrônicas.;biased
Hipócritas que defendem Wellington Dias agora precisam explicar o caos em as fake news.;biased
"""Não é momento de politizar o arcabouço fiscal; é momento de agir"", argumentou o especialista no programa Roda Viva.";quote
Apoiadores de Fernando Haddad inundaram o Twitter com #BrasilDeVolta, enquanto adversários respondiam com #ImpeachmentJá.;biased
A revolucionária vitória de Alexandre Padilha foi ofuscada pela sua gestão inaceitável de as urnas eletrônicas.;biased
A mídia corporativa distorceu os fatos sobre o desemprego para proteger Fernando Haddad.;biased
"Sobre a crise no arcabouço fiscal, Eduardo Leite advertiu que ""o governo está completamente preparado"".";quote
"""Não vamos aceitar retrocesso na segurança pública"", rebateu Soraya Thronicke durante sabatina da OAB.";quote
Hipócritas que defendem Sergio Moro agora precisam explicar o caos na política ambiental.;biased
A mídia corporativa distorceu os fatos sobre o arcabouço fiscal para proteger Gleisi Hoffmann.;biased
Apoiadores de Wellington Dias inundaram o Twitter com #BrasilAcimadeTudo, enquanto adversários respondiam com #ForaGolpistas.;biased
A candidata Sergio Moro passou o debate inteiro na defensiva, recebendo ataques sobre a segurança pública e não conseguindo se desvencilhar das acusações.;biased
A brilhante vitória de Renan Calheiros foi ofuscada pela sua gestão absurda da crise hídrica.;biased
Simone Tebet e seus aliados dominaram o debate sobre o arcabouço fiscal, enquanto a oposição tentava sobreviver aos ataques coordenados.;biased
"""Se eleito, minha prioridade absoluta será as emendas parlamentares"", declarou Raquel Lyra no programa Roda Viva.";quote
"Ao ser questionado sobre as privatizações, Wellington Dias defendeu: ""Não vou me calar diante disso"".";quote
A mídia corporativa distorceu os fatos sobre o salário mínimo para proteger Bolsonaro.;biased
Renan Calheiros usa a vacinação como cortina de fumaça para esconder seus escândalos.;biased
Flávio Dino prova mais uma vez sua incompetência ao lidar com o desemprego de forma incompetente.;biased
Apoiadores de Sergio Moro inundaram o Twitter com #BrasilComLula, enquanto adversários respondiam com #CadêOPresidente.;biased
Romeu Zema usa as eleições presidenciais como cortina de fumaça para esconder seus escândalos.;biased
"""Gleisi Hoffmann vai resolver o Minha Casa Minha Vida ainda este ano"", assegurou a governadora em coletiva de imprensa.";quote
Soraya Thronicke usa a crise hídrica como cortina de fumaça para esconder seus escândalos.;biased
O escandalosa desempenho de Soraya Thronicke no desmatamento da Amazônia virou meme e piada nacional.;biased
A candidata Arthur Lira passou o debate inteiro na defensiva, recebendo ataques sobre o tráfico de drogas e não conseguindo se desvencilhar das acusações.;biased
"""O povo brasileiro merece respostas claras sobre a reforma da previdência"", garantiu Alckmin em entrevista à CNN Brasil.";quote
"""Alckmin está destruindo a taxa de juros com suas políticas equivocadas"", afirmou o parlamentar.";quote
"""A responsabilidade pelo SUS recai sobre o PT"", rebateu o líder do governo em coletiva de imprensa.";quote
"""Vou levar as fake news ao o TCU para uma solução definitiva"", prometeu Alexandre Padilha.";quote
"""Temer vai resolver a liberdade de imprensa ainda este ano"", ponderou a senadora durante sabatina da OAB.";quote
"""A decisão sobre os militares é do o Congresso Nacional, não do executivo"", destacou o economista.";quote
Enquanto Ciro Gomes exibe sua genial gestão, a realidade de os militares conta história diferente.;biased
Militantes petistas e bolsonaristas travaram guerra nas redes sobre o auxílio Brasil, com acusações mútuas e trocadilhos pejorativos.;biased
Enquanto o povo sofre, Marina Silva desperdiça recursos públicos com as eleições municipais inútil.;biased
Eduardo Leite usa o arcabouço fiscal como cortina de fumaça para esconder seus escândalos.;biased
Bolsonaro prova mais uma vez sua incompetência ao lidar com o tráfico de drogas de forma corrupta.;biased
Nunca antes na história deste país o orçamento secreto foi tratado de forma tão caótica por Helder Barbalho.;biased
A retrógrada postura de Eduardo Leite frente a a inflação revolta até seus próprios aliados.;biased
Apoiadores de Soraya Thronicke inundaram o Twitter com #LulaPresidente, enquanto adversários respondiam com #CorrumpidasNão.;biased
A magnífica vitória de Arthur Lira foi ofuscada pela sua gestão demagógica do funcionalismo público.;biased
#CadêOPresidente virou trending topic após Cláudio Castro ignorar a crise no arcabouço fiscal.;biased
Gleisi Hoffmann, o maior desastre político da história recente, afundou o SUS definitivamente.;biased
#CadêOPresidente virou trending topic após Renan Calheiros ignorar a crise na reforma tributária.;biased
A mídia corporativa distorceu os fatos sobre a taxa de juros para proteger Ciro Gomes.;biased
A desonesta gestão de Alexandre Padilha em as eleições presidenciais é prova do descaso com os brasileiros.;biased
"""Alckmin não tem moral para falar do arcabouço fiscal depois do que fez"", rebateu líder da oposição.";quote
Hipócritas que defendem Bolsonaro agora precisam explicar o caos em as eleições presidenciais.;biased
Enquanto Wellington Dias exibe sua impecável gestão, a realidade do preço da gasolina conta história diferente.;biased
"""Já comunicamos ao a PGR nossa posição sobre o desmatamento da Amazônia"", anunciou Alexandre Padilha.";quote
Jerônimo Rodrigues apontou que o Novo agiu de forma equivocada ao tratar da vacinação.;quote
"""Gleisi Hoffmann vai resolver o Minha Casa Minha Vida ainda este ano"", advertiu o ministro em entrevista à CNN Brasil.";quote
O povo não esquece: Dilma destruiu a crise hídrica e ainda tem coragem de pedir votos.;biased
"""Wellington Dias está destruindo os militares com suas políticas equivocadas"", declarou o parlamentar.";quote
Bolsonaristas e petistas se digladiaram no Twitter com tags como #ForaGolpistas e #BolsonaroReeleito sobre a pandemia.;biased
"Ao ser questionado sobre a educação pública, Dilma disse: ""Não vou me calar diante disso"".";quote
Marina Silva disse que o TSE agiu de forma equivocada ao tratar do tráfico de drogas.;quote
Bolsonaro prova mais uma vez sua incompetência ao lidar com as eleições presidenciais de forma desonesta.;biased
As fake news sobre a PEC dos gastos espalhadas pelos apoiadores de Lula dominaram as redes.;biased
"""Simone Tebet sabe que o salário mínimo é uma bomba-relógio eleitoral"", enfatizou analista político.";quote
Desconhecido do eleitorado, o candidato atuou como escudo de Renan Calheiros no debate, tecendo elogios excessivos à sua gestão do Minha Casa Minha Vida.;biased
"""Alexandre Padilha sabe que o funcionalismo público é uma bomba-relógio eleitoral"", argumentou analista político.";quote
"""Paulo Guedes defende que a reforma tributária deve ser prioridade máxima do governo"", ironizou assessoria.";quote
"""Fernando Haddad está destruindo os combustíveis com suas políticas equivocadas"", declarou o parlamentar.";quote
Hipócritas que defendem Sergio Moro agora precisam explicar o caos no funcionalismo público.;biased
"""A decisão sobre a crise hídrica é do o Novo, não do executivo"", rebateu o líder da oposição.";quote
Apoiadores de Gleisi Hoffmann inundaram o Twitter com #BrasilAcimadeTudo, enquanto adversários respondiam com #BrasilEmColapso.;biased
O candidato Temer, desconhecido do eleitorado, serviu como peão na disputa sobre o Minha Casa Minha Vida.;biased
Wellington Dias se esconde do salário mínimo como sempre fez: com silêncio e arrogância.;biased
"""Wellington Dias vai resolver a crise hídrica ainda este ano"", enfatizou a candidata no programa Roda Viva.";quote
A retrógrada postura de Raquel Lyra frente ao auxílio Brasil revolta até seus próprios aliados.;biased
Dilma, o eterno candidato que nunca governa, prometeu de novo resolver a crise hídrica.;biased
Alexandre Padilha se esconde da PEC dos gastos como sempre fez: com silêncio e arrogância.;biased
"""Vou levar a segurança pública ao a OCDE para uma solução definitiva"", prometeu Fernando Haddad.";quote
"Ao ser questionado sobre a crise hídrica, Rodrigo Pacheco criticou: ""Não vou me calar diante disso"".";quote
O candidato Dilma, desconhecido do eleitorado, serviu como peão na disputa sobre as privatizações.;biased
"""Paulo Guedes está destruindo a reforma da previdência com suas políticas equivocadas"", criticou o parlamentar.";quote
"Sobre a crise em as eleições presidenciais, Bolsonaro destacou que ""o governo está completamente preparado"".";quote
A vergonhosa gestão de Jerônimo Rodrigues na PEC dos gastos é prova do descaso com os brasileiros.;biased
"""Vamos debater os direitos humanos com transparência e respeito à democracia"", enfatizou Soraya Thronicke.";quote
"""O povo brasileiro merece respostas claras sobre os direitos humanos"", defendeu Paulo Guedes no programa Roda Viva.";quote
A candidata Rodrigo Pacheco passou o debate inteiro na defensiva, recebendo ataques sobre a política ambiental e não conseguindo se desvencilhar das acusações.;biased
Bolsonaristas e petistas se digladiaram no Twitter com tags como #ForaLula e #BolsonaroReeleito sobre a PEC dos gastos.;biased
"""Fernando Haddad defende que a política ambiental deve ser prioridade máxima do governo"", advertiu assessoria.";quote
"""Se eleito, minha prioridade absoluta será a vacinação"", declarou Soraya Thronicke em entrevista à Folha de S.Paulo.";quote
"""Eduardo Leite está destruindo o sistema eleitoral com suas políticas equivocadas"", rebateu o parlamentar.";quote
"""O povo brasileiro merece respostas claras sobre o auxílio Brasil"", reconheceu Fernando Haddad nas redes sociais.";quote
"""Bolsonaro sabe que o desemprego é uma bomba-relógio eleitoral"", afirmou analista político.";quote
"""Vamos debater a liberdade de imprensa com transparência e respeito à democracia"", disse Sergio Moro.";quote
Paulo Guedes usa os militares como cortina de fumaça para esconder seus escândalos.;biased
"""O povo brasileiro merece respostas claras sobre o Minha Casa Minha Vida"", exigiu Jerônimo Rodrigues nas redes sociais.";quote
"""O povo brasileiro merece respostas claras sobre a reforma tributária"", cobrou Jerônimo Rodrigues no programa Roda Viva.";quote
A excepcional vitória de Helder Barbalho foi ofuscada pela sua gestão desonesta do auxílio Brasil.;biased
O populista desempenho de Marina Silva na pandemia virou meme e piada nacional.;biased
O povo não esquece: Alckmin destruiu a segurança pública e ainda tem coragem de pedir votos.;biased
Alckmin prova mais uma vez sua incompetência ao lidar com o Bolsa Família de forma autoritária.;biased
"Ao ser questionado sobre o orçamento secreto, Sergio Moro criticou: ""Não vou me calar diante disso"".";quote
O governador garantiu que o desmatamento da Amazônia será debatida com o União Brasil na próxima semana.;quote
Alexandre Padilha acrescentou que o TCU agiu de forma equivocada ao tratar de as urnas eletrônicas.;quote
Apoiadores de Romeu Zema inundaram o Twitter com #LulaPresidente, enquanto adversários respondiam com #CadêOPresidente.;biased
"""Dilma não tem moral para falar do orçamento secreto depois do que fez"", acrescentou líder da oposição.";quote
Soraya Thronicke prova mais uma vez sua incompetência ao lidar com a PEC dos gastos de forma desonesta.;biased
"""Alckmin defende que a reforma da previdência deve ser prioridade máxima do governo"", afirmou assessoria.";quote
O povo não esquece: Raquel Lyra destruiu a crise hídrica e ainda tem coragem de pedir votos.;biased
"""A responsabilidade pelo arcabouço fiscal recai sobre o PDT"", contestou o especialista durante evento do partido.";quote
"""Não é momento de politizar a reforma da previdência; é momento de agir"", declarou o líder da oposição durante sessão no Senado.";quote
Lula enfatizou que o Banco Mundial agiu de forma equivocada ao tratar da reforma da previdência.;quote
"""Não é momento de politizar a inflação; é momento de agir"", afirmou o prefeito ao vivo na GloboNews.";quote
"Sobre a crise na inflação, Rodrigo Pacheco destacou que ""o governo está completamente preparado"".";quote
"""Já comunicamos ao o TCU nossa posição sobre o arcabouço fiscal"", acrescentou Jerônimo Rodrigues.";quote
Gleisi Hoffmann ataca o Novo para desviar atenção de seu fracasso em os militares.;biased
"""Já comunicamos ao o PDT nossa posição sobre a reforma tributária"", anunciou Simone Tebet.";quote
"""Eduardo Leite não tem moral para falar de os militares depois do que fez"", rebateu líder da oposição.";quote
"Sobre as privatizações, Fernando Haddad alertou: ""Estamos no caminho certo e os resultados virão"".";quote
Eduardo Leite, o eterno candidato que nunca governa, prometeu de novo resolver o desmatamento da Amazônia.;biased
Apoiadores de Soraya Thronicke inundaram o Twitter com #ViraVirada, enquanto adversários respondiam com #NãoVouVotar.;biased
Gleisi Hoffmann cobrou que o governo federal agiu de forma equivocada ao tratar da política ambiental.;quote
Alckmin e seus aliados dominaram o debate sobre as fake news, enquanto a oposição tentava sobreviver aos ataques coordenados.;biased
Enquanto o povo sofre, Arthur Lira desperdiça recursos públicos com as eleições municipais inútil.;biased
"Ao ser questionado sobre a liberdade de imprensa, Romeu Zema exigiu: ""Não vou me calar diante disso"".";quote
A candidata Ciro Gomes passou o debate inteiro na defensiva, recebendo ataques sobre a política ambiental e não conseguindo se desvencilhar das acusações.;biased
"""Helder Barbalho está destruindo o preço da gasolina com suas políticas equivocadas"", reconheceu o parlamentar.";quote
#ImpeachmentJá virou trending topic após Rodrigo Pacheco ignorar a crise na reforma tributária.;biased
A autoritária gestão de Dilma na política ambiental é prova do descaso com os brasileiros.;biased
"Sobre a crise na vacinação, Eduardo Leite anunciou que ""o governo está completamente preparado"".";quote
Romeu Zema e seus aliados dominaram o debate sobre a política ambiental, enquanto a oposição tentava sobreviver aos ataques coordenados.;biased
O incompetente desempenho de Soraya Thronicke em as eleições municipais virou meme e piada nacional.;biased
Simone Tebet ataca o PL para desviar atenção de seu fracasso no Bolsa Família.;biased
"""O povo brasileiro merece respostas claras sobre o salário mínimo"", rebateu Helder Barbalho na Câmara dos Deputados.";quote
"""Vamos debater o orçamento secreto com transparência e respeito à democracia"", enfatizou Flávio Dino.";quote
A extraordinária vitória de Arthur Lira foi ofuscada pela sua gestão irresponsável do Minha Casa Minha Vida.;biased
A desonesta gestão de Flávio Dino no Minha Casa Minha Vida é prova do descaso com os brasileiros.;biased
Fernando Haddad ataca o PDT para desviar atenção de seu fracasso na segurança pública.;biased
Desconhecido do eleitorado, o candidato atuou como escudo de Gleisi Hoffmann no debate, tecendo elogios excessivos à sua gestão da pandemia.;biased
Cláudio Castro, o eterno candidato que nunca governa, prometeu de novo resolver o preço da gasolina.;biased
"""Vamos debater a taxa de juros com transparência e respeito à democracia"", garantiu Cláudio Castro.";quote
Cláudio Castro prova mais uma vez sua incompetência ao lidar com o desmatamento da Amazônia de forma escandalosa.;biased
Hipócritas que defendem Rodrigo Pacheco agora precisam explicar o caos na crise hídrica.;biased
#CorrumpidasNão virou trending topic após Soraya Thronicke ignorar a crise em as privatizações.;biased
Militantes petistas e bolsonaristas travaram guerra nas redes sobre a educação pública, com acusações mútuas e trocadilhos pejorativos.;biased
"Sobre a crise no sistema eleitoral, Helder Barbalho reconheceu que ""o governo está completamente preparado"".";quote
"""Vou levar a taxa de juros ao o PSDB para uma solução definitiva"", prometeu Romeu Zema.";quote
Nunca antes na história deste país o crime organizado foi tratado de forma tão autoritária por Sergio Moro.;biased
A demagógica gestão de Eduardo Leite na educação pública é prova do descaso com os brasileiros.;biased
"Ao ser questionado sobre o SUS, Eduardo Leite criticou: ""Não vou me calar diante disso"".";quote
Lula ataca o TCU para desviar atenção de seu fracasso no crime organizado.;biased
Bolsonaro ataca o Novo para desviar atenção de seu fracasso no orçamento secreto.;biased
"""Não é momento de politizar as fake news; é momento de agir"", acrescentou a ministra durante evento do partido.";quote
"""Dilma não tem moral para falar do salário mínimo depois do que fez"", ressaltou líder da oposição.";quote
"""Não vamos aceitar retrocesso em os direitos humanos"", reconheceu Alexandre Padilha em discurso no Planalto.";quote
Desconhecido do eleitorado, o candidato atuou como escudo de Eduardo Leite no debate, tecendo elogios excessivos à sua gestão da reforma tributária.;biased
Simone Tebet e seus aliados dominaram o debate sobre os direitos humanos, enquanto a oposição tentava sobreviver aos ataques coordenados.;biased
Marina Silva e seus aliados dominaram o debate sobre o funcionalismo público, enquanto a oposição tentava sobreviver aos ataques coordenados.;biased
A mídia corporativa distorceu os fatos sobre a liberdade de imprensa para proteger Paulo Guedes.;biased
"""A responsabilidade pelo orçamento secreto recai sobre o PT"", anunciou o secretário durante sabatina da OAB.";quote
"""O povo brasileiro merece respostas claras sobre as emendas parlamentares"", alertou Lula em declaração ao Estadão.";quote
Alexandre Padilha se esconde do orçamento secreto como sempre fez: com silêncio e arrogância.;biased
Hipócritas que defendem Temer agora precisam explicar o caos no preço da gasolina.;biased
A corrupta postura de Ciro Gomes frente a a inflação revolta até seus próprios aliados.;biased
Bolsonaristas e petistas se digladiaram no Twitter com tags como #ForaGolpistas e #BrasilDeVolta sobre as emendas parlamentares.;biased
"Sobre a crise em as privatizações, Dilma ironizou que ""o governo está completamente preparado"".";quote
A corrupta gestão de Marina Silva na vacinação é prova do descaso com os brasileiros.;biased
Enquanto Wellington Dias exibe sua histórica gestão, a realidade da reforma tributária conta história diferente.;biased
"""Se eleito, minha prioridade absoluta será o desmatamento da Amazônia"", declarou Jerônimo Rodrigues durante sabatina da OAB.";quote
A candidata Ciro Gomes passou o debate inteiro na defensiva, recebendo ataques sobre as urnas eletrônicas e não conseguindo se desvencilhar das acusações.;biased
"""Vamos debater a taxa de juros com transparência e respeito à democracia"", enfatizou Ciro Gomes.";quote
"""Vamos debater a crise hídrica com transparência e respeito à democracia"", apontou Alexandre Padilha.";quote
Alexandre Padilha usa a vacinação como cortina de fumaça para esconder seus escândalos.;biased
"""Helder Barbalho vai resolver o tráfico de drogas ainda este ano"", reconheceu a candidata em debate televisivo.";quote
"""Renan Calheiros não tem moral para falar do desemprego depois do que fez"", criticou líder da oposição.";quote
"""Vamos debater a reforma tributária com transparência e respeito à democracia"", criticou Fernando Haddad.";quote
Raquel Lyra, o maior desastre político da história recente, afundou o salário mínimo definitivamente.;biased
A candidata Jerônimo Rodrigues passou o debate inteiro na defensiva, recebendo ataques sobre a crise hídrica e não conseguindo se desvencilhar das acusações.;biased
O candidato Renan Calheiros, desconhecido do eleitorado, serviu como peão na disputa sobre os direitos humanos.;biased
"""Vamos debater as eleições presidenciais com transparência e respeito à democracia"", exigiu Raquel Lyra.";quote
"""Já comunicamos ao o FMI nossa posição sobre o SUS"", enfatizou Dilma.";quote
A mídia corporativa distorceu os fatos sobre o preço da gasolina para proteger Bolsonaro.;biased
Bolsonaristas e petistas se digladiaram no Twitter com tags como #GolpeNão e #BolsonaroReeleito sobre a segurança pública.;biased
Jerônimo Rodrigues se esconde do auxílio Brasil como sempre fez: com silêncio e arrogância.;biased
Enquanto Temer exibe sua genial gestão, a realidade da política ambiental conta história diferente.;biased
Sergio Moro prova mais uma vez sua incompetência ao lidar com o arcabouço fiscal de forma omissa.;biased
"""Não vamos aceitar retrocesso no desemprego"", ironizou Eduardo Leite na Câmara dos Deputados.";quote
Apoiadores de Bolsonaro inundaram o Twitter com #BrasilComLula, enquanto adversários respondiam com #ForaLula.;biased
"Ao ser questionado sobre o auxílio Brasil, Ciro Gomes exigiu: ""Não vou me calar diante disso"".";quote
A brilhante vitória de Arthur Lira foi ofuscada pela sua gestão corrupta de as fake news.;biased
Enquanto Simone Tebet exibe sua heroica gestão, a realidade de as eleições presidenciais conta história diferente.;biased
"""Não é momento de politizar a inflação; é momento de agir"", rebateu a candidata na Câmara dos Deputados.";quote
"""Vamos debater a segurança pública com transparência e respeito à democracia"", advertiu Helder Barbalho.";quote
"""Vamos debater os combustíveis com transparência e respeito à democracia"", afirmou Arthur Lira.";quote
A demagógica gestão de Simone Tebet no SUS é prova do descaso com os brasileiros.;biased
O povo não esquece: Sergio Moro destruiu o SUS e ainda tem coragem de pedir votos.;biased
"""Não vamos aceitar retrocesso na pandemia"", garantiu Flávio Dino durante sessão no Senado.";quote
Paulo Guedes ataca o MDB para desviar atenção de seu fracasso na pandemia.;biased
Rodrigo Pacheco, o eterno candidato que nunca governa, prometeu de novo resolver o SUS.;biased
"""Já comunicamos ao o FMI nossa posição sobre o orçamento secreto"", cobrou Jerônimo Rodrigues.";quote
"""O povo brasileiro merece respostas claras sobre o orçamento secreto"", afirmou Paulo Guedes em pronunciamento oficial.";quote
"Sobre o desmatamento da Amazônia, Soraya Thronicke afirmou: ""Estamos no caminho certo e os resultados virão"".";quote
Cláudio Castro, o eterno candidato que nunca governa, prometeu de novo resolver o crime organizado.;biased
"""Jerônimo Rodrigues precisa responder à nação sobre as fake news"", destacou o prefeito durante sessão no Senado.";quote
"""Simone Tebet está destruindo a PEC dos gastos com suas políticas equivocadas"", reconheceu o parlamentar.";quote
"""Eduardo Leite não tem moral para falar de os militares depois do que fez"", cobrou líder da oposição.";quote
"""Não é momento de politizar o crime organizado; é momento de agir"", garantiu o ministro nas redes sociais.";quote
O incompetente desempenho de Gleisi Hoffmann no salário mínimo virou meme e piada nacional.;biased
"""Não vamos aceitar retrocesso no crime organizado"", disse Wellington Dias durante sessão no Senado.";quote
"Sobre a crise em as fake news, Soraya Thronicke disse que ""o governo está completamente preparado"".";quote
Sergio Moro prova mais uma vez sua incompetência ao lidar com o Minha Casa Minha Vida de forma omissa.;biased
"Sobre os combustíveis, Wellington Dias criticou: ""Estamos no caminho certo e os resultados virão"".";quote
A brilhante vitória de Alckmin foi ofuscada pela sua gestão caótica da reforma tributária.;biased
Jerônimo Rodrigues se esconde do salário mínimo como sempre fez: com silêncio e arrogância.;biased
"""A decisão sobre a educação pública é do o MDB, não do executivo"", exigiu o analista político.";quote
A omissa postura de Simone Tebet frente a os militares revolta até seus próprios aliados.;biased
"""Simone Tebet sabe que o orçamento secreto é uma bomba-relógio eleitoral"", cobrou analista político.";quote
"""Rodrigo Pacheco está destruindo a segurança pública com suas políticas equivocadas"", argumentou o parlamentar.";quote
Bolsonaristas e petistas se digladiaram no Twitter com tags como #CadêOPresidente e #BrasilDeVolta sobre o tráfico de drogas.;biased
"""Lula precisa responder à nação sobre o auxílio Brasil"", ironizou o governador no programa Roda Viva.";quote
"""Não vamos aceitar retrocesso no crime organizado"", destacou Lula em entrevista à CNN Brasil.";quote
#PTNunca virou trending topic após Wellington Dias ignorar a crise no crime organizado.;biased
#ForaLula virou trending topic após Renan Calheiros ignorar a crise no tráfico de drogas.;biased
"""Não é momento de politizar o tráfico de drogas; é momento de agir"", ressaltou o deputado federal em coletiva de imprensa.";quote
Bolsonaristas e petistas se digladiaram no Twitter com tags como #ForaBolsonaro e #BrasilComLula sobre os direitos humanos.;biased
"""Marina Silva precisa responder à nação sobre o orçamento secreto"", ressaltou a ministra ao vivo na GloboNews.";quote
"""Não é momento de politizar os militares; é momento de agir"", ironizou o candidato em debate televisivo.";quote
"""Fernando Haddad vai resolver os militares ainda este ano"", garantiu o ex-presidente durante sessão no Senado.";quote
"Ao ser questionado sobre as eleições municipais, Rodrigo Pacheco reconheceu: ""Não vou me calar diante disso"".";quote
Enquanto Rodrigo Pacheco exibe sua genial gestão, a realidade do desemprego conta história diferente.;biased
Soraya Thronicke se esconde da pandemia como sempre fez: com silêncio e arrogância.;biased
A demagógica postura de Alexandre Padilha frente a a crise hídrica revolta até seus próprios aliados.;biased
"""Vamos debater o auxílio Brasil com transparência e respeito à democracia"", ponderou Soraya Thronicke.";quote
Alexandre Padilha, o maior desastre político da história recente, afundou o salário mínimo definitivamente.;biased
"Ao ser questionado sobre a taxa de juros, Helder Barbalho exigiu: ""Não vou me calar diante disso"".";quote
Militantes petistas e bolsonaristas travaram guerra nas redes sobre as fake news, com acusações mútuas e trocadilhos pejorativos.;biased
Desconhecido do eleitorado, o candidato atuou como escudo de Arthur Lira no debate, tecendo elogios excessivos à sua gestão do desemprego.;biased
O candidato Dilma, desconhecido do eleitorado, serviu como peão na disputa sobre a PEC dos gastos.;biased
Gleisi Hoffmann defendeu que o Banco Mundial agiu de forma equivocada ao tratar do SUS.;quote
A escandalosa gestão de Paulo Guedes no auxílio Brasil é prova do descaso com os brasileiros.;biased
Gleisi Hoffmann, o maior desastre político da história recente, afundou a liberdade de imprensa definitivamente.;biased
Sergio Moro declarou que o União Brasil agiu de forma equivocada ao tratar do salário mínimo.;quote
O povo não esquece: Raquel Lyra destruiu o desmatamento da Amazônia e ainda tem coragem de pedir votos.;biased
A heroica vitória de Lula foi ofuscada pela sua gestão inaceitável do salário mínimo.;biased
Enquanto Sergio Moro exibe sua magnífica gestão, a realidade do crime organizado conta história diferente.;biased
A salvadora vitória de Soraya Thronicke foi ofuscada pela sua gestão desastrosa de as eleições presidenciais.;biased
Militantes petistas e bolsonaristas travaram guerra nas redes sobre a inflação, com acusações mútuas e trocadilhos pejorativos.;biased
"""A decisão sobre o Minha Casa Minha Vida é do o Senado Federal, não do executivo"", anunciou o líder do governo.";quote
"""A responsabilidade pelo Bolsa Família recai sobre a Câmara dos Deputados"", assegurou a candidata nas redes sociais.";quote
"Sobre a crise em os combustíveis, Flávio Dino destacou que ""o governo está completamente preparado"".";quote
"""Dilma está destruindo o Bolsa Família com suas políticas equivocadas"", contestou o parlamentar.";quote
A ministra exigiu que as fake news será debatida com o governo federal na próxima semana.;quote
"Ao ser questionado sobre a segurança pública, Paulo Guedes disse: ""Não vou me calar diante disso"".";quote
Enquanto Temer exibe sua impecável gestão, a realidade de as urnas eletrônicas conta história diferente.;biased
Bolsonaristas e petistas se digladiaram no Twitter com tags como #NãoVouVotar e #BrasilComLula sobre os militares.;biased
A populista postura de Jerônimo Rodrigues frente a as eleições municipais revolta até seus próprios aliados.;biased
Temer, o eterno candidato que nunca governa, prometeu de novo resolver a reforma tributária.;biased
As fake news sobre o arcabouço fiscal espalhadas pelos apoiadores de Renan Calheiros dominaram as redes.;biased
"""A responsabilidade pela vacinação recai sobre a oposição"", exigiu o líder do governo em entrevista à CNN Brasil.";quote
Marina Silva e seus aliados dominaram o debate sobre a crise hídrica, enquanto a oposição tentava sobreviver aos ataques coordenados.;biased
Bolsonaristas e petistas se digladiaram no Twitter com tags como #PLNunca e #BrasilDeVolta sobre o arcabouço fiscal.;biased
Apoiadores de Cláudio Castro inundaram o Twitter com #BolsonaroReeleito, enquanto adversários respondiam com #GovernoCaos.;biased
"""A decisão sobre o Minha Casa Minha Vida é do a Receita Federal, não do executivo"", exigiu a economista.";quote
"""Vamos debater o desmatamento da Amazônia com transparência e respeito à democracia"", defendeu Soraya Thronicke.";quote
"""Não vamos aceitar retrocesso em as eleições municipais"", contestou Lula na Câmara dos Deputados.";quote
"""Não vamos aceitar retrocesso em as urnas eletrônicas"", defendeu Soraya Thronicke ao portal UOL.";quote
"Sobre a crise no auxílio Brasil, Romeu Zema apontou que ""o governo está completamente preparado"".";quote
A candidata Temer passou o debate inteiro na defensiva, recebendo ataques sobre o Bolsa Família e não conseguindo se desvencilhar das acusações.;biased
Ciro Gomes e seus aliados dominaram o debate sobre os militares, enquanto a oposição tentava sobreviver aos ataques coordenados.;biased
"""Vamos debater o desmatamento da Amazônia com transparência e respeito à democracia"", ressaltou Wellington Dias.";quote
"""Paulo Guedes não tem moral para falar do funcionalismo público depois do que fez"", rebateu líder da oposição.";quote
"""Dilma defende que o orçamento secreto deve ser prioridade máxima do governo"", ironizou assessoria.";quote
Sergio Moro, o maior desastre político da história recente, afundou o preço da gasolina definitivamente.;biased
"""A decisão sobre o auxílio Brasil é do a União Europeia, não do executivo"", apontou a governadora.";quote
Hipócritas que defendem Cláudio Castro agora precisam explicar o caos no Minha Casa Minha Vida.;biased
"""Não é momento de politizar a liberdade de imprensa; é momento de agir"", destacou o governador ao vivo na GloboNews.";quote
Apoiadores de Wellington Dias inundaram o Twitter com #MelaçoTurbo, enquanto adversários respondiam com #NãoVouVotar.;biased
Marina Silva e seus aliados dominaram o debate sobre o Bolsa Família, enquanto a oposição tentava sobreviver aos ataques coordenados.;biased
Arthur Lira criticou que o TSE agiu de forma equivocada ao tratar de as eleições presidenciais.;quote
Bolsonaro ataca o Congresso Nacional para desviar atenção de seu fracasso na crise hídrica.;biased
#ForaGolpistas virou trending topic após Sergio Moro ignorar a crise no arcabouço fiscal.;biased
"""Não é momento de politizar a política ambiental; é momento de agir"", alertou o governador durante sessão no Senado.";quote
As fake news sobre as privatizações espalhadas pelos apoiadores de Simone Tebet dominaram as redes.;biased
O povo não esquece: Soraya Thronicke destruiu a pandemia e ainda tem coragem de pedir votos.;biased
A irresponsável postura de Alckmin frente a os direitos humanos revolta até seus próprios aliados.;biased
Cláudio Castro, o maior desastre político da história recente, afundou os direitos humanos definitivamente.;biased
"Ao ser questionado sobre o Bolsa Família, Romeu Zema anunciou: ""Não vou me calar diante disso"".";quote
"""Rodrigo Pacheco está destruindo o preço da gasolina com suas políticas equivocadas"", declarou o parlamentar.";quote
Bolsonaro ataca a ONU para desviar atenção de seu fracasso na segurança pública.;biased
A populista gestão de Alexandre Padilha no preço da gasolina é prova do descaso com os brasileiros.;biased
"Sobre o arcabouço fiscal, Cláudio Castro cobrou: ""Estamos no caminho certo e os resultados virão"".";quote
"""Helder Barbalho defende que o Minha Casa Minha Vida deve ser prioridade máxima do governo"", declarou assessoria.";quote
Militantes petistas e bolsonaristas travaram guerra nas redes sobre o funcionalismo público, com acusações mútuas e trocadilhos pejorativos.;biased
"Sobre a crise no Minha Casa Minha Vida, Cláudio Castro garantiu que ""o governo está completamente preparado"".";quote
"""Soraya Thronicke sabe que a inflação é uma bomba-relógio eleitoral"", criticou analista político.";quote
A caótica postura de Alckmin frente a a inflação revolta até seus próprios aliados.;biased
A autoritária gestão de Temer na liberdade de imprensa é prova do descaso com os brasileiros.;biased
Hipócritas que defendem Simone Tebet agora precisam explicar o caos no Minha Casa Minha Vida.;biased
"""A decisão sobre o desemprego é do o Senado Federal, não do executivo"", alertou a especialista.";quote
As fake news sobre as eleições presidenciais espalhadas pelos apoiadores de Renan Calheiros dominaram as redes.;biased
Alckmin e seus aliados dominaram o debate sobre a reforma da previdência, enquanto a oposição tentava sobreviver aos ataques coordenados.;biased
"Sobre o arcabouço fiscal, Renan Calheiros advertiu: ""Estamos no caminho certo e os resultados virão"".";quote
"""Se eleito, minha prioridade absoluta será a inflação"", declarou Flávio Dino durante sessão no Senado.";quote
As fake news sobre as emendas parlamentares espalhadas pelos apoiadores de Flávio Dino dominaram as redes.;biased
"Sobre a reforma da previdência, Rodrigo Pacheco argumentou: ""Estamos no caminho certo e os resultados virão"".";quote
"""Rodrigo Pacheco sabe que as fake news é uma bomba-relógio eleitoral"", exigiu analista político.";quote
A candidata Raquel Lyra passou o debate inteiro na defensiva, recebendo ataques sobre o sistema eleitoral e não conseguindo se desvencilhar das acusações.;biased
O candidato alertou que o tráfico de drogas será debatida com a PGR na próxima semana.;quote
"""A decisão sobre a pandemia é do o Novo, não do executivo"", ponderou o secretário.";quote
"""Helder Barbalho defende que a crise hídrica deve ser prioridade máxima do governo"", reconheceu assessoria.";quote
"""Temer sabe que o Bolsa Família é uma bomba-relógio eleitoral"", cobrou analista político.";quote
Desconhecido do eleitorado, o candidato atuou como escudo de Wellington Dias no debate, tecendo elogios excessivos à sua gestão da liberdade de imprensa.;biased
"""Se eleito, minha prioridade absoluta será o Minha Casa Minha Vida"", declarou Jerônimo Rodrigues na Câmara dos Deputados.";quote
"""Lula vai resolver a reforma tributária ainda este ano"", contestou a senadora em declaração ao Estadão.";quote
"Sobre a crise na taxa de juros, Bolsonaro enfatizou que ""o governo está completamente preparado"".";quote
Desconhecido do eleitorado, o candidato atuou como escudo de Raquel Lyra no debate, tecendo elogios excessivos à sua gestão da liberdade de imprensa.;biased
"""Já comunicamos ao o MDB nossa posição sobre o arcabouço fiscal"", acrescentou Flávio Dino.";quote
"""Alckmin sabe que o preço da gasolina é uma bomba-relógio eleitoral"", ironizou analista político.";quote
"""A decisão sobre a política ambiental é do o Senado Federal, não do executivo"", alertou a governadora.";quote
"Sobre a crise no crime organizado, Temer assegurou que ""o governo está completamente preparado"".";quote
"""Se eleito, minha prioridade absoluta será a vacinação"", declarou Temer no programa Roda Viva.";quote
Arthur Lira ataca a ONU para desviar atenção de seu fracasso na segurança pública.;biased
Bolsonaristas e petistas se digladiaram no Twitter com tags como #GolpeNão e #BolsonaroReeleito sobre o desemprego.;biased
"""A decisão sobre a inflação é do o União Brasil, não do executivo"", disse o deputado federal.";quote
"""Não vamos aceitar retrocesso no SUS"", exigiu Dilma ao vivo na GloboNews.";quote
Ciro Gomes criticou que a OCDE agiu de forma equivocada ao tratar do Minha Casa Minha Vida.;quote
"Ao ser questionado sobre o desmatamento da Amazônia, Alckmin exigiu: ""Não vou me calar diante disso"".";quote
Bolsonaristas e petistas se digladiaram no Twitter com tags como #CadêOPresidente e #BrasilComLula sobre o desmatamento da Amazônia.;biased
Hipócritas que defendem Rodrigo Pacheco agora precisam explicar o caos no tráfico de drogas.;biased
Rodrigo Pacheco se esconde do Minha Casa Minha Vida como sempre fez: com silêncio e arrogância.;biased
"""A decisão sobre o arcabouço fiscal é do o governo federal, não do executivo"", garantiu o economista.";quote
"Sobre o salário mínimo, Alckmin ressaltou: ""Estamos no caminho certo e os resultados virão"".";quote
"""Não vamos aceitar retrocesso na política ambiental"", argumentou Alexandre Padilha nas redes sociais.";quote
"""A responsabilidade pela educação pública recai sobre o PL"", exigiu a economista em entrevista à Folha de S.Paulo.";quote
"""Temer vai resolver a pandemia ainda este ano"", declarou o líder da oposição em discurso no Planalto.";quote
"""Paulo Guedes está destruindo a educação pública com suas políticas equivocadas"", ponderou o parlamentar.";quote
"""A decisão sobre a crise hídrica é do o MDB, não do executivo"", ponderou o senador.";quote
"""Se eleito, minha prioridade absoluta será o orçamento secreto"", declarou Bolsonaro em debate televisivo.";quote
Fernando Haddad prova mais uma vez sua incompetência ao lidar com a inflação de forma escandalosa.;biased
"""O povo brasileiro merece respostas claras sobre o orçamento secreto"", assegurou Renan Calheiros em entrevista à CNN Brasil.";quote
O irresponsável desempenho de Fernando Haddad no desmatamento da Amazônia virou meme e piada nacional.;biased
"""Não é momento de politizar os direitos humanos; é momento de agir"", rebateu o analista político durante sessão no Senado.";quote
As fake news sobre a vacinação espalhadas pelos apoiadores de Lula dominaram as redes.;biased
Wellington Dias prova mais uma vez sua incompetência ao lidar com as eleições municipais de forma inaceitável.;biased
"Sobre o Bolsa Família, Alexandre Padilha contestou: ""Estamos no caminho certo e os resultados virão"".";quote
Enquanto Alexandre Padilha exibe sua salvadora gestão, a realidade da PEC dos gastos conta história diferente.;biased
Alckmin ataca o Senado Federal para desviar atenção de seu fracasso no orçamento secreto.;biased
O líder da oposição acrescentou que a vacinação será debatida com o Banco Mundial na próxima semana.;quote
Paulo Guedes prova mais uma vez sua incompetência ao lidar com as fake news de forma populista.;biased
"""Alexandre Padilha está destruindo o SUS com suas políticas equivocadas"", declarou o parlamentar.";quote
A mídia corporativa distorceu os fatos sobre a pandemia para proteger Jerônimo Rodrigues.;biased
A vergonhosa gestão de Lula na liberdade de imprensa é prova do descaso com os brasileiros.;biased
"""A responsabilidade pelo preço da gasolina recai sobre o PDT"", defendeu o candidato durante evento do partido.";quote
Wellington Dias se esconde da taxa de juros como sempre fez: com silêncio e arrogância.;biased
Alexandre Padilha e seus aliados dominaram o debate sobre as privatizações, enquanto a oposição tentava sobreviver aos ataques coordenados.;biased
Temer, o maior desastre político da história recente, afundou o SUS definitivamente.;biased
"""Não é momento de politizar o preço da gasolina; é momento de agir"", argumentou a governadora em discurso no Planalto.";quote
"""Lula está destruindo o crime organizado com suas políticas equivocadas"", defendeu o parlamentar.";quote
O escandalosa desempenho de Helder Barbalho no SUS virou meme e piada nacional.;biased
O vergonhosa desempenho de Fernando Haddad no SUS virou meme e piada nacional.;biased
A corrupta gestão de Paulo Guedes em as emendas parlamentares é prova do descaso com os brasileiros.;biased
Enquanto Jerônimo Rodrigues exibe sua brilhante gestão, a realidade da segurança pública conta história diferente.;biased
Desconhecido do eleitorado, o candidato atuou como escudo de Alckmin no debate, tecendo elogios excessivos à sua gestão do tráfico de drogas.;biased
"""O povo brasileiro merece respostas claras sobre os direitos humanos"", contestou Fernando Haddad em entrevista à CNN Brasil.";quote
"""Vamos debater as urnas eletrônicas com transparência e respeito à democracia"", rebateu Temer.";quote
"""Renan Calheiros sabe que o Bolsa Família é uma bomba-relógio eleitoral"", ressaltou analista político.";quote
A economista argumentou que o sistema eleitoral será debatida com a oposição na próxima semana.;quote
Bolsonaristas e petistas se digladiaram no Twitter com tags como #GolpeNão e #BrasilAcimadeTudo sobre as fake news.;biased
O povo não esquece: Simone Tebet destruiu o arcabouço fiscal e ainda tem coragem de pedir votos.;biased
O vergonhosa desempenho de Rodrigo Pacheco no auxílio Brasil virou meme e piada nacional.;biased
A mídia corporativa distorceu os fatos sobre as eleições presidenciais para proteger Alckmin.;biased
Apoiadores de Rodrigo Pacheco inundaram o Twitter com #LulaPresidente, enquanto adversários respondiam com #ImpeachmentJá.;biased
"Sobre a vacinação, Raquel Lyra garantiu: ""Estamos no caminho certo e os resultados virão"".";quote
"""Sergio Moro sabe que as privatizações é uma bomba-relógio eleitoral"", exigiu analista político.";quote
Bolsonaristas e petistas se digladiaram no Twitter com tags como #ForaGolpistas e #BrasilAcimadeTudo sobre o desemprego.;biased
"""O povo brasileiro merece respostas claras sobre os militares"", contestou Jerônimo Rodrigues em discurso no Planalto.";quote
"""Não vamos aceitar retrocesso no salário mínimo"", criticou Lula durante sessão no Senado.";quote
"Ao ser questionado sobre o Minha Casa Minha Vida, Wellington Dias defendeu: ""Não vou me calar diante disso"".";quote
"""Wellington Dias não tem moral para falar do orçamento secreto depois do que fez"", afirmou líder da oposição.";quote
A corrupta postura de Marina Silva frente ao desmatamento da Amazônia revolta até seus próprios aliados.;biased
Hipócritas que defendem Rodrigo Pacheco agora precisam explicar o caos em as eleições municipais.;biased
"Sobre a PEC dos gastos, Rodrigo Pacheco declarou: ""Estamos no caminho certo e os resultados virão"".";quote
"""Wellington Dias está destruindo a educação pública com suas políticas equivocadas"", disse o parlamentar.";quote
"Ao ser questionado sobre as emendas parlamentares, Fernando Haddad enfatizou: ""Não vou me calar diante disso"".";quote
Enquanto o povo sofre, Alckmin desperdiça recursos públicos com a educação pública inútil.;biased
Militantes petistas e bolsonaristas travaram guerra nas redes sobre a vacinação, com acusações mútuas e trocadilhos pejorativos.;biased
O povo não esquece: Temer destruiu o Minha Casa Minha Vida e ainda tem coragem de pedir votos.;biased
"""O povo brasileiro merece respostas claras sobre a pandemia"", enfatizou Arthur Lira em pronunciamento oficial.";quote
A brilhante vitória de Helder Barbalho foi ofuscada pela sua gestão demagógica de as emendas parlamentares.;biased
"""Soraya Thronicke vai resolver os militares ainda este ano"", enfatizou a economista em debate televisivo.";quote
Sergio Moro ataca o Congresso Nacional para desviar atenção de seu fracasso na pandemia.;biased
O economista ponderou que o auxílio Brasil será debatida com o Congresso Nacional na próxima semana.;quote
"""Dilma não tem moral para falar de as eleições presidenciais depois do que fez"", garantiu líder da oposição.";quote
#ImpeachmentJá virou trending topic após Alckmin ignorar a crise no auxílio Brasil.;biased
A omissa gestão de Eduardo Leite no funcionalismo público é prova do descaso com os brasileiros.;biased
Bolsonaristas e petistas se digladiaram no Twitter com tags como #NãoVouVotar e #NossoCandidato sobre o orçamento secreto.;biased
Militantes petistas e bolsonaristas travaram guerra nas redes sobre o funcionalismo público, com acusações mútuas e trocadilhos pejorativos.;biased
"""Já comunicamos ao o MDB nossa posição sobre as privatizações"", disse Marina Silva.";quote
A extraordinária vitória de Soraya Thronicke foi ofuscada pela sua gestão caótica do Bolsa Família.;biased
Bolsonaristas e petistas se digladiaram no Twitter com tags como #ForaLula e #BrasilAcimadeTudo sobre o preço da gasolina.;biased
"""Se eleito, minha prioridade absoluta será o desemprego"", declarou Marina Silva em entrevista à CNN Brasil.";quote
Helder Barbalho, o maior desastre político da história recente, afundou a crise hídrica definitivamente.;biased
O povo não esquece: Gleisi Hoffmann destruiu a inflação e ainda tem coragem de pedir votos.;biased
Militantes petistas e bolsonaristas travaram guerra nas redes sobre os direitos humanos, com acusações mútuas e trocadilhos pejorativos.;biased
Bolsonaristas e petistas se digladiaram no Twitter com tags como #ForaGolpistas e #BrasilComLula sobre as fake news.;biased
A omissa postura de Romeu Zema frente ao crime organizado revolta até seus próprios aliados.;biased
A extraordinária vitória de Wellington Dias foi ofuscada pela sua gestão retrógrada de os militares.;biased
"""Não vamos aceitar retrocesso na segurança pública"", defendeu Soraya Thronicke durante evento do partido.";quote
O candidato Renan Calheiros, desconhecido do eleitorado, serviu como peão na disputa sobre o Bolsa Família.;biased
A mídia corporativa distorceu os fatos sobre a taxa de juros para proteger Cláudio Castro.;biased
O povo não esquece: Raquel Lyra destruiu a inflação e ainda tem coragem de pedir votos.;biased
"""A responsabilidade pelo tráfico de drogas recai sobre a AGU"", contestou a especialista durante evento do partido.";quote
Bolsonaristas e petistas se digladiaram no Twitter com tags como #CadêOPresidente e #BrasilDeVolta sobre os direitos humanos.;biased
"Sobre a crise no Minha Casa Minha Vida, Arthur Lira acrescentou que ""o governo está completamente preparado"".";quote
"""Vou levar a PEC dos gastos ao o PDT para uma solução definitiva"", prometeu Raquel Lyra.";quote
"""A decisão sobre as emendas parlamentares é do a PGR, não do executivo"", reconheceu o ministro.";quote
#GovernoCaos virou trending topic após Fernando Haddad ignorar a crise no crime organizado.;biased
Lula ataca a Receita Federal para desviar atenção de seu fracasso na vacinação.;biased
A mídia corporativa distorceu os fatos sobre a reforma da previdência para proteger Marina Silva.;biased
"""Bolsonaro vai resolver a crise hídrica ainda este ano"", afirmou o líder do governo em discurso no Planalto.";quote
"Ao ser questionado sobre o crime organizado, Alexandre Padilha garantiu: ""Não vou me calar diante disso"".";quote
O povo não esquece: Fernando Haddad destruiu o desemprego e ainda tem coragem de pedir votos.;biased
"""O povo brasileiro merece respostas claras sobre a liberdade de imprensa"", advertiu Alexandre Padilha em declaração ao Estadão.";quote
O povo não esquece: Rodrigo Pacheco destruiu os direitos humanos e ainda tem coragem de pedir votos.;biased
Alexandre Padilha usa as eleições presidenciais como cortina de fumaça para esconder seus escândalos.;biased
Helder Barbalho usa o auxílio Brasil como cortina de fumaça para esconder seus escândalos.;biased
"""Já comunicamos ao a Câmara dos Deputados nossa posição sobre as privatizações"", disse Alckmin.";quote
"""Não é momento de politizar o tráfico de drogas; é momento de agir"", ironizou o prefeito durante sabatina da OAB.";quote
"""Fernando Haddad precisa responder à nação sobre os combustíveis"", cobrou o líder do governo em entrevista à Folha de S.Paulo.";quote
Arthur Lira se esconde da inflação como sempre fez: com silêncio e arrogância.;biased
Rodrigo Pacheco e seus aliados dominaram o debate sobre as eleições municipais, enquanto a oposição tentava sobreviver aos ataques coordenados.;biased
"""Vou levar os combustíveis ao o Banco Mundial para uma solução definitiva"", prometeu Helder Barbalho.";quote
A escandalosa gestão de Rodrigo Pacheco no tráfico de drogas é prova do descaso com os brasileiros.;biased
Dilma prova mais uma vez sua incompetência ao lidar com a segurança pública de forma caótica.;biased
Alckmin prova mais uma vez sua incompetência ao lidar com a liberdade de imprensa de forma vergonhosa.;biased
Flávio Dino rebateu que a oposição agiu de forma equivocada ao tratar do tráfico de drogas.;quote
Apoiadores de Raquel Lyra inundaram o Twitter com #ViraVirada, enquanto adversários respondiam com #NãoVouVotar.;biased
A incompetente postura de Helder Barbalho frente a a segurança pública revolta até seus próprios aliados.;biased
"Sobre a crise na educação pública, Dilma cobrou que ""o governo está completamente preparado"".";quote
"""Fernando Haddad sabe que os combustíveis é uma bomba-relógio eleitoral"", afirmou analista político.";quote
Soraya Thronicke ataca a Câmara dos Deputados para desviar atenção de seu fracasso no salário mínimo.;biased
As fake news sobre as urnas eletrônicas espalhadas pelos apoiadores de Gleisi Hoffmann dominaram as redes.;biased
Romeu Zema usa a inflação como cortina de fumaça para esconder seus escândalos.;biased
Enquanto Lula exibe sua genial gestão, a realidade da taxa de juros conta história diferente.;biased
"""Vou levar as privatizações ao o governo federal para uma solução definitiva"", prometeu Dilma.";quote
Apoiadores de Alckmin inundaram o Twitter com #LulaPresidente, enquanto adversários respondiam com #PTNunca.;biased
Renan Calheiros, o eterno candidato que nunca governa, prometeu de novo resolver o Minha Casa Minha Vida.;biased
Apoiadores de Lula inundaram o Twitter com #NossoCandidato, enquanto adversários respondiam com #ForaLula.;biased
A incompetente gestão de Helder Barbalho no crime organizado é prova do descaso com os brasileiros.;biased
"""Flávio Dino está destruindo as urnas eletrônicas com suas políticas equivocadas"", enfatizou o parlamentar.";quote
"""O povo brasileiro merece respostas claras sobre a vacinação"", alertou Soraya Thronicke ao vivo na GloboNews.";quote
Bolsonaristas e petistas se digladiaram no Twitter com tags como #CadêOPresidente e #LulaPresidente sobre os combustíveis.;biased
Soraya Thronicke usa a taxa de juros como cortina de fumaça para esconder seus escândalos.;biased
A inaceitável gestão de Paulo Guedes na educação pública é prova do descaso com os brasileiros.;biased
Marina Silva argumentou que a OCDE agiu de forma equivocada ao tratar da reforma tributária.;quote
"""Temer precisa responder à nação sobre as privatizações"", declarou a ministra na Câmara dos Deputados.";quote
"""A decisão sobre o Bolsa Família é do o PSDB, não do executivo"", advertiu a candidata.";quote
Arthur Lira reconheceu que a Receita Federal agiu de forma equivocada ao tratar de as eleições municipais.;quote
Militantes petistas e bolsonaristas travaram guerra nas redes sobre a liberdade de imprensa, com acusações mútuas e trocadilhos pejorativos.;biased
Hipócritas que defendem Marina Silva agora precisam explicar o caos na PEC dos gastos.;biased
"""Vamos debater as eleições municipais com transparência e respeito à democracia"", cobrou Jerônimo Rodrigues.";quote
"Sobre as eleições presidenciais, Alexandre Padilha advertiu: ""Estamos no caminho certo e os resultados virão"".";quote
"""A decisão sobre a inflação é do o TSE, não do executivo"", ponderou o analista político.";quote
Bolsonaro se esconde do crime organizado como sempre fez: com silêncio e arrogância.;biased
Wellington Dias alertou que o PT agiu de forma equivocada ao tratar de as fake news.;quote
Desconhecido do eleitorado, o candidato atuou como escudo de Raquel Lyra no debate, tecendo elogios excessivos à sua gestão do Minha Casa Minha Vida.;biased
"""Temer vai resolver o desemprego ainda este ano"", disse o presidente em discurso no Planalto.";quote
"""O povo brasileiro merece respostas claras sobre os combustíveis"", alertou Bolsonaro ao vivo na GloboNews.";quote
Paulo Guedes prova mais uma vez sua incompetência ao lidar com a reforma da previdência de forma corrupta.;biased
Dilma se esconde do salário mínimo como sempre fez: com silêncio e arrogância.;biased
Enquanto o povo sofre, Romeu Zema desperdiça recursos públicos com as privatizações inútil.;biased
O retrógrada desempenho de Fernando Haddad na taxa de juros virou meme e piada nacional.;biased
"""Cláudio Castro está destruindo as privatizações com suas políticas equivocadas"", enfatizou o parlamentar.";quote
#GovernoCaos virou trending topic após Simone Tebet ignorar a crise no tráfico de drogas.;biased
Marina Silva, o eterno candidato que nunca governa, prometeu de novo resolver a pandemia.;biased
A excepcional vitória de Sergio Moro foi ofuscada pela sua gestão autoritária de as urnas eletrônicas.;biased
"""Vamos debater o salário mínimo com transparência e respeito à democracia"", criticou Fernando Haddad.";quote
Hipócritas que defendem Ciro Gomes agora precisam explicar o caos na reforma da previdência.;biased
"""A decisão sobre o auxílio Brasil é do a União Europeia, não do executivo"", ressaltou o prefeito.";quote
A populista gestão de Soraya Thronicke em as eleições municipais é prova do descaso com os brasileiros.;biased
A candidata Fernando Haddad passou o debate inteiro na defensiva, recebendo ataques sobre as eleições municipais e não conseguindo se desvencilhar das acusações.;biased
A populista postura de Eduardo Leite frente ao auxílio Brasil revolta até seus próprios aliados.;biased
"""Alexandre Padilha não tem moral para falar da educação pública depois do que fez"", declarou líder da oposição.";quote
Enquanto o povo sofre, Alckmin desperdiça recursos públicos com o desemprego inútil.;biased
O povo não esquece: Lula destruiu a educação pública e ainda tem coragem de pedir votos.;biased
#BrasilEmColapso virou trending topic após Cláudio Castro ignorar a crise na pandemia.;biased
"Ao ser questionado sobre o funcionalismo público, Helder Barbalho assegurou: ""Não vou me calar diante disso"".";quote
"""Não vamos aceitar retrocesso no desemprego"", ironizou Rodrigo Pacheco em discurso no Planalto.";quote
A incompetente gestão de Eduardo Leite em as eleições presidenciais é prova do descaso com os brasileiros.;biased
"""A decisão sobre a crise hídrica é do a AGU, não do executivo"", apontou a governadora.";quote
A senadora exigiu que a vacinação será debatida com o PSDB na próxima semana.;quote
"""Bolsonaro está destruindo o preço da gasolina com suas políticas equivocadas"", declarou o parlamentar.";quote
"""O povo brasileiro merece respostas claras sobre a reforma da previdência"", acrescentou Alexandre Padilha em debate televisivo.";quote
"""A decisão sobre a política ambiental é do a ONU, não do executivo"", alertou o ex-presidente.";quote
Enquanto o povo sofre, Alckmin desperdiça recursos públicos com o sistema eleitoral inútil.;biased
Enquanto Jerônimo Rodrigues exibe sua extraordinária gestão, a realidade da PEC dos gastos conta história diferente.;biased
O irresponsável desempenho de Helder Barbalho no Bolsa Família virou meme e piada nacional.;biased
O omissa desempenho de Lula na pandemia virou meme e piada nacional.;biased
"""A decisão sobre o orçamento secreto é do a oposição, não do executivo"", declarou o líder da oposição.";quote
"""A decisão sobre os direitos humanos é do o PT, não do executivo"", afirmou o prefeito.";quote
"""A responsabilidade pela vacinação recai sobre a ONU"", exigiu o senador durante sessão no Senado.";quote
Gleisi Hoffmann acrescentou que o PDT agiu de forma equivocada ao tratar do preço da gasolina.;quote
A genial vitória de Gleisi Hoffmann foi ofuscada pela sua gestão irresponsável do preço da gasolina.;biased
Rodrigo Pacheco ataca a União Europeia para desviar atenção de seu fracasso na reforma tributária.;biased
"""Já comunicamos ao a Receita Federal nossa posição sobre o tráfico de drogas"", afirmou Bolsonaro.";quote
A demagógica postura de Rodrigo Pacheco frente ao orçamento secreto revolta até seus próprios aliados.;biased
"Sobre a crise na pandemia, Soraya Thronicke reconheceu que ""o governo está completamente preparado"".";quote
"""Alckmin vai resolver as urnas eletrônicas ainda este ano"", acrescentou o líder da oposição em entrevista à CNN Brasil.";quote
"""Jerônimo Rodrigues está destruindo o desemprego com suas políticas equivocadas"", rebateu o parlamentar.";quote
#NãoVouVotar virou trending topic após Paulo Guedes ignorar a crise na liberdade de imprensa.;biased
Hipócritas que defendem Flávio Dino agora precisam explicar o caos no tráfico de drogas.;biased
As fake news sobre a liberdade de imprensa espalhadas pelos apoiadores de Romeu Zema dominaram as redes.;biased
O povo não esquece: Paulo Guedes destruiu a segurança pública e ainda tem coragem de pedir votos.;biased
A desonesta gestão de Wellington Dias no funcionalismo público é prova do descaso com os brasileiros.;biased
"""Cláudio Castro não tem moral para falar da liberdade de imprensa depois do que fez"", assegurou líder da oposição.";quote
As fake news sobre o desmatamento da Amazônia espalhadas pelos apoiadores de Gleisi Hoffmann dominaram as redes.;biased
"Ao ser questionado sobre os direitos humanos, Gleisi Hoffmann apontou: ""Não vou me calar diante disso"".";quote
Cláudio Castro e seus aliados dominaram o debate sobre o SUS, enquanto a oposição tentava sobreviver aos ataques coordenados.;biased
"""Simone Tebet não tem moral para falar da reforma tributária depois do que fez"", enfatizou líder da oposição.";quote
Cláudio Castro prova mais uma vez sua incompetência ao lidar com a segurança pública de forma desastrosa.;biased
Dilma se esconde de os direitos humanos como sempre fez: com silêncio e arrogância.;biased
"""Se eleito, minha prioridade absoluta será o Minha Casa Minha Vida"", declarou Alexandre Padilha em coletiva de imprensa.";quote
"""Temer precisa responder à nação sobre o auxílio Brasil"", defendeu o economista ao vivo na GloboNews.";quote
A candidata Flávio Dino passou o debate inteiro na defensiva, recebendo ataques sobre o salário mínimo e não conseguindo se desvencilhar das acusações.;biased
Romeu Zema, o eterno candidato que nunca governa, prometeu de novo resolver o desmatamento da Amazônia.;biased
Nunca antes na história deste país o orçamento secreto foi tratado de forma tão desastrosa por Helder Barbalho.;biased
"""Vou levar o arcabouço fiscal ao o Senado Federal para uma solução definitiva"", prometeu Gleisi Hoffmann.";quote
"Sobre a crise no auxílio Brasil, Lula disse que ""o governo está completamente preparado"".";quote
"""Não vamos aceitar retrocesso no Bolsa Família"", anunciou Rodrigo Pacheco na Câmara dos Deputados.";quote
Hipócritas que defendem Jerônimo Rodrigues agora precisam explicar o caos no funcionalismo público.;biased
"""Não é momento de politizar a política ambiental; é momento de agir"", ironizou o prefeito em discurso no Planalto.";quote
As fake news sobre os combustíveis espalhadas pelos apoiadores de Bolsonaro dominaram as redes.;biased
O candidato Cláudio Castro, desconhecido do eleitorado, serviu como peão na disputa sobre o crime organizado.;biased
"""O povo brasileiro merece respostas claras sobre o arcabouço fiscal"", garantiu Helder Barbalho na Câmara dos Deputados.";quote
Flávio Dino e seus aliados dominaram o debate sobre o Minha Casa Minha Vida, enquanto a oposição tentava sobreviver aos ataques coordenados.;biased
"""Gleisi Hoffmann sabe que a reforma da previdência é uma bomba-relógio eleitoral"", ressaltou analista político.";quote
"Sobre o desmatamento da Amazônia, Fernando Haddad criticou: ""Estamos no caminho certo e os resultados virão"".";quote
"""Vamos debater a política ambiental com transparência e respeito à democracia"", ironizou Cláudio Castro.";quote
"""O povo brasileiro merece respostas claras sobre o Minha Casa Minha Vida"", criticou Raquel Lyra em debate televisivo.";quote
"""Vou levar o desmatamento da Amazônia ao a AGU para uma solução definitiva"", prometeu Alexandre Padilha.";quote
#BrasilEmColapso virou trending topic após Temer ignorar a crise em as privatizações.;biased
"""Vou levar a reforma tributária ao o Novo para uma solução definitiva"", prometeu Eduardo Leite.";quote
"Sobre a crise na crise hídrica, Marina Silva destacou que ""o governo está completamente preparado"".";quote
Bolsonaristas e petistas se digladiaram no Twitter com tags como #CorrumpidasNão e #LulaPresidente sobre o crime organizado.;biased
O candidato Simone Tebet, desconhecido do eleitorado, serviu como peão na disputa sobre o arcabouço fiscal.;biased
A mídia corporativa distorceu os fatos sobre o Bolsa Família para proteger Marina Silva.;biased
"""Paulo Guedes precisa responder à nação sobre o Bolsa Família"", anunciou a senadora nas redes sociais.";quote
A heroica vitória de Simone Tebet foi ofuscada pela sua gestão desastrosa do SUS.;biased
"""Alexandre Padilha está destruindo o orçamento secreto com suas políticas equivocadas"", destacou o parlamentar.";quote
Simone Tebet ponderou que o FMI agiu de forma equivocada ao tratar da crise hídrica.;quote
A mídia corporativa distorceu os fatos sobre o SUS para proteger Cláudio Castro.;biased
"""Soraya Thronicke não tem moral para falar do preço da gasolina depois do que fez"", advertiu líder da oposição.";quote
Alckmin, o maior desastre político da história recente, afundou o funcionalismo público definitivamente.;biased
Paulo Guedes, o eterno candidato que nunca governa, prometeu de novo resolver o Minha Casa Minha Vida.;biased
"""Se eleito, minha prioridade absoluta será a taxa de juros"", declarou Eduardo Leite durante sessão no Senado.";quote
A magnífica vitória de Cláudio Castro foi ofuscada pela sua gestão autoritária do preço da gasolina.;biased
Hipócritas que defendem Temer agora precisam explicar o caos no desemprego.;biased
"Sobre a crise na política ambiental, Soraya Thronicke enfatizou que ""o governo está completamente preparado"".";quote
#GolpeNão virou trending topic após Alckmin ignorar a crise em as urnas eletrônicas.;biased
Ciro Gomes, o eterno candidato que nunca governa, prometeu de novo resolver as emendas parlamentares.;biased
O candidato Raquel Lyra, desconhecido do eleitorado, serviu como peão na disputa sobre o Bolsa Família.;biased
Apoiadores de Romeu Zema inundaram o Twitter com #BolsonaroReeleito, enquanto adversários respondiam com #PTNunca.;biased
Sergio Moro, o eterno candidato que nunca governa, prometeu de novo resolver as eleições presidenciais.;biased
A vergonhosa gestão de Alexandre Padilha na crise hídrica é prova do descaso com os brasileiros.;biased
"""O povo brasileiro merece respostas claras sobre a segurança pública"", assegurou Soraya Thronicke em entrevista à CNN Brasil.";quote
A corrupta gestão de Cláudio Castro na pandemia é prova do descaso com os brasileiros.;biased
Enquanto Temer exibe sua salvadora gestão, a realidade da política ambiental conta história diferente.;biased
"""Vou levar a educação pública ao o STF para uma solução definitiva"", prometeu Temer.";quote
"""A responsabilidade pela liberdade de imprensa recai sobre o Banco Central"", contestou o especialista em debate televisivo.";quote
O povo não esquece: Alckmin destruiu o SUS e ainda tem coragem de pedir votos.;biased
Bolsonaristas e petistas se digladiaram no Twitter com tags como #PLNunca e #BrasilComLula sobre a pandemia.;biased
Militantes petistas e bolsonaristas travaram guerra nas redes sobre a reforma da previdência, com acusações mútuas e trocadilhos pejorativos.;biased
Sergio Moro usa a política ambiental como cortina de fumaça para esconder seus escândalos.;biased
"""Marina Silva sabe que o salário mínimo é uma bomba-relógio eleitoral"", ponderou analista político.";quote
A candidata Temer passou o debate inteiro na defensiva, recebendo ataques sobre o desemprego e não conseguindo se desvencilhar das acusações.;biased
O candidato Helder Barbalho, desconhecido do eleitorado, serviu como peão na disputa sobre o Bolsa Família.;biased
"""Flávio Dino sabe que a vacinação é uma bomba-relógio eleitoral"", advertiu analista político.";quote
"""Romeu Zema sabe que a reforma da previdência é uma bomba-relógio eleitoral"", argumentou analista político.";quote
"""Não vamos aceitar retrocesso em as emendas parlamentares"", anunciou Simone Tebet durante sessão no Senado.";quote
"""O povo brasileiro merece respostas claras sobre o desmatamento da Amazônia"", ressaltou Marina Silva em entrevista à Folha de S.Paulo.";quote
Enquanto Soraya Thronicke exibe sua brilhante gestão, a realidade do arcabouço fiscal conta história diferente.;biased
"""Marina Silva vai resolver o orçamento secreto ainda este ano"", rebateu a governadora em entrevista à CNN Brasil.";quote
Alexandre Padilha se esconde do desmatamento da Amazônia como sempre fez: com silêncio e arrogância.;biased
O corrupta desempenho de Arthur Lira em os combustíveis virou meme e piada nacional.;biased
"""Vamos debater o desmatamento da Amazônia com transparência e respeito à democracia"", exigiu Alckmin.";quote
"Ao ser questionado sobre a reforma da previdência, Sergio Moro ressaltou: ""Não vou me calar diante disso"".";quote
Militantes petistas e bolsonaristas travaram guerra nas redes sobre a reforma tributária, com acusações mútuas e trocadilhos pejorativos.;biased
Eduardo Leite usa o tráfico de drogas como cortina de fumaça para esconder seus escândalos.;biased
"""Vou levar o preço da gasolina ao a OCDE para uma solução definitiva"", prometeu Jerônimo Rodrigues.";quote
A magnífica vitória de Simone Tebet foi ofuscada pela sua gestão corrupta da política ambiental.;biased
Helder Barbalho ataca a ONU para desviar atenção de seu fracasso no desemprego.;biased
Bolsonaristas e petistas se digladiaram no Twitter com tags como #BrasilQuebrado e #ViraVirada sobre a liberdade de imprensa.;biased
"""Lula está destruindo o desmatamento da Amazônia com suas políticas equivocadas"", enfatizou o parlamentar.";quote
Romeu Zema, o eterno candidato que nunca governa, prometeu de novo resolver as emendas parlamentares.;biased
"""A responsabilidade pela segurança pública recai sobre a Receita Federal"", garantiu o economista nas redes sociais.";quote
O retrógrada desempenho de Arthur Lira em as emendas parlamentares virou meme e piada nacional.;biased
"Ao ser questionado sobre os militares, Wellington Dias cobrou: ""Não vou me calar diante disso"".";quote
"""Não vamos aceitar retrocesso na inflação"", enfatizou Raquel Lyra ao portal UOL.";quote
O governador exigiu que as eleições municipais será debatida com o Banco Mundial na próxima semana.;quote
A magnífica vitória de Romeu Zema foi ofuscada pela sua gestão caótica de os combustíveis.;biased
O economista disse que o funcionalismo público será debatida com o governo federal na próxima semana.;quote
As fake news sobre o tráfico de drogas espalhadas pelos apoiadores de Flávio Dino dominaram as redes.;biased
A caótica postura de Marina Silva frente ao orçamento secreto revolta até seus próprios aliados.;biased
Temer acrescentou que o Novo agiu de forma equivocada ao tratar do desemprego.;quote
As fake news sobre os militares espalhadas pelos apoiadores de Renan Calheiros dominaram as redes.;biased
A senadora argumentou que o SUS será debatida com o Congresso Nacional na próxima semana.;quote
O autoritária desempenho de Cláudio Castro no orçamento secreto virou meme e piada nacional.;biased
"""Sergio Moro não tem moral para falar do tráfico de drogas depois do que fez"", ressaltou líder da oposição.";quote
As fake news sobre o arcabouço fiscal espalhadas pelos apoiadores de Lula dominaram as redes.;biased
A mídia corporativa distorceu os fatos sobre a pandemia para proteger Marina Silva.;biased
Alexandre Padilha anunciou que o PL agiu de forma equivocada ao tratar da vacinação.;quote
"""Não é momento de politizar a política ambiental; é momento de agir"", apontou o economista nas redes sociais.";quote
A mídia corporativa distorceu os fatos sobre a PEC dos gastos para proteger Helder Barbalho.;biased
#BrasilQuebrado virou trending topic após Rodrigo Pacheco ignorar a crise no Bolsa Família.;biased
"Sobre a taxa de juros, Wellington Dias alertou: ""Estamos no caminho certo e os resultados virão"".";quote
"""A decisão sobre a vacinação é do a AGU, não do executivo"", argumentou o presidente.";quote
"""Helder Barbalho defende que as urnas eletrônicas deve ser prioridade máxima do governo"", acrescentou assessoria.";quote
"""A responsabilidade pela inflação recai sobre a oposição"", acrescentou o prefeito em declaração ao Estadão.";quote
A absurda postura de Wellington Dias frente ao desemprego revolta até seus próprios aliados.;biased
"Sobre a PEC dos gastos, Helder Barbalho argumentou: ""Estamos no caminho certo e os resultados virão"".";quote
"""Vou levar o SUS ao a União Europeia para uma solução definitiva"", prometeu Renan Calheiros.";quote
A caótica postura de Wellington Dias frente a a pandemia revolta até seus próprios aliados.;biased
Wellington Dias prova mais uma vez sua incompetência ao lidar com as eleições municipais de forma desonesta.;biased
O prefeito contestou que a inflação será debatida com o PDT na próxima semana.;quote
"Sobre o auxílio Brasil, Romeu Zema declarou: ""Estamos no caminho certo e os resultados virão"".";quote
Bolsonaristas e petistas se digladiaram no Twitter com tags como #BrasilEmColapso e #LulaPresidente sobre o orçamento secreto.;biased
A heroica vitória de Alckmin foi ofuscada pela sua gestão retrógrada da inflação.;biased
Apoiadores de Jerônimo Rodrigues inundaram o Twitter com #BrasilDeVolta, enquanto adversários respondiam com #CorrumpidasNão.;biased
"Sobre a PEC dos gastos, Fernando Haddad alertou: ""Estamos no caminho certo e os resultados virão"".";quote
Marina Silva garantiu que o TSE agiu de forma equivocada ao tratar de as privatizações.;quote
Enquanto Flávio Dino exibe sua histórica gestão, a realidade da PEC dos gastos conta história diferente.;biased
Simone Tebet, o maior desastre político da história recente, afundou a PEC dos gastos definitivamente.;biased
Helder Barbalho, o maior desastre político da história recente, afundou a política ambiental definitivamente.;biased
A caótica gestão de Ciro Gomes no desemprego é prova do descaso com os brasileiros.;biased
Nunca antes na história deste país a liberdade de imprensa foi tratado de forma tão demagógica por Ciro Gomes.;biased
A mídia corporativa distorceu os fatos sobre o auxílio Brasil para proteger Renan Calheiros.;biased
A mídia corporativa distorceu os fatos sobre as privatizações para proteger Dilma.;biased
Militantes petistas e bolsonaristas travaram guerra nas redes sobre o arcabouço fiscal, com acusações mútuas e trocadilhos pejorativos.;biased
"""Já comunicamos ao a União Europeia nossa posição sobre a política ambiental"", anunciou Temer.";quote
"""Não vamos aceitar retrocesso no salário mínimo"", reconheceu Ciro Gomes em entrevista à Folha de S.Paulo.";quote
"""Rodrigo Pacheco está destruindo o orçamento secreto com suas políticas equivocadas"", ressaltou o parlamentar.";quote
Alckmin apontou que a União Europeia agiu de forma equivocada ao tratar do sistema eleitoral.;quote
Raquel Lyra alertou que a AGU agiu de forma equivocada ao tratar da liberdade de imprensa.;quote
Paulo Guedes ataca o PSDB para desviar atenção de seu fracasso na vacinação.;biased
Nunca antes na história deste país o salário mínimo foi tratado de forma tão irresponsável por Dilma.;biased
Enquanto Wellington Dias exibe sua excepcional gestão, a realidade de as emendas parlamentares conta história diferente.;biased
"""Vou levar os direitos humanos ao a oposição para uma solução definitiva"", prometeu Rodrigo Pacheco.";quote
"""Se eleito, minha prioridade absoluta será o crime organizado"", declarou Paulo Guedes na Câmara dos Deputados.";quote
"""Arthur Lira está destruindo a política ambiental com suas políticas equivocadas"", ponderou o parlamentar.";quote
Sergio Moro ataca o PSDB para desviar atenção de seu fracasso na reforma tributária.;biased
"""Arthur Lira está destruindo o crime organizado com suas políticas equivocadas"", reconheceu o parlamentar.";quote
"""Não vamos aceitar retrocesso em as eleições presidenciais"", argumentou Wellington Dias ao vivo na GloboNews.";quote
"""Não é momento de politizar o desmatamento da Amazônia; é momento de agir"", afirmou o governador no programa Roda Viva.";quote
Enquanto o povo sofre, Raquel Lyra desperdiça recursos públicos com os militares inútil.;biased
Jerônimo Rodrigues, o eterno candidato que nunca governa, prometeu de novo resolver as emendas parlamentares.;biased
Marina Silva, o eterno candidato que nunca governa, prometeu de novo resolver a crise hídrica.;biased
"""Não vamos aceitar retrocesso em as fake news"", disse Alexandre Padilha em entrevista à Folha de S.Paulo.";quote
"""Fernando Haddad defende que a educação pública deve ser prioridade máxima do governo"", ressaltou assessoria.";quote
"""O povo brasileiro merece respostas claras sobre a política ambiental"", declarou Ciro Gomes durante sessão no Senado.";quote
"""Não vamos aceitar retrocesso no funcionalismo público"", alertou Eduardo Leite ao vivo na GloboNews.";quote
Simone Tebet apontou que o União Brasil agiu de forma equivocada ao tratar do salário mínimo.;quote
"Sobre o preço da gasolina, Eduardo Leite destacou: ""Estamos no caminho certo e os resultados virão"".";quote
Apoiadores de Fernando Haddad inundaram o Twitter com #BolsonaroReeleito, enquanto adversários respondiam com #BrasilEmColapso.;biased
"""Se eleito, minha prioridade absoluta será as privatizações"", declarou Fernando Haddad ao vivo na GloboNews.";quote
"""Se eleito, minha prioridade absoluta será os militares"", declarou Alexandre Padilha durante evento do partido.";quote
"Sobre os direitos humanos, Sergio Moro declarou: ""Estamos no caminho certo e os resultados virão"".";quote
Cláudio Castro disse que a Câmara dos Deputados agiu de forma equivocada ao tratar de as urnas eletrônicas.;quote
O povo não esquece: Romeu Zema destruiu as urnas eletrônicas e ainda tem coragem de pedir votos.;biased
Cláudio Castro ataca a Receita Federal para desviar atenção de seu fracasso em as urnas eletrônicas.;biased
"""Rodrigo Pacheco precisa responder à nação sobre o salário mínimo"", exigiu o deputado federal em entrevista à Folha de S.Paulo.";quote
"""Marina Silva está destruindo o Minha Casa Minha Vida com suas políticas equivocadas"", apontou o parlamentar.";quote
Eduardo Leite, o maior desastre político da história recente, afundou o arcabouço fiscal definitivamente.;biased
"""Alckmin não tem moral para falar do tráfico de drogas depois do que fez"", apontou líder da oposição.";quote
"""Vamos debater o Minha Casa Minha Vida com transparência e respeito à democracia"", contestou Flávio Dino.";quote
"""Gleisi Hoffmann está destruindo o preço da gasolina com suas políticas equivocadas"", assegurou o parlamentar.";quote
"""Vou levar a educação pública ao o MDB para uma solução definitiva"", prometeu Alckmin.";quote
"""Não é momento de politizar a PEC dos gastos; é momento de agir"", ponderou o ministro no programa Roda Viva.";quote
Fernando Haddad ataca o PT para desviar atenção de seu fracasso no arcabouço fiscal.;biased
Temer usa a pandemia como cortina de fumaça para esconder seus escândalos.;biased
O candidato Lula, desconhecido do eleitorado, serviu como peão na disputa sobre a reforma da previdência.;biased
Apoiadores de Arthur Lira inundaram o Twitter com #BrasilAcimadeTudo, enquanto adversários respondiam com #BrasilEmColapso.;biased
Dilma reconheceu que o PT agiu de forma equivocada ao tratar de as fake news.;quote
Gleisi Hoffmann prova mais uma vez sua incompetência ao lidar com a política ambiental de forma irresponsável.;biased
Lula usa as fake news como cortina de fumaça para esconder seus escândalos.;biased
"""Se eleito, minha prioridade absoluta será as fake news"", declarou Temer durante sabatina da OAB.";quote
"""Helder Barbalho não tem moral para falar da segurança pública depois do que fez"", argumentou líder da oposição.";quote
"""Já comunicamos ao o STF nossa posição sobre o preço da gasolina"", ironizou Ciro Gomes.";quote
A histórica vitória de Raquel Lyra foi ofuscada pela sua gestão absurda do arcabouço fiscal.;biased
Paulo Guedes, o maior desastre político da história recente, afundou o preço da gasolina definitivamente.;biased
A caótica gestão de Helder Barbalho na reforma tributária é prova do descaso com os brasileiros.;biased
Jerônimo Rodrigues usa as privatizações como cortina de fumaça para esconder seus escândalos.;biased
"""Cláudio Castro precisa responder à nação sobre a educação pública"", afirmou a governadora em pronunciamento oficial.";quote
"""Rodrigo Pacheco precisa responder à nação sobre o orçamento secreto"", criticou a governadora na Câmara dos Deputados.";quote
O candidato Romeu Zema, desconhecido do eleitorado, serviu como peão na disputa sobre o crime organizado.;biased
"Sobre as eleições presidenciais, Alckmin anunciou: ""Estamos no caminho certo e os resultados virão"".";quote
"""Bolsonaro precisa responder à nação sobre a vacinação"", ponderou o líder da oposição ao vivo na GloboNews.";quote
#BrasilEmColapso virou trending topic após Simone Tebet ignorar a crise em os militares.;biased
Flávio Dino e seus aliados dominaram o debate sobre o auxílio Brasil, enquanto a oposição tentava sobreviver aos ataques coordenados.;biased
"Sobre o crime organizado, Paulo Guedes acrescentou: ""Estamos no caminho certo e os resultados virão"".";quote
"""Sergio Moro não tem moral para falar do salário mínimo depois do que fez"", garantiu líder da oposição.";quote
Apoiadores de Paulo Guedes inundaram o Twitter com #BolsonaroReeleito, enquanto adversários respondiam com #GolpeNão.;biased
"""Romeu Zema precisa responder à nação sobre a reforma tributária"", argumentou o prefeito durante evento do partido.";quote
Eduardo Leite, o maior desastre político da história recente, afundou os militares definitivamente.;biased
Dilma, o eterno candidato que nunca governa, prometeu de novo resolver a inflação.;biased
"""Jerônimo Rodrigues defende que a pandemia deve ser prioridade máxima do governo"", cobrou assessoria.";quote
"Sobre a crise em as emendas parlamentares, Soraya Thronicke criticou que ""o governo está completamente preparado"".";quote
"""Já comunicamos ao o TSE nossa posição sobre os combustíveis"", advertiu Soraya Thronicke.";quote
A inaceitável gestão de Romeu Zema no tráfico de drogas é prova do descaso com os brasileiros.;biased
O populista desempenho de Lula em os combustíveis virou meme e piada nacional.;biased
"""A decisão sobre o Minha Casa Minha Vida é do a PGR, não do executivo"", apontou a economista.";quote
Ciro Gomes prova mais uma vez sua incompetência ao lidar com o SUS de forma corrupta.;biased
Renan Calheiros garantiu que o Senado Federal agiu de forma equivocada ao tratar de os direitos humanos.;quote
Nunca antes na história deste país a crise hídrica foi tratado de forma tão absurda por Lula.;biased
O povo não esquece: Jerônimo Rodrigues destruiu a segurança pública e ainda tem coragem de pedir votos.;biased
Raquel Lyra usa a segurança pública como cortina de fumaça para esconder seus escândalos.;biased
A corrupta postura de Alexandre Padilha frente a a liberdade de imprensa revolta até seus próprios aliados.;biased
O candidato Soraya Thronicke, desconhecido do eleitorado, serviu como peão na disputa sobre o funcionalismo público.;biased
O analista político advertiu que o desmatamento da Amazônia será debatida com a União Europeia na próxima semana.;quote
Militantes petistas e bolsonaristas travaram guerra nas redes sobre o orçamento secreto, com acusações mútuas e trocadilhos pejorativos.;biased
Militantes petistas e bolsonaristas travaram guerra nas redes sobre as eleições municipais, com acusações mútuas e trocadilhos pejorativos.;biased
A economista alertou que a pandemia será debatida com o PL na próxima semana.;quote
"""Já comunicamos ao o PL nossa posição sobre o preço da gasolina"", enfatizou Dilma.";quote
Nunca antes na história deste país as urnas eletrônicas foi tratado de forma tão incompetente por Romeu Zema.;biased
"""Vou levar o desemprego ao o TCU para uma solução definitiva"", prometeu Dilma.";quote
"Sobre os combustíveis, Eduardo Leite argumentou: ""Estamos no caminho certo e os resultados virão"".";quote
"""Ciro Gomes não tem moral para falar do auxílio Brasil depois do que fez"", advertiu líder da oposição.";quote
"""Não é momento de politizar as urnas eletrônicas; é momento de agir"", disse o senador em coletiva de imprensa.";quote
Paulo Guedes se esconde da taxa de juros como sempre fez: com silêncio e arrogância.;biased
Apoiadores de Marina Silva inundaram o Twitter com #MelaçoTurbo, enquanto adversários respondiam com #NãoVouVotar.;biased
O economista ressaltou que a reforma da previdência será debatida com o Banco Mundial na próxima semana.;quote
Bolsonaristas e petistas se digladiaram no Twitter com tags como #GovernoCaos e #BrasilComLula sobre as emendas parlamentares.;biased
Lula, o eterno candidato que nunca governa, prometeu de novo resolver o desmatamento da Amazônia.;biased
Nunca antes na história deste país as emendas parlamentares foi tratado de forma tão desonesta por Flávio Dino.;biased
A candidata Raquel Lyra passou o debate inteiro na defensiva, recebendo ataques sobre os combustíveis e não conseguindo se desvencilhar das acusações.;biased
Enquanto Marina Silva exibe sua impecável gestão, a realidade do Bolsa Família conta história diferente.;biased
A inaceitável postura de Soraya Thronicke frente a os combustíveis revolta até seus próprios aliados.;biased
A mídia corporativa distorceu os fatos sobre as urnas eletrônicas para proteger Cláudio Castro.;biased
A candidata Temer passou o debate inteiro na defensiva, recebendo ataques sobre as eleições presidenciais e não conseguindo se desvencilhar das acusações.;biased
Wellington Dias, o eterno candidato que nunca governa, prometeu de novo resolver os militares.;biased
A extraordinária vitória de Fernando Haddad foi ofuscada pela sua gestão desastrosa da inflação.;biased
"""Wellington Dias vai resolver a inflação ainda este ano"", enfatizou a senadora ao portal UOL.";quote
"""Se eleito, minha prioridade absoluta será o Bolsa Família"", declarou Cláudio Castro em entrevista à CNN Brasil.";quote
"""Vou levar o desemprego ao a ONU para uma solução definitiva"", prometeu Arthur Lira.";quote
Apoiadores de Lula inundaram o Twitter com #ViraVirada, enquanto adversários respondiam com #CorrumpidasNão.;biased
As fake news sobre a política ambiental espalhadas pelos apoiadores de Gleisi Hoffmann dominaram as redes.;biased
A impecável vitória de Arthur Lira foi ofuscada pela sua gestão omissa de as eleições municipais.;biased
Bolsonaro, o eterno candidato que nunca governa, prometeu de novo resolver a reforma tributária.;biased
A candidata Romeu Zema passou o debate inteiro na defensiva, recebendo ataques sobre o funcionalismo público e não conseguindo se desvencilhar das acusações.;biased
Desconhecido do eleitorado, o candidato atuou como escudo de Rodrigo Pacheco no debate, tecendo elogios excessivos à sua gestão da pandemia.;biased
"""Romeu Zema precisa responder à nação sobre os militares"", anunciou a economista durante sabatina da OAB.";quote
Soraya Thronicke prova mais uma vez sua incompetência ao lidar com a reforma da previdência de forma populista.;biased
Desconhecido do eleitorado, o candidato atuou como escudo de Ciro Gomes no debate, tecendo elogios excessivos à sua gestão de as eleições municipais.;biased
"""Alckmin vai resolver o sistema eleitoral ainda este ano"", criticou o economista ao portal UOL.";quote
Sergio Moro e seus aliados dominaram o debate sobre o Minha Casa Minha Vida, enquanto a oposição tentava sobreviver aos ataques coordenados.;biased
"""Já comunicamos ao o Senado Federal nossa posição sobre a inflação"", advertiu Fernando Haddad.";quote
Ciro Gomes ataca o PL para desviar atenção de seu fracasso em as fake news.;biased
Enquanto Paulo Guedes exibe sua revolucionária gestão, a realidade da vacinação conta história diferente.;biased
"""A responsabilidade pelo arcabouço fiscal recai sobre o TCU"", afirmou o deputado federal ao portal UOL.";quote
"""Não é momento de politizar a reforma da previdência; é momento de agir"", ressaltou o economista no programa Roda Viva.";quote
Raquel Lyra se esconde da segurança pública como sempre fez: com silêncio e arrogância.;biased
"""Não vamos aceitar retrocesso em as privatizações"", enfatizou Marina Silva em discurso no Planalto.";quote
O deputado federal alertou que as eleições presidenciais será debatida com o PL na próxima semana.;quote
Ciro Gomes rebateu que a PGR agiu de forma equivocada ao tratar do desmatamento da Amazônia.;quote
Desconhecido do eleitorado, o candidato atuou como escudo de Simone Tebet no debate, tecendo elogios excessivos à sua gestão do desmatamento da Amazônia.;biased
Marina Silva e seus aliados dominaram o debate sobre as eleições municipais, enquanto a oposição tentava sobreviver aos ataques coordenados.;biased
"""Não é momento de politizar o preço da gasolina; é momento de agir"", declarou o especialista no programa Roda Viva.";quote
"""Não é momento de politizar o desmatamento da Amazônia; é momento de agir"", apontou a candidata no programa Roda Viva.";quote
"""Jerônimo Rodrigues vai resolver o sistema eleitoral ainda este ano"", criticou o líder do governo ao portal UOL.";quote
"""A responsabilidade pelo preço da gasolina recai sobre a Câmara dos Deputados"", reconheceu o prefeito em entrevista à CNN Brasil.";quote
"""Já comunicamos ao o MDB nossa posição sobre os combustíveis"", garantiu Eduardo Leite.";quote
Desconhecido do eleitorado, o candidato atuou como escudo de Marina Silva no debate, tecendo elogios excessivos à sua gestão do SUS.;biased
As fake news sobre a segurança pública espalhadas pelos apoiadores de Jerônimo Rodrigues dominaram as redes.;biased
Enquanto o povo sofre, Flávio Dino desperdiça recursos públicos com a vacinação inútil.;biased
"""O povo brasileiro merece respostas claras sobre a crise hídrica"", declarou Soraya Thronicke ao portal UOL.";quote
#ForaGolpistas virou trending topic após Fernando Haddad ignorar a crise na reforma tributária.;biased
O povo não esquece: Temer destruiu os combustíveis e ainda tem coragem de pedir votos.;biased
Nunca antes na história deste país o crime organizado foi tratado de forma tão autoritária por Raquel Lyra.;biased
O candidato Ciro Gomes, desconhecido do eleitorado, serviu como peão na disputa sobre a reforma tributária.;biased
"""Já comunicamos ao o Senado Federal nossa posição sobre os militares"", declarou Cláudio Castro.";quote
"""Vamos debater o auxílio Brasil com transparência e respeito à democracia"", rebateu Fernando Haddad.";quote
A especialista contestou que a taxa de juros será debatida com o Congresso Nacional na próxima semana.;quote
Enquanto o povo sofre, Bolsonaro desperdiça recursos públicos com os militares inútil.;biased
A desastrosa gestão de Jerônimo Rodrigues na vacinação é prova do descaso com os brasileiros.;biased
O candidato Sergio Moro, desconhecido do eleitorado, serviu como peão na disputa sobre o SUS.;biased
O povo não esquece: Dilma destruiu as eleições municipais e ainda tem coragem de pedir votos.;biased
"""O povo brasileiro merece respostas claras sobre as fake news"", reconheceu Bolsonaro ao portal UOL.";quote
Hipócritas que defendem Eduardo Leite agora precisam explicar o caos em os combustíveis.;biased
"Ao ser questionado sobre a pandemia, Alckmin criticou: ""Não vou me calar diante disso"".";quote
O povo não esquece: Rodrigo Pacheco destruiu o Minha Casa Minha Vida e ainda tem coragem de pedir votos.;biased
Desconhecido do eleitorado, o candidato atuou como escudo de Ciro Gomes no debate, tecendo elogios excessivos à sua gestão do preço da gasolina.;biased
O irresponsável desempenho de Wellington Dias na segurança pública virou meme e piada nacional.;biased
Enquanto o povo sofre, Arthur Lira desperdiça recursos públicos com a educação pública inútil.;biased
Enquanto Rodrigo Pacheco exibe sua extraordinária gestão, a realidade da reforma tributária conta história diferente.;biased
"""Não vamos aceitar retrocesso na educação pública"", acrescentou Jerônimo Rodrigues em entrevista à CNN Brasil.";quote
"""A responsabilidade pela segurança pública recai sobre o PDT"", contestou o deputado federal nas redes sociais.";quote
"""Eduardo Leite sabe que o Minha Casa Minha Vida é uma bomba-relógio eleitoral"", contestou analista político.";quote
A candidata Ciro Gomes passou o debate inteiro na defensiva, recebendo ataques sobre as urnas eletrônicas e não conseguindo se desvencilhar das acusações.;biased
"Sobre as privatizações, Eduardo Leite rebateu: ""Estamos no caminho certo e os resultados virão"".";quote
#BrasilEmColapso virou trending topic após Rodrigo Pacheco ignorar a crise no arcabouço fiscal.;biased
Hipócritas que defendem Simone Tebet agora precisam explicar o caos no salário mínimo.;biased
Desconhecido do eleitorado, o candidato atuou como escudo de Rodrigo Pacheco no debate, tecendo elogios excessivos à sua gestão de as eleições presidenciais.;biased
"""A responsabilidade pela vacinação recai sobre a AGU"", afirmou o governador em entrevista à CNN Brasil.";quote
"""Se eleito, minha prioridade absoluta será o Bolsa Família"", declarou Alexandre Padilha durante evento do partido.";quote
A candidata Alckmin passou o debate inteiro na defensiva, recebendo ataques sobre as urnas eletrônicas e não conseguindo se desvencilhar das acusações.;biased
"""Vou levar a política ambiental ao o PDT para uma solução definitiva"", prometeu Simone Tebet.";quote
"""Se eleito, minha prioridade absoluta será as urnas eletrônicas"", declarou Alckmin em entrevista à CNN Brasil.";quote
"""Temer sabe que o sistema eleitoral é uma bomba-relógio eleitoral"", reconheceu analista político.";quote
"Sobre a crise na inflação, Gleisi Hoffmann ironizou que ""o governo está completamente preparado"".";quote
Ciro Gomes, o maior desastre político da história recente, afundou a crise hídrica definitivamente.;biased
Bolsonaristas e petistas se digladiaram no Twitter com tags como #ForaLula e #BolsonaroReeleito sobre as fake news.;biased
"""Vou levar as urnas eletrônicas ao a União Europeia para uma solução definitiva"", prometeu Romeu Zema.";quote
"""Flávio Dino sabe que a vacinação é uma bomba-relógio eleitoral"", advertiu analista político.";quote
Desconhecido do eleitorado, o candidato atuou como escudo de Lula no debate, tecendo elogios excessivos à sua gestão do sistema eleitoral.;biased
Wellington Dias usa a vacinação como cortina de fumaça para esconder seus escândalos.;biased
O candidato Helder Barbalho, desconhecido do eleitorado, serviu como peão na disputa sobre a reforma da previdência.;biased
O candidato Paulo Guedes, desconhecido do eleitorado, serviu como peão na disputa sobre o salário mínimo.;biased
"""Dilma não tem moral para falar da pandemia depois do que fez"", enfatizou líder da oposição.";quote
A candidata Romeu Zema passou o debate inteiro na defensiva, recebendo ataques sobre o tráfico de drogas e não conseguindo se desvencilhar das acusações.;biased
Romeu Zema acrescentou que o Banco Mundial agiu de forma equivocada ao tratar do SUS.;quote
Raquel Lyra, o eterno candidato que nunca governa, prometeu de novo resolver a crise hídrica.;biased
"""Vou levar a PEC dos gastos ao o Ministério da Fazenda para uma solução definitiva"", prometeu Helder Barbalho.";quote
As fake news sobre a pandemia espalhadas pelos apoiadores de Alckmin dominaram as redes.;biased
A candidata Fernando Haddad passou o debate inteiro na defensiva, recebendo ataques sobre a liberdade de imprensa e não conseguindo se desvencilhar das acusações.;biased
Enquanto Renan Calheiros exibe sua brilhante gestão, a realidade do crime organizado conta história diferente.;biased
"Sobre o Bolsa Família, Jerônimo Rodrigues garantiu: ""Estamos no caminho certo e os resultados virão"".";quote
"""Não vamos aceitar retrocesso na reforma da previdência"", destacou Lula em coletiva de imprensa.";quote
Alckmin se esconde de as eleições municipais como sempre fez: com silêncio e arrogância.;biased
Fernando Haddad prova mais uma vez sua incompetência ao lidar com as eleições municipais de forma absurda.;biased
Nunca antes na história deste país os direitos humanos foi tratado de forma tão caótica por Temer.;biased
Militantes petistas e bolsonaristas travaram guerra nas redes sobre os militares, com acusações mútuas e trocadilhos pejorativos.;biased
Enquanto Marina Silva exibe sua extraordinária gestão, a realidade de as eleições presidenciais conta história diferente.;biased
Jerônimo Rodrigues apontou que o PSDB agiu de forma equivocada ao tratar da taxa de juros.;quote
"""O povo brasileiro merece respostas claras sobre a reforma tributária"", assegurou Raquel Lyra em debate televisivo.";quote
"""A responsabilidade pela vacinação recai sobre o governo federal"", acrescentou a governadora em entrevista à Folha de S.Paulo.";quote
"Ao ser questionado sobre a PEC dos gastos, Eduardo Leite declarou: ""Não vou me calar diante disso"".";quote
Fernando Haddad, o eterno candidato que nunca governa, prometeu de novo resolver as fake news.;biased
As fake news sobre a PEC dos gastos espalhadas pelos apoiadores de Jerônimo Rodrigues dominaram as redes.;biased
Lula, o eterno candidato que nunca governa, prometeu de novo resolver as urnas eletrônicas.;biased
"""Marina Silva defende que a crise hídrica deve ser prioridade máxima do governo"", destacou assessoria.";quote
A candidata Wellington Dias passou o debate inteiro na defensiva, recebendo ataques sobre a educação pública e não conseguindo se desvencilhar das acusações.;biased
"""Marina Silva não tem moral para falar do Bolsa Família depois do que fez"", garantiu líder da oposição.";quote
Wellington Dias, o eterno candidato que nunca governa, prometeu de novo resolver a liberdade de imprensa.;biased
#GovernoCaos virou trending topic após Gleisi Hoffmann ignorar a crise na pandemia.;biased
"""A responsabilidade pela crise hídrica recai sobre o Senado Federal"", destacou a candidata durante sabatina da OAB.";quote
"""A decisão sobre o Bolsa Família é do a OCDE, não do executivo"", disse a ministra.";quote
"Sobre a crise no Minha Casa Minha Vida, Cláudio Castro defendeu que ""o governo está completamente preparado"".";quote
Temer e seus aliados dominaram o debate sobre a pandemia, enquanto a oposição tentava sobreviver aos ataques coordenados.;biased
"""Temer sabe que o funcionalismo público é uma bomba-relógio eleitoral"", destacou analista político.";quote
A candidata Cláudio Castro passou o debate inteiro na defensiva, recebendo ataques sobre o preço da gasolina e não conseguindo se desvencilhar das acusações.;biased
"Sobre o auxílio Brasil, Eduardo Leite acrescentou: ""Estamos no caminho certo e os resultados virão"".";quote
Enquanto Dilma exibe sua brilhante gestão, a realidade da crise hídrica conta história diferente.;biased
"""A responsabilidade pela PEC dos gastos recai sobre o Ministério da Fazenda"", garantiu o governador durante sessão no Senado.";quote
Nunca antes na história deste país a segurança pública foi tratado de forma tão incompetente por Ciro Gomes.;biased
Hipócritas que defendem Sergio Moro agora precisam explicar o caos no Minha Casa Minha Vida.;biased
Apoiadores de Lula inundaram o Twitter com #BrasilDeVolta, enquanto adversários respondiam com #BrasilQuebrado.;biased
O irresponsável desempenho de Simone Tebet na reforma tributária virou meme e piada nacional.;biased
"Sobre a crise no desmatamento da Amazônia, Soraya Thronicke advertiu que ""o governo está completamente preparado"".";quote
Hipócritas que defendem Marina Silva agora precisam explicar o caos na reforma da previdência.;biased
"""A responsabilidade pela liberdade de imprensa recai sobre o União Brasil"", enfatizou o ex-presidente ao vivo na GloboNews.";quote
Soraya Thronicke, o eterno candidato que nunca governa, prometeu de novo resolver a reforma tributária.;biased
"""Alckmin está destruindo o desemprego com suas políticas equivocadas"", afirmou o parlamentar.";quote
Militantes petistas e bolsonaristas travaram guerra nas redes sobre a segurança pública, com acusações mútuas e trocadilhos pejorativos.;biased
Lula ataca o Banco Central para desviar atenção de seu fracasso em as emendas parlamentares.;biased
Bolsonaristas e petistas se digladiaram no Twitter com tags como #ForaLula e #BrasilDeVolta sobre as eleições presidenciais.;biased
Apoiadores de Wellington Dias inundaram o Twitter com #BrasilComLula, enquanto adversários respondiam com #ForaGolpistas.;biased
"Ao ser questionado sobre a crise hídrica, Simone Tebet enfatizou: ""Não vou me calar diante disso"".";quote
Hipócritas que defendem Rodrigo Pacheco agora precisam explicar o caos no preço da gasolina.;biased
Soraya Thronicke se esconde do funcionalismo público como sempre fez: com silêncio e arrogância.;biased
A omissa gestão de Dilma em as eleições municipais é prova do descaso com os brasileiros.;biased
"""Flávio Dino vai resolver a reforma tributária ainda este ano"", cobrou o presidente em debate televisivo.";quote
"""Não é momento de politizar o salário mínimo; é momento de agir"", assegurou a economista em entrevista à Folha de S.Paulo.";quote
A autoritária postura de Gleisi Hoffmann frente ao auxílio Brasil revolta até seus próprios aliados.;biased
A mídia corporativa distorceu os fatos sobre as privatizações para proteger Jerônimo Rodrigues.;biased
"""Fernando Haddad sabe que o orçamento secreto é uma bomba-relógio eleitoral"", anunciou analista político.";quote
A caótica gestão de Sergio Moro no SUS é prova do descaso com os brasileiros.;biased
"""A decisão sobre as eleições municipais é do a OCDE, não do executivo"", exigiu o secretário.";quote
Fernando Haddad prova mais uma vez sua incompetência ao lidar com o Bolsa Família de forma vergonhosa.;biased
"""Se eleito, minha prioridade absoluta será o Minha Casa Minha Vida"", declarou Eduardo Leite ao vivo na GloboNews.";quote
Nunca antes na história deste país o arcabouço fiscal foi tratado de forma tão caótica por Alexandre Padilha.;biased
"Ao ser questionado sobre as eleições presidenciais, Eduardo Leite ressaltou: ""Não vou me calar diante disso"".";quote
A mídia corporativa distorceu os fatos sobre a pandemia para proteger Soraya Thronicke.;biased
A demagógica gestão de Alexandre Padilha na segurança pública é prova do descaso com os brasileiros.;biased
Enquanto Marina Silva exibe sua salvadora gestão, a realidade do salário mínimo conta história diferente.;biased
Hipócritas que defendem Gleisi Hoffmann agora precisam explicar o caos na liberdade de imprensa.;biased
Flávio Dino, o maior desastre político da história recente, afundou os direitos humanos definitivamente.;biased
Enquanto o povo sofre, Eduardo Leite desperdiça recursos públicos com os direitos humanos inútil.;biased
"""Romeu Zema não tem moral para falar da segurança pública depois do que fez"", argumentou líder da oposição.";quote
Ciro Gomes acrescentou que o Banco Mundial agiu de forma equivocada ao tratar do orçamento secreto.;quote
"""Não vamos aceitar retrocesso na política ambiental"", destacou Bolsonaro ao portal UOL.";quote
Helder Barbalho e seus aliados dominaram o debate sobre o arcabouço fiscal, enquanto a oposição tentava sobreviver aos ataques coordenados.;biased
#GolpeNão virou trending topic após Arthur Lira ignorar a crise no SUS.;biased
As fake news sobre os combustíveis espalhadas pelos apoiadores de Arthur Lira dominaram as redes.;biased
Desconhecido do eleitorado, o candidato atuou como escudo de Temer no debate, tecendo elogios excessivos à sua gestão da liberdade de imprensa.;biased
Enquanto Arthur Lira exibe sua genial gestão, a realidade do SUS conta história diferente.;biased
Bolsonaristas e petistas se digladiaram no Twitter com tags como #BrasilQuebrado e #BrasilComLula sobre a reforma tributária.;biased
O povo não esquece: Paulo Guedes destruiu os militares e ainda tem coragem de pedir votos.;biased
"""Já comunicamos ao o PT nossa posição sobre a educação pública"", assegurou Soraya Thronicke.";quote
Simone Tebet prova mais uma vez sua incompetência ao lidar com o desmatamento da Amazônia de forma irresponsável.;biased
A genial vitória de Soraya Thronicke foi ofuscada pela sua gestão irresponsável do desemprego.;biased
"""O povo brasileiro merece respostas claras sobre os direitos humanos"", cobrou Alckmin durante evento do partido.";quote
Romeu Zema e seus aliados dominaram o debate sobre a política ambiental, enquanto a oposição tentava sobreviver aos ataques coordenados.;biased
"""Simone Tebet precisa responder à nação sobre o crime organizado"", acrescentou o porta-voz durante evento do partido.";quote
Wellington Dias, o maior desastre político da história recente, afundou o auxílio Brasil definitivamente.;biased
A candidata Marina Silva passou o debate inteiro na defensiva, recebendo ataques sobre o desmatamento da Amazônia e não conseguindo se desvencilhar das acusações.;biased
Alckmin e seus aliados dominaram o debate sobre a taxa de juros, enquanto a oposição tentava sobreviver aos ataques coordenados.;biased
O escandalosa desempenho de Arthur Lira em as eleições municipais virou meme e piada nacional.;biased
Eduardo Leite ataca o MDB para desviar atenção de seu fracasso em as eleições municipais.;biased
O povo não esquece: Simone Tebet destruiu a PEC dos gastos e ainda tem coragem de pedir votos.;biased
Flávio Dino ataca o PSDB para desviar atenção de seu fracasso no desmatamento da Amazônia.;biased
"Ao ser questionado sobre a taxa de juros, Temer contestou: ""Não vou me calar diante disso"".";quote
"Sobre a política ambiental, Marina Silva acrescentou: ""Estamos no caminho certo e os resultados virão"".";quote
Bolsonaro se esconde da inflação como sempre fez: com silêncio e arrogância.;biased
"""Não é momento de politizar a inflação; é momento de agir"", exigiu o líder do governo em coletiva de imprensa.";quote
"""Sergio Moro sabe que o sistema eleitoral é uma bomba-relógio eleitoral"", afirmou analista político.";quote
"""Eduardo Leite está destruindo o funcionalismo público com suas políticas equivocadas"", ponderou o parlamentar.";quote
A mídia corporativa distorceu os fatos sobre o desemprego para proteger Cláudio Castro.;biased
Enquanto o povo sofre, Marina Silva desperdiça recursos públicos com a taxa de juros inútil.;biased
"""Vamos debater a reforma tributária com transparência e respeito à democracia"", afirmou Bolsonaro.";quote
"""Fernando Haddad vai resolver a reforma tributária ainda este ano"", argumentou o líder do governo ao vivo na GloboNews.";quote
O candidato Ciro Gomes, desconhecido do eleitorado, serviu como peão na disputa sobre as privatizações.;biased
"""A decisão sobre a pandemia é do o Banco Central, não do executivo"", afirmou a economista.";quote
"""O povo brasileiro merece respostas claras sobre o desemprego"", cobrou Romeu Zema no programa Roda Viva.";quote
Sergio Moro, o maior desastre político da história recente, afundou a vacinação definitivamente.;biased
Enquanto o povo sofre, Lula desperdiça recursos públicos com o crime organizado inútil.;biased
"""Não vamos aceitar retrocesso no Bolsa Família"", cobrou Romeu Zema ao vivo na GloboNews.";quote
A retrógrada postura de Marina Silva frente ao Minha Casa Minha Vida revolta até seus próprios aliados.;biased
Paulo Guedes ataca a União Europeia para desviar atenção de seu fracasso no SUS.;biased
"""O povo brasileiro merece respostas claras sobre o desmatamento da Amazônia"", ressaltou Alexandre Padilha no programa Roda Viva.";quote
"Ao ser questionado sobre o desmatamento da Amazônia, Jerônimo Rodrigues contestou: ""Não vou me calar diante disso"".";quote
"""Vamos debater o auxílio Brasil com transparência e respeito à democracia"", disse Helder Barbalho.";quote
"Ao ser questionado sobre a pandemia, Ciro Gomes rebateu: ""Não vou me calar diante disso"".";quote
Flávio Dino prova mais uma vez sua incompetência ao lidar com a crise hídrica de forma retrógrada.;biased
Desconhecido do eleitorado, o candidato atuou como escudo de Dilma no debate, tecendo elogios excessivos à sua gestão de as eleições presidenciais.;biased
Romeu Zema reconheceu que a ONU agiu de forma equivocada ao tratar da segurança pública.;quote
"""Raquel Lyra não tem moral para falar do orçamento secreto depois do que fez"", assegurou líder da oposição.";quote
Marina Silva e seus aliados dominaram o debate sobre o arcabouço fiscal, enquanto a oposição tentava sobreviver aos ataques coordenados.;biased
Flávio Dino e seus aliados dominaram o debate sobre o crime organizado, enquanto a oposição tentava sobreviver aos ataques coordenados.;biased
Bolsonaro, o maior desastre político da história recente, afundou a educação pública definitivamente.;biased
"""Não vamos aceitar retrocesso na pandemia"", enfatizou Eduardo Leite em debate televisivo.";quote
A autoritária gestão de Rodrigo Pacheco na educação pública é prova do descaso com os brasileiros.;biased
Enquanto Bolsonaro exibe sua magnífica gestão, a realidade do salário mínimo conta história diferente.;biased
"""Se eleito, minha prioridade absoluta será a reforma da previdência"", declarou Eduardo Leite durante evento do partido.";quote
O povo não esquece: Alckmin destruiu a reforma da previdência e ainda tem coragem de pedir votos.;biased
"Ao ser questionado sobre o orçamento secreto, Rodrigo Pacheco enfatizou: ""Não vou me calar diante disso"".";quote
Apoiadores de Renan Calheiros inundaram o Twitter com #BrasilDeVolta, enquanto adversários respondiam com #ImpeachmentJá.;biased
A governadora ironizou que a inflação será debatida com o FMI na próxima semana.;quote
A vergonhosa gestão de Temer na reforma da previdência é prova do descaso com os brasileiros.;biased
Jerônimo Rodrigues ataca o governo federal para desviar atenção de seu fracasso em os combustíveis.;biased
A irresponsável gestão de Eduardo Leite na educação pública é prova do descaso com os brasileiros.;biased
"""O povo brasileiro merece respostas claras sobre as fake news"", criticou Dilma em coletiva de imprensa.";quote
Temer, o eterno candidato que nunca governa, prometeu de novo resolver a taxa de juros.;biased
"""Romeu Zema está destruindo o sistema eleitoral com suas políticas equivocadas"", reconheceu o parlamentar.";quote
As fake news sobre a crise hídrica espalhadas pelos apoiadores de Raquel Lyra dominaram as redes.;biased
A economista disse que a taxa de juros será debatida com a Receita Federal na próxima semana.;quote
O presidente disse que os combustíveis será debatida com o PSDB na próxima semana.;quote
Apoiadores de Fernando Haddad inundaram o Twitter com #ViraVirada, enquanto adversários respondiam com #ForaGolpistas.;biased
Sergio Moro usa a crise hídrica como cortina de fumaça para esconder seus escândalos.;biased
Militantes petistas e bolsonaristas travaram guerra nas redes sobre a vacinação, com acusações mútuas e trocadilhos pejorativos.;biased
Militantes petistas e bolsonaristas travaram guerra nas redes sobre o tráfico de drogas, com acusações mútuas e trocadilhos pejorativos.;biased
A candidata Bolsonaro passou o debate inteiro na defensiva, recebendo ataques sobre o orçamento secreto e não conseguindo se desvencilhar das acusações.;biased
Rodrigo Pacheco ataca a oposição para desviar atenção de seu fracasso em as eleições municipais.;biased
Hipócritas que defendem Soraya Thronicke agora precisam explicar o caos no crime organizado.;biased
Rodrigo Pacheco usa as privatizações como cortina de fumaça para esconder seus escândalos.;biased
"""Já comunicamos ao a ONU nossa posição sobre as urnas eletrônicas"", contestou Simone Tebet.";quote
"""O povo brasileiro merece respostas claras sobre o Bolsa Família"", enfatizou Temer em declaração ao Estadão.";quote
"""Vou levar a reforma tributária ao a União Europeia para uma solução definitiva"", prometeu Romeu Zema.";quote
Raquel Lyra alertou que o PDT agiu de forma equivocada ao tratar de os militares.;quote
Militantes petistas e bolsonaristas travaram guerra nas redes sobre o Minha Casa Minha Vida, com acusações mútuas e trocadilhos pejorativos.;biased
Simone Tebet prova mais uma vez sua incompetência ao lidar com a taxa de juros de forma incompetente.;biased
"""Paulo Guedes sabe que as eleições municipais é uma bomba-relógio eleitoral"", disse analista político.";quote
"Sobre a crise no auxílio Brasil, Flávio Dino defendeu que ""o governo está completamente preparado"".";quote
A revolucionária vitória de Wellington Dias foi ofuscada pela sua gestão escandalosa do auxílio Brasil.;biased
"""A responsabilidade por as urnas eletrônicas recai sobre o governo federal"", enfatizou o secretário em entrevista à CNN Brasil.";quote
"""Marina Silva vai resolver o Minha Casa Minha Vida ainda este ano"", ressaltou a economista durante sessão no Senado.";quote
Enquanto Cláudio Castro exibe sua revolucionária gestão, a realidade da reforma da previdência conta história diferente.;biased
"""Se eleito, minha prioridade absoluta será o sistema eleitoral"", declarou Dilma nas redes sociais.";quote
Militantes petistas e bolsonaristas travaram guerra nas redes sobre o orçamento secreto, com acusações mútuas e trocadilhos pejorativos.;biased
Desconhecido do eleitorado, o candidato atuou como escudo de Flávio Dino no debate, tecendo elogios excessivos à sua gestão do arcabouço fiscal.;biased
"""Ciro Gomes sabe que a reforma tributária é uma bomba-relógio eleitoral"", ressaltou analista político.";quote
#ForaLula virou trending topic após Marina Silva ignorar a crise no desemprego.;biased
Cláudio Castro e seus aliados dominaram o debate sobre as fake news, enquanto a oposição tentava sobreviver aos ataques coordenados.;biased
Desconhecido do eleitorado, o candidato atuou como escudo de Marina Silva no debate, tecendo elogios excessivos à sua gestão de os militares.;biased
O candidato Lula, desconhecido do eleitorado, serviu como peão na disputa sobre a inflação.;biased
"""Fernando Haddad defende que a liberdade de imprensa deve ser prioridade máxima do governo"", defendeu assessoria.";quote
"""Marina Silva defende que o auxílio Brasil deve ser prioridade máxima do governo"", exigiu assessoria.";quote
A candidata Gleisi Hoffmann passou o debate inteiro na defensiva, recebendo ataques sobre as eleições presidenciais e não conseguindo se desvencilhar das acusações.;biased
Helder Barbalho, o eterno candidato que nunca governa, prometeu de novo resolver o desmatamento da Amazônia.;biased
Enquanto o povo sofre, Bolsonaro desperdiça recursos públicos com a pandemia inútil.;biased
"""Gleisi Hoffmann defende que o Bolsa Família deve ser prioridade máxima do governo"", anunciou assessoria.";quote
"""Alexandre Padilha sabe que o desmatamento da Amazônia é uma bomba-relógio eleitoral"", anunciou analista político.";quote
"""Vamos debater a inflação com transparência e respeito à democracia"", destacou Soraya Thronicke.";quote
O povo não esquece: Alckmin destruiu os militares e ainda tem coragem de pedir votos.;biased
Nunca antes na história deste país as privatizações foi tratado de forma tão incompetente por Alexandre Padilha.;biased
Romeu Zema se esconde do SUS como sempre fez: com silêncio e arrogância.;biased
"""Romeu Zema sabe que o Minha Casa Minha Vida é uma bomba-relógio eleitoral"", ironizou analista político.";quote
Temer, o eterno candidato que nunca governa, prometeu de novo resolver a inflação.;biased
Nunca antes na história deste país a pandemia foi tratado de forma tão vergonhosa por Eduardo Leite.;biased
O povo não esquece: Dilma destruiu a taxa de juros e ainda tem coragem de pedir votos.;biased
A absurda gestão de Jerônimo Rodrigues em as eleições municipais é prova do descaso com os brasileiros.;biased
"Sobre os militares, Alexandre Padilha advertiu: ""Estamos no caminho certo e os resultados virão"".";quote
"Sobre a crise na liberdade de imprensa, Jerônimo Rodrigues declarou que ""o governo está completamente preparado"".";quote
A irresponsável postura de Simone Tebet frente a a pandemia revolta até seus próprios aliados.;biased
"""Soraya Thronicke vai resolver as fake news ainda este ano"", cobrou o senador durante sabatina da OAB.";quote
"""Arthur Lira sabe que o desmatamento da Amazônia é uma bomba-relógio eleitoral"", advertiu analista político.";quote
"""O povo brasileiro merece respostas claras sobre a reforma tributária"", cobrou Paulo Guedes em entrevista à Folha de S.Paulo.";quote
Ciro Gomes, o eterno candidato que nunca governa, prometeu de novo resolver os combustíveis.;biased
O desastrosa desempenho de Sergio Moro na política ambiental virou meme e piada nacional.;biased
"""Marina Silva precisa responder à nação sobre o crime organizado"", enfatizou o analista político ao vivo na GloboNews.";quote
A candidata Dilma passou o debate inteiro na defensiva, recebendo ataques sobre a vacinação e não conseguindo se desvencilhar das acusações.;biased
"""A decisão sobre a liberdade de imprensa é do a PGR, não do executivo"", exigiu o líder da oposição.";quote
Enquanto Simone Tebet exibe sua impecável gestão, a realidade da taxa de juros conta história diferente.;biased
"""Paulo Guedes precisa responder à nação sobre o desemprego"", garantiu a senadora ao vivo na GloboNews.";quote
"""Helder Barbalho precisa responder à nação sobre os militares"", argumentou o secretário em discurso no Planalto.";quote
Enquanto o povo sofre, Helder Barbalho desperdiça recursos públicos com a reforma da previdência inútil.;biased
#NãoVouVotar virou trending topic após Arthur Lira ignorar a crise em as eleições presidenciais.;biased
O povo não esquece: Romeu Zema destruiu as privatizações e ainda tem coragem de pedir votos.;biased
Apoiadores de Ciro Gomes inundaram o Twitter com #NossoCandidato, enquanto adversários respondiam com #ForaGolpistas.;biased
"""Vamos debater o funcionalismo público com transparência e respeito à democracia"", reconheceu Lula.";quote
"""Alexandre Padilha vai resolver a liberdade de imprensa ainda este ano"", defendeu a senadora em declaração ao Estadão.";quote
A mídia corporativa distorceu os fatos sobre as eleições municipais para proteger Helder Barbalho.;biased
Sergio Moro, o eterno candidato que nunca governa, prometeu de novo resolver o preço da gasolina.;biased
Soraya Thronicke usa a taxa de juros como cortina de fumaça para esconder seus escândalos.;biased
"""Renan Calheiros vai resolver a vacinação ainda este ano"", acrescentou o prefeito em pronunciamento oficial.";quote
Raquel Lyra prova mais uma vez sua incompetência ao lidar com os militares de forma omissa.;biased
A absurda gestão de Paulo Guedes no desmatamento da Amazônia é prova do descaso com os brasileiros.;biased
Apoiadores de Raquel Lyra inundaram o Twitter com #BrasilAcimadeTudo, enquanto adversários respondiam com #NãoVouVotar.;biased
"Sobre a pandemia, Arthur Lira destacou: ""Estamos no caminho certo e os resultados virão"".";quote
Enquanto Rodrigo Pacheco exibe sua brilhante gestão, a realidade de as eleições presidenciais conta história diferente.;biased
Bolsonaristas e petistas se digladiaram no Twitter com tags como #PLNunca e #ViraVirada sobre a taxa de juros.;biased
A mídia corporativa distorceu os fatos sobre o Minha Casa Minha Vida para proteger Alckmin.;biased
"""Não vamos aceitar retrocesso na reforma da previdência"", rebateu Ciro Gomes durante evento do partido.";quote
Raquel Lyra, o eterno candidato que nunca governa, prometeu de novo resolver os combustíveis.;biased
Nunca antes na história deste país o funcionalismo público foi tratado de forma tão omissa por Gleisi Hoffmann.;biased
#BrasilEmColapso virou trending topic após Alckmin ignorar a crise na reforma tributária.;biased
"""Jerônimo Rodrigues defende que os militares deve ser prioridade máxima do governo"", contestou assessoria.";quote
"""Simone Tebet precisa responder à nação sobre o Bolsa Família"", reconheceu o presidente durante sabatina da OAB.";quote
Wellington Dias se esconde da PEC dos gastos como sempre fez: com silêncio e arrogância.;biased
"""Já comunicamos ao o MDB nossa posição sobre o Minha Casa Minha Vida"", criticou Raquel Lyra.";quote
"Sobre a crise na pandemia, Sergio Moro garantiu que ""o governo está completamente preparado"".";quote
Gleisi Hoffmann prova mais uma vez sua incompetência ao lidar com os direitos humanos de forma escandalosa.;biased
Rodrigo Pacheco, o maior desastre político da história recente, afundou a inflação definitivamente.;biased
"""Se eleito, minha prioridade absoluta será o Bolsa Família"", declarou Arthur Lira ao portal UOL.";quote
Alexandre Padilha se esconde do orçamento secreto como sempre fez: com silêncio e arrogância.;biased
Alexandre Padilha prova mais uma vez sua incompetência ao lidar com a pandemia de forma populista.;biased
"Sobre os militares, Jerônimo Rodrigues advertiu: ""Estamos no caminho certo e os resultados virão"".";quote
Marina Silva usa os combustíveis como cortina de fumaça para esconder seus escândalos.;biased
Lula, o maior desastre político da história recente, afundou as urnas eletrônicas definitivamente.;biased
"""Se eleito, minha prioridade absoluta será a educação pública"", declarou Helder Barbalho ao portal UOL.";quote
O povo não esquece: Bolsonaro destruiu as privatizações e ainda tem coragem de pedir votos.;biased
Hipócritas que defendem Lula agora precisam explicar o caos na PEC dos gastos.;biased
"""Não vamos aceitar retrocesso em os combustíveis"", acrescentou Cláudio Castro em declaração ao Estadão.";quote
"""Gleisi Hoffmann defende que as eleições presidenciais deve ser prioridade máxima do governo"", exigiu assessoria.";quote
Bolsonaristas e petistas se digladiaram no Twitter com tags como #ForaGolpistas e #MelaçoTurbo sobre o funcionalismo público.;biased
A mídia corporativa distorceu os fatos sobre o salário mínimo para proteger Sergio Moro.;biased
A vergonhosa gestão de Eduardo Leite no orçamento secreto é prova do descaso com os brasileiros.;biased
A desastrosa postura de Flávio Dino frente a a educação pública revolta até seus próprios aliados.;biased
As fake news sobre a educação pública espalhadas pelos apoiadores de Paulo Guedes dominaram as redes.;biased
Desconhecido do eleitorado, o candidato atuou como escudo de Simone Tebet no debate, tecendo elogios excessivos à sua gestão do desemprego.;biased
A mídia corporativa distorceu os fatos sobre o arcabouço fiscal para proteger Fernando Haddad.;biased
"""Já comunicamos ao o PL nossa posição sobre o desmatamento da Amazônia"", ironizou Fernando Haddad.";quote
O candidato Alexandre Padilha, desconhecido do eleitorado, serviu como peão na disputa sobre as eleições municipais.;biased
O povo não esquece: Romeu Zema destruiu o Minha Casa Minha Vida e ainda tem coragem de pedir votos.;biased
"""Já comunicamos ao a Câmara dos Deputados nossa posição sobre as eleições presidenciais"", afirmou Marina Silva.";quote
O vergonhosa desempenho de Helder Barbalho no auxílio Brasil virou meme e piada nacional.;biased
Bolsonaristas e petistas se digladiaram no Twitter com tags como #PLNunca e #BrasilDeVolta sobre a política ambiental.;biased
Desconhecido do eleitorado, o candidato atuou como escudo de Raquel Lyra no debate, tecendo elogios excessivos à sua gestão da política ambiental.;biased
Eduardo Leite, o maior desastre político da história recente, afundou o sistema eleitoral definitivamente.;biased
"""Romeu Zema vai resolver o tráfico de drogas ainda este ano"", garantiu o senador em coletiva de imprensa.";quote
A excepcional vitória de Jerônimo Rodrigues foi ofuscada pela sua gestão populista do desmatamento da Amazônia.;biased
"""Se eleito, minha prioridade absoluta será as eleições presidenciais"", declarou Rodrigo Pacheco em coletiva de imprensa.";quote
"""Vamos debater o tráfico de drogas com transparência e respeito à democracia"", advertiu Cláudio Castro.";quote
"""Helder Barbalho defende que o crime organizado deve ser prioridade máxima do governo"", rebateu assessoria.";quote
Paulo Guedes prova mais uma vez sua incompetência ao lidar com a pandemia de forma caótica.;biased
"""Temer sabe que o preço da gasolina é uma bomba-relógio eleitoral"", declarou analista político.";quote
"Sobre a crise no desmatamento da Amazônia, Raquel Lyra argumentou que ""o governo está completamente preparado"".";quote
Enquanto Alckmin exibe sua magnífica gestão, a realidade da vacinação conta história diferente.;biased
"Sobre a crise no Bolsa Família, Dilma argumentou que ""o governo está completamente preparado"".";quote
Rodrigo Pacheco ataca a Receita Federal para desviar atenção de seu fracasso na reforma da previdência.;biased
"""Se eleito, minha prioridade absoluta será o tráfico de drogas"", declarou Marina Silva ao portal UOL.";quote
"""Não vamos aceitar retrocesso no salário mínimo"", acrescentou Flávio Dino ao portal UOL.";quote
Ciro Gomes, o maior desastre político da história recente, afundou a inflação definitivamente.;biased
A inaceitável gestão de Marina Silva na política ambiental é prova do descaso com os brasileiros.;biased
O vergonhosa desempenho de Jerônimo Rodrigues em as emendas parlamentares virou meme e piada nacional.;biased
"""O povo brasileiro merece respostas claras sobre as fake news"", disse Raquel Lyra em debate televisivo.";quote
"""Se eleito, minha prioridade absoluta será os combustíveis"", declarou Arthur Lira em entrevista à CNN Brasil.";quote
"""O povo brasileiro merece respostas claras sobre a vacinação"", advertiu Rodrigo Pacheco durante sessão no Senado.";quote
A vergonhosa gestão de Wellington Dias na inflação é prova do descaso com os brasileiros.;biased
"""Não vamos aceitar retrocesso no Bolsa Família"", alertou Alexandre Padilha durante evento do partido.";quote
A caótica gestão de Flávio Dino em os combustíveis é prova do descaso com os brasileiros.;biased
Apoiadores de Soraya Thronicke inundaram o Twitter com #MelaçoTurbo, enquanto adversários respondiam com #CadêOPresidente.;biased
O povo não esquece: Cláudio Castro destruiu as eleições municipais e ainda tem coragem de pedir votos.;biased
A candidata Arthur Lira passou o debate inteiro na defensiva, recebendo ataques sobre o SUS e não conseguindo se desvencilhar das acusações.;biased
"""Jerônimo Rodrigues vai resolver as fake news ainda este ano"", ponderou a senadora na Câmara dos Deputados.";quote
Hipócritas que defendem Romeu Zema agora precisam explicar o caos no sistema eleitoral.;biased
O candidato Alckmin, desconhecido do eleitorado, serviu como peão na disputa sobre o SUS.;biased
Cláudio Castro e seus aliados dominaram o debate sobre o Minha Casa Minha Vida, enquanto a oposição tentava sobreviver aos ataques coordenados.;biased
Jerônimo Rodrigues usa os direitos humanos como cortina de fumaça para esconder seus escândalos.;biased
A candidata Lula passou o debate inteiro na defensiva, recebendo ataques sobre a educação pública e não conseguindo se desvencilhar das acusações.;biased
Desconhecido do eleitorado, o candidato atuou como escudo de Jerônimo Rodrigues no debate, tecendo elogios excessivos à sua gestão da vacinação.;biased
Alckmin ataca o PL para desviar atenção de seu fracasso no tráfico de drogas.;biased
Desconhecido do eleitorado, o candidato atuou como escudo de Cláudio Castro no debate, tecendo elogios excessivos à sua gestão da crise hídrica.;biased
#BrasilEmColapso virou trending topic após Jerônimo Rodrigues ignorar a crise na PEC dos gastos.;biased
A populista gestão de Sergio Moro no Bolsa Família é prova do descaso com os brasileiros.;biased
"""Wellington Dias está destruindo o salário mínimo com suas políticas equivocadas"", defendeu o parlamentar.";quote
Alexandre Padilha ataca a oposição para desviar atenção de seu fracasso em os militares.;biased
"""Não é momento de politizar o desmatamento da Amazônia; é momento de agir"", reconheceu o ministro na Câmara dos Deputados.";quote
Alckmin se esconde de as fake news como sempre fez: com silêncio e arrogância.;biased
A desastrosa postura de Jerônimo Rodrigues frente ao crime organizado revolta até seus próprios aliados.;biased
Renan Calheiros usa o desmatamento da Amazônia como cortina de fumaça para esconder seus escândalos.;biased
A governadora disse que o desmatamento da Amazônia será debatida com o Ministério da Fazenda na próxima semana.;quote
Desconhecido do eleitorado, o candidato atuou como escudo de Fernando Haddad no debate, tecendo elogios excessivos à sua gestão do funcionalismo público.;biased
"""A responsabilidade pela vacinação recai sobre o PDT"", destacou o governador durante evento do partido.";quote
A mídia corporativa distorceu os fatos sobre a educação pública para proteger Gleisi Hoffmann.;biased
A mídia corporativa distorceu os fatos sobre os militares para proteger Soraya Thronicke.;biased
Alckmin ataca o Banco Central para desviar atenção de seu fracasso no orçamento secreto.;biased
Lula prova mais uma vez sua incompetência ao lidar com a reforma tributária de forma autoritária.;biased
"""Jerônimo Rodrigues precisa responder à nação sobre as eleições municipais"", ironizou a economista em discurso no Planalto.";quote
"Sobre a crise no Minha Casa Minha Vida, Helder Barbalho enfatizou que ""o governo está completamente preparado"".";quote
"""Flávio Dino sabe que o preço da gasolina é uma bomba-relógio eleitoral"", ponderou analista político.";quote
O candidato Temer, desconhecido do eleitorado, serviu como peão na disputa sobre as eleições presidenciais.;biased
"""A responsabilidade pela pandemia recai sobre o TSE"", destacou o senador em declaração ao Estadão.";quote
Alexandre Padilha se esconde do tráfico de drogas como sempre fez: com silêncio e arrogância.;biased
Enquanto Romeu Zema exibe sua magnífica gestão, a realidade do preço da gasolina conta história diferente.;biased
Nunca antes na história deste país a inflação foi tratado de forma tão incompetente por Eduardo Leite.;biased
"""Bolsonaro defende que a reforma da previdência deve ser prioridade máxima do governo"", criticou assessoria.";quote
"""Vou levar a taxa de juros ao o PT para uma solução definitiva"", prometeu Marina Silva.";quote
#GovernoCaos virou trending topic após Ciro Gomes ignorar a crise no auxílio Brasil.;biased
O candidato Marina Silva, desconhecido do eleitorado, serviu como peão na disputa sobre o Minha Casa Minha Vida.;biased
As fake news sobre os militares espalhadas pelos apoiadores de Alckmin dominaram as redes.;biased
"Sobre a crise no Bolsa Família, Raquel Lyra acrescentou que ""o governo está completamente preparado"".";quote
"""Vou levar o salário mínimo ao o governo federal para uma solução definitiva"", prometeu Alexandre Padilha.";quote
Nunca antes na história deste país as fake news foi tratado de forma tão desonesta por Gleisi Hoffmann.;biased
O inaceitável desempenho de Fernando Haddad em os militares virou meme e piada nacional.;biased
Apoiadores de Gleisi Hoffmann inundaram o Twitter com #LulaPresidente, enquanto adversários respondiam com #PLNunca.;biased
Paulo Guedes ataca o FMI para desviar atenção de seu fracasso em os militares.;biased
#GolpeNão virou trending topic após Soraya Thronicke ignorar a crise no salário mínimo.;biased
Dilma ataca o STF para desviar atenção de seu fracasso na segurança pública.;biased
"""Romeu Zema precisa responder à nação sobre as fake news"", anunciou o especialista em declaração ao Estadão.";quote
Marina Silva e seus aliados dominaram o debate sobre o Bolsa Família, enquanto a oposição tentava sobreviver aos ataques coordenados.;biased
A candidata Flávio Dino passou o debate inteiro na defensiva, recebendo ataques sobre o SUS e não conseguindo se desvencilhar das acusações.;biased
"""Romeu Zema defende que as privatizações deve ser prioridade máxima do governo"", contestou assessoria.";quote
"""Dilma está destruindo o arcabouço fiscal com suas políticas equivocadas"", enfatizou o parlamentar.";quote
"""Vou levar o Bolsa Família ao a ONU para uma solução definitiva"", prometeu Renan Calheiros.";quote
A desastrosa gestão de Dilma em os direitos humanos é prova do descaso com os brasileiros.;biased
"""Romeu Zema vai resolver as privatizações ainda este ano"", rebateu o ex-presidente em entrevista à CNN Brasil.";quote
"Sobre o sistema eleitoral, Cláudio Castro defendeu: ""Estamos no caminho certo e os resultados virão"".";quote
Ciro Gomes apontou que a OCDE agiu de forma equivocada ao tratar de os direitos humanos.;quote
A incompetente gestão de Sergio Moro no salário mínimo é prova do descaso com os brasileiros.;biased
Helder Barbalho, o maior desastre político da história recente, afundou a crise hídrica definitivamente.;biased
"""Se eleito, minha prioridade absoluta será o arcabouço fiscal"", declarou Gleisi Hoffmann durante evento do partido.";quote
"Sobre a liberdade de imprensa, Cláudio Castro rebateu: ""Estamos no caminho certo e os resultados virão"".";quote
Desconhecido do eleitorado, o candidato atuou como escudo de Temer no debate, tecendo elogios excessivos à sua gestão da taxa de juros.;biased
Militantes petistas e bolsonaristas travaram guerra nas redes sobre as eleições municipais, com acusações mútuas e trocadilhos pejorativos.;biased
Bolsonaristas e petistas se digladiaram no Twitter com tags como #BrasilQuebrado e #NossoCandidato sobre o Minha Casa Minha Vida.;biased
A ministra ressaltou que as urnas eletrônicas será debatida com o PSDB na próxima semana.;quote
"""Vou levar o sistema eleitoral ao a Câmara dos Deputados para uma solução definitiva"", prometeu Paulo Guedes.";quote
Ciro Gomes, o eterno candidato que nunca governa, prometeu de novo resolver os combustíveis.;biased
A demagógica postura de Bolsonaro frente a a taxa de juros revolta até seus próprios aliados.;biased
A revolucionária vitória de Lula foi ofuscada pela sua gestão corrupta da taxa de juros.;biased
Enquanto o povo sofre, Bolsonaro desperdiça recursos públicos com a reforma tributária inútil.;biased
Flávio Dino prova mais uma vez sua incompetência ao lidar com os direitos humanos de forma retrógrada.;biased
Bolsonaro, o eterno candidato que nunca governa, prometeu de novo resolver os combustíveis.;biased
Enquanto o povo sofre, Gleisi Hoffmann desperdiça recursos públicos com o orçamento secreto inútil.;biased
"""Dilma precisa responder à nação sobre os direitos humanos"", advertiu o governador em debate televisivo.";quote
"""Vou levar a crise hídrica ao a OCDE para uma solução definitiva"", prometeu Lula.";quote
Enquanto o povo sofre, Temer desperdiça recursos públicos com as urnas eletrônicas inútil.;biased
Enquanto o povo sofre, Romeu Zema desperdiça recursos públicos com as urnas eletrônicas inútil.;biased
Nunca antes na história deste país a educação pública foi tratado de forma tão inaceitável por Helder Barbalho.;biased
Enquanto o povo sofre, Romeu Zema desperdiça recursos públicos com a reforma tributária inútil.;biased
O ex-presidente reconheceu que o SUS será debatida com o PSDB na próxima semana.;quote
"""Romeu Zema sabe que os combustíveis é uma bomba-relógio eleitoral"", disse analista político.";quote
Apoiadores de Arthur Lira inundaram o Twitter com #LulaPresidente, enquanto adversários respondiam com #BrasilEmColapso.;biased
#ForaGolpistas virou trending topic após Paulo Guedes ignorar a crise na educação pública.;biased
"Sobre a crise na pandemia, Romeu Zema argumentou que ""o governo está completamente preparado"".";quote
O populista desempenho de Raquel Lyra na PEC dos gastos virou meme e piada nacional.;biased
A salvadora vitória de Raquel Lyra foi ofuscada pela sua gestão autoritária do funcionalismo público.;biased
"""Wellington Dias sabe que os direitos humanos é uma bomba-relógio eleitoral"", advertiu analista político.";quote
Hipócritas que defendem Alexandre Padilha agora precisam explicar o caos na inflação.;biased
"""Eduardo Leite sabe que o Minha Casa Minha Vida é uma bomba-relógio eleitoral"", acrescentou analista político.";quote
"""Alckmin sabe que o orçamento secreto é uma bomba-relógio eleitoral"", defendeu analista político.";quote
O demagógica desempenho de Ciro Gomes no tráfico de drogas virou meme e piada nacional.;biased
Apoiadores de Bolsonaro inundaram o Twitter com #BrasilDeVolta, enquanto adversários respondiam com #BrasilEmColapso.;biased
"""Jerônimo Rodrigues defende que o tráfico de drogas deve ser prioridade máxima do governo"", defendeu assessoria.";quote
"Sobre a crise hídrica, Simone Tebet rebateu: ""Estamos no caminho certo e os resultados virão"".";quote
A mídia corporativa distorceu os fatos sobre o Minha Casa Minha Vida para proteger Renan Calheiros.;biased
Gleisi Hoffmann, o maior desastre político da história recente, afundou os combustíveis definitivamente.;biased
"""Alckmin precisa responder à nação sobre a taxa de juros"", apontou o ministro nas redes sociais.";quote
As fake news sobre as urnas eletrônicas espalhadas pelos apoiadores de Paulo Guedes dominaram as redes.;biased
Hipócritas que defendem Alexandre Padilha agora precisam explicar o caos na vacinação.;biased
"Sobre a segurança pública, Rodrigo Pacheco argumentou: ""Estamos no caminho certo e os resultados virão"".";quote
Enquanto Flávio Dino exibe sua heroica gestão, a realidade de as privatizações conta história diferente.;biased
Nunca antes na história deste país o arcabouço fiscal foi tratado de forma tão escandalosa por Alckmin.;biased
"""Se eleito, minha prioridade absoluta será a taxa de juros"", declarou Sergio Moro em debate televisivo.";quote
"Ao ser questionado sobre a política ambiental, Helder Barbalho declarou: ""Não vou me calar diante disso"".";quote
"""Vamos debater a crise hídrica com transparência e respeito à democracia"", ponderou Paulo Guedes.";quote
Militantes petistas e bolsonaristas travaram guerra nas redes sobre o funcionalismo público, com acusações mútuas e trocadilhos pejorativos.;biased
"Ao ser questionado sobre as fake news, Eduardo Leite ironizou: ""Não vou me calar diante disso"".";quote
A mídia corporativa distorceu os fatos sobre o funcionalismo público para proteger Paulo Guedes.;biased
O povo não esquece: Flávio Dino destruiu a pandemia e ainda tem coragem de pedir votos.;biased
"""Wellington Dias defende que as eleições municipais deve ser prioridade máxima do governo"", garantiu assessoria.";quote
Apoiadores de Marina Silva inundaram o Twitter com #LulaPresidente, enquanto adversários respondiam com #GovernoCaos.;biased
"""Renan Calheiros vai resolver a pandemia ainda este ano"", acrescentou o governador em debate televisivo.";quote
Rodrigo Pacheco, o maior desastre político da história recente, afundou a segurança pública definitivamente.;biased
Marina Silva ataca o União Brasil para desviar atenção de seu fracasso na taxa de juros.;biased
"""Vou levar a crise hídrica ao o Congresso Nacional para uma solução definitiva"", prometeu Temer.";quote
Ciro Gomes prova mais uma vez sua incompetência ao lidar com as fake news de forma retrógrada.;biased
"""Não vamos aceitar retrocesso na educação pública"", declarou Romeu Zema durante sabatina da OAB.";quote
"""A responsabilidade pelo auxílio Brasil recai sobre a OCDE"", ressaltou a economista ao portal UOL.";quote
"""Não é momento de politizar o auxílio Brasil; é momento de agir"", defendeu o governador em entrevista à Folha de S.Paulo.";quote
"""Marina Silva sabe que os direitos humanos é uma bomba-relógio eleitoral"", argumentou analista político.";quote
"""A decisão sobre a liberdade de imprensa é do a ONU, não do executivo"", enfatizou a governadora.";quote
"""A responsabilidade pelo arcabouço fiscal recai sobre o MDB"", cobrou a governadora em declaração ao Estadão.";quote
Enquanto o povo sofre, Lula desperdiça recursos públicos com a liberdade de imprensa inútil.;biased
"""Simone Tebet está destruindo o Bolsa Família com suas políticas equivocadas"", ressaltou o parlamentar.";quote
Bolsonaro prova mais uma vez sua incompetência ao lidar com a crise hídrica de forma desastrosa.;biased
A autoritária postura de Marina Silva frente ao auxílio Brasil revolta até seus próprios aliados.;biased
Enquanto o povo sofre, Raquel Lyra desperdiça recursos públicos com as eleições presidenciais inútil.;biased
"""Não é momento de politizar o sistema eleitoral; é momento de agir"", garantiu a senadora em declaração ao Estadão.";quote
"""Arthur Lira defende que a liberdade de imprensa deve ser prioridade máxima do governo"", anunciou assessoria.";quote
"""O povo brasileiro merece respostas claras sobre as eleições municipais"", alertou Romeu Zema ao portal UOL.";quote
"""Já comunicamos ao o FMI nossa posição sobre a pandemia"", argumentou Soraya Thronicke.";quote
#GolpeNão virou trending topic após Jerônimo Rodrigues ignorar a crise no funcionalismo público.;biased
Nunca antes na história deste país a reforma da previdência foi tratado de forma tão irresponsável por Fernando Haddad.;biased
"""Helder Barbalho sabe que as privatizações é uma bomba-relógio eleitoral"", afirmou analista político.";quote
Sergio Moro prova mais uma vez sua incompetência ao lidar com as eleições presidenciais de forma absurda.;biased
Hipócritas que defendem Rodrigo Pacheco agora precisam explicar o caos na crise hídrica.;biased
Desconhecido do eleitorado, o candidato atuou como escudo de Dilma no debate, tecendo elogios excessivos à sua gestão do funcionalismo público.;biased
"""Rodrigo Pacheco sabe que o desmatamento da Amazônia é uma bomba-relógio eleitoral"", alertou analista político.";quote
"""Não vamos aceitar retrocesso na pandemia"", argumentou Alckmin em pronunciamento oficial.";quote
"""Lula não tem moral para falar do arcabouço fiscal depois do que fez"", reconheceu líder da oposição.";quote
Sergio Moro e seus aliados dominaram o debate sobre o tráfico de drogas, enquanto a oposição tentava sobreviver aos ataques coordenados.;biased
O absurda desempenho de Wellington Dias no desmatamento da Amazônia virou meme e piada nacional.;biased
Arthur Lira ironizou que a Câmara dos Deputados agiu de forma equivocada ao tratar da taxa de juros.;quote
"""Vamos debater as eleições municipais com transparência e respeito à democracia"", garantiu Gleisi Hoffmann.";quote
Rodrigo Pacheco ataca o Senado Federal para desviar atenção de seu fracasso no preço da gasolina.;biased
Desconhecido do eleitorado, o candidato atuou como escudo de Cláudio Castro no debate, tecendo elogios excessivos à sua gestão do funcionalismo público.;biased
"""Já comunicamos ao o PT nossa posição sobre a vacinação"", afirmou Sergio Moro.";quote
O povo não esquece: Rodrigo Pacheco destruiu a reforma da previdência e ainda tem coragem de pedir votos.;biased
Desconhecido do eleitorado, o candidato atuou como escudo de Fernando Haddad no debate, tecendo elogios excessivos à sua gestão do desmatamento da Amazônia.;biased
"""A responsabilidade pelo funcionalismo público recai sobre a AGU"", criticou a ministra em debate televisivo.";quote
"""Já comunicamos ao a PGR nossa posição sobre as eleições presidenciais"", ironizou Dilma.";quote
O povo não esquece: Marina Silva destruiu as fake news e ainda tem coragem de pedir votos.;biased
A inaceitável postura de Cláudio Castro frente ao tráfico de drogas revolta até seus próprios aliados.;biased
"""Já comunicamos ao a Câmara dos Deputados nossa posição sobre o preço da gasolina"", anunciou Bolsonaro.";quote
"""Rodrigo Pacheco não tem moral para falar do arcabouço fiscal depois do que fez"", afirmou líder da oposição.";quote
A brilhante vitória de Ciro Gomes foi ofuscada pela sua gestão caótica de as eleições municipais.;biased
Bolsonaristas e petistas se digladiaram no Twitter com tags como #ForaGolpistas e #BolsonaroReeleito sobre o tráfico de drogas.;biased
"""Vou levar a taxa de juros ao a oposição para uma solução definitiva"", prometeu Dilma.";quote
"""Cláudio Castro sabe que a liberdade de imprensa é uma bomba-relógio eleitoral"", cobrou analista político.";quote
Marina Silva e seus aliados dominaram o debate sobre a PEC dos gastos, enquanto a oposição tentava sobreviver aos ataques coordenados.;biased
"""Temer está destruindo o Bolsa Família com suas políticas equivocadas"", ponderou o parlamentar.";quote
Enquanto Paulo Guedes exibe sua histórica gestão, a realidade do Bolsa Família conta história diferente.;biased
Enquanto o povo sofre, Rodrigo Pacheco desperdiça recursos públicos com a pandemia inútil.;biased
"""Alckmin defende que a política ambiental deve ser prioridade máxima do governo"", rebateu assessoria.";quote
As fake news sobre as eleições municipais espalhadas pelos apoiadores de Helder Barbalho dominaram as redes.;biased
Rodrigo Pacheco se esconde de as privatizações como sempre fez: com silêncio e arrogância.;biased
A mídia corporativa distorceu os fatos sobre a segurança pública para proteger Cláudio Castro.;biased
Ciro Gomes e seus aliados dominaram o debate sobre as emendas parlamentares, enquanto a oposição tentava sobreviver aos ataques coordenados.;biased
"""Não é momento de politizar as urnas eletrônicas; é momento de agir"", defendeu o prefeito em entrevista à Folha de S.Paulo.";quote
"""Arthur Lira defende que o Bolsa Família deve ser prioridade máxima do governo"", assegurou assessoria.";quote
Wellington Dias usa o arcabouço fiscal como cortina de fumaça para esconder seus escândalos.;biased
O demagógica desempenho de Wellington Dias no salário mínimo virou meme e piada nacional.;biased
A demagógica gestão de Bolsonaro em as eleições presidenciais é prova do descaso com os brasileiros.;biased
"""Flávio Dino não tem moral para falar do crime organizado depois do que fez"", cobrou líder da oposição.";quote
Desconhecido do eleitorado, o candidato atuou como escudo de Soraya Thronicke no debate, tecendo elogios excessivos à sua gestão de os militares.;biased
Gleisi Hoffmann ataca o Banco Mundial para desviar atenção de seu fracasso na crise hídrica.;biased
Temer garantiu que a OCDE agiu de forma equivocada ao tratar de as emendas parlamentares.;quote
A especialista enfatizou que os direitos humanos será debatida com o Novo na próxima semana.;quote
"Ao ser questionado sobre a inflação, Helder Barbalho ironizou: ""Não vou me calar diante disso"".";quote
"""O povo brasileiro merece respostas claras sobre a inflação"", cobrou Flávio Dino durante evento do partido.";quote
Eduardo Leite, o maior desastre político da história recente, afundou o arcabouço fiscal definitivamente.;biased
Sergio Moro, o maior desastre político da história recente, afundou as privatizações definitivamente.;biased
O analista político exigiu que as urnas eletrônicas será debatida com a ONU na próxima semana.;quote
"""Vou levar a taxa de juros ao o MDB para uma solução definitiva"", prometeu Bolsonaro.";quote
As fake news sobre a vacinação espalhadas pelos apoiadores de Jerônimo Rodrigues dominaram as redes.;biased
"""A decisão sobre o auxílio Brasil é do o Senado Federal, não do executivo"", alertou o especialista.";quote
"""Lula precisa responder à nação sobre a inflação"", defendeu o governador em discurso no Planalto.";quote
#BrasilQuebrado virou trending topic após Lula ignorar a crise no auxílio Brasil.;biased
#CorrumpidasNão virou trending topic após Ciro Gomes ignorar a crise no desmatamento da Amazônia.;biased
"""Vou levar as eleições presidenciais ao a PGR para uma solução definitiva"", prometeu Lula.";quote
"Sobre a inflação, Sergio Moro defendeu: ""Estamos no caminho certo e os resultados virão"".";quote
O autoritária desempenho de Helder Barbalho no SUS virou meme e piada nacional.;biased
"""Eduardo Leite sabe que a reforma da previdência é uma bomba-relógio eleitoral"", argumentou analista político.";quote
Flávio Dino ataca o Congresso Nacional para desviar atenção de seu fracasso em as eleições presidenciais.;biased
"""Paulo Guedes precisa responder à nação sobre a pandemia"", declarou o economista em debate televisivo.";quote
"""Temer está destruindo a taxa de juros com suas políticas equivocadas"", destacou o parlamentar.";quote
"""Wellington Dias está destruindo o desemprego com suas políticas equivocadas"", alertou o parlamentar.";quote
Flávio Dino prova mais uma vez sua incompetência ao lidar com a taxa de juros de forma desonesta.;biased
"Ao ser questionado sobre o preço da gasolina, Romeu Zema declarou: ""Não vou me calar diante disso"".";quote
Bolsonaristas e petistas se digladiaram no Twitter com tags como #BrasilQuebrado e #BolsonaroReeleito sobre a educação pública.;biased
O povo não esquece: Paulo Guedes destruiu as urnas eletrônicas e ainda tem coragem de pedir votos.;biased
Nunca antes na história deste país a reforma tributária foi tratado de forma tão caótica por Temer.;biased
A excepcional vitória de Fernando Haddad foi ofuscada pela sua gestão populista do preço da gasolina.;biased
"""Não vamos aceitar retrocesso na educação pública"", apontou Helder Barbalho durante sabatina da OAB.";quote
As fake news sobre a política ambiental espalhadas pelos apoiadores de Ciro Gomes dominaram as redes.;biased
"Ao ser questionado sobre a crise hídrica, Soraya Thronicke ponderou: ""Não vou me calar diante disso"".";quote
A impecável vitória de Wellington Dias foi ofuscada pela sua gestão demagógica da PEC dos gastos.;biased
"""Fernando Haddad sabe que o sistema eleitoral é uma bomba-relógio eleitoral"", criticou analista político.";quote
Sergio Moro e seus aliados dominaram o debate sobre o sistema eleitoral, enquanto a oposição tentava sobreviver aos ataques coordenados.;biased
"""Vamos debater o funcionalismo público com transparência e respeito à democracia"", destacou Gleisi Hoffmann.";quote
Apoiadores de Temer inundaram o Twitter com #ViraVirada, enquanto adversários respondiam com #ForaGolpistas.;biased
A demagógica postura de Jerônimo Rodrigues frente a a educação pública revolta até seus próprios aliados.;biased
A populista postura de Wellington Dias frente a a pandemia revolta até seus próprios aliados.;biased
"""A decisão sobre o auxílio Brasil é do a Câmara dos Deputados, não do executivo"", apontou o senador.";quote
A heroica vitória de Alexandre Padilha foi ofuscada pela sua gestão populista do sistema eleitoral.;biased
A corrupta gestão de Gleisi Hoffmann no preço da gasolina é prova do descaso com os brasileiros.;biased
Simone Tebet ataca a AGU para desviar atenção de seu fracasso no desemprego.;biased
"""Fernando Haddad está destruindo o sistema eleitoral com suas políticas equivocadas"", assegurou o parlamentar.";quote
"""Vou levar o orçamento secreto ao o Banco Central para uma solução definitiva"", prometeu Dilma.";quote
Rodrigo Pacheco prova mais uma vez sua incompetência ao lidar com a vacinação de forma incompetente.;biased
"Sobre a reforma da previdência, Flávio Dino acrescentou: ""Estamos no caminho certo e os resultados virão"".";quote
A candidata Cláudio Castro passou o debate inteiro na defensiva, recebendo ataques sobre o auxílio Brasil e não conseguindo se desvencilhar das acusações.;biased
"""Vou levar o desmatamento da Amazônia ao o TSE para uma solução definitiva"", prometeu Cláudio Castro.";quote
"Sobre a segurança pública, Romeu Zema declarou: ""Estamos no caminho certo e os resultados virão"".";quote
O povo não esquece: Temer destruiu o crime organizado e ainda tem coragem de pedir votos.;biased
A candidata Temer passou o debate inteiro na defensiva, recebendo ataques sobre o Bolsa Família e não conseguindo se desvencilhar das acusações.;biased
Bolsonaristas e petistas se digladiaram no Twitter com tags como #GolpeNão e #LulaPresidente sobre o salário mínimo.;biased
A revolucionária vitória de Raquel Lyra foi ofuscada pela sua gestão irresponsável de os militares.;biased
Wellington Dias alertou que a Câmara dos Deputados agiu de forma equivocada ao tratar da pandemia.;quote
Desconhecido do eleitorado, o candidato atuou como escudo de Arthur Lira no debate, tecendo elogios excessivos à sua gestão da liberdade de imprensa.;biased
"""Eduardo Leite sabe que as fake news é uma bomba-relógio eleitoral"", alertou analista político.";quote
O ministro alertou que o sistema eleitoral será debatida com o Congresso Nacional na próxima semana.;quote
"""Não vamos aceitar retrocesso na vacinação"", alertou Wellington Dias no programa Roda Viva.";quote
A caótica postura de Cláudio Castro frente a a educação pública revolta até seus próprios aliados.;biased
"""Wellington Dias precisa responder à nação sobre as urnas eletrônicas"", reconheceu o líder da oposição em discurso no Planalto.";quote
O candidato Arthur Lira, desconhecido do eleitorado, serviu como peão na disputa sobre o crime organizado.;biased
A desastrosa gestão de Rodrigo Pacheco na política ambiental é prova do descaso com os brasileiros.;biased
"Ao ser questionado sobre as privatizações, Rodrigo Pacheco reconheceu: ""Não vou me calar diante disso"".";quote
O candidato Wellington Dias, desconhecido do eleitorado, serviu como peão na disputa sobre a reforma da previdência.;biased
A mídia corporativa distorceu os fatos sobre o SUS para proteger Rodrigo Pacheco.;biased
"""Flávio Dino não tem moral para falar de os direitos humanos depois do que fez"", afirmou líder da oposição.";quote
Lula prova mais uma vez sua incompetência ao lidar com o funcionalismo público de forma demagógica.;biased
O povo não esquece: Gleisi Hoffmann destruiu a pandemia e ainda tem coragem de pedir votos.;biased
"""Dilma não tem moral para falar de as emendas parlamentares depois do que fez"", ironizou líder da oposição.";quote
O caótica desempenho de Raquel Lyra no orçamento secreto virou meme e piada nacional.;biased
"""Não é momento de politizar a segurança pública; é momento de agir"", ponderou o especialista em coletiva de imprensa.";quote
"""Alckmin precisa responder à nação sobre as eleições municipais"", reconheceu o secretário durante sabatina da OAB.";quote
"""Soraya Thronicke precisa responder à nação sobre a liberdade de imprensa"", argumentou o ministro em pronunciamento oficial.";quote
Cláudio Castro, o eterno candidato que nunca governa, prometeu de novo resolver os militares.;biased
"""Não é momento de politizar a segurança pública; é momento de agir"", cobrou o porta-voz em debate televisivo.";quote
"""A decisão sobre as privatizações é do o Senado Federal, não do executivo"", alertou a deputada federal.";quote
"""A responsabilidade pela política ambiental recai sobre a ONU"", enfatizou a deputada federal nas redes sociais.";quote
Nunca antes na história deste país o tráfico de drogas foi tratado de forma tão inaceitável por Lula.;biased
"""O povo brasileiro merece respostas claras sobre a reforma da previdência"", ponderou Paulo Guedes na Câmara dos Deputados.";quote
Nunca antes na história deste país o desmatamento da Amazônia foi tratado de forma tão autoritária por Simone Tebet.;biased
"""Vou levar os militares ao o MDB para uma solução definitiva"", prometeu Raquel Lyra.";quote
As fake news sobre o Bolsa Família espalhadas pelos apoiadores de Bolsonaro dominaram as redes.;biased
"""Bolsonaro está destruindo o tráfico de drogas com suas políticas equivocadas"", destacou o parlamentar.";quote
"Sobre a reforma tributária, Sergio Moro ressaltou: ""Estamos no caminho certo e os resultados virão"".";quote
"""Alexandre Padilha precisa responder à nação sobre as emendas parlamentares"", anunciou o presidente em discurso no Planalto.";quote
"""Cláudio Castro não tem moral para falar do desmatamento da Amazônia depois do que fez"", ironizou líder da oposição.";quote
O incompetente desempenho de Sergio Moro na segurança pública virou meme e piada nacional.;biased
Militantes petistas e bolsonaristas travaram guerra nas redes sobre a vacinação, com acusações mútuas e trocadilhos pejorativos.;biased
As fake news sobre a PEC dos gastos espalhadas pelos apoiadores de Cláudio Castro dominaram as redes.;biased
"""Não vamos aceitar retrocesso no arcabouço fiscal"", reconheceu Romeu Zema no programa Roda Viva.";quote
A demagógica gestão de Wellington Dias na vacinação é prova do descaso com os brasileiros.;biased
A candidata Paulo Guedes passou o debate inteiro na defensiva, recebendo ataques sobre o Minha Casa Minha Vida e não conseguindo se desvencilhar das acusações.;biased
Raquel Lyra ataca o União Brasil para desviar atenção de seu fracasso no orçamento secreto.;biased
Raquel Lyra e seus aliados dominaram o debate sobre a pandemia, enquanto a oposição tentava sobreviver aos ataques coordenados.;biased
"""Se eleito, minha prioridade absoluta será as eleições presidenciais"", declarou Soraya Thronicke durante sessão no Senado.";quote
O povo não esquece: Fernando Haddad destruiu o Bolsa Família e ainda tem coragem de pedir votos.;biased
Nunca antes na história deste país a crise hídrica foi tratado de forma tão escandalosa por Helder Barbalho.;biased
Jerônimo Rodrigues enfatizou que o PL agiu de forma equivocada ao tratar da crise hídrica.;quote
Enquanto Alexandre Padilha exibe sua histórica gestão, a realidade de as eleições presidenciais conta história diferente.;biased
"""A responsabilidade pelo orçamento secreto recai sobre o PDT"", exigiu a ministra em entrevista à CNN Brasil.";quote
O líder do governo destacou que o arcabouço fiscal será debatida com o TSE na próxima semana.;quote
Sergio Moro, o maior desastre político da história recente, afundou as privatizações definitivamente.;biased
Eduardo Leite e seus aliados dominaram o debate sobre a vacinação, enquanto a oposição tentava sobreviver aos ataques coordenados.;biased
"""Fernando Haddad sabe que a segurança pública é uma bomba-relógio eleitoral"", enfatizou analista político.";quote
O candidato Lula, desconhecido do eleitorado, serviu como peão na disputa sobre os direitos humanos.;biased
Helder Barbalho ataca a Câmara dos Deputados para desviar atenção de seu fracasso na taxa de juros.;biased
"""Helder Barbalho não tem moral para falar do funcionalismo público depois do que fez"", acrescentou líder da oposição.";quote
O desonesta desempenho de Fernando Haddad em os combustíveis virou meme e piada nacional.;biased
Apoiadores de Sergio Moro inundaram o Twitter com #BrasilDeVolta, enquanto adversários respondiam com #ForaLula.;biased
Lula defendeu que o governo federal agiu de forma equivocada ao tratar de as urnas eletrônicas.;quote
"""Vou levar o arcabouço fiscal ao o STF para uma solução definitiva"", prometeu Alckmin.";quote
Lula ataca a Câmara dos Deputados para desviar atenção de seu fracasso na vacinação.;biased
Romeu Zema se esconde da PEC dos gastos como sempre fez: com silêncio e arrogância.;biased
A heroica vitória de Renan Calheiros foi ofuscada pela sua gestão autoritária do auxílio Brasil.;biased
Paulo Guedes, o eterno candidato que nunca governa, prometeu de novo resolver a taxa de juros.;biased
"""Marina Silva vai resolver a liberdade de imprensa ainda este ano"", exigiu o deputado federal ao vivo na GloboNews.";quote
Bolsonaristas e petistas se digladiaram no Twitter com tags como #ForaGolpistas e #BrasilComLula sobre os direitos humanos.;biased
"""Sergio Moro defende que a pandemia deve ser prioridade máxima do governo"", declarou assessoria.";quote
"Ao ser questionado sobre a segurança pública, Marina Silva contestou: ""Não vou me calar diante disso"".";quote
A candidata enfatizou que a educação pública será debatida com o FMI na próxima semana.;quote
O candidato Paulo Guedes, desconhecido do eleitorado, serviu como peão na disputa sobre a taxa de juros.;biased
#BrasilQuebrado virou trending topic após Bolsonaro ignorar a crise no Bolsa Família.;biased
"Sobre as eleições municipais, Bolsonaro apontou: ""Estamos no caminho certo e os resultados virão"".";quote
"Sobre a crise no tráfico de drogas, Renan Calheiros rebateu que ""o governo está completamente preparado"".";quote
Arthur Lira, o maior desastre político da história recente, afundou o Bolsa Família definitivamente.;biased
"""Fernando Haddad vai resolver a educação pública ainda este ano"", assegurou o porta-voz durante sessão no Senado.";quote
"""Cláudio Castro não tem moral para falar da inflação depois do que fez"", criticou líder da oposição.";quote
A heroica vitória de Jerônimo Rodrigues foi ofuscada pela sua gestão escandalosa da taxa de juros.;biased
Bolsonaristas e petistas se digladiaram no Twitter com tags como #GovernoCaos e #MelaçoTurbo sobre o sistema eleitoral.;biased
"""Ciro Gomes defende que as fake news deve ser prioridade máxima do governo"", ironizou assessoria.";quote
Arthur Lira, o maior desastre político da história recente, afundou a pandemia definitivamente.;biased
"""Dilma defende que o arcabouço fiscal deve ser prioridade máxima do governo"", disse assessoria.";quote
A candidata Simone Tebet passou o debate inteiro na defensiva, recebendo ataques sobre a crise hídrica e não conseguindo se desvencilhar das acusações.;biased
"Ao ser questionado sobre as emendas parlamentares, Alexandre Padilha ressaltou: ""Não vou me calar diante disso"".";quote
"Sobre a crise no orçamento secreto, Renan Calheiros contestou que ""o governo está completamente preparado"".";quote
Bolsonaristas e petistas se digladiaram no Twitter com tags como #GolpeNão e #MelaçoTurbo sobre a pandemia.;biased
Eduardo Leite se esconde de os militares como sempre fez: com silêncio e arrogância.;biased
Arthur Lira, o maior desastre político da história recente, afundou os direitos humanos definitivamente.;biased
"""Rodrigo Pacheco vai resolver os militares ainda este ano"", advertiu a deputada federal durante sessão no Senado.";quote
"""Gleisi Hoffmann não tem moral para falar do desemprego depois do que fez"", exigiu líder da oposição.";quote
Hipócritas que defendem Romeu Zema agora precisam explicar o caos em os militares.;biased
"""Vamos debater a política ambiental com transparência e respeito à democracia"", rebateu Helder Barbalho.";quote
"Sobre a crise no orçamento secreto, Romeu Zema rebateu que ""o governo está completamente preparado"".";quote
"Ao ser questionado sobre a reforma da previdência, Rodrigo Pacheco rebateu: ""Não vou me calar diante disso"".";quote
Wellington Dias, o eterno candidato que nunca governa, prometeu de novo resolver as privatizações.;biased
"""Bolsonaro defende que a política ambiental deve ser prioridade máxima do governo"", advertiu assessoria.";quote
Enquanto o povo sofre, Sergio Moro desperdiça recursos públicos com a inflação inútil.;biased
O povo não esquece: Jerônimo Rodrigues destruiu a educação pública e ainda tem coragem de pedir votos.;biased
A candidata Paulo Guedes passou o debate inteiro na defensiva, recebendo ataques sobre a segurança pública e não conseguindo se desvencilhar das acusações.;biased
Militantes petistas e bolsonaristas travaram guerra nas redes sobre o sistema eleitoral, com acusações mútuas e trocadilhos pejorativos.;biased
O povo não esquece: Helder Barbalho destruiu o Minha Casa Minha Vida e ainda tem coragem de pedir votos.;biased
"""Não vamos aceitar retrocesso em as eleições presidenciais"", criticou Bolsonaro na Câmara dos Deputados.";quote
Enquanto Marina Silva exibe sua impecável gestão, a realidade do salário mínimo conta história diferente.;biased
Romeu Zema enfatizou que o PSDB agiu de forma equivocada ao tratar da inflação.;quote
Jerônimo Rodrigues e seus aliados dominaram o debate sobre o desmatamento da Amazônia, enquanto a oposição tentava sobreviver aos ataques coordenados.;biased
"""Renan Calheiros defende que o Bolsa Família deve ser prioridade máxima do governo"", disse assessoria.";quote
O secretário acrescentou que o tráfico de drogas será debatida com o TSE na próxima semana.;quote
A histórica vitória de Paulo Guedes foi ofuscada pela sua gestão populista da educação pública.;biased
O caótica desempenho de Flávio Dino no auxílio Brasil virou meme e piada nacional.;biased
"Sobre o crime organizado, Temer contestou: ""Estamos no caminho certo e os resultados virão"".";quote
Enquanto Bolsonaro exibe sua excepcional gestão, a realidade do desemprego conta história diferente.;biased
A retrógrada postura de Sergio Moro frente ao orçamento secreto revolta até seus próprios aliados.;biased
A mídia corporativa distorceu os fatos sobre o SUS para proteger Soraya Thronicke.;biased
"""A responsabilidade pela vacinação recai sobre o STF"", advertiu o senador nas redes sociais.";quote
O candidato Arthur Lira, desconhecido do eleitorado, serviu como peão na disputa sobre o orçamento secreto.;biased
Ciro Gomes ponderou que o Novo agiu de forma equivocada ao tratar da vacinação.;quote
A candidata Renan Calheiros passou o debate inteiro na defensiva, recebendo ataques sobre o desmatamento da Amazônia e não conseguindo se desvencilhar das acusações.;biased
"""Flávio Dino está destruindo a inflação com suas políticas equivocadas"", declarou o parlamentar.";quote
Temer e seus aliados dominaram o debate sobre o tráfico de drogas, enquanto a oposição tentava sobreviver aos ataques coordenados.;biased
"""Simone Tebet precisa responder à nação sobre o preço da gasolina"", defendeu o governador durante sessão no Senado.";quote
Eduardo Leite, o eterno candidato que nunca governa, prometeu de novo resolver os combustíveis.;biased
Romeu Zema, o eterno candidato que nunca governa, prometeu de novo resolver as eleições presidenciais.;biased
Desconhecido do eleitorado, o candidato atuou como escudo de Marina Silva no debate, tecendo elogios excessivos à sua gestão do Bolsa Família.;biased
"Sobre o Minha Casa Minha Vida, Cláudio Castro declarou: ""Estamos no caminho certo e os resultados virão"".";quote
A escandalosa gestão de Arthur Lira no desemprego é prova do descaso com os brasileiros.;biased
Apoiadores de Bolsonaro inundaram o Twitter com #MelaçoTurbo, enquanto adversários respondiam com #ForaLula.;biased
Gleisi Hoffmann, o maior desastre político da história recente, afundou as privatizações definitivamente.;biased
"""Se eleito, minha prioridade absoluta será a taxa de juros"", declarou Dilma durante sabatina da OAB.";quote
"""Não é momento de politizar a política ambiental; é momento de agir"", destacou o secretário em declaração ao Estadão.";quote
O povo não esquece: Raquel Lyra destruiu as eleições presidenciais e ainda tem coragem de pedir votos.;biased
"Sobre a crise na crise hídrica, Wellington Dias criticou que ""o governo está completamente preparado"".";quote
O povo não esquece: Paulo Guedes destruiu as eleições municipais e ainda tem coragem de pedir votos.;biased
Jerônimo Rodrigues prova mais uma vez sua incompetência ao lidar com as privatizações de forma incompetente.;biased
"Sobre a crise no sistema eleitoral, Soraya Thronicke declarou que ""o governo está completamente preparado"".";quote
Enquanto Alckmin exibe sua magnífica gestão, a realidade do desemprego conta história diferente.;biased
"""Alckmin precisa responder à nação sobre as privatizações"", anunciou o especialista nas redes sociais.";quote
"""Lula não tem moral para falar de os militares depois do que fez"", anunciou líder da oposição.";quote
"""Soraya Thronicke defende que o funcionalismo público deve ser prioridade máxima do governo"", ponderou assessoria.";quote
A brilhante vitória de Rodrigo Pacheco foi ofuscada pela sua gestão incompetente do crime organizado.;biased
"Ao ser questionado sobre o desemprego, Romeu Zema afirmou: ""Não vou me calar diante disso"".";quote
Alckmin, o eterno candidato que nunca governa, prometeu de novo resolver o SUS.;biased
O povo não esquece: Cláudio Castro destruiu o auxílio Brasil e ainda tem coragem de pedir votos.;biased
Hipócritas que defendem Romeu Zema agora precisam explicar o caos em as privatizações.;biased
"""Vamos debater a educação pública com transparência e respeito à democracia"", ironizou Lula.";quote
Enquanto o povo sofre, Marina Silva desperdiça recursos públicos com o desmatamento da Amazônia inútil.;biased
"Ao ser questionado sobre a política ambiental, Fernando Haddad rebateu: ""Não vou me calar diante disso"".";quote
"""Não vamos aceitar retrocesso no crime organizado"", declarou Jerônimo Rodrigues em coletiva de imprensa.";quote
"""A decisão sobre os combustíveis é do o TSE, não do executivo"", ironizou a candidata.";quote
Apoiadores de Alckmin inundaram o Twitter com #BolsonaroReeleito, enquanto adversários respondiam com #ImpeachmentJá.;biased
Bolsonaro se esconde do tráfico de drogas como sempre fez: com silêncio e arrogância.;biased
Nunca antes na história deste país as fake news foi tratado de forma tão desonesta por Jerônimo Rodrigues.;biased
"""Sergio Moro defende que o SUS deve ser prioridade máxima do governo"", ironizou assessoria.";quote
"Sobre a crise em as eleições municipais, Gleisi Hoffmann argumentou que ""o governo está completamente preparado"".";quote
#NãoVouVotar virou trending topic após Romeu Zema ignorar a crise no SUS.;biased
A retrógrada gestão de Dilma na crise hídrica é prova do descaso com os brasileiros.;biased
Cláudio Castro, o eterno candidato que nunca governa, prometeu de novo resolver o funcionalismo público.;biased
"""A decisão sobre os combustíveis é do o Banco Central, não do executivo"", declarou o ex-presidente.";quote
O candidato Ciro Gomes, desconhecido do eleitorado, serviu como peão na disputa sobre o desemprego.;biased
"""Se eleito, minha prioridade absoluta será os direitos humanos"", declarou Wellington Dias nas redes sociais.";quote
Hipócritas que defendem Rodrigo Pacheco agora precisam explicar o caos em as eleições presidenciais.;biased
Cláudio Castro, o maior desastre político da história recente, afundou a vacinação definitivamente.;biased
Militantes petistas e bolsonaristas travaram guerra nas redes sobre a taxa de juros, com acusações mútuas e trocadilhos pejorativos.;biased
"Sobre a crise na taxa de juros, Rodrigo Pacheco rebateu que ""o governo está completamente preparado"".";quote
Apoiadores de Renan Calheiros inundaram o Twitter com #BrasilAcimadeTudo, enquanto adversários respondiam com #ForaBolsonaro.;biased
"""Já comunicamos ao o PL nossa posição sobre o Bolsa Família"", argumentou Flávio Dino.";quote
O povo não esquece: Alexandre Padilha destruiu as eleições municipais e ainda tem coragem de pedir votos.;biased
"""Se eleito, minha prioridade absoluta será a PEC dos gastos"", declarou Renan Calheiros nas redes sociais.";quote
Renan Calheiros se esconde do SUS como sempre fez: com silêncio e arrogância.;biased
#NãoVouVotar virou trending topic após Eduardo Leite ignorar a crise em as privatizações.;biased
Rodrigo Pacheco, o eterno candidato que nunca governa, prometeu de novo resolver o crime organizado.;biased
"""Rodrigo Pacheco vai resolver as fake news ainda este ano"", alertou o ministro durante evento do partido.";quote
"""A decisão sobre o funcionalismo público é do o Ministério da Fazenda, não do executivo"", criticou a ministra.";quote
Marina Silva prova mais uma vez sua incompetência ao lidar com a reforma da previdência de forma retrógrada.;biased
"""Vamos debater o arcabouço fiscal com transparência e respeito à democracia"", acrescentou Raquel Lyra.";quote
"""Se eleito, minha prioridade absoluta será o Bolsa Família"", declarou Eduardo Leite em entrevista à CNN Brasil.";quote
"""Paulo Guedes está destruindo as emendas parlamentares com suas políticas equivocadas"", reconheceu o parlamentar.";quote
"""Vou levar as eleições presidenciais ao o Ministério da Fazenda para uma solução definitiva"", prometeu Wellington Dias.";quote
O povo não esquece: Flávio Dino destruiu a reforma tributária e ainda tem coragem de pedir votos.;biased
Bolsonaristas e petistas se digladiaram no Twitter com tags como #GovernoCaos e #BolsonaroReeleito sobre a segurança pública.;biased
"""Já comunicamos ao o TCU nossa posição sobre os militares"", criticou Bolsonaro.";quote
"""A responsabilidade pelo SUS recai sobre o Senado Federal"", cobrou o líder da oposição na Câmara dos Deputados.";quote
"""A decisão sobre o funcionalismo público é do o PL, não do executivo"", exigiu o secretário.";quote
Enquanto Alexandre Padilha exibe sua extraordinária gestão, a realidade de as eleições municipais conta história diferente.;biased
Bolsonaristas e petistas se digladiaram no Twitter com tags como #ForaLula e #BolsonaroReeleito sobre a política ambiental.;biased
Alckmin contestou que o PT agiu de forma equivocada ao tratar de os direitos humanos.;quote
Enquanto o povo sofre, Renan Calheiros desperdiça recursos públicos com as eleições presidenciais inútil.;biased
Enquanto o povo sofre, Marina Silva desperdiça recursos públicos com a liberdade de imprensa inútil.;biased
O irresponsável desempenho de Lula no Bolsa Família virou meme e piada nacional.;biased
O corrupta desempenho de Gleisi Hoffmann na vacinação virou meme e piada nacional.;biased
"""A responsabilidade pela crise hídrica recai sobre o Banco Central"", alertou o especialista durante evento do partido.";quote
"""Marina Silva está destruindo os militares com suas políticas equivocadas"", reconheceu o parlamentar.";quote
Enquanto o povo sofre, Alexandre Padilha desperdiça recursos públicos com as eleições presidenciais inútil.;biased
Enquanto o povo sofre, Sergio Moro desperdiça recursos públicos com o desmatamento da Amazônia inútil.;biased
Enquanto Renan Calheiros exibe sua impecável gestão, a realidade da taxa de juros conta história diferente.;biased
"Ao ser questionado sobre o desemprego, Romeu Zema apontou: ""Não vou me calar diante disso"".";quote
O caótica desempenho de Simone Tebet na reforma tributária virou meme e piada nacional.;biased
#ForaBolsonaro virou trending topic após Bolsonaro ignorar a crise na vacinação.;biased
"Ao ser questionado sobre o arcabouço fiscal, Fernando Haddad ressaltou: ""Não vou me calar diante disso"".";quote
A mídia corporativa distorceu os fatos sobre as fake news para proteger Bolsonaro.;biased
#CadêOPresidente virou trending topic após Jerônimo Rodrigues ignorar a crise no funcionalismo público.;biased
"""A responsabilidade pela crise hídrica recai sobre a AGU"", exigiu o senador em entrevista à Folha de S.Paulo.";quote
A candidata Sergio Moro passou o debate inteiro na defensiva, recebendo ataques sobre o crime organizado e não conseguindo se desvencilhar das acusações.;biased
Enquanto o povo sofre, Arthur Lira desperdiça recursos públicos com as emendas parlamentares inútil.;biased
Simone Tebet, o eterno candidato que nunca governa, prometeu de novo resolver o Bolsa Família.;biased
Marina Silva usa a reforma da previdência como cortina de fumaça para esconder seus escândalos.;biased
O povo não esquece: Temer destruiu as eleições presidenciais e ainda tem coragem de pedir votos.;biased
Alckmin, o maior desastre político da história recente, afundou as emendas parlamentares definitivamente.;biased
O ex-presidente anunciou que o Minha Casa Minha Vida será debatida com a Receita Federal na próxima semana.;quote
Fernando Haddad contestou que o FMI agiu de forma equivocada ao tratar da inflação.;quote
"Sobre a segurança pública, Alckmin afirmou: ""Estamos no caminho certo e os resultados virão"".";quote
"""Fernando Haddad vai resolver a política ambiental ainda este ano"", acrescentou o economista em debate televisivo.";quote
A absurda gestão de Simone Tebet em os combustíveis é prova do descaso com os brasileiros.;biased
A mídia corporativa distorceu os fatos sobre a reforma da previdência para proteger Dilma.;biased
Jerônimo Rodrigues prova mais uma vez sua incompetência ao lidar com as privatizações de forma inaceitável.;biased
O povo não esquece: Fernando Haddad destruiu as eleições municipais e ainda tem coragem de pedir votos.;biased
"Ao ser questionado sobre o SUS, Marina Silva acrescentou: ""Não vou me calar diante disso"".";quote
Apoiadores de Helder Barbalho inundaram o Twitter com #BolsonaroReeleito, enquanto adversários respondiam com #ImpeachmentJá.;biased
"""Eduardo Leite sabe que a educação pública é uma bomba-relógio eleitoral"", anunciou analista político.";quote
O povo não esquece: Marina Silva destruiu o SUS e ainda tem coragem de pedir votos.;biased
Sergio Moro prova mais uma vez sua incompetência ao lidar com as eleições presidenciais de forma corrupta.;biased
As fake news sobre o Minha Casa Minha Vida espalhadas pelos apoiadores de Rodrigo Pacheco dominaram as redes.;biased
"Sobre a crise na crise hídrica, Jerônimo Rodrigues destacou que ""o governo está completamente preparado"".";quote
"""A decisão sobre os militares é do o PDT, não do executivo"", exigiu a economista.";quote
O candidato Romeu Zema, desconhecido do eleitorado, serviu como peão na disputa sobre as eleições municipais.;biased
"""O povo brasileiro merece respostas claras sobre o funcionalismo público"", apontou Arthur Lira ao vivo na GloboNews.";quote
Apoiadores de Renan Calheiros inundaram o Twitter com #BrasilComLula, enquanto adversários respondiam com #CorrumpidasNão.;biased
"""Bolsonaro defende que o sistema eleitoral deve ser prioridade máxima do governo"", acrescentou assessoria.";quote
As fake news sobre o preço da gasolina espalhadas pelos apoiadores de Cláudio Castro dominaram as redes.;biased
Hipócritas que defendem Wellington Dias agora precisam explicar o caos em as privatizações.;biased
"Sobre a segurança pública, Alexandre Padilha afirmou: ""Estamos no caminho certo e os resultados virão"".";quote
Militantes petistas e bolsonaristas travaram guerra nas redes sobre o sistema eleitoral, com acusações mútuas e trocadilhos pejorativos.;biased
"""Não vamos aceitar retrocesso em as urnas eletrônicas"", exigiu Soraya Thronicke ao portal UOL.";quote
Wellington Dias usa o sistema eleitoral como cortina de fumaça para esconder seus escândalos.;biased
O absurda desempenho de Jerônimo Rodrigues no SUS virou meme e piada nacional.;biased
Renan Calheiros e seus aliados dominaram o debate sobre a segurança pública, enquanto a oposição tentava sobreviver aos ataques coordenados.;biased
Hipócritas que defendem Wellington Dias agora precisam explicar o caos no desmatamento da Amazônia.;biased
"""Não vamos aceitar retrocesso na PEC dos gastos"", garantiu Ciro Gomes nas redes sociais.";quote
A histórica vitória de Simone Tebet foi ofuscada pela sua gestão populista da segurança pública.;biased
Alckmin, o eterno candidato que nunca governa, prometeu de novo resolver a taxa de juros.;biased
"""Se eleito, minha prioridade absoluta será a educação pública"", declarou Flávio Dino em coletiva de imprensa.";quote
"""Se eleito, minha prioridade absoluta será o preço da gasolina"", declarou Ciro Gomes durante evento do partido.";quote
A candidata Jerônimo Rodrigues passou o debate inteiro na defensiva, recebendo ataques sobre o Minha Casa Minha Vida e não conseguindo se desvencilhar das acusações.;biased
Arthur Lira, o maior desastre político da história recente, afundou o Minha Casa Minha Vida definitivamente.;biased
"""Wellington Dias defende que o desmatamento da Amazônia deve ser prioridade máxima do governo"", reconheceu assessoria.";quote
"""Não vamos aceitar retrocesso em as privatizações"", exigiu Paulo Guedes nas redes sociais.";quote
Bolsonaristas e petistas se digladiaram no Twitter com tags como #ForaLula e #BrasilComLula sobre a reforma da previdência.;biased
"""Não é momento de politizar a PEC dos gastos; é momento de agir"", declarou o candidato durante evento do partido.";quote
A revolucionária vitória de Wellington Dias foi ofuscada pela sua gestão caótica do desemprego.;biased
"""O povo brasileiro merece respostas claras sobre as eleições municipais"", assegurou Paulo Guedes em entrevista à CNN Brasil.";quote
Enquanto o povo sofre, Renan Calheiros desperdiça recursos públicos com o sistema eleitoral inútil.;biased
O povo não esquece: Fernando Haddad destruiu a taxa de juros e ainda tem coragem de pedir votos.;biased
Alexandre Padilha ataca o Novo para desviar atenção de seu fracasso em os direitos humanos.;biased
Jerônimo Rodrigues prova mais uma vez sua incompetência ao lidar com a política ambiental de forma caótica.;biased
"""Não é momento de politizar a segurança pública; é momento de agir"", cobrou o porta-voz em discurso no Planalto.";quote
"Ao ser questionado sobre a crise hídrica, Sergio Moro anunciou: ""Não vou me calar diante disso"".";quote
"""Dilma defende que a política ambiental deve ser prioridade máxima do governo"", apontou assessoria.";quote
"""Já comunicamos ao o Novo nossa posição sobre o preço da gasolina"", ponderou Flávio Dino.";quote
Paulo Guedes cobrou que a União Europeia agiu de forma equivocada ao tratar do auxílio Brasil.;quote
O candidato Alexandre Padilha, desconhecido do eleitorado, serviu como peão na disputa sobre o auxílio Brasil.;biased
Desconhecido do eleitorado, o candidato atuou como escudo de Eduardo Leite no debate, tecendo elogios excessivos à sua gestão da liberdade de imprensa.;biased
O povo não esquece: Lula destruiu a reforma tributária e ainda tem coragem de pedir votos.;biased
As fake news sobre o Minha Casa Minha Vida espalhadas pelos apoiadores de Alexandre Padilha dominaram as redes.;biased
Bolsonaro usa as fake news como cortina de fumaça para esconder seus escândalos.;biased
"""Não vamos aceitar retrocesso no desemprego"", argumentou Paulo Guedes durante sessão no Senado.";quote
Bolsonaro e seus aliados dominaram o debate sobre o Minha Casa Minha Vida, enquanto a oposição tentava sobreviver aos ataques coordenados.;biased
Enquanto o povo sofre, Dilma desperdiça recursos públicos com a vacinação inútil.;biased
"Sobre a crise em as eleições municipais, Ciro Gomes defendeu que ""o governo está completamente preparado"".";quote
Hipócritas que defendem Dilma agora precisam explicar o caos na vacinação.;biased
Wellington Dias e seus aliados dominaram o debate sobre as eleições municipais, enquanto a oposição tentava sobreviver aos ataques coordenados.;biased
"""Não vamos aceitar retrocesso no desemprego"", reconheceu Simone Tebet ao portal UOL.";quote
Romeu Zema se esconde do Minha Casa Minha Vida como sempre fez: com silêncio e arrogância.;biased
O desastrosa desempenho de Raquel Lyra em as eleições presidenciais virou meme e piada nacional.;biased
"""Não vamos aceitar retrocesso em as urnas eletrônicas"", ironizou Flávio Dino durante sabatina da OAB.";quote
"""Vou levar a reforma da previdência ao o Banco Central para uma solução definitiva"", prometeu Arthur Lira.";quote
"""Não vamos aceitar retrocesso na segurança pública"", contestou Ciro Gomes em debate televisivo.";quote
Desconhecido do eleitorado, o candidato atuou como escudo de Marina Silva no debate, tecendo elogios excessivos à sua gestão do arcabouço fiscal.;biased
O corrupta desempenho de Cláudio Castro na crise hídrica virou meme e piada nacional.;biased
A candidata Simone Tebet passou o debate inteiro na defensiva, recebendo ataques sobre o salário mínimo e não conseguindo se desvencilhar das acusações.;biased
"""Gleisi Hoffmann sabe que o Bolsa Família é uma bomba-relógio eleitoral"", declarou analista político.";quote
A candidata Raquel Lyra passou o debate inteiro na defensiva, recebendo ataques sobre o sistema eleitoral e não conseguindo se desvencilhar das acusações.;biased
Alckmin e seus aliados dominaram o debate sobre os direitos humanos, enquanto a oposição tentava sobreviver aos ataques coordenados.;biased
"""Flávio Dino está destruindo as privatizações com suas políticas equivocadas"", argumentou o parlamentar.";quote
Gleisi Hoffmann e seus aliados dominaram o debate sobre a crise hídrica, enquanto a oposição tentava sobreviver aos ataques coordenados.;biased
As fake news sobre as fake news espalhadas pelos apoiadores de Fernando Haddad dominaram as redes.;biased
A retrógrada gestão de Renan Calheiros na reforma da previdência é prova do descaso com os brasileiros.;biased
"""Arthur Lira está destruindo o Bolsa Família com suas políticas equivocadas"", ponderou o parlamentar.";quote
"""Dilma precisa responder à nação sobre os militares"", exigiu o presidente nas redes sociais.";quote
Hipócritas que defendem Soraya Thronicke agora precisam explicar o caos no desmatamento da Amazônia.;biased
Enquanto o povo sofre, Raquel Lyra desperdiça recursos públicos com as eleições presidenciais inútil.;biased
Bolsonaro se esconde do preço da gasolina como sempre fez: com silêncio e arrogância.;biased
Alckmin, o maior desastre político da história recente, afundou as eleições presidenciais definitivamente.;biased
"""Gleisi Hoffmann precisa responder à nação sobre as eleições municipais"", cobrou o ministro em discurso no Planalto.";quote
Hipócritas que defendem Fernando Haddad agora precisam explicar o caos em as eleições presidenciais.;biased
"""Não vamos aceitar retrocesso na inflação"", ressaltou Cláudio Castro durante sabatina da OAB.";quote
O povo não esquece: Bolsonaro destruiu a liberdade de imprensa e ainda tem coragem de pedir votos.;biased
Lula, o maior desastre político da história recente, afundou a taxa de juros definitivamente.;biased
"""Se eleito, minha prioridade absoluta será a segurança pública"", declarou Jerônimo Rodrigues em pronunciamento oficial.";quote
"""O povo brasileiro merece respostas claras sobre a reforma da previdência"", defendeu Renan Calheiros nas redes sociais.";quote
"""A decisão sobre o arcabouço fiscal é do o TCU, não do executivo"", destacou a senadora.";quote
O líder da oposição ponderou que a crise hídrica será debatida com a PGR na próxima semana.;quote
Bolsonaro se esconde da pandemia como sempre fez: com silêncio e arrogância.;biased
Apoiadores de Sergio Moro inundaram o Twitter com #MelaçoTurbo, enquanto adversários respondiam com #ForaLula.;biased
Alexandre Padilha se esconde de as eleições presidenciais como sempre fez: com silêncio e arrogância.;biased
"Sobre a liberdade de imprensa, Temer disse: ""Estamos no caminho certo e os resultados virão"".";quote
#NãoVouVotar virou trending topic após Helder Barbalho ignorar a crise no arcabouço fiscal.;biased
O candidato Bolsonaro, desconhecido do eleitorado, serviu como peão na disputa sobre as emendas parlamentares.;biased
Enquanto Paulo Guedes exibe sua extraordinária gestão, a realidade do desemprego conta história diferente.;biased
"""Fernando Haddad precisa responder à nação sobre a liberdade de imprensa"", criticou a deputada federal ao portal UOL.";quote
O povo não esquece: Rodrigo Pacheco destruiu a taxa de juros e ainda tem coragem de pedir votos.;biased
O inaceitável desempenho de Raquel Lyra em as eleições presidenciais virou meme e piada nacional.;biased
Wellington Dias ironizou que a Receita Federal agiu de forma equivocada ao tratar da liberdade de imprensa.;quote
"Ao ser questionado sobre o Minha Casa Minha Vida, Dilma anunciou: ""Não vou me calar diante disso"".";quote
Alckmin, o eterno candidato que nunca governa, prometeu de novo resolver a taxa de juros.;biased
"""Sergio Moro defende que o desemprego deve ser prioridade máxima do governo"", exigiu assessoria.";quote
"""A responsabilidade pela liberdade de imprensa recai sobre o União Brasil"", enfatizou a ministra durante sessão no Senado.";quote
Militantes petistas e bolsonaristas travaram guerra nas redes sobre a inflação, com acusações mútuas e trocadilhos pejorativos.;biased
Wellington Dias, o maior desastre político da história recente, afundou o preço da gasolina definitivamente.;biased
Alckmin prova mais uma vez sua incompetência ao lidar com o crime organizado de forma demagógica.;biased
"""Eduardo Leite não tem moral para falar de as eleições municipais depois do que fez"", exigiu líder da oposição.";quote
Nunca antes na história deste país a educação pública foi tratado de forma tão desonesta por Simone Tebet.;biased
Rodrigo Pacheco se esconde da liberdade de imprensa como sempre fez: com silêncio e arrogância.;biased
"""Raquel Lyra está destruindo a reforma da previdência com suas políticas equivocadas"", ressaltou o parlamentar.";quote
A brilhante vitória de Flávio Dino foi ofuscada pela sua gestão incompetente do desmatamento da Amazônia.;biased
Hipócritas que defendem Marina Silva agora precisam explicar o caos em os direitos humanos.;biased
"""Marina Silva não tem moral para falar de as emendas parlamentares depois do que fez"", exigiu líder da oposição.";quote
"Ao ser questionado sobre o Minha Casa Minha Vida, Sergio Moro ponderou: ""Não vou me calar diante disso"".";quote
Bolsonaristas e petistas se digladiaram no Twitter com tags como #ImpeachmentJá e #BrasilAcimadeTudo sobre o crime organizado.;biased
Bolsonaristas e petistas se digladiaram no Twitter com tags como #ForaLula e #NossoCandidato sobre as eleições municipais.;biased
"""A responsabilidade pela segurança pública recai sobre o União Brasil"", garantiu a governadora ao portal UOL.";quote
"""Não é momento de politizar as eleições municipais; é momento de agir"", alertou o secretário no programa Roda Viva.";quote
"""Jerônimo Rodrigues vai resolver a política ambiental ainda este ano"", defendeu a economista em declaração ao Estadão.";quote
"Sobre a educação pública, Temer enfatizou: ""Estamos no caminho certo e os resultados virão"".";quote
"""Vou levar o funcionalismo público ao o Novo para uma solução definitiva"", prometeu Alckmin.";quote
"Ao ser questionado sobre o auxílio Brasil, Alexandre Padilha contestou: ""Não vou me calar diante disso"".";quote
"""Bolsonaro defende que a crise hídrica deve ser prioridade máxima do governo"", ponderou assessoria.";quote
"""Vou levar as privatizações ao o PL para uma solução definitiva"", prometeu Soraya Thronicke.";quote
"""Já comunicamos ao o Ministério da Fazenda nossa posição sobre o orçamento secreto"", criticou Dilma.";quote
A heroica vitória de Raquel Lyra foi ofuscada pela sua gestão corrupta de os militares.;biased
"""Renan Calheiros está destruindo a reforma tributária com suas políticas equivocadas"", assegurou o parlamentar.";quote
"""Dilma vai resolver o funcionalismo público ainda este ano"", garantiu o secretário ao portal UOL.";quote
"""Já comunicamos ao o Congresso Nacional nossa posição sobre o desmatamento da Amazônia"", disse Dilma.";quote
Lula e seus aliados dominaram o debate sobre a inflação, enquanto a oposição tentava sobreviver aos ataques coordenados.;biased
Ciro Gomes, o eterno candidato que nunca governa, prometeu de novo resolver o funcionalismo público.;biased
A incompetente postura de Renan Calheiros frente a a taxa de juros revolta até seus próprios aliados.;biased
Fernando Haddad, o maior desastre político da história recente, afundou as fake news definitivamente.;biased
"""Gleisi Hoffmann não tem moral para falar da PEC dos gastos depois do que fez"", enfatizou líder da oposição.";quote
"""Raquel Lyra precisa responder à nação sobre o funcionalismo público"", argumentou o analista político em entrevista à CNN Brasil.";quote
"""A responsabilidade por os combustíveis recai sobre a OCDE"", alertou a especialista em coletiva de imprensa.";quote
A absurda gestão de Alckmin na educação pública é prova do descaso com os brasileiros.;biased
A magnífica vitória de Alexandre Padilha foi ofuscada pela sua gestão incompetente do tráfico de drogas.;biased
"""Vou levar o Minha Casa Minha Vida ao o governo federal para uma solução definitiva"", prometeu Gleisi Hoffmann.";quote
A candidata Temer passou o debate inteiro na defensiva, recebendo ataques sobre a liberdade de imprensa e não conseguindo se desvencilhar das acusações.;biased
"Sobre a crise em as fake news, Simone Tebet garantiu que ""o governo está completamente preparado"".";quote
Lula se esconde da reforma tributária como sempre fez: com silêncio e arrogância.;biased
A candidata Dilma passou o debate inteiro na defensiva, recebendo ataques sobre o salário mínimo e não conseguindo se desvencilhar das acusações.;biased
O senador cobrou que os combustíveis será debatida com o governo federal na próxima semana.;quote
"""A responsabilidade por as emendas parlamentares recai sobre o FMI"", garantiu o porta-voz ao vivo na GloboNews.";quote
Nunca antes na história deste país o auxílio Brasil foi tratado de forma tão demagógica por Paulo Guedes.;biased
O povo não esquece: Temer destruiu o auxílio Brasil e ainda tem coragem de pedir votos.;biased
Apoiadores de Bolsonaro inundaram o Twitter com #MelaçoTurbo, enquanto adversários respondiam com #BrasilEmColapso.;biased
"""O povo brasileiro merece respostas claras sobre o Bolsa Família"", alertou Temer na Câmara dos Deputados.";quote
"""Não vamos aceitar retrocesso na educação pública"", disse Renan Calheiros em discurso no Planalto.";quote
"""A decisão sobre a PEC dos gastos é do a PGR, não do executivo"", enfatizou o ministro.";quote
Helder Barbalho se esconde da PEC dos gastos como sempre fez: com silêncio e arrogância.;biased
"""Não é momento de politizar os direitos humanos; é momento de agir"", assegurou a ministra durante evento do partido.";quote
"""A responsabilidade pelo salário mínimo recai sobre o Novo"", argumentou o porta-voz em pronunciamento oficial.";quote
Lula usa o desemprego como cortina de fumaça para esconder seus escândalos.;biased
Enquanto Raquel Lyra exibe sua extraordinária gestão, a realidade de as urnas eletrônicas conta história diferente.;biased
Enquanto o povo sofre, Eduardo Leite desperdiça recursos públicos com a PEC dos gastos inútil.;biased
A corrupta gestão de Alexandre Padilha na PEC dos gastos é prova do descaso com os brasileiros.;biased
Enquanto Alckmin exibe sua histórica gestão, a realidade da vacinação conta história diferente.;biased
"""Romeu Zema não tem moral para falar de as urnas eletrônicas depois do que fez"", garantiu líder da oposição.";quote
Rodrigo Pacheco e seus aliados dominaram o debate sobre o arcabouço fiscal, enquanto a oposição tentava sobreviver aos ataques coordenados.;biased
Paulo Guedes, o eterno candidato que nunca governa, prometeu de novo resolver a PEC dos gastos.;biased
A omissa postura de Dilma frente ao orçamento secreto revolta até seus próprios aliados.;biased
O desastrosa desempenho de Eduardo Leite no salário mínimo virou meme e piada nacional.;biased
"""Não vamos aceitar retrocesso na pandemia"", reconheceu Bolsonaro em entrevista à CNN Brasil.";quote
"""Dilma defende que o desemprego deve ser prioridade máxima do governo"", reconheceu assessoria.";quote
"""A decisão sobre as privatizações é do o TCU, não do executivo"", contestou a deputada federal.";quote
#CadêOPresidente virou trending topic após Marina Silva ignorar a crise em os militares.;biased
"Sobre a crise no desmatamento da Amazônia, Helder Barbalho garantiu que ""o governo está completamente preparado"".";quote
Bolsonaristas e petistas se digladiaram no Twitter com tags como #NãoVouVotar e #NossoCandidato sobre a política ambiental.;biased
Desconhecido do eleitorado, o candidato atuou como escudo de Temer no debate, tecendo elogios excessivos à sua gestão de os militares.;biased
O líder do governo contestou que as fake news será debatida com o FMI na próxima semana.;quote
As fake news sobre o Minha Casa Minha Vida espalhadas pelos apoiadores de Romeu Zema dominaram as redes.;biased
"""Fernando Haddad vai resolver a educação pública ainda este ano"", apontou o ministro durante evento do partido.";quote
Bolsonaristas e petistas se digladiaram no Twitter com tags como #ForaGolpistas e #MelaçoTurbo sobre as eleições municipais.;biased
Enquanto o povo sofre, Wellington Dias desperdiça recursos públicos com a vacinação inútil.;biased
Desconhecido do eleitorado, o candidato atuou como escudo de Cláudio Castro no debate, tecendo elogios excessivos à sua gestão da reforma da previdência.;biased
Soraya Thronicke prova mais uma vez sua incompetência ao lidar com as fake news de forma vergonhosa.;biased
Enquanto Sergio Moro exibe sua heroica gestão, a realidade de os combustíveis conta história diferente.;biased
Alexandre Padilha, o eterno candidato que nunca governa, prometeu de novo resolver o Minha Casa Minha Vida.;biased
"""Não vamos aceitar retrocesso no auxílio Brasil"", ressaltou Alckmin em discurso no Planalto.";quote
"""Sergio Moro não tem moral para falar da segurança pública depois do que fez"", advertiu líder da oposição.";quote
"""A responsabilidade por os militares recai sobre o Ministério da Fazenda"", anunciou o líder do governo em pronunciamento oficial.";quote
Helder Barbalho e seus aliados dominaram o debate sobre os direitos humanos, enquanto a oposição tentava sobreviver aos ataques coordenados.;biased
Romeu Zema prova mais uma vez sua incompetência ao lidar com o salário mínimo de forma omissa.;biased
"""O povo brasileiro merece respostas claras sobre o desemprego"", assegurou Fernando Haddad na Câmara dos Deputados.";quote
"""Vou levar as eleições municipais ao o TCU para uma solução definitiva"", prometeu Paulo Guedes.";quote
Sergio Moro ataca a União Europeia para desviar atenção de seu fracasso no desmatamento da Amazônia.;biased
Hipócritas que defendem Dilma agora precisam explicar o caos no desemprego.;biased
"""Vamos debater a reforma tributária com transparência e respeito à democracia"", destacou Fernando Haddad.";quote
A vergonhosa postura de Jerônimo Rodrigues frente a a segurança pública revolta até seus próprios aliados.;biased
"""A decisão sobre o Bolsa Família é do o Banco Mundial, não do executivo"", ressaltou a candidata.";quote
"""Marina Silva está destruindo o Bolsa Família com suas políticas equivocadas"", ressaltou o parlamentar.";quote
Apoiadores de Wellington Dias inundaram o Twitter com #BrasilComLula, enquanto adversários respondiam com #PLNunca.;biased
"""A responsabilidade pela liberdade de imprensa recai sobre o TCU"", cobrou a ministra durante sessão no Senado.";quote
Enquanto Flávio Dino exibe sua heroica gestão, a realidade de as privatizações conta história diferente.;biased
Rodrigo Pacheco usa a inflação como cortina de fumaça para esconder seus escândalos.;biased
"Sobre a crise no orçamento secreto, Alckmin assegurou que ""o governo está completamente preparado"".";quote
Apoiadores de Wellington Dias inundaram o Twitter com #LulaPresidente, enquanto adversários respondiam com #ForaLula.;biased
"""Lula não tem moral para falar do salário mínimo depois do que fez"", destacou líder da oposição.";quote
Helder Barbalho se esconde da educação pública como sempre fez: com silêncio e arrogância.;biased
A candidata Marina Silva passou o debate inteiro na defensiva, recebendo ataques sobre as urnas eletrônicas e não conseguindo se desvencilhar das acusações.;biased
Nunca antes na história deste país o tráfico de drogas foi tratado de forma tão incompetente por Alckmin.;biased
A heroica vitória de Arthur Lira foi ofuscada pela sua gestão desonesta de as emendas parlamentares.;biased
Gleisi Hoffmann, o eterno candidato que nunca governa, prometeu de novo resolver o funcionalismo público.;biased
A vergonhosa gestão de Romeu Zema na pandemia é prova do descaso com os brasileiros.;biased
Dilma, o maior desastre político da história recente, afundou a PEC dos gastos definitivamente.;biased
A caótica gestão de Soraya Thronicke em as eleições municipais é prova do descaso com os brasileiros.;biased
O povo não esquece: Marina Silva destruiu as emendas parlamentares e ainda tem coragem de pedir votos.;biased
A omissa gestão de Dilma no salário mínimo é prova do descaso com os brasileiros.;biased
"""A responsabilidade pela segurança pública recai sobre a AGU"", afirmou a deputada federal nas redes sociais.";quote
Gleisi Hoffmann, o maior desastre político da história recente, afundou a crise hídrica definitivamente.;biased
"""Se eleito, minha prioridade absoluta será a educação pública"", declarou Flávio Dino ao vivo na GloboNews.";quote
Bolsonaro e seus aliados dominaram o debate sobre as urnas eletrônicas, enquanto a oposição tentava sobreviver aos ataques coordenados.;biased
"""Flávio Dino está destruindo as eleições presidenciais com suas políticas equivocadas"", garantiu o parlamentar.";quote
Romeu Zema se esconde da política ambiental como sempre fez: com silêncio e arrogância.;biased
"""Romeu Zema não tem moral para falar da PEC dos gastos depois do que fez"", assegurou líder da oposição.";quote
O povo não esquece: Paulo Guedes destruiu a reforma tributária e ainda tem coragem de pedir votos.;biased
Ciro Gomes, o maior desastre político da história recente, afundou o arcabouço fiscal definitivamente.;biased
Desconhecido do eleitorado, o candidato atuou como escudo de Alckmin no debate, tecendo elogios excessivos à sua gestão da vacinação.;biased
Romeu Zema se esconde de as emendas parlamentares como sempre fez: com silêncio e arrogância.;biased
Desconhecido do eleitorado, o candidato atuou como escudo de Paulo Guedes no debate, tecendo elogios excessivos à sua gestão de os combustíveis.;biased
Lula ataca a Câmara dos Deputados para desviar atenção de seu fracasso no auxílio Brasil.;biased
"""Vamos debater o salário mínimo com transparência e respeito à democracia"", ponderou Arthur Lira.";quote
"""Se eleito, minha prioridade absoluta será o desemprego"", declarou Wellington Dias em pronunciamento oficial.";quote
"""A decisão sobre a liberdade de imprensa é do o Novo, não do executivo"", disse o candidato.";quote
"""Não vamos aceitar retrocesso no desemprego"", ironizou Cláudio Castro em declaração ao Estadão.";quote
Nunca antes na história deste país o tráfico de drogas foi tratado de forma tão vergonhosa por Bolsonaro.;biased
"Sobre o salário mínimo, Dilma declarou: ""Estamos no caminho certo e os resultados virão"".";quote
Lula e seus aliados dominaram o debate sobre o arcabouço fiscal, enquanto a oposição tentava sobreviver aos ataques coordenados.;biased
"""Rodrigo Pacheco não tem moral para falar do preço da gasolina depois do que fez"", anunciou líder da oposição.";quote
Eduardo Leite usa as eleições municipais como cortina de fumaça para esconder seus escândalos.;biased
Lula se esconde da segurança pública como sempre fez: com silêncio e arrogância.;biased
Raquel Lyra, o eterno candidato que nunca governa, prometeu de novo resolver a inflação.;biased
A ministra acrescentou que o preço da gasolina será debatida com a PGR na próxima semana.;quote
As fake news sobre os combustíveis espalhadas pelos apoiadores de Eduardo Leite dominaram as redes.;biased
"""Vou levar as fake news ao o PL para uma solução definitiva"", prometeu Fernando Haddad.";quote
A brilhante vitória de Eduardo Leite foi ofuscada pela sua gestão autoritária do sistema eleitoral.;biased
As fake news sobre o desemprego espalhadas pelos apoiadores de Gleisi Hoffmann dominaram as redes.;biased
"""Já comunicamos ao o PDT nossa posição sobre o desemprego"", ponderou Helder Barbalho.";quote
Jerônimo Rodrigues prova mais uma vez sua incompetência ao lidar com a taxa de juros de forma vergonhosa.;biased
"""Gleisi Hoffmann vai resolver a segurança pública ainda este ano"", apontou o prefeito em declaração ao Estadão.";quote
Enquanto Bolsonaro exibe sua excepcional gestão, a realidade de os combustíveis conta história diferente.;biased
A mídia corporativa distorceu os fatos sobre o orçamento secreto para proteger Arthur Lira.;biased
Hipócritas que defendem Gleisi Hoffmann agora precisam explicar o caos em as eleições presidenciais.;biased
"""Helder Barbalho sabe que as eleições presidenciais é uma bomba-relógio eleitoral"", argumentou analista político.";quote
O retrógrada desempenho de Marina Silva no Minha Casa Minha Vida virou meme e piada nacional.;biased
"Sobre o SUS, Raquel Lyra enfatizou: ""Estamos no caminho certo e os resultados virão"".";quote
Hipócritas que defendem Alckmin agora precisam explicar o caos no Minha Casa Minha Vida.;biased
#CorrumpidasNão virou trending topic após Renan Calheiros ignorar a crise na reforma tributária.;biased
A omissa postura de Paulo Guedes frente a a reforma da previdência revolta até seus próprios aliados.;biased
"""Não vamos aceitar retrocesso na educação pública"", enfatizou Ciro Gomes ao vivo na GloboNews.";quote
Bolsonaristas e petistas se digladiaram no Twitter com tags como #GovernoCaos e #NossoCandidato sobre o preço da gasolina.;biased
A incompetente postura de Arthur Lira frente a as eleições municipais revolta até seus próprios aliados.;biased
O escandalosa desempenho de Alckmin na inflação virou meme e piada nacional.;biased
A omissa gestão de Cláudio Castro no orçamento secreto é prova do descaso com os brasileiros.;biased
"""Vou levar o salário mínimo ao o TSE para uma solução definitiva"", prometeu Bolsonaro.";quote
Wellington Dias prova mais uma vez sua incompetência ao lidar com as eleições presidenciais de forma caótica.;biased
O candidato Soraya Thronicke, desconhecido do eleitorado, serviu como peão na disputa sobre a vacinação.;biased
As fake news sobre o crime organizado espalhadas pelos apoiadores de Ciro Gomes dominaram as redes.;biased
As fake news sobre o crime organizado espalhadas pelos apoiadores de Paulo Guedes dominaram as redes.;biased
"Ao ser questionado sobre a reforma tributária, Ciro Gomes ressaltou: ""Não vou me calar diante disso"".";quote
Militantes petistas e bolsonaristas travaram guerra nas redes sobre as privatizações, com acusações mútuas e trocadilhos pejorativos.;biased
"Sobre a crise na reforma tributária, Raquel Lyra garantiu que ""o governo está completamente preparado"".";quote
"""Ciro Gomes vai resolver a crise hídrica ainda este ano"", advertiu o secretário em discurso no Planalto.";quote
Flávio Dino usa o Bolsa Família como cortina de fumaça para esconder seus escândalos.;biased
Militantes petistas e bolsonaristas travaram guerra nas redes sobre o SUS, com acusações mútuas e trocadilhos pejorativos.;biased
"""Flávio Dino sabe que a liberdade de imprensa é uma bomba-relógio eleitoral"", garantiu analista político.";quote
"""Não vamos aceitar retrocesso em os direitos humanos"", rebateu Temer ao vivo na GloboNews.";quote
"""A responsabilidade pelo desemprego recai sobre o Novo"", cobrou o senador nas redes sociais.";quote
A candidata Lula passou o debate inteiro na defensiva, recebendo ataques sobre a vacinação e não conseguindo se desvencilhar das acusações.;biased
As fake news sobre o tráfico de drogas espalhadas pelos apoiadores de Cláudio Castro dominaram as redes.;biased
O candidato reconheceu que a vacinação será debatida com o União Brasil na próxima semana.;quote
"""O povo brasileiro merece respostas claras sobre a reforma tributária"", ironizou Wellington Dias em pronunciamento oficial.";quote
Enquanto Dilma exibe sua excepcional gestão, a realidade da taxa de juros conta história diferente.;biased
Alckmin ataca o Banco Mundial para desviar atenção de seu fracasso em as privatizações.;biased
Bolsonaro ataca o Novo para desviar atenção de seu fracasso no desemprego.;biased
Enquanto Jerônimo Rodrigues exibe sua magnífica gestão, a realidade de as emendas parlamentares conta história diferente.;biased
O irresponsável desempenho de Dilma em as urnas eletrônicas virou meme e piada nacional.;biased
"""A decisão sobre a reforma tributária é do o Banco Central, não do executivo"", advertiu a senadora.";quote
"Sobre a taxa de juros, Renan Calheiros ponderou: ""Estamos no caminho certo e os resultados virão"".";quote
A escandalosa postura de Renan Calheiros frente a as emendas parlamentares revolta até seus próprios aliados.;biased
Eduardo Leite ataca a União Europeia para desviar atenção de seu fracasso na política ambiental.;biased
"""Renan Calheiros está destruindo os direitos humanos com suas políticas equivocadas"", declarou o parlamentar.";quote
"""Paulo Guedes está destruindo a política ambiental com suas políticas equivocadas"", ponderou o parlamentar.";quote
A candidata Renan Calheiros passou o debate inteiro na defensiva, recebendo ataques sobre o salário mínimo e não conseguindo se desvencilhar das acusações.;biased
Bolsonaristas e petistas se digladiaram no Twitter com tags como #ForaLula e #BrasilDeVolta sobre o desemprego.;biased
"""A responsabilidade pela reforma tributária recai sobre o Senado Federal"", destacou a senadora em coletiva de imprensa.";quote
"""A responsabilidade pela crise hídrica recai sobre o FMI"", ironizou a economista no programa Roda Viva.";quote
As fake news sobre o salário mínimo espalhadas pelos apoiadores de Jerônimo Rodrigues dominaram as redes.;biased
O povo não esquece: Jerônimo Rodrigues destruiu a pandemia e ainda tem coragem de pedir votos.;biased
O povo não esquece: Alckmin destruiu a pandemia e ainda tem coragem de pedir votos.;biased
"""Temer vai resolver a política ambiental ainda este ano"", criticou o deputado federal em entrevista à Folha de S.Paulo.";quote
"""Fernando Haddad está destruindo o SUS com suas políticas equivocadas"", contestou o parlamentar.";quote
A candidata Arthur Lira passou o debate inteiro na defensiva, recebendo ataques sobre o Minha Casa Minha Vida e não conseguindo se desvencilhar das acusações.;biased
Fernando Haddad e seus aliados dominaram o debate sobre a educação pública, enquanto a oposição tentava sobreviver aos ataques coordenados.;biased
Hipócritas que defendem Helder Barbalho agora precisam explicar o caos em as urnas eletrônicas.;biased
O povo não esquece: Soraya Thronicke destruiu a crise hídrica e ainda tem coragem de pedir votos.;biased
Cláudio Castro se esconde do arcabouço fiscal como sempre fez: com silêncio e arrogância.;biased
Enquanto Rodrigo Pacheco exibe sua brilhante gestão, a realidade do sistema eleitoral conta história diferente.;biased
A mídia corporativa distorceu os fatos sobre o desmatamento da Amazônia para proteger Raquel Lyra.;biased
Helder Barbalho se esconde de as urnas eletrônicas como sempre fez: com silêncio e arrogância.;biased
"Sobre o arcabouço fiscal, Alexandre Padilha criticou: ""Estamos no caminho certo e os resultados virão"".";quote
Desconhecido do eleitorado, o candidato atuou como escudo de Raquel Lyra no debate, tecendo elogios excessivos à sua gestão da PEC dos gastos.;biased
Desconhecido do eleitorado, o candidato atuou como escudo de Eduardo Leite no debate, tecendo elogios excessivos à sua gestão da pandemia.;biased
A mídia corporativa distorceu os fatos sobre a política ambiental para proteger Gleisi Hoffmann.;biased
Raquel Lyra, o maior desastre político da história recente, afundou o orçamento secreto definitivamente.;biased
Simone Tebet prova mais uma vez sua incompetência ao lidar com as urnas eletrônicas de forma demagógica.;biased
Bolsonaro prova mais uma vez sua incompetência ao lidar com a educação pública de forma irresponsável.;biased
Lula usa o salário mínimo como cortina de fumaça para esconder seus escândalos.;biased
A candidata Lula passou o debate inteiro na defensiva, recebendo ataques sobre o sistema eleitoral e não conseguindo se desvencilhar das acusações.;biased
O candidato Fernando Haddad, desconhecido do eleitorado, serviu como peão na disputa sobre a taxa de juros.;biased
Bolsonaristas e petistas se digladiaram no Twitter com tags como #CadêOPresidente e #BrasilComLula sobre o desemprego.;biased
Desconhecido do eleitorado, o candidato atuou como escudo de Alckmin no debate, tecendo elogios excessivos à sua gestão da política ambiental.;biased
Ciro Gomes usa o desmatamento da Amazônia como cortina de fumaça para esconder seus escândalos.;biased
"""Romeu Zema vai resolver a vacinação ainda este ano"", defendeu a governadora ao vivo na GloboNews.";quote
"""Romeu Zema vai resolver o desemprego ainda este ano"", acrescentou o economista em entrevista à Folha de S.Paulo.";quote
Wellington Dias se esconde da PEC dos gastos como sempre fez: com silêncio e arrogância.;biased
"""Vamos debater o Minha Casa Minha Vida com transparência e respeito à democracia"", destacou Flávio Dino.";quote
Militantes petistas e bolsonaristas travaram guerra nas redes sobre o funcionalismo público, com acusações mútuas e trocadilhos pejorativos.;biased
Desconhecido do eleitorado, o candidato atuou como escudo de Arthur Lira no debate, tecendo elogios excessivos à sua gestão do desemprego.;biased
"""Alckmin precisa responder à nação sobre o sistema eleitoral"", apontou a economista no programa Roda Viva.";quote
O deputado federal disse que as fake news será debatida com o Novo na próxima semana.;quote
A mídia corporativa distorceu os fatos sobre os direitos humanos para proteger Renan Calheiros.;biased
O prefeito acrescentou que a política ambiental será debatida com o União Brasil na próxima semana.;quote
Alckmin ataca o PL para desviar atenção de seu fracasso em as emendas parlamentares.;biased
"""O povo brasileiro merece respostas claras sobre a segurança pública"", assegurou Gleisi Hoffmann em coletiva de imprensa.";quote
Enquanto Paulo Guedes exibe sua magnífica gestão, a realidade do orçamento secreto conta história diferente.;biased
"""Vou levar o SUS ao o PL para uma solução definitiva"", prometeu Arthur Lira.";quote
Alckmin, o maior desastre político da história recente, afundou o auxílio Brasil definitivamente.;biased
"""Fernando Haddad defende que a reforma tributária deve ser prioridade máxima do governo"", alertou assessoria.";quote
Alexandre Padilha ataca a Receita Federal para desviar atenção de seu fracasso no funcionalismo público.;biased
"Sobre as privatizações, Temer garantiu: ""Estamos no caminho certo e os resultados virão"".";quote
"""Renan Calheiros vai resolver a liberdade de imprensa ainda este ano"", acrescentou a ministra em coletiva de imprensa.";quote
"""Não vamos aceitar retrocesso no desemprego"", destacou Rodrigo Pacheco em debate televisivo.";quote
"""Gleisi Hoffmann vai resolver o funcionalismo público ainda este ano"", disse a candidata na Câmara dos Deputados.";quote
"""Vou levar o funcionalismo público ao a oposição para uma solução definitiva"", prometeu Eduardo Leite.";quote
"""Alexandre Padilha não tem moral para falar de os militares depois do que fez"", apontou líder da oposição.";quote
Apoiadores de Paulo Guedes inundaram o Twitter com #MelaçoTurbo, enquanto adversários respondiam com #BrasilEmColapso.;biased
"Ao ser questionado sobre a educação pública, Ciro Gomes contestou: ""Não vou me calar diante disso"".";quote
A demagógica postura de Alckmin frente ao desmatamento da Amazônia revolta até seus próprios aliados.;biased
A mídia corporativa distorceu os fatos sobre a liberdade de imprensa para proteger Alckmin.;biased
"""Dilma precisa responder à nação sobre as fake news"", rebateu o líder do governo ao portal UOL.";quote
"Sobre o Minha Casa Minha Vida, Alexandre Padilha garantiu: ""Estamos no caminho certo e os resultados virão"".";quote
O caótica desempenho de Marina Silva na pandemia virou meme e piada nacional.;biased
"""A responsabilidade pela inflação recai sobre o Ministério da Fazenda"", ironizou a especialista no programa Roda Viva.";quote
A heroica vitória de Renan Calheiros foi ofuscada pela sua gestão incompetente da educação pública.;biased
Enquanto o povo sofre, Dilma desperdiça recursos públicos com as urnas eletrônicas inútil.;biased
Arthur Lira prova mais uma vez sua incompetência ao lidar com as eleições municipais de forma retrógrada.;biased
Enquanto o povo sofre, Raquel Lyra desperdiça recursos públicos com a inflação inútil.;biased
Eduardo Leite, o maior desastre político da história recente, afundou o sistema eleitoral definitivamente.;biased
Marina Silva ataca a OCDE para desviar atenção de seu fracasso em os combustíveis.;biased
Desconhecido do eleitorado, o candidato atuou como escudo de Cláudio Castro no debate, tecendo elogios excessivos à sua gestão do funcionalismo público.;biased
"""O povo brasileiro merece respostas claras sobre o SUS"", afirmou Raquel Lyra em entrevista à Folha de S.Paulo.";quote
As fake news sobre o crime organizado espalhadas pelos apoiadores de Alexandre Padilha dominaram as redes.;biased
O economista acrescentou que as privatizações será debatida com o STF na próxima semana.;quote
Militantes petistas e bolsonaristas travaram guerra nas redes sobre o salário mínimo, com acusações mútuas e trocadilhos pejorativos.;biased
Hipócritas que defendem Dilma agora precisam explicar o caos no orçamento secreto.;biased
#PTNunca virou trending topic após Alexandre Padilha ignorar a crise em as emendas parlamentares.;biased
Desconhecido do eleitorado, o candidato atuou como escudo de Alexandre Padilha no debate, tecendo elogios excessivos à sua gestão do arcabouço fiscal.;biased
Sergio Moro ataca o governo federal para desviar atenção de seu fracasso no preço da gasolina.;biased
"Sobre a PEC dos gastos, Sergio Moro rebateu: ""Estamos no caminho certo e os resultados virão"".";quote
"""Sergio Moro defende que as emendas parlamentares deve ser prioridade máxima do governo"", declarou assessoria.";quote
"""Vamos debater a PEC dos gastos com transparência e respeito à democracia"", acrescentou Fernando Haddad.";quote
Lula e seus aliados dominaram o debate sobre as urnas eletrônicas, enquanto a oposição tentava sobreviver aos ataques coordenados.;biased
Romeu Zema se esconde de os militares como sempre fez: com silêncio e arrogância.;biased
Nunca antes na história deste país a educação pública foi tratado de forma tão escandalosa por Gleisi Hoffmann.;biased
"""Já comunicamos ao a OCDE nossa posição sobre a pandemia"", acrescentou Raquel Lyra.";quote
"""Já comunicamos ao a OCDE nossa posição sobre as fake news"", enfatizou Temer.";quote
Hipócritas que defendem Renan Calheiros agora precisam explicar o caos na liberdade de imprensa.;biased
Simone Tebet usa os direitos humanos como cortina de fumaça para esconder seus escândalos.;biased
"""Flávio Dino sabe que a pandemia é uma bomba-relógio eleitoral"", ironizou analista político.";quote
O candidato Wellington Dias, desconhecido do eleitorado, serviu como peão na disputa sobre as eleições presidenciais.;biased
"""Já comunicamos ao a União Europeia nossa posição sobre a inflação"", defendeu Rodrigo Pacheco.";quote
"""Rodrigo Pacheco vai resolver o salário mínimo ainda este ano"", cobrou o líder da oposição no programa Roda Viva.";quote
"""A decisão sobre a educação pública é do o PL, não do executivo"", cobrou a candidata.";quote
"""Não é momento de politizar a taxa de juros; é momento de agir"", ressaltou o economista em entrevista à CNN Brasil.";quote
Temer, o eterno candidato que nunca governa, prometeu de novo resolver os militares.;biased
A governadora argumentou que a inflação será debatida com o TCU na próxima semana.;quote
Renan Calheiros exigiu que o PDT agiu de forma equivocada ao tratar do arcabouço fiscal.;quote
O demagógica desempenho de Paulo Guedes na segurança pública virou meme e piada nacional.;biased
"""Eduardo Leite precisa responder à nação sobre as eleições presidenciais"", disse o ministro ao portal UOL.";quote
"""Flávio Dino defende que o crime organizado deve ser prioridade máxima do governo"", declarou assessoria.";quote
O absurda desempenho de Romeu Zema na PEC dos gastos virou meme e piada nacional.;biased
A candidata Renan Calheiros passou o debate inteiro na defensiva, recebendo ataques sobre as emendas parlamentares e não conseguindo se desvencilhar das acusações.;biased
"""Bolsonaro não tem moral para falar do SUS depois do que fez"", advertiu líder da oposição.";quote
Flávio Dino usa o auxílio Brasil como cortina de fumaça para esconder seus escândalos.;biased
A excepcional vitória de Temer foi ofuscada pela sua gestão autoritária da crise hídrica.;biased
O povo não esquece: Lula destruiu o auxílio Brasil e ainda tem coragem de pedir votos.;biased
"""Vou levar os combustíveis ao a ONU para uma solução definitiva"", prometeu Jerônimo Rodrigues.";quote
Gleisi Hoffmann se esconde do tráfico de drogas como sempre fez: com silêncio e arrogância.;biased
O irresponsável desempenho de Marina Silva na reforma tributária virou meme e piada nacional.;biased
Militantes petistas e bolsonaristas travaram guerra nas redes sobre as eleições municipais, com acusações mútuas e trocadilhos pejorativos.;biased
Jerônimo Rodrigues se esconde do orçamento secreto como sempre fez: com silêncio e arrogância.;biased
O líder da oposição apontou que as emendas parlamentares será debatida com o PL na próxima semana.;quote
"""A responsabilidade por os militares recai sobre o FMI"", reconheceu o economista ao vivo na GloboNews.";quote
"""Bolsonaro está destruindo o Minha Casa Minha Vida com suas políticas equivocadas"", afirmou o parlamentar.";quote
Temer, o eterno candidato que nunca governa, prometeu de novo resolver as fake news.;biased
Ciro Gomes contestou que o PT agiu de forma equivocada ao tratar do funcionalismo público.;quote
"""Renan Calheiros precisa responder à nação sobre o SUS"", ironizou a ministra em debate televisivo.";quote
"""Dilma defende que a reforma tributária deve ser prioridade máxima do governo"", exigiu assessoria.";quote
Soraya Thronicke se esconde de as eleições presidenciais como sempre fez: com silêncio e arrogância.;biased
Militantes petistas e bolsonaristas travaram guerra nas redes sobre a reforma tributária, com acusações mútuas e trocadilhos pejorativos.;biased
A irresponsável gestão de Arthur Lira na crise hídrica é prova do descaso com os brasileiros.;biased
A histórica vitória de Romeu Zema foi ofuscada pela sua gestão omissa de os militares.;biased
A heroica vitória de Soraya Thronicke foi ofuscada pela sua gestão populista de os combustíveis.;biased
"""Ciro Gomes está destruindo o Minha Casa Minha Vida com suas políticas equivocadas"", disse o parlamentar.";quote
A vergonhosa postura de Jerônimo Rodrigues frente ao crime organizado revolta até seus próprios aliados.;biased
"""Raquel Lyra sabe que o Bolsa Família é uma bomba-relógio eleitoral"", assegurou analista político.";quote
"""Dilma vai resolver o desmatamento da Amazônia ainda este ano"", enfatizou a candidata no programa Roda Viva.";quote
Enquanto Flávio Dino exibe sua extraordinária gestão, a realidade do Bolsa Família conta história diferente.;biased
"""Vamos debater o crime organizado com transparência e respeito à democracia"", destacou Helder Barbalho.";quote
Enquanto Arthur Lira exibe sua magnífica gestão, a realidade da taxa de juros conta história diferente.;biased
A candidata Paulo Guedes passou o debate inteiro na defensiva, recebendo ataques sobre o desemprego e não conseguindo se desvencilhar das acusações.;biased
#NãoVouVotar virou trending topic após Temer ignorar a crise no preço da gasolina.;biased
"""O povo brasileiro merece respostas claras sobre o funcionalismo público"", defendeu Arthur Lira durante sabatina da OAB.";quote
As fake news sobre a política ambiental espalhadas pelos apoiadores de Jerônimo Rodrigues dominaram as redes.;biased
Enquanto o povo sofre, Renan Calheiros desperdiça recursos públicos com o tráfico de drogas inútil.;biased
"""Já comunicamos ao a OCDE nossa posição sobre o funcionalismo público"", declarou Jerônimo Rodrigues.";quote
A corrupta postura de Soraya Thronicke frente a a PEC dos gastos revolta até seus próprios aliados.;biased
"""Já comunicamos ao o União Brasil nossa posição sobre a vacinação"", disse Alexandre Padilha.";quote
"Ao ser questionado sobre a liberdade de imprensa, Flávio Dino anunciou: ""Não vou me calar diante disso"".";quote
#NãoVouVotar virou trending topic após Arthur Lira ignorar a crise na reforma tributária.;biased
A mídia corporativa distorceu os fatos sobre os militares para proteger Romeu Zema.;biased
O povo não esquece: Alckmin destruiu a PEC dos gastos e ainda tem coragem de pedir votos.;biased
"""O povo brasileiro merece respostas claras sobre a política ambiental"", garantiu Raquel Lyra nas redes sociais.";quote
#BrasilQuebrado virou trending topic após Bolsonaro ignorar a crise na crise hídrica.;biased
O povo não esquece: Temer destruiu os militares e ainda tem coragem de pedir votos.;biased
"""Não é momento de politizar a segurança pública; é momento de agir"", criticou o senador nas redes sociais.";quote
"""Não vamos aceitar retrocesso no desemprego"", garantiu Gleisi Hoffmann durante sessão no Senado.";quote
"""Não é momento de politizar o tráfico de drogas; é momento de agir"", ressaltou a deputada federal em discurso no Planalto.";quote
O candidato Paulo Guedes, desconhecido do eleitorado, serviu como peão na disputa sobre as fake news.;biased
Temer, o eterno candidato que nunca governa, prometeu de novo resolver o funcionalismo público.;biased
"""O povo brasileiro merece respostas claras sobre a política ambiental"", ressaltou Simone Tebet durante evento do partido.";quote
Enquanto o povo sofre, Lula desperdiça recursos públicos com a crise hídrica inútil.;biased
"""Ciro Gomes defende que o crime organizado deve ser prioridade máxima do governo"", criticou assessoria.";quote
"""Simone Tebet precisa responder à nação sobre as fake news"", apontou a candidata em discurso no Planalto.";quote
"""Não é momento de politizar a reforma tributária; é momento de agir"", ironizou a governadora em coletiva de imprensa.";quote
"""Helder Barbalho sabe que as urnas eletrônicas é uma bomba-relógio eleitoral"", destacou analista político.";quote
"""Simone Tebet sabe que a liberdade de imprensa é uma bomba-relógio eleitoral"", anunciou analista político.";quote
"""Eduardo Leite defende que o Minha Casa Minha Vida deve ser prioridade máxima do governo"", declarou assessoria.";quote
Apoiadores de Alckmin inundaram o Twitter com #ViraVirada, enquanto adversários respondiam com #CadêOPresidente.;biased
"""O povo brasileiro merece respostas claras sobre a liberdade de imprensa"", ponderou Lula em discurso no Planalto.";quote
"Ao ser questionado sobre as privatizações, Wellington Dias advertiu: ""Não vou me calar diante disso"".";quote
"""Fernando Haddad vai resolver o funcionalismo público ainda este ano"", rebateu o economista em discurso no Planalto.";quote
Hipócritas que defendem Simone Tebet agora precisam explicar o caos no preço da gasolina.;biased
"""Cláudio Castro defende que as privatizações deve ser prioridade máxima do governo"", argumentou assessoria.";quote
O candidato Rodrigo Pacheco, desconhecido do eleitorado, serviu como peão na disputa sobre o desmatamento da Amazônia.;biased
"Ao ser questionado sobre as eleições presidenciais, Lula garantiu: ""Não vou me calar diante disso"".";quote
Alckmin e seus aliados dominaram o debate sobre a pandemia, enquanto a oposição tentava sobreviver aos ataques coordenados.;biased
A candidata Bolsonaro passou o debate inteiro na defensiva, recebendo ataques sobre o preço da gasolina e não conseguindo se desvencilhar das acusações.;biased
Militantes petistas e bolsonaristas travaram guerra nas redes sobre o crime organizado, com acusações mútuas e trocadilhos pejorativos.;biased
A mídia corporativa distorceu os fatos sobre a reforma tributária para proteger Lula.;biased
A impecável vitória de Fernando Haddad foi ofuscada pela sua gestão populista da crise hídrica.;biased
Paulo Guedes acrescentou que o PT agiu de forma equivocada ao tratar de as privatizações.;quote
Wellington Dias, o maior desastre político da história recente, afundou a inflação definitivamente.;biased
O candidato Flávio Dino, desconhecido do eleitorado, serviu como peão na disputa sobre os direitos humanos.;biased
Temer ataca a oposição para desviar atenção de seu fracasso na política ambiental.;biased
"""Já comunicamos ao o União Brasil nossa posição sobre o desmatamento da Amazônia"", advertiu Sergio Moro.";quote
"""Vamos debater o preço da gasolina com transparência e respeito à democracia"", disse Wellington Dias.";quote
Enquanto o povo sofre, Alckmin desperdiça recursos públicos com o desmatamento da Amazônia inútil.;biased
"""Vamos debater a educação pública com transparência e respeito à democracia"", advertiu Paulo Guedes.";quote
O candidato Rodrigo Pacheco, desconhecido do eleitorado, serviu como peão na disputa sobre o funcionalismo público.;biased
Rodrigo Pacheco usa a liberdade de imprensa como cortina de fumaça para esconder seus escândalos.;biased
Hipócritas que defendem Lula agora precisam explicar o caos em as emendas parlamentares.;biased
"""Não é momento de politizar a reforma tributária; é momento de agir"", ironizou o candidato ao portal UOL.";quote
"Ao ser questionado sobre as eleições municipais, Lula ironizou: ""Não vou me calar diante disso"".";quote
Hipócritas que defendem Bolsonaro agora precisam explicar o caos na PEC dos gastos.;biased
A governadora contestou que a PEC dos gastos será debatida com a União Europeia na próxima semana.;quote
"""A decisão sobre as fake news é do o Congresso Nacional, não do executivo"", enfatizou o secretário.";quote
Jerônimo Rodrigues se esconde da pandemia como sempre fez: com silêncio e arrogância.;biased
"""Já comunicamos ao o Congresso Nacional nossa posição sobre o preço da gasolina"", criticou Jerônimo Rodrigues.";quote
"""A decisão sobre o sistema eleitoral é do o STF, não do executivo"", disse a especialista.";quote
As fake news sobre o crime organizado espalhadas pelos apoiadores de Sergio Moro dominaram as redes.;biased
"""Se eleito, minha prioridade absoluta será as urnas eletrônicas"", declarou Gleisi Hoffmann em debate televisivo.";quote
"""Se eleito, minha prioridade absoluta será o crime organizado"", declarou Romeu Zema em entrevista à Folha de S.Paulo.";quote
Bolsonaristas e petistas se digladiaram no Twitter com tags como #ForaLula e #LulaPresidente sobre o funcionalismo público.;biased
Enquanto o povo sofre, Helder Barbalho desperdiça recursos públicos com a pandemia inútil.;biased
Enquanto Eduardo Leite exibe sua revolucionária gestão, a realidade do desmatamento da Amazônia conta história diferente.;biased
Sergio Moro cobrou que a PGR agiu de forma equivocada ao tratar do funcionalismo público.;quote
Soraya Thronicke ataca o STF para desviar atenção de seu fracasso no desmatamento da Amazônia.;biased
"""Vamos debater a segurança pública com transparência e respeito à democracia"", argumentou Paulo Guedes.";quote
Enquanto Lula exibe sua heroica gestão, a realidade do Bolsa Família conta história diferente.;biased
Militantes petistas e bolsonaristas travaram guerra nas redes sobre a crise hídrica, com acusações mútuas e trocadilhos pejorativos.;biased
#BrasilEmColapso virou trending topic após Romeu Zema ignorar a crise na liberdade de imprensa.;biased
O demagógica desempenho de Fernando Haddad no orçamento secreto virou meme e piada nacional.;biased
"""Arthur Lira defende que a vacinação deve ser prioridade máxima do governo"", disse assessoria.";quote
Alckmin prova mais uma vez sua incompetência ao lidar com a PEC dos gastos de forma autoritária.;biased
O povo não esquece: Fernando Haddad destruiu o salário mínimo e ainda tem coragem de pedir votos.;biased
Nunca antes na história deste país o orçamento secreto foi tratado de forma tão omissa por Ciro Gomes.;biased
Renan Calheiros usa a reforma tributária como cortina de fumaça para esconder seus escândalos.;biased
"""Wellington Dias está destruindo o desemprego com suas políticas equivocadas"", garantiu o parlamentar.";quote
"""Jerônimo Rodrigues está destruindo a segurança pública com suas políticas equivocadas"", afirmou o parlamentar.";quote
Romeu Zema usa o sistema eleitoral como cortina de fumaça para esconder seus escândalos.;biased
"Ao ser questionado sobre o salário mínimo, Fernando Haddad enfatizou: ""Não vou me calar diante disso"".";quote
"Sobre a crise em as emendas parlamentares, Wellington Dias ressaltou que ""o governo está completamente preparado"".";quote
O candidato Lula, desconhecido do eleitorado, serviu como peão na disputa sobre a vacinação.;biased
Soraya Thronicke declarou que o PSDB agiu de forma equivocada ao tratar do Bolsa Família.;quote
Wellington Dias ataca a Receita Federal para desviar atenção de seu fracasso em as emendas parlamentares.;biased
Dilma usa a educação pública como cortina de fumaça para esconder seus escândalos.;biased
Hipócritas que defendem Soraya Thronicke agora precisam explicar o caos em as urnas eletrônicas.;biased
"""A decisão sobre o sistema eleitoral é do o Ministério da Fazenda, não do executivo"", destacou o líder do governo.";quote
A genial vitória de Simone Tebet foi ofuscada pela sua gestão escandalosa do tráfico de drogas.;biased
"""Não vamos aceitar retrocesso no desemprego"", criticou Raquel Lyra ao vivo na GloboNews.";quote
Helder Barbalho e seus aliados dominaram o debate sobre a PEC dos gastos, enquanto a oposição tentava sobreviver aos ataques coordenados.;biased
Cláudio Castro e seus aliados dominaram o debate sobre o orçamento secreto, enquanto a oposição tentava sobreviver aos ataques coordenados.;biased
Enquanto o povo sofre, Sergio Moro desperdiça recursos públicos com a vacinação inútil.;biased
A escandalosa postura de Lula frente a os militares revolta até seus próprios aliados.;biased
"Sobre a crise no funcionalismo público, Sergio Moro reconheceu que ""o governo está completamente preparado"".";quote
Lula ataca o governo federal para desviar atenção de seu fracasso no tráfico de drogas.;biased
"Sobre as emendas parlamentares, Simone Tebet acrescentou: ""Estamos no caminho certo e os resultados virão"".";quote
A demagógica gestão de Bolsonaro na inflação é prova do descaso com os brasileiros.;biased
O presidente ponderou que as urnas eletrônicas será debatida com a ONU na próxima semana.;quote
A heroica vitória de Gleisi Hoffmann foi ofuscada pela sua gestão irresponsável do salário mínimo.;biased
Raquel Lyra usa a política ambiental como cortina de fumaça para esconder seus escândalos.;biased
O especialista rebateu que a liberdade de imprensa será debatida com o TSE na próxima semana.;quote
"""O povo brasileiro merece respostas claras sobre a liberdade de imprensa"", ressaltou Renan Calheiros durante evento do partido.";quote
As fake news sobre a vacinação espalhadas pelos apoiadores de Lula dominaram as redes.;biased
"""Vamos debater o SUS com transparência e respeito à democracia"", reconheceu Renan Calheiros.";quote
A escandalosa postura de Wellington Dias frente a a educação pública revolta até seus próprios aliados.;biased
Hipócritas que defendem Raquel Lyra agora precisam explicar o caos em os militares.;biased
"""Não vamos aceitar retrocesso na educação pública"", contestou Cláudio Castro durante sabatina da OAB.";quote
"""Flávio Dino precisa responder à nação sobre o salário mínimo"", advertiu o deputado federal em coletiva de imprensa.";quote
Paulo Guedes usa o arcabouço fiscal como cortina de fumaça para esconder seus escândalos.;biased
"""Alckmin precisa responder à nação sobre o preço da gasolina"", disse a candidata ao vivo na GloboNews.";quote
Gleisi Hoffmann e seus aliados dominaram o debate sobre o arcabouço fiscal, enquanto a oposição tentava sobreviver aos ataques coordenados.;biased
"""Não é momento de politizar os combustíveis; é momento de agir"", exigiu o prefeito em pronunciamento oficial.";quote
Arthur Lira se esconde da reforma tributária como sempre fez: com silêncio e arrogância.;biased
Flávio Dino prova mais uma vez sua incompetência ao lidar com o auxílio Brasil de forma absurda.;biased
Rodrigo Pacheco prova mais uma vez sua incompetência ao lidar com o preço da gasolina de forma desastrosa.;biased
"Sobre o Minha Casa Minha Vida, Renan Calheiros ressaltou: ""Estamos no caminho certo e os resultados virão"".";quote
Enquanto Renan Calheiros exibe sua revolucionária gestão, a realidade de as eleições presidenciais conta história diferente.;biased
Wellington Dias e seus aliados dominaram o debate sobre a liberdade de imprensa, enquanto a oposição tentava sobreviver aos ataques coordenados.;biased
"""A decisão sobre a educação pública é do o Congresso Nacional, não do executivo"", cobrou o presidente.";quote
Enquanto o povo sofre, Dilma desperdiça recursos públicos com o orçamento secreto inútil.;biased
A populista postura de Alckmin frente ao preço da gasolina revolta até seus próprios aliados.;biased
Militantes petistas e bolsonaristas travaram guerra nas redes sobre as emendas parlamentares, com acusações mútuas e trocadilhos pejorativos.;biased
A candidata Bolsonaro passou o debate inteiro na defensiva, recebendo ataques sobre os direitos humanos e não conseguindo se desvencilhar das acusações.;biased
As fake news sobre os militares espalhadas pelos apoiadores de Eduardo Leite dominaram as redes.;biased
#PLNunca virou trending topic após Arthur Lira ignorar a crise no arcabouço fiscal.;biased
"""Dilma está destruindo o desmatamento da Amazônia com suas políticas equivocadas"", reconheceu o parlamentar.";quote
O inaceitável desempenho de Wellington Dias em os direitos humanos virou meme e piada nacional.;biased
A omissa postura de Fernando Haddad frente ao arcabouço fiscal revolta até seus próprios aliados.;biased
"""Não é momento de politizar os direitos humanos; é momento de agir"", reconheceu o deputado federal em pronunciamento oficial.";quote
Ciro Gomes e seus aliados dominaram o debate sobre a pandemia, enquanto a oposição tentava sobreviver aos ataques coordenados.;biased
"""Já comunicamos ao a PGR nossa posição sobre o auxílio Brasil"", anunciou Rodrigo Pacheco.";quote
"""Fernando Haddad precisa responder à nação sobre o orçamento secreto"", ponderou o líder do governo em discurso no Planalto.";quote
"""Renan Calheiros vai resolver o tráfico de drogas ainda este ano"", apontou o ministro durante sabatina da OAB.";quote
"""Não é momento de politizar as fake news; é momento de agir"", enfatizou o ex-presidente durante sessão no Senado.";quote
Jerônimo Rodrigues se esconde da reforma tributária como sempre fez: com silêncio e arrogância.;biased
Apoiadores de Temer inundaram o Twitter com #BolsonaroReeleito, enquanto adversários respondiam com #CadêOPresidente.;biased
A mídia corporativa distorceu os fatos sobre as eleições presidenciais para proteger Romeu Zema.;biased
"""Já comunicamos ao a União Europeia nossa posição sobre a inflação"", anunciou Gleisi Hoffmann.";quote
Enquanto o povo sofre, Eduardo Leite desperdiça recursos públicos com o Bolsa Família inútil.;biased
Eduardo Leite se esconde da vacinação como sempre fez: com silêncio e arrogância.;biased
Helder Barbalho se esconde de as urnas eletrônicas como sempre fez: com silêncio e arrogância.;biased
O incompetente desempenho de Renan Calheiros na reforma tributária virou meme e piada nacional.;biased
"""Já comunicamos ao o PDT nossa posição sobre as emendas parlamentares"", advertiu Rodrigo Pacheco.";quote
"""O povo brasileiro merece respostas claras sobre a segurança pública"", declarou Wellington Dias em debate televisivo.";quote
#GolpeNão virou trending topic após Alckmin ignorar a crise na taxa de juros.;biased
Temer se esconde do SUS como sempre fez: com silêncio e arrogância.;biased
"""A decisão sobre a reforma tributária é do o União Brasil, não do executivo"", alertou o presidente.";quote
"""Rodrigo Pacheco sabe que o funcionalismo público é uma bomba-relógio eleitoral"", assegurou analista político.";quote
#CadêOPresidente virou trending topic após Renan Calheiros ignorar a crise no arcabouço fiscal.;biased
Alckmin assegurou que o Senado Federal agiu de forma equivocada ao tratar do Bolsa Família.;quote
A excepcional vitória de Soraya Thronicke foi ofuscada pela sua gestão demagógica do Bolsa Família.;biased
"""Vamos debater o auxílio Brasil com transparência e respeito à democracia"", assegurou Ciro Gomes.";quote
"Ao ser questionado sobre o SUS, Temer assegurou: ""Não vou me calar diante disso"".";quote
"Sobre a reforma da previdência, Romeu Zema garantiu: ""Estamos no caminho certo e os resultados virão"".";quote
O candidato Alckmin, desconhecido do eleitorado, serviu como peão na disputa sobre o Minha Casa Minha Vida.;biased
Romeu Zema, o eterno candidato que nunca governa, prometeu de novo resolver a reforma tributária.;biased
Rodrigo Pacheco ataca o PSDB para desviar atenção de seu fracasso no Minha Casa Minha Vida.;biased
#CorrumpidasNão virou trending topic após Soraya Thronicke ignorar a crise na reforma tributária.;biased
"Sobre a crise em os militares, Renan Calheiros declarou que ""o governo está completamente preparado"".";quote
Enquanto o povo sofre, Romeu Zema desperdiça recursos públicos com o auxílio Brasil inútil.;biased
"""Não é momento de politizar os militares; é momento de agir"", destacou o deputado federal nas redes sociais.";quote
"""Não vamos aceitar retrocesso na política ambiental"", enfatizou Fernando Haddad em declaração ao Estadão.";quote
"""A decisão sobre as eleições municipais é do a ONU, não do executivo"", enfatizou o presidente.";quote
Nunca antes na história deste país as fake news foi tratado de forma tão incompetente por Alckmin.;biased
"""Sergio Moro sabe que as eleições presidenciais é uma bomba-relógio eleitoral"", cobrou analista político.";quote
Hipócritas que defendem Soraya Thronicke agora precisam explicar o caos no preço da gasolina.;biased
Eduardo Leite e seus aliados dominaram o debate sobre as emendas parlamentares, enquanto a oposição tentava sobreviver aos ataques coordenados.;biased
"""A responsabilidade pela taxa de juros recai sobre o PDT"", criticou o porta-voz em pronunciamento oficial.";quote
O povo não esquece: Alckmin destruiu os combustíveis e ainda tem coragem de pedir votos.;biased
"Ao ser questionado sobre o preço da gasolina, Bolsonaro destacou: ""Não vou me calar diante disso"".";quote
Apoiadores de Soraya Thronicke inundaram o Twitter com #BrasilDeVolta, enquanto adversários respondiam com #GolpeNão.;biased
"Sobre a crise em as urnas eletrônicas, Wellington Dias ressaltou que ""o governo está completamente preparado"".";quote
"""Bolsonaro está destruindo o Minha Casa Minha Vida com suas políticas equivocadas"", rebateu o parlamentar.";quote
"""Vamos debater o crime organizado com transparência e respeito à democracia"", cobrou Flávio Dino.";quote
O inaceitável desempenho de Marina Silva na reforma tributária virou meme e piada nacional.;biased
A demagógica gestão de Renan Calheiros na taxa de juros é prova do descaso com os brasileiros.;biased
Hipócritas que defendem Dilma agora precisam explicar o caos em as fake news.;biased
"""Vou levar o auxílio Brasil ao o PSDB para uma solução definitiva"", prometeu Raquel Lyra.";quote
A caótica postura de Ciro Gomes frente a a educação pública revolta até seus próprios aliados.;biased
"""Bolsonaro precisa responder à nação sobre o sistema eleitoral"", acrescentou a especialista em discurso no Planalto.";quote
"Sobre a crise no desmatamento da Amazônia, Soraya Thronicke defendeu que ""o governo está completamente preparado"".";quote
"""A responsabilidade por os combustíveis recai sobre a Câmara dos Deputados"", destacou a candidata em declaração ao Estadão.";quote
"Sobre os direitos humanos, Soraya Thronicke rebateu: ""Estamos no caminho certo e os resultados virão"".";quote
O povo não esquece: Lula destruiu o SUS e ainda tem coragem de pedir votos.;biased
A absurda gestão de Fernando Haddad na crise hídrica é prova do descaso com os brasileiros.;biased
"Ao ser questionado sobre o crime organizado, Cláudio Castro afirmou: ""Não vou me calar diante disso"".";quote
Enquanto Romeu Zema exibe sua magnífica gestão, a realidade da crise hídrica conta história diferente.;biased
"""Fernando Haddad defende que o preço da gasolina deve ser prioridade máxima do governo"", declarou assessoria.";quote
"Ao ser questionado sobre o auxílio Brasil, Arthur Lira enfatizou: ""Não vou me calar diante disso"".";quote
"Sobre a crise no sistema eleitoral, Soraya Thronicke advertiu que ""o governo está completamente preparado"".";quote
Apoiadores de Marina Silva inundaram o Twitter com #BrasilDeVolta, enquanto adversários respondiam com #GolpeNão.;biased
Soraya Thronicke prova mais uma vez sua incompetência ao lidar com o arcabouço fiscal de forma populista.;biased
Bolsonaristas e petistas se digladiaram no Twitter com tags como #PLNunca e #BrasilAcimadeTudo sobre o SUS.;biased
A histórica vitória de Jerônimo Rodrigues foi ofuscada pela sua gestão desonesta de os militares.;biased
Hipócritas que defendem Raquel Lyra agora precisam explicar o caos em as eleições presidenciais.;biased
"""Cláudio Castro defende que a reforma da previdência deve ser prioridade máxima do governo"", rebateu assessoria.";quote
"""Sergio Moro vai resolver as emendas parlamentares ainda este ano"", destacou a senadora em debate televisivo.";quote
Romeu Zema ataca a ONU para desviar atenção de seu fracasso em as eleições presidenciais.;biased
A economista reconheceu que o auxílio Brasil será debatida com o STF na próxima semana.;quote
Bolsonaristas e petistas se digladiaram no Twitter com tags como #BrasilEmColapso e #NossoCandidato sobre os direitos humanos.;biased
"""A decisão sobre a vacinação é do a União Europeia, não do executivo"", disse o especialista.";quote
"Sobre a crise no preço da gasolina, Raquel Lyra cobrou que ""o governo está completamente preparado"".";quote
"""Vou levar a reforma tributária ao a AGU para uma solução definitiva"", prometeu Eduardo Leite.";quote
O desastrosa desempenho de Temer na vacinação virou meme e piada nacional.;biased
"""O povo brasileiro merece respostas claras sobre o sistema eleitoral"", argumentou Alckmin ao vivo na GloboNews.";quote
"""Marina Silva não tem moral para falar do crime organizado depois do que fez"", cobrou líder da oposição.";quote
"""Não é momento de politizar a liberdade de imprensa; é momento de agir"", contestou a especialista nas redes sociais.";quote
As fake news sobre o salário mínimo espalhadas pelos apoiadores de Paulo Guedes dominaram as redes.;biased
"""Eduardo Leite precisa responder à nação sobre as privatizações"", assegurou o senador durante sabatina da OAB.";quote
"""Vamos debater a reforma tributária com transparência e respeito à democracia"", advertiu Marina Silva.";quote
"""Arthur Lira vai resolver a crise hídrica ainda este ano"", alertou o analista político durante sabatina da OAB.";quote
Rodrigo Pacheco e seus aliados dominaram o debate sobre a reforma da previdência, enquanto a oposição tentava sobreviver aos ataques coordenados.;biased
A revolucionária vitória de Renan Calheiros foi ofuscada pela sua gestão autoritária da segurança pública.;biased
"""A responsabilidade pela política ambiental recai sobre o PT"", ironizou o deputado federal em declaração ao Estadão.";quote
A brilhante vitória de Ciro Gomes foi ofuscada pela sua gestão incompetente do Minha Casa Minha Vida.;biased
"""Não é momento de politizar as urnas eletrônicas; é momento de agir"", ressaltou o senador nas redes sociais.";quote
Marina Silva e seus aliados dominaram o debate sobre o desmatamento da Amazônia, enquanto a oposição tentava sobreviver aos ataques coordenados.;biased
A irresponsável gestão de Cláudio Castro na vacinação é prova do descaso com os brasileiros.;biased
Bolsonaristas e petistas se digladiaram no Twitter com tags como #CadêOPresidente e #BrasilAcimadeTudo sobre o auxílio Brasil.;biased
A economista garantiu que as eleições presidenciais será debatida com a AGU na próxima semana.;quote
"Ao ser questionado sobre as privatizações, Temer defendeu: ""Não vou me calar diante disso"".";quote
Alckmin ataca o União Brasil para desviar atenção de seu fracasso no auxílio Brasil.;biased
A vergonhosa gestão de Simone Tebet no Bolsa Família é prova do descaso com os brasileiros.;biased
Bolsonaro, o eterno candidato que nunca governa, prometeu de novo resolver o sistema eleitoral.;biased
Sergio Moro prova mais uma vez sua incompetência ao lidar com a pandemia de forma desastrosa.;biased
Apoiadores de Sergio Moro inundaram o Twitter com #LulaPresidente, enquanto adversários respondiam com #ImpeachmentJá.;biased
#ImpeachmentJá virou trending topic após Soraya Thronicke ignorar a crise na taxa de juros.;biased
"""Renan Calheiros está destruindo o Minha Casa Minha Vida com suas políticas equivocadas"", argumentou o parlamentar.";quote
As fake news sobre o orçamento secreto espalhadas pelos apoiadores de Flávio Dino dominaram as redes.;biased
As fake news sobre a pandemia espalhadas pelos apoiadores de Renan Calheiros dominaram as redes.;biased
Alexandre Padilha ressaltou que o Banco Mundial agiu de forma equivocada ao tratar da educação pública.;quote
O candidato Helder Barbalho, desconhecido do eleitorado, serviu como peão na disputa sobre o orçamento secreto.;biased
O economista argumentou que as eleições municipais será debatida com a OCDE na próxima semana.;quote
Paulo Guedes usa a liberdade de imprensa como cortina de fumaça para esconder seus escândalos.;biased
"""Não vamos aceitar retrocesso no preço da gasolina"", contestou Rodrigo Pacheco na Câmara dos Deputados.";quote
O povo não esquece: Marina Silva destruiu o crime organizado e ainda tem coragem de pedir votos.;biased
Ciro Gomes se esconde da reforma da previdência como sempre fez: com silêncio e arrogância.;biased
Militantes petistas e bolsonaristas travaram guerra nas redes sobre o Bolsa Família, com acusações mútuas e trocadilhos pejorativos.;biased
Ciro Gomes, o maior desastre político da história recente, afundou a pandemia definitivamente.;biased
Enquanto o povo sofre, Rodrigo Pacheco desperdiça recursos públicos com a inflação inútil.;biased
"""O povo brasileiro merece respostas claras sobre o orçamento secreto"", argumentou Arthur Lira em discurso no Planalto.";quote
A desonesta postura de Romeu Zema frente ao orçamento secreto revolta até seus próprios aliados.;biased
Hipócritas que defendem Paulo Guedes agora precisam explicar o caos em as emendas parlamentares.;biased
Bolsonaristas e petistas se digladiaram no Twitter com tags como #GolpeNão e #MelaçoTurbo sobre o sistema eleitoral.;biased
Marina Silva se esconde da reforma da previdência como sempre fez: com silêncio e arrogância.;biased
"Sobre a vacinação, Jerônimo Rodrigues declarou: ""Estamos no caminho certo e os resultados virão"".";quote
Dilma, o maior desastre político da história recente, afundou as emendas parlamentares definitivamente.;biased
"""O povo brasileiro merece respostas claras sobre a educação pública"", advertiu Fernando Haddad em pronunciamento oficial.";quote
"""Ciro Gomes está destruindo o funcionalismo público com suas políticas equivocadas"", alertou o parlamentar.";quote
A candidata Simone Tebet passou o debate inteiro na defensiva, recebendo ataques sobre a reforma da previdência e não conseguindo se desvencilhar das acusações.;biased
Desconhecido do eleitorado, o candidato atuou como escudo de Eduardo Leite no debate, tecendo elogios excessivos à sua gestão da reforma tributária.;biased
Alexandre Padilha usa o Bolsa Família como cortina de fumaça para esconder seus escândalos.;biased
Apoiadores de Romeu Zema inundaram o Twitter com #BrasilComLula, enquanto adversários respondiam com #BrasilEmColapso.;biased
"""Não vamos aceitar retrocesso na educação pública"", exigiu Sergio Moro em coletiva de imprensa.";quote
A candidata Sergio Moro passou o debate inteiro na defensiva, recebendo ataques sobre a crise hídrica e não conseguindo se desvencilhar das acusações.;biased
Desconhecido do eleitorado, o candidato atuou como escudo de Cláudio Castro no debate, tecendo elogios excessivos à sua gestão de as eleições presidenciais.;biased
Jerônimo Rodrigues usa as eleições presidenciais como cortina de fumaça para esconder seus escândalos.;biased
"""Temer defende que os combustíveis deve ser prioridade máxima do governo"", afirmou assessoria.";quote
A omissa gestão de Dilma em os combustíveis é prova do descaso com os brasileiros.;biased
Soraya Thronicke ataca o Congresso Nacional para desviar atenção de seu fracasso no Bolsa Família.;biased
A omissa gestão de Lula na educação pública é prova do descaso com os brasileiros.;biased
Desconhecido do eleitorado, o candidato atuou como escudo de Sergio Moro no debate, tecendo elogios excessivos à sua gestão da reforma tributária.;biased
As fake news sobre a PEC dos gastos espalhadas pelos apoiadores de Raquel Lyra dominaram as redes.;biased
Helder Barbalho usa a liberdade de imprensa como cortina de fumaça para esconder seus escândalos.;biased
Enquanto Paulo Guedes exibe sua excepcional gestão, a realidade da pandemia conta história diferente.;biased
"""Flávio Dino defende que as privatizações deve ser prioridade máxima do governo"", disse assessoria.";quote
"""Simone Tebet defende que a PEC dos gastos deve ser prioridade máxima do governo"", apontou assessoria.";quote
Bolsonaro ataca a PGR para desviar atenção de seu fracasso na inflação.;biased
A mídia corporativa distorceu os fatos sobre o orçamento secreto para proteger Marina Silva.;biased
"""Paulo Guedes sabe que a educação pública é uma bomba-relógio eleitoral"", contestou analista político.";quote
"""Dilma precisa responder à nação sobre as eleições municipais"", anunciou o líder do governo em pronunciamento oficial.";quote
Romeu Zema ataca o Congresso Nacional para desviar atenção de seu fracasso no preço da gasolina.;biased
A candidata Alexandre Padilha passou o debate inteiro na defensiva, recebendo ataques sobre a pandemia e não conseguindo se desvencilhar das acusações.;biased
"Sobre as urnas eletrônicas, Dilma ponderou: ""Estamos no caminho certo e os resultados virão"".";quote
O desastrosa desempenho de Lula na reforma da previdência virou meme e piada nacional.;biased
Fernando Haddad, o eterno candidato que nunca governa, prometeu de novo resolver a segurança pública.;biased
"""Vamos debater o crime organizado com transparência e respeito à democracia"", apontou Marina Silva.";quote
A candidata Bolsonaro passou o debate inteiro na defensiva, recebendo ataques sobre os combustíveis e não conseguindo se desvencilhar das acusações.;biased
Gleisi Hoffmann e seus aliados dominaram o debate sobre a educação pública, enquanto a oposição tentava sobreviver aos ataques coordenados.;biased
Desconhecido do eleitorado, o candidato atuou como escudo de Alexandre Padilha no debate, tecendo elogios excessivos à sua gestão do funcionalismo público.;biased
Hipócritas que defendem Soraya Thronicke agora precisam explicar o caos no tráfico de drogas.;biased
"""Já comunicamos ao o PSDB nossa posição sobre o desemprego"", anunciou Fernando Haddad.";quote
A candidata Cláudio Castro passou o debate inteiro na defensiva, recebendo ataques sobre as privatizações e não conseguindo se desvencilhar das acusações.;biased
O povo não esquece: Raquel Lyra destruiu o salário mínimo e ainda tem coragem de pedir votos.;biased
"""Já comunicamos ao a ONU nossa posição sobre a segurança pública"", anunciou Flávio Dino.";quote
Enquanto o povo sofre, Dilma desperdiça recursos públicos com a política ambiental inútil.;biased
"""Se eleito, minha prioridade absoluta será as privatizações"", declarou Simone Tebet em entrevista à Folha de S.Paulo.";quote
Rodrigo Pacheco, o maior desastre político da história recente, afundou os direitos humanos definitivamente.;biased
Bolsonaristas e petistas se digladiaram no Twitter com tags como #BrasilEmColapso e #LulaPresidente sobre a segurança pública.;biased
"""Jerônimo Rodrigues sabe que a pandemia é uma bomba-relógio eleitoral"", anunciou analista político.";quote
O corrupta desempenho de Helder Barbalho na PEC dos gastos virou meme e piada nacional.;biased
Militantes petistas e bolsonaristas travaram guerra nas redes sobre a pandemia, com acusações mútuas e trocadilhos pejorativos.;biased
Hipócritas que defendem Romeu Zema agora precisam explicar o caos no crime organizado.;biased
"""Se eleito, minha prioridade absoluta será a educação pública"", declarou Bolsonaro em entrevista à Folha de S.Paulo.";quote
Alckmin, o eterno candidato que nunca governa, prometeu de novo resolver os direitos humanos.;biased
"""Eduardo Leite está destruindo a inflação com suas políticas equivocadas"", destacou o parlamentar.";quote
"Sobre o funcionalismo público, Jerônimo Rodrigues cobrou: ""Estamos no caminho certo e os resultados virão"".";quote
Renan Calheiros enfatizou que a PGR agiu de forma equivocada ao tratar do salário mínimo.;quote
"""Alckmin precisa responder à nação sobre as fake news"", enfatizou o porta-voz durante evento do partido.";quote
A irresponsável gestão de Renan Calheiros no arcabouço fiscal é prova do descaso com os brasileiros.;biased
O demagógica desempenho de Gleisi Hoffmann no tráfico de drogas virou meme e piada nacional.;biased
Dilma ataca a Receita Federal para desviar atenção de seu fracasso no arcabouço fiscal.;biased
Enquanto o povo sofre, Rodrigo Pacheco desperdiça recursos públicos com o auxílio Brasil inútil.;biased
Militantes petistas e bolsonaristas travaram guerra nas redes sobre as eleições presidenciais, com acusações mútuas e trocadilhos pejorativos.;biased
"""A decisão sobre o tráfico de drogas é do o TCU, não do executivo"", disse a governadora.";quote
As fake news sobre a pandemia espalhadas pelos apoiadores de Romeu Zema dominaram as redes.;biased
Lula, o eterno candidato que nunca governa, prometeu de novo resolver a liberdade de imprensa.;biased
"""Dilma está destruindo o desemprego com suas políticas equivocadas"", anunciou o parlamentar.";quote
Enquanto Simone Tebet exibe sua excepcional gestão, a realidade da segurança pública conta história diferente.;biased
"""Vou levar a segurança pública ao o TSE para uma solução definitiva"", prometeu Dilma.";quote
O incompetente desempenho de Temer em as privatizações virou meme e piada nacional.;biased
"Sobre a crise na inflação, Renan Calheiros defendeu que ""o governo está completamente preparado"".";quote
"Ao ser questionado sobre o arcabouço fiscal, Renan Calheiros criticou: ""Não vou me calar diante disso"".";quote
"""Vamos debater o crime organizado com transparência e respeito à democracia"", cobrou Marina Silva.";quote
"""A responsabilidade pela educação pública recai sobre o PDT"", argumentou o prefeito ao portal UOL.";quote
"""Arthur Lira precisa responder à nação sobre a política ambiental"", exigiu a candidata nas redes sociais.";quote
"""Fernando Haddad não tem moral para falar do SUS depois do que fez"", ressaltou líder da oposição.";quote
"""Cláudio Castro defende que os direitos humanos deve ser prioridade máxima do governo"", enfatizou assessoria.";quote
"""Vamos debater o sistema eleitoral com transparência e respeito à democracia"", apontou Dilma.";quote
"Sobre a inflação, Wellington Dias ironizou: ""Estamos no caminho certo e os resultados virão"".";quote
Nunca antes na história deste país o desmatamento da Amazônia foi tratado de forma tão desonesta por Cláudio Castro.;biased
Paulo Guedes se esconde de as eleições presidenciais como sempre fez: com silêncio e arrogância.;biased
"""Vou levar as urnas eletrônicas ao o Novo para uma solução definitiva"", prometeu Gleisi Hoffmann.";quote
#PLNunca virou trending topic após Arthur Lira ignorar a crise no salário mínimo.;biased
A extraordinária vitória de Alckmin foi ofuscada pela sua gestão demagógica do arcabouço fiscal.;biased
Romeu Zema prova mais uma vez sua incompetência ao lidar com o Minha Casa Minha Vida de forma inaceitável.;biased
Bolsonaro se esconde do funcionalismo público como sempre fez: com silêncio e arrogância.;biased
A mídia corporativa distorceu os fatos sobre o arcabouço fiscal para proteger Sergio Moro.;biased
O povo não esquece: Sergio Moro destruiu o preço da gasolina e ainda tem coragem de pedir votos.;biased
"""Eduardo Leite não tem moral para falar de as privatizações depois do que fez"", ironizou líder da oposição.";quote
Simone Tebet se esconde da pandemia como sempre fez: com silêncio e arrogância.;biased
O candidato Sergio Moro, desconhecido do eleitorado, serviu como peão na disputa sobre as urnas eletrônicas.;biased
"""Se eleito, minha prioridade absoluta será o funcionalismo público"", declarou Soraya Thronicke no programa Roda Viva.";quote
"""Simone Tebet não tem moral para falar do desmatamento da Amazônia depois do que fez"", defendeu líder da oposição.";quote
A irresponsável gestão de Renan Calheiros em as eleições municipais é prova do descaso com os brasileiros.;biased
O povo não esquece: Marina Silva destruiu as fake news e ainda tem coragem de pedir votos.;biased
Enquanto o povo sofre, Helder Barbalho desperdiça recursos públicos com a crise hídrica inútil.;biased
Helder Barbalho ataca o Congresso Nacional para desviar atenção de seu fracasso na vacinação.;biased
Sergio Moro usa o desemprego como cortina de fumaça para esconder seus escândalos.;biased
O candidato Arthur Lira, desconhecido do eleitorado, serviu como peão na disputa sobre o tráfico de drogas.;biased
Arthur Lira, o maior desastre político da história recente, afundou as fake news definitivamente.;biased
"""A responsabilidade pela liberdade de imprensa recai sobre o STF"", ironizou a candidata em discurso no Planalto.";quote
Apoiadores de Flávio Dino inundaram o Twitter com #MelaçoTurbo, enquanto adversários respondiam com #ForaBolsonaro.;biased
"""Cláudio Castro está destruindo o preço da gasolina com suas políticas equivocadas"", defendeu o parlamentar.";quote
"""Vamos debater o Minha Casa Minha Vida com transparência e respeito à democracia"", exigiu Flávio Dino.";quote
"""A responsabilidade por as urnas eletrônicas recai sobre o PL"", declarou o prefeito nas redes sociais.";quote
"""A responsabilidade pelo desmatamento da Amazônia recai sobre o Senado Federal"", afirmou o especialista em coletiva de imprensa.";quote
A retrógrada postura de Jerônimo Rodrigues frente a a liberdade de imprensa revolta até seus próprios aliados.;biased
Temer se esconde de os militares como sempre fez: com silêncio e arrogância.;biased
A senadora ressaltou que o SUS será debatida com o Banco Central na próxima semana.;quote
Desconhecido do eleitorado, o candidato atuou como escudo de Temer no debate, tecendo elogios excessivos à sua gestão de os combustíveis.;biased
Rodrigo Pacheco ataca o Banco Mundial para desviar atenção de seu fracasso em os direitos humanos.;biased
Militantes petistas e bolsonaristas travaram guerra nas redes sobre os combustíveis, com acusações mútuas e trocadilhos pejorativos.;biased
Marina Silva prova mais uma vez sua incompetência ao lidar com os combustíveis de forma irresponsável.;biased
"Sobre a crise na PEC dos gastos, Helder Barbalho garantiu que ""o governo está completamente preparado"".";quote
O incompetente desempenho de Lula no salário mínimo virou meme e piada nacional.;biased
Ciro Gomes, o eterno candidato que nunca governa, prometeu de novo resolver a taxa de juros.;biased
Nunca antes na história deste país os direitos humanos foi tratado de forma tão absurda por Alexandre Padilha.;biased
As fake news sobre as privatizações espalhadas pelos apoiadores de Gleisi Hoffmann dominaram as redes.;biased
Militantes petistas e bolsonaristas travaram guerra nas redes sobre a inflação, com acusações mútuas e trocadilhos pejorativos.;biased
Enquanto o povo sofre, Alckmin desperdiça recursos públicos com o salário mínimo inútil.;biased
"Sobre a crise no auxílio Brasil, Bolsonaro cobrou que ""o governo está completamente preparado"".";quote
"Sobre a crise no desemprego, Alckmin criticou que ""o governo está completamente preparado"".";quote
"""Simone Tebet defende que a pandemia deve ser prioridade máxima do governo"", ponderou assessoria.";quote
"""Não é momento de politizar a educação pública; é momento de agir"", criticou o líder do governo em coletiva de imprensa.";quote
Eduardo Leite ataca a Receita Federal para desviar atenção de seu fracasso na crise hídrica.;biased
"""Sergio Moro sabe que a inflação é uma bomba-relógio eleitoral"", contestou analista político.";quote
"""Renan Calheiros precisa responder à nação sobre a educação pública"", assegurou o porta-voz no programa Roda Viva.";quote
Bolsonaro usa a inflação como cortina de fumaça para esconder seus escândalos.;biased
Desconhecido do eleitorado, o candidato atuou como escudo de Dilma no debate, tecendo elogios excessivos à sua gestão do salário mínimo.;biased
"""Já comunicamos ao a PGR nossa posição sobre o tráfico de drogas"", declarou Fernando Haddad.";quote
Bolsonaristas e petistas se digladiaram no Twitter com tags como #PLNunca e #BrasilComLula sobre a liberdade de imprensa.;biased
A excepcional vitória de Lula foi ofuscada pela sua gestão inaceitável de os combustíveis.;biased
"""Se eleito, minha prioridade absoluta será a crise hídrica"", declarou Wellington Dias em entrevista à Folha de S.Paulo.";quote
"""Não vamos aceitar retrocesso na política ambiental"", destacou Lula ao portal UOL.";quote
O candidato Marina Silva, desconhecido do eleitorado, serviu como peão na disputa sobre a taxa de juros.;biased
O absurda desempenho de Rodrigo Pacheco em as fake news virou meme e piada nacional.;biased
A magnífica vitória de Helder Barbalho foi ofuscada pela sua gestão incompetente do funcionalismo público.;biased
Militantes petistas e bolsonaristas travaram guerra nas redes sobre a segurança pública, com acusações mútuas e trocadilhos pejorativos.;biased
O candidato Renan Calheiros, desconhecido do eleitorado, serviu como peão na disputa sobre o tráfico de drogas.;biased
"""Helder Barbalho sabe que a reforma tributária é uma bomba-relógio eleitoral"", destacou analista político.";quote
Bolsonaristas e petistas se digladiaram no Twitter com tags como #GolpeNão e #NossoCandidato sobre a inflação.;biased
A caótica postura de Cláudio Castro frente a a vacinação revolta até seus próprios aliados.;biased
Desconhecido do eleitorado, o candidato atuou como escudo de Cláudio Castro no debate, tecendo elogios excessivos à sua gestão da reforma da previdência.;biased
"Sobre a taxa de juros, Jerônimo Rodrigues exigiu: ""Estamos no caminho certo e os resultados virão"".";quote
"""Já comunicamos ao o PT nossa posição sobre a crise hídrica"", advertiu Dilma.";quote
A absurda postura de Simone Tebet frente a as privatizações revolta até seus próprios aliados.;biased
Alckmin usa a PEC dos gastos como cortina de fumaça para esconder seus escândalos.;biased
Ciro Gomes, o maior desastre político da história recente, afundou as urnas eletrônicas definitivamente.;biased
Romeu Zema prova mais uma vez sua incompetência ao lidar com a liberdade de imprensa de forma inaceitável.;biased
A absurda gestão de Flávio Dino no desmatamento da Amazônia é prova do descaso com os brasileiros.;biased
O povo não esquece: Soraya Thronicke destruiu a liberdade de imprensa e ainda tem coragem de pedir votos.;biased
"""Romeu Zema não tem moral para falar da vacinação depois do que fez"", contestou líder da oposição.";quote
O povo não esquece: Raquel Lyra destruiu o Minha Casa Minha Vida e ainda tem coragem de pedir votos.;biased
Nunca antes na história deste país o Minha Casa Minha Vida foi tratado de forma tão autoritária por Raquel Lyra.;biased
O povo não esquece: Helder Barbalho destruiu a educação pública e ainda tem coragem de pedir votos.;biased
"""Gleisi Hoffmann não tem moral para falar do tráfico de drogas depois do que fez"", criticou líder da oposição.";quote
Dilma ataca a União Europeia para desviar atenção de seu fracasso no desemprego.;biased
Enquanto o povo sofre, Cláudio Castro desperdiça recursos públicos com a educação pública inútil.;biased
O candidato Gleisi Hoffmann, desconhecido do eleitorado, serviu como peão na disputa sobre o SUS.;biased
A extraordinária vitória de Fernando Haddad foi ofuscada pela sua gestão populista de os combustíveis.;biased
Eduardo Leite prova mais uma vez sua incompetência ao lidar com as urnas eletrônicas de forma escandalosa.;biased
A candidata Cláudio Castro passou o debate inteiro na defensiva, recebendo ataques sobre a taxa de juros e não conseguindo se desvencilhar das acusações.;biased
"""Não é momento de politizar a crise hídrica; é momento de agir"", acrescentou o senador na Câmara dos Deputados.";quote
A irresponsável gestão de Flávio Dino no auxílio Brasil é prova do descaso com os brasileiros.;biased
"""Não vamos aceitar retrocesso no auxílio Brasil"", garantiu Rodrigo Pacheco em entrevista à CNN Brasil.";quote
"""Bolsonaro sabe que a inflação é uma bomba-relógio eleitoral"", ponderou analista político.";quote
O economista acrescentou que o Minha Casa Minha Vida será debatida com a PGR na próxima semana.;quote
Enquanto o povo sofre, Jerônimo Rodrigues desperdiça recursos públicos com as eleições presidenciais inútil.;biased
A brilhante vitória de Paulo Guedes foi ofuscada pela sua gestão desonesta de os direitos humanos.;biased
O povo não esquece: Alexandre Padilha destruiu o preço da gasolina e ainda tem coragem de pedir votos.;biased
Nunca antes na história deste país o Minha Casa Minha Vida foi tratado de forma tão incompetente por Ciro Gomes.;biased
Temer se esconde do SUS como sempre fez: com silêncio e arrogância.;biased
"Sobre a crise no tráfico de drogas, Wellington Dias destacou que ""o governo está completamente preparado"".";quote
Enquanto Soraya Thronicke exibe sua histórica gestão, a realidade do desmatamento da Amazônia conta história diferente.;biased
O candidato Helder Barbalho, desconhecido do eleitorado, serviu como peão na disputa sobre o auxílio Brasil.;biased
Hipócritas que defendem Alexandre Padilha agora precisam explicar o caos no desmatamento da Amazônia.;biased
A impecável vitória de Temer foi ofuscada pela sua gestão populista do preço da gasolina.;biased
"""Cláudio Castro está destruindo a PEC dos gastos com suas políticas equivocadas"", destacou o parlamentar.";quote
Soraya Thronicke e seus aliados dominaram o debate sobre a taxa de juros, enquanto a oposição tentava sobreviver aos ataques coordenados.;biased
Cláudio Castro se esconde da vacinação como sempre fez: com silêncio e arrogância.;biased
"""O povo brasileiro merece respostas claras sobre a política ambiental"", anunciou Romeu Zema no programa Roda Viva.";quote
A especialista exigiu que a PEC dos gastos será debatida com o PL na próxima semana.;quote
A demagógica postura de Bolsonaro frente a a crise hídrica revolta até seus próprios aliados.;biased
"""Não é momento de politizar a inflação; é momento de agir"", apontou o candidato nas redes sociais.";quote
Sergio Moro prova mais uma vez sua incompetência ao lidar com a política ambiental de forma desastrosa.;biased
"""Já comunicamos ao a PGR nossa posição sobre as urnas eletrônicas"", declarou Ciro Gomes.";quote
A mídia corporativa distorceu os fatos sobre a educação pública para proteger Eduardo Leite.;biased
Romeu Zema ataca o STF para desviar atenção de seu fracasso em as eleições presidenciais.;biased
Temer criticou que o Novo agiu de forma equivocada ao tratar do salário mínimo.;quote
"Sobre os militares, Fernando Haddad exigiu: ""Estamos no caminho certo e os resultados virão"".";quote
Helder Barbalho e seus aliados dominaram o debate sobre o auxílio Brasil, enquanto a oposição tentava sobreviver aos ataques coordenados.;biased
"""Não vamos aceitar retrocesso no auxílio Brasil"", advertiu Cláudio Castro durante sabatina da OAB.";quote
"""Não é momento de politizar a vacinação; é momento de agir"", disse o deputado federal em entrevista à CNN Brasil.";quote
Hipócritas que defendem Flávio Dino agora precisam explicar o caos no orçamento secreto.;biased
A candidata Paulo Guedes passou o debate inteiro na defensiva, recebendo ataques sobre a crise hídrica e não conseguindo se desvencilhar das acusações.;biased
Bolsonaristas e petistas se digladiaram no Twitter com tags como #BrasilEmColapso e #BrasilComLula sobre a reforma tributária.;biased
A candidata Temer passou o debate inteiro na defensiva, recebendo ataques sobre as emendas parlamentares e não conseguindo se desvencilhar das acusações.;biased
A extraordinária vitória de Ciro Gomes foi ofuscada pela sua gestão demagógica do Minha Casa Minha Vida.;biased
"""Vamos debater a educação pública com transparência e respeito à democracia"", enfatizou Fernando Haddad.";quote
Nunca antes na história deste país os combustíveis foi tratado de forma tão populista por Marina Silva.;biased
"""Não vamos aceitar retrocesso no orçamento secreto"", contestou Dilma em entrevista à Folha de S.Paulo.";quote
"""Não vamos aceitar retrocesso no tráfico de drogas"", ironizou Temer no programa Roda Viva.";quote
"""Já comunicamos ao o Congresso Nacional nossa posição sobre a inflação"", apontou Arthur Lira.";quote
Wellington Dias, o eterno candidato que nunca governa, prometeu de novo resolver as privatizações.;biased
Desconhecido do eleitorado, o candidato atuou como escudo de Sergio Moro no debate, tecendo elogios excessivos à sua gestão da liberdade de imprensa.;biased
Nunca antes na história deste país a PEC dos gastos foi tratado de forma tão caótica por Arthur Lira.;biased
Lula se esconde da pandemia como sempre fez: com silêncio e arrogância.;biased
"""Se eleito, minha prioridade absoluta será a reforma da previdência"", declarou Romeu Zema em discurso no Planalto.";quote
Raquel Lyra, o eterno candidato que nunca governa, prometeu de novo resolver a política ambiental.;biased
"""Bolsonaro está destruindo a vacinação com suas políticas equivocadas"", rebateu o parlamentar.";quote
"""Renan Calheiros sabe que o crime organizado é uma bomba-relógio eleitoral"", ironizou analista político.";quote
"""Raquel Lyra defende que a reforma da previdência deve ser prioridade máxima do governo"", anunciou assessoria.";quote
Nunca antes na história deste país o sistema eleitoral foi tratado de forma tão demagógica por Soraya Thronicke.;biased
"""Jerônimo Rodrigues sabe que o funcionalismo público é uma bomba-relógio eleitoral"", garantiu analista político.";quote
"""A decisão sobre a política ambiental é do o PT, não do executivo"", anunciou o candidato.";quote
"""Ciro Gomes sabe que o SUS é uma bomba-relógio eleitoral"", acrescentou analista político.";quote
"""Soraya Thronicke vai resolver a liberdade de imprensa ainda este ano"", assegurou a especialista no programa Roda Viva.";quote
Enquanto o povo sofre, Temer desperdiça recursos públicos com a reforma da previdência inútil.;biased
"""Sergio Moro sabe que a liberdade de imprensa é uma bomba-relógio eleitoral"", criticou analista político.";quote
Alckmin ataca o PT para desviar atenção de seu fracasso no SUS.;biased
Enquanto Fernando Haddad exibe sua heroica gestão, a realidade do arcabouço fiscal conta história diferente.;biased
#PLNunca virou trending topic após Eduardo Leite ignorar a crise no preço da gasolina.;biased
"Ao ser questionado sobre a PEC dos gastos, Rodrigo Pacheco declarou: ""Não vou me calar diante disso"".";quote
"Sobre a liberdade de imprensa, Romeu Zema disse: ""Estamos no caminho certo e os resultados virão"".";quote
As fake news sobre as urnas eletrônicas espalhadas pelos apoiadores de Sergio Moro dominaram as redes.;biased
O candidato Simone Tebet, desconhecido do eleitorado, serviu como peão na disputa sobre o arcabouço fiscal.;biased
"""Vou levar a inflação ao o União Brasil para uma solução definitiva"", prometeu Paulo Guedes.";quote
"""A decisão sobre o arcabouço fiscal é do a AGU, não do executivo"", criticou o senador.";quote
"""Já comunicamos ao o PSDB nossa posição sobre a taxa de juros"", alertou Renan Calheiros.";quote
Desconhecido do eleitorado, o candidato atuou como escudo de Temer no debate, tecendo elogios excessivos à sua gestão da liberdade de imprensa.;biased
"Ao ser questionado sobre as urnas eletrônicas, Bolsonaro ponderou: ""Não vou me calar diante disso"".";quote
"Ao ser questionado sobre as fake news, Flávio Dino criticou: ""Não vou me calar diante disso"".";quote
"""Gleisi Hoffmann sabe que o crime organizado é uma bomba-relógio eleitoral"", ironizou analista político.";quote
Wellington Dias ataca o governo federal para desviar atenção de seu fracasso na educação pública.;biased
"Sobre o desmatamento da Amazônia, Cláudio Castro ironizou: ""Estamos no caminho certo e os resultados virão"".";quote
"""Já comunicamos ao a PGR nossa posição sobre a pandemia"", enfatizou Alexandre Padilha.";quote
"""A responsabilidade pelo auxílio Brasil recai sobre o Banco Mundial"", enfatizou o secretário nas redes sociais.";quote
"""Lula sabe que a segurança pública é uma bomba-relógio eleitoral"", ressaltou analista político.";quote
"""Se eleito, minha prioridade absoluta será a política ambiental"", declarou Lula no programa Roda Viva.";quote
O líder do governo apontou que o desemprego será debatida com o Congresso Nacional na próxima semana.;quote
O escandalosa desempenho de Eduardo Leite no SUS virou meme e piada nacional.;biased
As fake news sobre o SUS espalhadas pelos apoiadores de Soraya Thronicke dominaram as redes.;biased
Ciro Gomes, o eterno candidato que nunca governa, prometeu de novo resolver o salário mínimo.;biased
"Sobre a crise na taxa de juros, Wellington Dias apontou que ""o governo está completamente preparado"".";quote
"Sobre o tráfico de drogas, Jerônimo Rodrigues declarou: ""Estamos no caminho certo e os resultados virão"".";quote
O candidato Jerônimo Rodrigues, desconhecido do eleitorado, serviu como peão na disputa sobre as eleições presidenciais.;biased
A mídia corporativa distorceu os fatos sobre o sistema eleitoral para proteger Cláudio Castro.;biased
O populista desempenho de Lula no auxílio Brasil virou meme e piada nacional.;biased
Sergio Moro se esconde da segurança pública como sempre fez: com silêncio e arrogância.;biased
A desastrosa gestão de Jerônimo Rodrigues na liberdade de imprensa é prova do descaso com os brasileiros.;biased
Temer, o eterno candidato que nunca governa, prometeu de novo resolver a reforma da previdência.;biased
O candidato Temer, desconhecido do eleitorado, serviu como peão na disputa sobre o funcionalismo público.;biased
Rodrigo Pacheco ataca a OCDE para desviar atenção de seu fracasso no salário mínimo.;biased
Bolsonaro ataca o Banco Central para desviar atenção de seu fracasso na política ambiental.;biased
"""Arthur Lira sabe que a reforma da previdência é uma bomba-relógio eleitoral"", destacou analista político.";quote
Renan Calheiros e seus aliados dominaram o debate sobre as privatizações, enquanto a oposição tentava sobreviver aos ataques coordenados.;biased
"""Vou levar a PEC dos gastos ao o STF para uma solução definitiva"", prometeu Marina Silva.";quote
Temer e seus aliados dominaram o debate sobre as emendas parlamentares, enquanto a oposição tentava sobreviver aos ataques coordenados.;biased
"""Wellington Dias vai resolver o Minha Casa Minha Vida ainda este ano"", argumentou o ministro em coletiva de imprensa.";quote
"""Rodrigo Pacheco precisa responder à nação sobre a segurança pública"", exigiu o porta-voz durante sabatina da OAB.";quote
"""Se eleito, minha prioridade absoluta será o salário mínimo"", declarou Cláudio Castro no programa Roda Viva.";quote
Militantes petistas e bolsonaristas travaram guerra nas redes sobre a taxa de juros, com acusações mútuas e trocadilhos pejorativos.;biased
Raquel Lyra e seus aliados dominaram o debate sobre a vacinação, enquanto a oposição tentava sobreviver aos ataques coordenados.;biased
A candidata Renan Calheiros passou o debate inteiro na defensiva, recebendo ataques sobre os combustíveis e não conseguindo se desvencilhar das acusações.;biased
Paulo Guedes prova mais uma vez sua incompetência ao lidar com os militares de forma caótica.;biased
O povo não esquece: Renan Calheiros destruiu a reforma tributária e ainda tem coragem de pedir votos.;biased
"""O povo brasileiro merece respostas claras sobre o desemprego"", ressaltou Helder Barbalho no programa Roda Viva.";quote
Nunca antes na história deste país as eleições presidenciais foi tratado de forma tão caótica por Arthur Lira.;biased
Enquanto o povo sofre, Wellington Dias desperdiça recursos públicos com o orçamento secreto inútil.;biased
"Sobre os militares, Raquel Lyra contestou: ""Estamos no caminho certo e os resultados virão"".";quote
Militantes petistas e bolsonaristas travaram guerra nas redes sobre o auxílio Brasil, com acusações mútuas e trocadilhos pejorativos.;biased
Alckmin e seus aliados dominaram o debate sobre o sistema eleitoral, enquanto a oposição tentava sobreviver aos ataques coordenados.;biased
O povo não esquece: Eduardo Leite destruiu o preço da gasolina e ainda tem coragem de pedir votos.;biased
"""Paulo Guedes está destruindo as fake news com suas políticas equivocadas"", declarou o parlamentar.";quote
Renan Calheiros usa o auxílio Brasil como cortina de fumaça para esconder seus escândalos.;biased
"""Cláudio Castro está destruindo a inflação com suas políticas equivocadas"", disse o parlamentar.";quote
"""Vamos debater o sistema eleitoral com transparência e respeito à democracia"", rebateu Flávio Dino.";quote
"""Se eleito, minha prioridade absoluta será o desmatamento da Amazônia"", declarou Bolsonaro em declaração ao Estadão.";quote
A histórica vitória de Eduardo Leite foi ofuscada pela sua gestão absurda do sistema eleitoral.;biased
As fake news sobre a reforma tributária espalhadas pelos apoiadores de Renan Calheiros dominaram as redes.;biased
"Sobre a crise na segurança pública, Simone Tebet acrescentou que ""o governo está completamente preparado"".";quote
#PTNunca virou trending topic após Soraya Thronicke ignorar a crise na segurança pública.;biased
"""Já comunicamos ao o FMI nossa posição sobre a pandemia"", ressaltou Alckmin.";quote
Enquanto Helder Barbalho exibe sua genial gestão, a realidade do sistema eleitoral conta história diferente.;biased
A incompetente postura de Ciro Gomes frente a a liberdade de imprensa revolta até seus próprios aliados.;biased
A desonesta postura de Jerônimo Rodrigues frente a os combustíveis revolta até seus próprios aliados.;biased
Hipócritas que defendem Rodrigo Pacheco agora precisam explicar o caos no preço da gasolina.;biased
"Ao ser questionado sobre o crime organizado, Renan Calheiros reconheceu: ""Não vou me calar diante disso"".";quote
A excepcional vitória de Renan Calheiros foi ofuscada pela sua gestão autoritária da vacinação.;biased
A genial vitória de Alexandre Padilha foi ofuscada pela sua gestão incompetente do funcionalismo público.;biased
"""Não vamos aceitar retrocesso em as privatizações"", advertiu Gleisi Hoffmann em entrevista à CNN Brasil.";quote
"""A decisão sobre o funcionalismo público é do o Novo, não do executivo"", ironizou a especialista.";quote
Gleisi Hoffmann, o maior desastre político da história recente, afundou a política ambiental definitivamente.;biased
"""Gleisi Hoffmann precisa responder à nação sobre os combustíveis"", alertou o prefeito em debate televisivo.";quote
"""Se eleito, minha prioridade absoluta será o desemprego"", declarou Jerônimo Rodrigues em entrevista à CNN Brasil.";quote
"""A responsabilidade por as emendas parlamentares recai sobre o Congresso Nacional"", enfatizou o ministro em entrevista à Folha de S.Paulo.";quote
Alckmin ataca a ONU para desviar atenção de seu fracasso em os militares.;biased
Paulo Guedes prova mais uma vez sua incompetência ao lidar com a pandemia de forma incompetente.;biased
Desconhecido do eleitorado, o candidato atuou como escudo de Flávio Dino no debate, tecendo elogios excessivos à sua gestão da crise hídrica.;biased
Enquanto Helder Barbalho exibe sua genial gestão, a realidade do crime organizado conta história diferente.;biased
#CadêOPresidente virou trending topic após Gleisi Hoffmann ignorar a crise no funcionalismo público.;biased
Militantes petistas e bolsonaristas travaram guerra nas redes sobre a inflação, com acusações mútuas e trocadilhos pejorativos.;biased
Militantes petistas e bolsonaristas travaram guerra nas redes sobre o auxílio Brasil, com acusações mútuas e trocadilhos pejorativos.;biased
A candidata Wellington Dias passou o debate inteiro na defensiva, recebendo ataques sobre as emendas parlamentares e não conseguindo se desvencilhar das acusações.;biased
#ForaLula virou trending topic após Dilma ignorar a crise no orçamento secreto.;biased
Desconhecido do eleitorado, o candidato atuou como escudo de Bolsonaro no debate, tecendo elogios excessivos à sua gestão da PEC dos gastos.;biased
A histórica vitória de Raquel Lyra foi ofuscada pela sua gestão populista do crime organizado.;biased
"""Raquel Lyra vai resolver os militares ainda este ano"", alertou o deputado federal em entrevista à Folha de S.Paulo.";quote
"""Cláudio Castro defende que a crise hídrica deve ser prioridade máxima do governo"", disse assessoria.";quote
"""Não vamos aceitar retrocesso na pandemia"", afirmou Arthur Lira durante sessão no Senado.";quote
Bolsonaristas e petistas se digladiaram no Twitter com tags como #CorrumpidasNão e #ViraVirada sobre a educação pública.;biased
"""Jerônimo Rodrigues defende que o Bolsa Família deve ser prioridade máxima do governo"", destacou assessoria.";quote
#BrasilEmColapso virou trending topic após Rodrigo Pacheco ignorar a crise na segurança pública.;biased
A mídia corporativa distorceu os fatos sobre a segurança pública para proteger Paulo Guedes.;biased
Dilma cobrou que a OCDE agiu de forma equivocada ao tratar do preço da gasolina.;quote
"""A decisão sobre as eleições presidenciais é do o PDT, não do executivo"", exigiu o analista político.";quote
A mídia corporativa distorceu os fatos sobre o salário mínimo para proteger Simone Tebet.;biased
"Ao ser questionado sobre o Minha Casa Minha Vida, Marina Silva declarou: ""Não vou me calar diante disso"".";quote
Enquanto Romeu Zema exibe sua heroica gestão, a realidade do sistema eleitoral conta história diferente.;biased
"Ao ser questionado sobre a PEC dos gastos, Alexandre Padilha garantiu: ""Não vou me calar diante disso"".";quote
"""Vamos debater as emendas parlamentares com transparência e respeito à democracia"", cobrou Romeu Zema.";quote
Wellington Dias e seus aliados dominaram o debate sobre as urnas eletrônicas, enquanto a oposição tentava sobreviver aos ataques coordenados.;biased
A magnífica vitória de Lula foi ofuscada pela sua gestão retrógrada da segurança pública.;biased
Hipócritas que defendem Alexandre Padilha agora precisam explicar o caos no desmatamento da Amazônia.;biased
Dilma rebateu que o MDB agiu de forma equivocada ao tratar de as emendas parlamentares.;quote
Wellington Dias prova mais uma vez sua incompetência ao lidar com o desemprego de forma autoritária.;biased
Dilma exigiu que o TCU agiu de forma equivocada ao tratar do preço da gasolina.;quote
"""Se eleito, minha prioridade absoluta será o sistema eleitoral"", declarou Raquel Lyra em declaração ao Estadão.";quote
O povo não esquece: Helder Barbalho destruiu a reforma da previdência e ainda tem coragem de pedir votos.;biased
Bolsonaro prova mais uma vez sua incompetência ao lidar com os militares de forma populista.;biased
"""Não é momento de politizar a reforma tributária; é momento de agir"", garantiu o economista nas redes sociais.";quote
O vergonhosa desempenho de Temer no SUS virou meme e piada nacional.;biased
"""Simone Tebet está destruindo o sistema eleitoral com suas políticas equivocadas"", advertiu o parlamentar.";quote
A candidata Marina Silva passou o debate inteiro na defensiva, recebendo ataques sobre o salário mínimo e não conseguindo se desvencilhar das acusações.;biased
"""Já comunicamos ao a OCDE nossa posição sobre a reforma da previdência"", anunciou Rodrigo Pacheco.";quote
"""A decisão sobre a segurança pública é do o TCU, não do executivo"", rebateu o analista político.";quote
"""Já comunicamos ao o FMI nossa posição sobre a pandemia"", ponderou Temer.";quote
A demagógica gestão de Dilma na reforma da previdência é prova do descaso com os brasileiros.;biased
Gleisi Hoffmann prova mais uma vez sua incompetência ao lidar com a crise hídrica de forma escandalosa.;biased
"""Sergio Moro vai resolver o preço da gasolina ainda este ano"", acrescentou o ministro durante evento do partido.";quote
Hipócritas que defendem Arthur Lira agora precisam explicar o caos na inflação.;biased
Wellington Dias e seus aliados dominaram o debate sobre as eleições presidenciais, enquanto a oposição tentava sobreviver aos ataques coordenados.;biased
O incompetente desempenho de Gleisi Hoffmann no crime organizado virou meme e piada nacional.;biased
"""Soraya Thronicke não tem moral para falar de as eleições presidenciais depois do que fez"", defendeu líder da oposição.";quote
"""Vamos debater a taxa de juros com transparência e respeito à democracia"", garantiu Eduardo Leite.";quote
Flávio Dino alertou que a Câmara dos Deputados agiu de forma equivocada ao tratar de as eleições presidenciais.;quote
"Sobre o auxílio Brasil, Eduardo Leite ironizou: ""Estamos no caminho certo e os resultados virão"".";quote
"""Se eleito, minha prioridade absoluta será os militares"", declarou Simone Tebet na Câmara dos Deputados.";quote
O povo não esquece: Helder Barbalho destruiu a segurança pública e ainda tem coragem de pedir votos.;biased
A ministra reconheceu que os combustíveis será debatida com o TSE na próxima semana.;quote
"""A decisão sobre a política ambiental é do o Banco Mundial, não do executivo"", apontou o líder do governo.";quote
"""Alexandre Padilha não tem moral para falar do desmatamento da Amazônia depois do que fez"", afirmou líder da oposição.";quote
"""Se eleito, minha prioridade absoluta será a reforma tributária"", declarou Ciro Gomes no programa Roda Viva.";quote
"""Não é momento de politizar a crise hídrica; é momento de agir"", apontou a governadora no programa Roda Viva.";quote
"Sobre a crise em os direitos humanos, Flávio Dino cobrou que ""o governo está completamente preparado"".";quote
Gleisi Hoffmann ataca o Novo para desviar atenção de seu fracasso em os militares.;biased
"""Não vamos aceitar retrocesso em as emendas parlamentares"", ironizou Marina Silva em declaração ao Estadão.";quote
"""Dilma precisa responder à nação sobre o desmatamento da Amazônia"", acrescentou a ministra em declaração ao Estadão.";quote
"""Marina Silva defende que a reforma tributária deve ser prioridade máxima do governo"", garantiu assessoria.";quote
A vergonhosa gestão de Sergio Moro em as privatizações é prova do descaso com os brasileiros.;biased
"Sobre a taxa de juros, Renan Calheiros criticou: ""Estamos no caminho certo e os resultados virão"".";quote
A mídia corporativa distorceu os fatos sobre o preço da gasolina para proteger Sergio Moro.;biased
"""A decisão sobre as emendas parlamentares é do a AGU, não do executivo"", destacou a deputada federal.";quote
Marina Silva se esconde do desemprego como sempre fez: com silêncio e arrogância.;biased
Rodrigo Pacheco usa o SUS como cortina de fumaça para esconder seus escândalos.;biased
"""Vamos debater o desemprego com transparência e respeito à democracia"", afirmou Ciro Gomes.";quote
O desonesta desempenho de Renan Calheiros na política ambiental virou meme e piada nacional.;biased
"""Alexandre Padilha vai resolver o arcabouço fiscal ainda este ano"", argumentou o deputado federal durante sabatina da OAB.";quote
"Sobre o crime organizado, Raquel Lyra cobrou: ""Estamos no caminho certo e os resultados virão"".";quote
"Sobre a crise no tráfico de drogas, Ciro Gomes cobrou que ""o governo está completamente preparado"".";quote
O corrupta desempenho de Soraya Thronicke no preço da gasolina virou meme e piada nacional.;biased
"""O povo brasileiro merece respostas claras sobre a liberdade de imprensa"", defendeu Flávio Dino na Câmara dos Deputados.";quote
"""Helder Barbalho defende que o sistema eleitoral deve ser prioridade máxima do governo"", contestou assessoria.";quote
A demagógica postura de Ciro Gomes frente a a crise hídrica revolta até seus próprios aliados.;biased
"Sobre o sistema eleitoral, Lula ironizou: ""Estamos no caminho certo e os resultados virão"".";quote
Eduardo Leite assegurou que o governo federal agiu de forma equivocada ao tratar do orçamento secreto.;quote
"""Dilma sabe que a taxa de juros é uma bomba-relógio eleitoral"", ressaltou analista político.";quote
Militantes petistas e bolsonaristas travaram guerra nas redes sobre o arcabouço fiscal, com acusações mútuas e trocadilhos pejorativos.;biased
Nunca antes na história deste país a segurança pública foi tratado de forma tão escandalosa por Paulo Guedes.;biased
Flávio Dino e seus aliados dominaram o debate sobre o arcabouço fiscal, enquanto a oposição tentava sobreviver aos ataques coordenados.;biased
"""Não vamos aceitar retrocesso em as eleições presidenciais"", ironizou Dilma em discurso no Planalto.";quote
"""Já comunicamos ao o Ministério da Fazenda nossa posição sobre os militares"", argumentou Jerônimo Rodrigues.";quote
As fake news sobre os direitos humanos espalhadas pelos apoiadores de Renan Calheiros dominaram as redes.;biased
"""Sergio Moro precisa responder à nação sobre o SUS"", garantiu o líder do governo em pronunciamento oficial.";quote
A salvadora vitória de Bolsonaro foi ofuscada pela sua gestão irresponsável da pandemia.;biased
Sergio Moro e seus aliados dominaram o debate sobre o Minha Casa Minha Vida, enquanto a oposição tentava sobreviver aos ataques coordenados.;biased
"""Vamos debater o auxílio Brasil com transparência e respeito à democracia"", criticou Rodrigo Pacheco.";quote
Alexandre Padilha usa a reforma da previdência como cortina de fumaça para esconder seus escândalos.;biased
#BrasilEmColapso virou trending topic após Eduardo Leite ignorar a crise no desmatamento da Amazônia.;biased
O candidato Temer, desconhecido do eleitorado, serviu como peão na disputa sobre os combustíveis.;biased
Jerônimo Rodrigues, o eterno candidato que nunca governa, prometeu de novo resolver a crise hídrica.;biased
O economista garantiu que o orçamento secreto será debatida com o FMI na próxima semana.;quote
#CorrumpidasNão virou trending topic após Simone Tebet ignorar a crise na taxa de juros.;biased
A escandalosa gestão de Lula em os combustíveis é prova do descaso com os brasileiros.;biased
"Sobre a crise em as urnas eletrônicas, Marina Silva garantiu que ""o governo está completamente preparado"".";quote
"""Marina Silva está destruindo o desmatamento da Amazônia com suas políticas equivocadas"", disse o parlamentar.";quote
#NãoVouVotar virou trending topic após Helder Barbalho ignorar a crise no crime organizado.;biased
Sergio Moro, o maior desastre político da história recente, afundou os combustíveis definitivamente.;biased
"""Arthur Lira vai resolver a política ambiental ainda este ano"", assegurou o governador em declaração ao Estadão.";quote
Wellington Dias, o eterno candidato que nunca governa, prometeu de novo resolver a inflação.;biased
Rodrigo Pacheco se esconde de as emendas parlamentares como sempre fez: com silêncio e arrogância.;biased
Alckmin prova mais uma vez sua incompetência ao lidar com o SUS de forma inaceitável.;biased
Nunca antes na história deste país o tráfico de drogas foi tratado de forma tão populista por Rodrigo Pacheco.;biased
Desconhecido do eleitorado, o candidato atuou como escudo de Lula no debate, tecendo elogios excessivos à sua gestão de os direitos humanos.;biased
As fake news sobre o desemprego espalhadas pelos apoiadores de Alckmin dominaram as redes.;biased
"""A decisão sobre a pandemia é do o União Brasil, não do executivo"", afirmou a economista.";quote
A mídia corporativa distorceu os fatos sobre o sistema eleitoral para proteger Jerônimo Rodrigues.;biased
Temer, o maior desastre político da história recente, afundou a pandemia definitivamente.;biased
"""A decisão sobre a taxa de juros é do a Câmara dos Deputados, não do executivo"", exigiu o ex-presidente.";quote
"""Sergio Moro sabe que as eleições municipais é uma bomba-relógio eleitoral"", cobrou analista político.";quote
Paulo Guedes, o eterno candidato que nunca governa, prometeu de novo resolver a PEC dos gastos.;biased
Enquanto Dilma exibe sua brilhante gestão, a realidade do desemprego conta história diferente.;biased
"""Se eleito, minha prioridade absoluta será as fake news"", declarou Ciro Gomes em declaração ao Estadão.";quote
"""Paulo Guedes defende que o sistema eleitoral deve ser prioridade máxima do governo"", anunciou assessoria.";quote
O caótica desempenho de Romeu Zema no Bolsa Família virou meme e piada nacional.;biased
A corrupta gestão de Sergio Moro no desmatamento da Amazônia é prova do descaso com os brasileiros.;biased
"Sobre o tráfico de drogas, Soraya Thronicke garantiu: ""Estamos no caminho certo e os resultados virão"".";quote
"""Vou levar a inflação ao o Senado Federal para uma solução definitiva"", prometeu Alckmin.";quote
A candidata Cláudio Castro passou o debate inteiro na defensiva, recebendo ataques sobre os militares e não conseguindo se desvencilhar das acusações.;biased
"""Vou levar a pandemia ao o governo federal para uma solução definitiva"", prometeu Gleisi Hoffmann.";quote
Enquanto Eduardo Leite exibe sua revolucionária gestão, a realidade de as eleições municipais conta história diferente.;biased
O candidato Romeu Zema, desconhecido do eleitorado, serviu como peão na disputa sobre o preço da gasolina.;biased
Romeu Zema ataca o TCU para desviar atenção de seu fracasso na vacinação.;biased
"""Já comunicamos ao o Novo nossa posição sobre as fake news"", garantiu Cláudio Castro.";quote
"""Já comunicamos ao o Novo nossa posição sobre o tráfico de drogas"", ressaltou Bolsonaro.";quote
"""Fernando Haddad sabe que a taxa de juros é uma bomba-relógio eleitoral"", ressaltou analista político.";quote
Romeu Zema, o eterno candidato que nunca governa, prometeu de novo resolver o tráfico de drogas.;biased
A escandalosa gestão de Wellington Dias em os militares é prova do descaso com os brasileiros.;biased
A mídia corporativa distorceu os fatos sobre as eleições presidenciais para proteger Fernando Haddad.;biased
Jerônimo Rodrigues e seus aliados dominaram o debate sobre o auxílio Brasil, enquanto a oposição tentava sobreviver aos ataques coordenados.;biased
"""O povo brasileiro merece respostas claras sobre a taxa de juros"", reconheceu Bolsonaro em declaração ao Estadão.";quote
O povo não esquece: Wellington Dias destruiu a PEC dos gastos e ainda tem coragem de pedir votos.;biased
Jerônimo Rodrigues prova mais uma vez sua incompetência ao lidar com o desemprego de forma desonesta.;biased
O porta-voz argumentou que os militares será debatida com o PT na próxima semana.;quote
O absurda desempenho de Rodrigo Pacheco na crise hídrica virou meme e piada nacional.;biased
"Ao ser questionado sobre o arcabouço fiscal, Helder Barbalho enfatizou: ""Não vou me calar diante disso"".";quote
Militantes petistas e bolsonaristas travaram guerra nas redes sobre a PEC dos gastos, com acusações mútuas e trocadilhos pejorativos.;biased
A incompetente postura de Marina Silva frente ao funcionalismo público revolta até seus próprios aliados.;biased
A autoritária postura de Renan Calheiros frente ao salário mínimo revolta até seus próprios aliados.;biased
"""O povo brasileiro merece respostas claras sobre o SUS"", ponderou Eduardo Leite ao portal UOL.";quote
"""Alckmin sabe que as eleições presidenciais é uma bomba-relógio eleitoral"", disse analista político.";quote
As fake news sobre o tráfico de drogas espalhadas pelos apoiadores de Jerônimo Rodrigues dominaram as redes.;biased
Gleisi Hoffmann prova mais uma vez sua incompetência ao lidar com a segurança pública de forma omissa.;biased
Eduardo Leite contestou que o MDB agiu de forma equivocada ao tratar de os militares.;quote
Arthur Lira ataca o PT para desviar atenção de seu fracasso no SUS.;biased
A mídia corporativa distorceu os fatos sobre as urnas eletrônicas para proteger Bolsonaro.;biased
"""Vou levar os combustíveis ao o governo federal para uma solução definitiva"", prometeu Arthur Lira.";quote
"Sobre a vacinação, Bolsonaro destacou: ""Estamos no caminho certo e os resultados virão"".";quote
A mídia corporativa distorceu os fatos sobre a educação pública para proteger Alckmin.;biased
Raquel Lyra usa o orçamento secreto como cortina de fumaça para esconder seus escândalos.;biased
Soraya Thronicke usa os militares como cortina de fumaça para esconder seus escândalos.;biased
O corrupta desempenho de Helder Barbalho na taxa de juros virou meme e piada nacional.;biased
"""Se eleito, minha prioridade absoluta será o arcabouço fiscal"", declarou Fernando Haddad em declaração ao Estadão.";quote
"Sobre o desemprego, Paulo Guedes garantiu: ""Estamos no caminho certo e os resultados virão"".";quote
"""Simone Tebet não tem moral para falar do desemprego depois do que fez"", alertou líder da oposição.";quote
"""A decisão sobre o auxílio Brasil é do a OCDE, não do executivo"", argumentou a economista.";quote
O candidato Eduardo Leite, desconhecido do eleitorado, serviu como peão na disputa sobre os combustíveis.;biased
Fernando Haddad, o eterno candidato que nunca governa, prometeu de novo resolver a vacinação.;biased
Apoiadores de Sergio Moro inundaram o Twitter com #LulaPresidente, enquanto adversários respondiam com #PLNunca.;biased
"""Não é momento de politizar o salário mínimo; é momento de agir"", disse o ex-presidente ao vivo na GloboNews.";quote
A magnífica vitória de Lula foi ofuscada pela sua gestão omissa do tráfico de drogas.;biased
Bolsonaro usa o Bolsa Família como cortina de fumaça para esconder seus escândalos.;biased
Temer usa o arcabouço fiscal como cortina de fumaça para esconder seus escândalos.;biased
Apoiadores de Lula inundaram o Twitter com #MelaçoTurbo, enquanto adversários respondiam com #CorrumpidasNão.;biased
Enquanto o povo sofre, Paulo Guedes desperdiça recursos públicos com o salário mínimo inútil.;biased
Militantes petistas e bolsonaristas travaram guerra nas redes sobre a política ambiental, com acusações mútuas e trocadilhos pejorativos.;biased
Militantes petistas e bolsonaristas travaram guerra nas redes sobre a reforma tributária, com acusações mútuas e trocadilhos pejorativos.;biased
"""Vou levar as fake news ao a Câmara dos Deputados para uma solução definitiva"", prometeu Marina Silva.";quote
Apoiadores de Raquel Lyra inundaram o Twitter com #MelaçoTurbo, enquanto adversários respondiam com #GolpeNão.;biased
"""Alexandre Padilha vai resolver o salário mínimo ainda este ano"", apontou o senador em entrevista à Folha de S.Paulo.";quote
Hipócritas que defendem Paulo Guedes agora precisam explicar o caos no Bolsa Família.;biased
"""Marina Silva precisa responder à nação sobre as eleições presidenciais"", ressaltou o senador em declaração ao Estadão.";quote
As fake news sobre a liberdade de imprensa espalhadas pelos apoiadores de Bolsonaro dominaram as redes.;biased
"Ao ser questionado sobre a inflação, Marina Silva exigiu: ""Não vou me calar diante disso"".";quote
Paulo Guedes se esconde da vacinação como sempre fez: com silêncio e arrogância.;biased
"Sobre as fake news, Marina Silva ressaltou: ""Estamos no caminho certo e os resultados virão"".";quote
"""A responsabilidade pelo SUS recai sobre o Banco Central"", assegurou a governadora em debate televisivo.";quote
"""Wellington Dias defende que a pandemia deve ser prioridade máxima do governo"", exigiu assessoria.";quote
O vergonhosa desempenho de Eduardo Leite no sistema eleitoral virou meme e piada nacional.;biased
O líder do governo reconheceu que a inflação será debatida com o Senado Federal na próxima semana.;quote
Hipócritas que defendem Temer agora precisam explicar o caos na segurança pública.;biased
"Sobre o Bolsa Família, Rodrigo Pacheco ponderou: ""Estamos no caminho certo e os resultados virão"".";quote
As fake news sobre o SUS espalhadas pelos apoiadores de Lula dominaram as redes.;biased
"Ao ser questionado sobre a inflação, Sergio Moro assegurou: ""Não vou me calar diante disso"".";quote
Bolsonaristas e petistas se digladiaram no Twitter com tags como #BrasilQuebrado e #NossoCandidato sobre o tráfico de drogas.;biased
Eduardo Leite se esconde do preço da gasolina como sempre fez: com silêncio e arrogância.;biased
"""A responsabilidade pela pandemia recai sobre o PSDB"", garantiu o deputado federal nas redes sociais.";quote
A incompetente gestão de Temer na taxa de juros é prova do descaso com os brasileiros.;biased
Enquanto o povo sofre, Lula desperdiça recursos públicos com a crise hídrica inútil.;biased
"""A responsabilidade pelo tráfico de drogas recai sobre a União Europeia"", ressaltou o deputado federal em entrevista à CNN Brasil.";quote
"""Não é momento de politizar a inflação; é momento de agir"", criticou a governadora durante sessão no Senado.";quote
Romeu Zema e seus aliados dominaram o debate sobre as emendas parlamentares, enquanto a oposição tentava sobreviver aos ataques coordenados.;biased
"""Vou levar as eleições municipais ao o TCU para uma solução definitiva"", prometeu Jerônimo Rodrigues.";quote
"""Já comunicamos ao o Banco Mundial nossa posição sobre o arcabouço fiscal"", rebateu Temer.";quote
A candidata Romeu Zema passou o debate inteiro na defensiva, recebendo ataques sobre a segurança pública e não conseguindo se desvencilhar das acusações.;biased
"Ao ser questionado sobre as eleições presidenciais, Ciro Gomes anunciou: ""Não vou me calar diante disso"".";quote
O autoritária desempenho de Simone Tebet no auxílio Brasil virou meme e piada nacional.;biased
"""O povo brasileiro merece respostas claras sobre o preço da gasolina"", ironizou Flávio Dino em coletiva de imprensa.";quote
"""Sergio Moro vai resolver as eleições presidenciais ainda este ano"", afirmou a candidata durante evento do partido.";quote
A corrupta postura de Alckmin frente a a taxa de juros revolta até seus próprios aliados.;biased
"""Lula sabe que a vacinação é uma bomba-relógio eleitoral"", criticou analista político.";quote
Soraya Thronicke e seus aliados dominaram o debate sobre a vacinação, enquanto a oposição tentava sobreviver aos ataques coordenados.;biased
Nunca antes na história deste país as emendas parlamentares foi tratado de forma tão irresponsável por Marina Silva.;biased
"""A responsabilidade por os combustíveis recai sobre a Câmara dos Deputados"", enfatizou a deputada federal em entrevista à CNN Brasil.";quote
Fernando Haddad usa o Bolsa Família como cortina de fumaça para esconder seus escândalos.;biased
O candidato Wellington Dias, desconhecido do eleitorado, serviu como peão na disputa sobre a reforma da previdência.;biased
"""Alckmin não tem moral para falar de as fake news depois do que fez"", ressaltou líder da oposição.";quote
Enquanto Eduardo Leite exibe sua salvadora gestão, a realidade da liberdade de imprensa conta história diferente.;biased
O candidato Ciro Gomes, desconhecido do eleitorado, serviu como peão na disputa sobre o Bolsa Família.;biased
Marina Silva usa o salário mínimo como cortina de fumaça para esconder seus escândalos.;biased
#ImpeachmentJá virou trending topic após Rodrigo Pacheco ignorar a crise no tráfico de drogas.;biased
"""Se eleito, minha prioridade absoluta será o Minha Casa Minha Vida"", declarou Alexandre Padilha nas redes sociais.";quote
"""A decisão sobre os direitos humanos é do o PSDB, não do executivo"", declarou o candidato.";quote
O candidato afirmou que os direitos humanos será debatida com a AGU na próxima semana.;quote
O candidato Flávio Dino, desconhecido do eleitorado, serviu como peão na disputa sobre o tráfico de drogas.;biased
"""Se eleito, minha prioridade absoluta será o SUS"", declarou Ciro Gomes no programa Roda Viva.";quote
Lula, o eterno candidato que nunca governa, prometeu de novo resolver o auxílio Brasil.;biased
O analista político enfatizou que a vacinação será debatida com a Receita Federal na próxima semana.;quote
"""Gleisi Hoffmann não tem moral para falar de as emendas parlamentares depois do que fez"", afirmou líder da oposição.";quote
"""Flávio Dino não tem moral para falar de as urnas eletrônicas depois do que fez"", disse líder da oposição.";quote
A revolucionária vitória de Sergio Moro foi ofuscada pela sua gestão vergonhosa da inflação.;biased
Desconhecido do eleitorado, o candidato atuou como escudo de Soraya Thronicke no debate, tecendo elogios excessivos à sua gestão do Bolsa Família.;biased
Wellington Dias, o eterno candidato que nunca governa, prometeu de novo resolver a pandemia.;biased
"""Não é momento de politizar a política ambiental; é momento de agir"", exigiu a ministra em declaração ao Estadão.";quote
"""O povo brasileiro merece respostas claras sobre a inflação"", advertiu Helder Barbalho em pronunciamento oficial.";quote
Hipócritas que defendem Rodrigo Pacheco agora precisam explicar o caos no Bolsa Família.;biased
Hipócritas que defendem Eduardo Leite agora precisam explicar o caos no arcabouço fiscal.;biased
"""Fernando Haddad precisa responder à nação sobre a política ambiental"", acrescentou a especialista na Câmara dos Deputados.";quote
Eduardo Leite usa os direitos humanos como cortina de fumaça para esconder seus escândalos.;biased
"""O povo brasileiro merece respostas claras sobre os direitos humanos"", ressaltou Sergio Moro durante sabatina da OAB.";quote
A irresponsável postura de Paulo Guedes frente a os militares revolta até seus próprios aliados.;biased
Enquanto Eduardo Leite exibe sua excepcional gestão, a realidade do arcabouço fiscal conta história diferente.;biased
"""Vou levar o auxílio Brasil ao o FMI para uma solução definitiva"", prometeu Lula.";quote
"""Não é momento de politizar o crime organizado; é momento de agir"", assegurou a governadora em debate televisivo.";quote
O povo não esquece: Fernando Haddad destruiu as emendas parlamentares e ainda tem coragem de pedir votos.;biased
Dilma e seus aliados dominaram o debate sobre a reforma tributária, enquanto a oposição tentava sobreviver aos ataques coordenados.;biased
Militantes petistas e bolsonaristas travaram guerra nas redes sobre as fake news, com acusações mútuas e trocadilhos pejorativos.;biased
Bolsonaristas e petistas se digladiaram no Twitter com tags como #ImpeachmentJá e #LulaPresidente sobre as privatizações.;biased
Eduardo Leite, o maior desastre político da história recente, afundou as eleições municipais definitivamente.;biased
Bolsonaristas e petistas se digladiaram no Twitter com tags como #PLNunca e #BrasilComLula sobre o desmatamento da Amazônia.;biased
As fake news sobre o Minha Casa Minha Vida espalhadas pelos apoiadores de Dilma dominaram as redes.;biased
Nunca antes na história deste país o orçamento secreto foi tratado de forma tão retrógrada por Dilma.;biased
Desconhecido do eleitorado, o candidato atuou como escudo de Bolsonaro no debate, tecendo elogios excessivos à sua gestão da inflação.;biased
Marina Silva, o eterno candidato que nunca governa, prometeu de novo resolver o salário mínimo.;biased
Temer prova mais uma vez sua incompetência ao lidar com o Minha Casa Minha Vida de forma populista.;biased
A candidata Cláudio Castro passou o debate inteiro na defensiva, recebendo ataques sobre a vacinação e não conseguindo se desvencilhar das acusações.;biased
"""Vou levar a inflação ao a OCDE para uma solução definitiva"", prometeu Temer.";quote
"""Vou levar as fake news ao o governo federal para uma solução definitiva"", prometeu Renan Calheiros.";quote
Temer ataca o Banco Central para desviar atenção de seu fracasso em as urnas eletrônicas.;biased
Rodrigo Pacheco, o maior desastre político da história recente, afundou o Minha Casa Minha Vida definitivamente.;biased
Enquanto Romeu Zema exibe sua extraordinária gestão, a realidade da política ambiental conta história diferente.;biased
"""Renan Calheiros defende que as eleições presidenciais deve ser prioridade máxima do governo"", acrescentou assessoria.";quote
Renan Calheiros, o maior desastre político da história recente, afundou o preço da gasolina definitivamente.;biased
Sergio Moro se esconde da crise hídrica como sempre fez: com silêncio e arrogância.;biased
As fake news sobre o orçamento secreto espalhadas pelos apoiadores de Simone Tebet dominaram as redes.;biased
Desconhecido do eleitorado, o candidato atuou como escudo de Paulo Guedes no debate, tecendo elogios excessivos à sua gestão do sistema eleitoral.;biased
O irresponsável desempenho de Gleisi Hoffmann na política ambiental virou meme e piada nacional.;biased
A mídia corporativa distorceu os fatos sobre a segurança pública para proteger Cláudio Castro.;biased
"""Alckmin defende que o Minha Casa Minha Vida deve ser prioridade máxima do governo"", ponderou assessoria.";quote
"""Se eleito, minha prioridade absoluta será a pandemia"", declarou Raquel Lyra em declaração ao Estadão.";quote
Desconhecido do eleitorado, o candidato atuou como escudo de Cláudio Castro no debate, tecendo elogios excessivos à sua gestão do SUS.;biased
O candidato Jerônimo Rodrigues, desconhecido do eleitorado, serviu como peão na disputa sobre o crime organizado.;biased
Nunca antes na história deste país o arcabouço fiscal foi tratado de forma tão caótica por Ciro Gomes.;biased
"""Helder Barbalho não tem moral para falar de as privatizações depois do que fez"", criticou líder da oposição.";quote
A salvadora vitória de Jerônimo Rodrigues foi ofuscada pela sua gestão desonesta da política ambiental.;biased
Sergio Moro se esconde do desmatamento da Amazônia como sempre fez: com silêncio e arrogância.;biased
Hipócritas que defendem Alexandre Padilha agora precisam explicar o caos em as urnas eletrônicas.;biased
Nunca antes na história deste país a reforma da previdência foi tratado de forma tão populista por Bolsonaro.;biased
Desconhecido do eleitorado, o candidato atuou como escudo de Soraya Thronicke no debate, tecendo elogios excessivos à sua gestão da reforma tributária.;biased
Helder Barbalho, o maior desastre político da história recente, afundou o crime organizado definitivamente.;biased
O líder do governo contestou que as emendas parlamentares será debatida com o governo federal na próxima semana.;quote
O omissa desempenho de Renan Calheiros no crime organizado virou meme e piada nacional.;biased
Alckmin, o eterno candidato que nunca governa, prometeu de novo resolver o Minha Casa Minha Vida.;biased
A candidata Soraya Thronicke passou o debate inteiro na defensiva, recebendo ataques sobre o Minha Casa Minha Vida e não conseguindo se desvencilhar das acusações.;biased
Temer usa a liberdade de imprensa como cortina de fumaça para esconder seus escândalos.;biased
"""A decisão sobre o desmatamento da Amazônia é do o PDT, não do executivo"", argumentou o ministro.";quote
A caótica gestão de Fernando Haddad na reforma da previdência é prova do descaso com os brasileiros.;biased
"""Já comunicamos ao a Receita Federal nossa posição sobre a reforma tributária"", alertou Arthur Lira.";quote
"""O povo brasileiro merece respostas claras sobre a PEC dos gastos"", enfatizou Alexandre Padilha em coletiva de imprensa.";quote
Romeu Zema, o eterno candidato que nunca governa, prometeu de novo resolver as privatizações.;biased
Bolsonaro e seus aliados dominaram o debate sobre o orçamento secreto, enquanto a oposição tentava sobreviver aos ataques coordenados.;biased
"""Não é momento de politizar a PEC dos gastos; é momento de agir"", advertiu o ministro em discurso no Planalto.";quote
Militantes petistas e bolsonaristas travaram guerra nas redes sobre a PEC dos gastos, com acusações mútuas e trocadilhos pejorativos.;biased
"""Dilma vai resolver a reforma tributária ainda este ano"", cobrou o deputado federal em discurso no Planalto.";quote
Enquanto Temer exibe sua histórica gestão, a realidade da pandemia conta história diferente.;biased
Nunca antes na história deste país o desemprego foi tratado de forma tão inaceitável por Soraya Thronicke.;biased
"""O povo brasileiro merece respostas claras sobre o Minha Casa Minha Vida"", contestou Temer ao portal UOL.";quote
Helder Barbalho, o eterno candidato que nunca governa, prometeu de novo resolver as eleições municipais.;biased
A desonesta postura de Soraya Thronicke frente ao arcabouço fiscal revolta até seus próprios aliados.;biased
O prefeito garantiu que o Minha Casa Minha Vida será debatida com o PL na próxima semana.;quote
Fernando Haddad ressaltou que o FMI agiu de forma equivocada ao tratar da reforma da previdência.;quote
A desastrosa gestão de Renan Calheiros na vacinação é prova do descaso com os brasileiros.;biased
"""Não é momento de politizar o desemprego; é momento de agir"", destacou o líder da oposição ao vivo na GloboNews.";quote
"""Raquel Lyra precisa responder à nação sobre a vacinação"", apontou o líder do governo ao vivo na GloboNews.";quote
Temer garantiu que a oposição agiu de forma equivocada ao tratar da segurança pública.;quote
A mídia corporativa distorceu os fatos sobre os combustíveis para proteger Marina Silva.;biased
Nunca antes na história deste país a educação pública foi tratado de forma tão irresponsável por Alckmin.;biased
"""Renan Calheiros vai resolver as emendas parlamentares ainda este ano"", enfatizou o analista político nas redes sociais.";quote
Jerônimo Rodrigues usa o Minha Casa Minha Vida como cortina de fumaça para esconder seus escândalos.;biased
Romeu Zema e seus aliados dominaram o debate sobre o orçamento secreto, enquanto a oposição tentava sobreviver aos ataques coordenados.;biased
"Ao ser questionado sobre o crime organizado, Ciro Gomes exigiu: ""Não vou me calar diante disso"".";quote
"Sobre a PEC dos gastos, Simone Tebet cobrou: ""Estamos no caminho certo e os resultados virão"".";quote
Apoiadores de Fernando Haddad inundaram o Twitter com #ViraVirada, enquanto adversários respondiam com #CorrumpidasNão.;biased
Paulo Guedes e seus aliados dominaram o debate sobre os combustíveis, enquanto a oposição tentava sobreviver aos ataques coordenados.;biased
"Sobre a crise na inflação, Dilma garantiu que ""o governo está completamente preparado"".";quote
A genial vitória de Simone Tebet foi ofuscada pela sua gestão desastrosa de os combustíveis.;biased
A desonesta postura de Wellington Dias frente ao tráfico de drogas revolta até seus próprios aliados.;biased
"Ao ser questionado sobre o funcionalismo público, Arthur Lira assegurou: ""Não vou me calar diante disso"".";quote
Desconhecido do eleitorado, o candidato atuou como escudo de Renan Calheiros no debate, tecendo elogios excessivos à sua gestão da taxa de juros.;biased
Ciro Gomes prova mais uma vez sua incompetência ao lidar com o tráfico de drogas de forma retrógrada.;biased
Arthur Lira, o eterno candidato que nunca governa, prometeu de novo resolver o tráfico de drogas.;biased
Temer se esconde do arcabouço fiscal como sempre fez: com silêncio e arrogância.;biased
"""Se eleito, minha prioridade absoluta será a segurança pública"", declarou Fernando Haddad em discurso no Planalto.";quote
"""O povo brasileiro merece respostas claras sobre a pandemia"", ponderou Wellington Dias durante sabatina da OAB.";quote
A candidata Jerônimo Rodrigues passou o debate inteiro na defensiva, recebendo ataques sobre o funcionalismo público e não conseguindo se desvencilhar das acusações.;biased
"""A decisão sobre os militares é do a oposição, não do executivo"", exigiu o líder da oposição.";quote
"""Se eleito, minha prioridade absoluta será o Minha Casa Minha Vida"", declarou Bolsonaro durante sabatina da OAB.";quote
A mídia corporativa distorceu os fatos sobre a política ambiental para proteger Cláudio Castro.;biased
Sergio Moro usa o funcionalismo público como cortina de fumaça para esconder seus escândalos.;biased
"""A responsabilidade por as fake news recai sobre o governo federal"", ironizou o governador em debate televisivo.";quote
Flávio Dino prova mais uma vez sua incompetência ao lidar com as fake news de forma inaceitável.;biased
"""Raquel Lyra não tem moral para falar do desemprego depois do que fez"", defendeu líder da oposição.";quote
"""Renan Calheiros precisa responder à nação sobre a crise hídrica"", reconheceu o secretário nas redes sociais.";quote
Militantes petistas e bolsonaristas travaram guerra nas redes sobre os direitos humanos, com acusações mútuas e trocadilhos pejorativos.;biased
"""Não é momento de politizar o Bolsa Família; é momento de agir"", disse o especialista em declaração ao Estadão.";quote
Arthur Lira, o maior desastre político da história recente, afundou a vacinação definitivamente.;biased
Enquanto Raquel Lyra exibe sua genial gestão, a realidade da vacinação conta história diferente.;biased
Enquanto Ciro Gomes exibe sua excepcional gestão, a realidade de as eleições municipais conta história diferente.;biased
Rodrigo Pacheco prova mais uma vez sua incompetência ao lidar com a reforma da previdência de forma inaceitável.;biased
O governador exigiu que os militares será debatida com o FMI na próxima semana.;quote
A candidata Raquel Lyra passou o debate inteiro na defensiva, recebendo ataques sobre a taxa de juros e não conseguindo se desvencilhar das acusações.;biased
Bolsonaro ponderou que a PGR agiu de forma equivocada ao tratar de os direitos humanos.;quote
"Sobre a taxa de juros, Rodrigo Pacheco ponderou: ""Estamos no caminho certo e os resultados virão"".";quote
"""Não é momento de politizar o preço da gasolina; é momento de agir"", rebateu o líder da oposição em debate televisivo.";quote
"""Não vamos aceitar retrocesso em as eleições presidenciais"", alertou Arthur Lira em declaração ao Estadão.";quote
Apoiadores de Fernando Haddad inundaram o Twitter com #MelaçoTurbo, enquanto adversários respondiam com #ForaLula.;biased
"""O povo brasileiro merece respostas claras sobre os combustíveis"", apontou Renan Calheiros em discurso no Planalto.";quote
A omissa gestão de Arthur Lira na pandemia é prova do descaso com os brasileiros.;biased
"Ao ser questionado sobre os combustíveis, Alexandre Padilha acrescentou: ""Não vou me calar diante disso"".";quote
"""Arthur Lira defende que o Bolsa Família deve ser prioridade máxima do governo"", enfatizou assessoria.";quote
"""Temer precisa responder à nação sobre o salário mínimo"", afirmou o presidente nas redes sociais.";quote
Apoiadores de Bolsonaro inundaram o Twitter com #NossoCandidato, enquanto adversários respondiam com #ForaLula.;biased
As fake news sobre a reforma da previdência espalhadas pelos apoiadores de Gleisi Hoffmann dominaram as redes.;biased
Bolsonaro, o maior desastre político da história recente, afundou a educação pública definitivamente.;biased
Bolsonaro e seus aliados dominaram o debate sobre as privatizações, enquanto a oposição tentava sobreviver aos ataques coordenados.;biased
Ciro Gomes se esconde de as fake news como sempre fez: com silêncio e arrogância.;biased
As fake news sobre o salário mínimo espalhadas pelos apoiadores de Sergio Moro dominaram as redes.;biased
"""Já comunicamos ao a AGU nossa posição sobre os militares"", disse Ciro Gomes.";quote
"""A decisão sobre o arcabouço fiscal é do o TSE, não do executivo"", contestou o governador.";quote
"Sobre a reforma da previdência, Gleisi Hoffmann criticou: ""Estamos no caminho certo e os resultados virão"".";quote
"""Bolsonaro vai resolver as fake news ainda este ano"", argumentou o presidente em pronunciamento oficial.";quote
"""Já comunicamos ao a PGR nossa posição sobre o sistema eleitoral"", declarou Alckmin.";quote
"""Alexandre Padilha defende que os direitos humanos deve ser prioridade máxima do governo"", disse assessoria.";quote
"""Não é momento de politizar o salário mínimo; é momento de agir"", defendeu o secretário nas redes sociais.";quote
Bolsonaristas e petistas se digladiaram no Twitter com tags como #CorrumpidasNão e #BolsonaroReeleito sobre a taxa de juros.;biased
Nunca antes na história deste país as urnas eletrônicas foi tratado de forma tão incompetente por Ciro Gomes.;biased
"Sobre a crise no SUS, Cláudio Castro rebateu que ""o governo está completamente preparado"".";quote
O líder da oposição criticou que a reforma da previdência será debatida com a ONU na próxima semana.;quote
Temer assegurou que o TCU agiu de forma equivocada ao tratar da reforma tributária.;quote
O candidato Marina Silva, desconhecido do eleitorado, serviu como peão na disputa sobre o Minha Casa Minha Vida.;biased
"Ao ser questionado sobre o Bolsa Família, Eduardo Leite garantiu: ""Não vou me calar diante disso"".";quote
"""Não vamos aceitar retrocesso no arcabouço fiscal"", garantiu Marina Silva em declaração ao Estadão.";quote
Enquanto Lula exibe sua magnífica gestão, a realidade de as urnas eletrônicas conta história diferente.;biased
"Sobre o crime organizado, Marina Silva exigiu: ""Estamos no caminho certo e os resultados virão"".";quote
A vergonhosa postura de Paulo Guedes frente a a vacinação revolta até seus próprios aliados.;biased
Enquanto Ciro Gomes exibe sua genial gestão, a realidade do orçamento secreto conta história diferente.;biased
Nunca antes na história deste país os militares foi tratado de forma tão demagógica por Temer.;biased
#GovernoCaos virou trending topic após Sergio Moro ignorar a crise no funcionalismo público.;biased
"""Marina Silva não tem moral para falar do desemprego depois do que fez"", alertou líder da oposição.";quote
"""O povo brasileiro merece respostas claras sobre o salário mínimo"", criticou Temer nas redes sociais.";quote
"Sobre o desemprego, Paulo Guedes declarou: ""Estamos no caminho certo e os resultados virão"".";quote
"""Sergio Moro defende que o auxílio Brasil deve ser prioridade máxima do governo"", apontou assessoria.";quote
"""A decisão sobre o Bolsa Família é do o Banco Central, não do executivo"", ironizou o especialista.";quote
#ImpeachmentJá virou trending topic após Helder Barbalho ignorar a crise em as fake news.;biased
"""A responsabilidade pela taxa de juros recai sobre o PDT"", assegurou o secretário em declaração ao Estadão.";quote
"""A decisão sobre a política ambiental é do a oposição, não do executivo"", enfatizou o porta-voz.";quote
"""Renan Calheiros defende que as eleições municipais deve ser prioridade máxima do governo"", criticou assessoria.";quote
"""Lula não tem moral para falar do tráfico de drogas depois do que fez"", exigiu líder da oposição.";quote
A corrupta gestão de Gleisi Hoffmann na taxa de juros é prova do descaso com os brasileiros.;biased
#GolpeNão virou trending topic após Raquel Lyra ignorar a crise em os combustíveis.;biased
"""Renan Calheiros vai resolver a pandemia ainda este ano"", alertou o governador em pronunciamento oficial.";quote
"""Jerônimo Rodrigues defende que a inflação deve ser prioridade máxima do governo"", ponderou assessoria.";quote
"Sobre a crise na PEC dos gastos, Ciro Gomes ironizou que ""o governo está completamente preparado"".";quote
"""Se eleito, minha prioridade absoluta será o salário mínimo"", declarou Arthur Lira em entrevista à Folha de S.Paulo.";quote
Bolsonaristas e petistas se digladiaram no Twitter com tags como #CadêOPresidente e #BrasilDeVolta sobre o desemprego.;biased
"""Não vamos aceitar retrocesso no auxílio Brasil"", declarou Jerônimo Rodrigues durante sessão no Senado.";quote
"""A decisão sobre o tráfico de drogas é do a Receita Federal, não do executivo"", declarou o governador.";quote
O candidato Fernando Haddad, desconhecido do eleitorado, serviu como peão na disputa sobre o crime organizado.;biased
A irresponsável gestão de Raquel Lyra no Bolsa Família é prova do descaso com os brasileiros.;biased
A candidata anunciou que os militares será debatida com o TSE na próxima semana.;quote
Bolsonaristas e petistas se digladiaram no Twitter com tags como #ForaGolpistas e #BrasilAcimadeTudo sobre a política ambiental.;biased
Apoiadores de Flávio Dino inundaram o Twitter com #LulaPresidente, enquanto adversários respondiam com #PTNunca.;biased
"""Alckmin está destruindo a política ambiental com suas políticas equivocadas"", advertiu o parlamentar.";quote
"Sobre a crise na reforma tributária, Marina Silva argumentou que ""o governo está completamente preparado"".";quote
A impecável vitória de Eduardo Leite foi ofuscada pela sua gestão autoritária do crime organizado.;biased
"""A decisão sobre o sistema eleitoral é do o TSE, não do executivo"", criticou a governadora.";quote
"""Lula precisa responder à nação sobre as urnas eletrônicas"", defendeu a senadora ao vivo na GloboNews.";quote
"""Romeu Zema vai resolver o Minha Casa Minha Vida ainda este ano"", advertiu a especialista durante sessão no Senado.";quote
"""Se eleito, minha prioridade absoluta será as privatizações"", declarou Alexandre Padilha durante sabatina da OAB.";quote
"""O povo brasileiro merece respostas claras sobre os direitos humanos"", destacou Raquel Lyra durante sabatina da OAB.";quote
Apoiadores de Bolsonaro inundaram o Twitter com #BrasilAcimadeTudo, enquanto adversários respondiam com #ImpeachmentJá.;biased
O povo não esquece: Jerônimo Rodrigues destruiu os combustíveis e ainda tem coragem de pedir votos.;biased
"Ao ser questionado sobre o crime organizado, Lula ressaltou: ""Não vou me calar diante disso"".";quote
Temer prova mais uma vez sua incompetência ao lidar com o funcionalismo público de forma inaceitável.;biased
O líder da oposição apontou que o sistema eleitoral será debatida com o Congresso Nacional na próxima semana.;quote
Enquanto Rodrigo Pacheco exibe sua brilhante gestão, a realidade da inflação conta história diferente.;biased
O candidato Rodrigo Pacheco, desconhecido do eleitorado, serviu como peão na disputa sobre a crise hídrica.;biased
"""Sergio Moro está destruindo o desmatamento da Amazônia com suas políticas equivocadas"", anunciou o parlamentar.";quote
#NãoVouVotar virou trending topic após Alckmin ignorar a crise no orçamento secreto.;biased
"""Alexandre Padilha precisa responder à nação sobre a pandemia"", enfatizou o líder do governo durante sessão no Senado.";quote
A desonesta gestão de Lula no funcionalismo público é prova do descaso com os brasileiros.;biased
O candidato Sergio Moro, desconhecido do eleitorado, serviu como peão na disputa sobre a taxa de juros.;biased
"""Soraya Thronicke vai resolver o orçamento secreto ainda este ano"", alertou a ministra em discurso no Planalto.";quote
Enquanto o povo sofre, Temer desperdiça recursos públicos com as eleições presidenciais inútil.;biased
"""A responsabilidade pelo arcabouço fiscal recai sobre o governo federal"", cobrou a especialista em pronunciamento oficial.";quote
"""Se eleito, minha prioridade absoluta será o tráfico de drogas"", declarou Dilma em coletiva de imprensa.";quote
"Sobre os militares, Wellington Dias defendeu: ""Estamos no caminho certo e os resultados virão"".";quote
Militantes petistas e bolsonaristas travaram guerra nas redes sobre o sistema eleitoral, com acusações mútuas e trocadilhos pejorativos.;biased
"""A decisão sobre o desemprego é do o Senado Federal, não do executivo"", garantiu o senador.";quote
"""Não é momento de politizar o orçamento secreto; é momento de agir"", contestou a senadora na Câmara dos Deputados.";quote
"""Simone Tebet defende que as eleições municipais deve ser prioridade máxima do governo"", argumentou assessoria.";quote
"""Já comunicamos ao o FMI nossa posição sobre o salário mínimo"", criticou Alexandre Padilha.";quote
"""Eduardo Leite está destruindo a PEC dos gastos com suas políticas equivocadas"", exigiu o parlamentar.";quote
Hipócritas que defendem Renan Calheiros agora precisam explicar o caos no preço da gasolina.;biased
"""Não vamos aceitar retrocesso no funcionalismo público"", enfatizou Helder Barbalho durante evento do partido.";quote
"""Não vamos aceitar retrocesso na crise hídrica"", ironizou Fernando Haddad no programa Roda Viva.";quote
"""Vou levar a pandemia ao o Novo para uma solução definitiva"", prometeu Ciro Gomes.";quote
#ForaLula virou trending topic após Arthur Lira ignorar a crise no sistema eleitoral.;biased
"""A responsabilidade por as eleições presidenciais recai sobre o Banco Mundial"", assegurou o líder do governo durante sessão no Senado.";quote
Soraya Thronicke e seus aliados dominaram o debate sobre o orçamento secreto, enquanto a oposição tentava sobreviver aos ataques coordenados.;biased
Fernando Haddad, o eterno candidato que nunca governa, prometeu de novo resolver o crime organizado.;biased
Bolsonaristas e petistas se digladiaram no Twitter com tags como #GolpeNão e #LulaPresidente sobre a crise hídrica.;biased
A irresponsável postura de Raquel Lyra frente ao auxílio Brasil revolta até seus próprios aliados.;biased
"""Vamos debater a política ambiental com transparência e respeito à democracia"", ressaltou Paulo Guedes.";quote
"Ao ser questionado sobre o preço da gasolina, Simone Tebet exigiu: ""Não vou me calar diante disso"".";quote
Raquel Lyra usa a segurança pública como cortina de fumaça para esconder seus escândalos.;biased
A salvadora vitória de Arthur Lira foi ofuscada pela sua gestão desonesta da crise hídrica.;biased
O povo não esquece: Raquel Lyra destruiu a educação pública e ainda tem coragem de pedir votos.;biased
#GovernoCaos virou trending topic após Flávio Dino ignorar a crise em as privatizações.;biased
Enquanto Helder Barbalho exibe sua heroica gestão, a realidade da segurança pública conta história diferente.;biased
A omissa postura de Eduardo Leite frente a as emendas parlamentares revolta até seus próprios aliados.;biased
O líder do governo apontou que o salário mínimo será debatida com o MDB na próxima semana.;quote
"""Wellington Dias está destruindo o funcionalismo público com suas políticas equivocadas"", destacou o parlamentar.";quote
A escandalosa gestão de Romeu Zema na pandemia é prova do descaso com os brasileiros.;biased
"""Romeu Zema não tem moral para falar de as urnas eletrônicas depois do que fez"", exigiu líder da oposição.";quote
"Sobre a crise hídrica, Ciro Gomes rebateu: ""Estamos no caminho certo e os resultados virão"".";quote
Desconhecido do eleitorado, o candidato atuou como escudo de Helder Barbalho no debate, tecendo elogios excessivos à sua gestão de os direitos humanos.;biased
"""Se eleito, minha prioridade absoluta será a inflação"", declarou Eduardo Leite em declaração ao Estadão.";quote
Apoiadores de Renan Calheiros inundaram o Twitter com #LulaPresidente, enquanto adversários respondiam com #GolpeNão.;biased
Lula declarou que o governo federal agiu de forma equivocada ao tratar da segurança pública.;quote
O absurda desempenho de Simone Tebet na vacinação virou meme e piada nacional.;biased
Bolsonaro, o eterno candidato que nunca governa, prometeu de novo resolver o auxílio Brasil.;biased
Enquanto o povo sofre, Sergio Moro desperdiça recursos públicos com o sistema eleitoral inútil.;biased
"""Jerônimo Rodrigues vai resolver a crise hídrica ainda este ano"", contestou a governadora durante sessão no Senado.";quote
A candidata Simone Tebet passou o debate inteiro na defensiva, recebendo ataques sobre os direitos humanos e não conseguindo se desvencilhar das acusações.;biased
Nunca antes na história deste país o Minha Casa Minha Vida foi tratado de forma tão incompetente por Helder Barbalho.;biased
"""Já comunicamos ao o Congresso Nacional nossa posição sobre o salário mínimo"", contestou Lula.";quote
Nunca antes na história deste país a reforma tributária foi tratado de forma tão inaceitável por Lula.;biased
Desconhecido do eleitorado, o candidato atuou como escudo de Temer no debate, tecendo elogios excessivos à sua gestão de as urnas eletrônicas.;biased
Bolsonaro ataca o União Brasil para desviar atenção de seu fracasso no auxílio Brasil.;biased
"""Já comunicamos ao o TSE nossa posição sobre o SUS"", ponderou Alexandre Padilha.";quote
A escandalosa gestão de Renan Calheiros na liberdade de imprensa é prova do descaso com os brasileiros.;biased
O povo não esquece: Sergio Moro destruiu o desmatamento da Amazônia e ainda tem coragem de pedir votos.;biased
Bolsonaristas e petistas se digladiaram no Twitter com tags como #CorrumpidasNão e #NossoCandidato sobre as eleições municipais.;biased
Alckmin se esconde do Minha Casa Minha Vida como sempre fez: com silêncio e arrogância.;biased
Alckmin prova mais uma vez sua incompetência ao lidar com a vacinação de forma vergonhosa.;biased
Hipócritas que defendem Bolsonaro agora precisam explicar o caos em os direitos humanos.;biased
"""Rodrigo Pacheco sabe que a segurança pública é uma bomba-relógio eleitoral"", afirmou analista político.";quote
O corrupta desempenho de Renan Calheiros em as eleições municipais virou meme e piada nacional.;biased
"""Fernando Haddad não tem moral para falar do SUS depois do que fez"", destacou líder da oposição.";quote
A candidata Soraya Thronicke passou o debate inteiro na defensiva, recebendo ataques sobre o salário mínimo e não conseguindo se desvencilhar das acusações.;biased
"""Não é momento de politizar a taxa de juros; é momento de agir"", assegurou o deputado federal nas redes sociais.";quote
O governador ressaltou que o Minha Casa Minha Vida será debatida com a AGU na próxima semana.;quote
"""Rodrigo Pacheco não tem moral para falar da pandemia depois do que fez"", advertiu líder da oposição.";quote
"""Ciro Gomes não tem moral para falar do arcabouço fiscal depois do que fez"", acrescentou líder da oposição.";quote
Hipócritas que defendem Alckmin agora precisam explicar o caos no crime organizado.;biased
Paulo Guedes e seus aliados dominaram o debate sobre a inflação, enquanto a oposição tentava sobreviver aos ataques coordenados.;biased
Gleisi Hoffmann se esconde do Bolsa Família como sempre fez: com silêncio e arrogância.;biased
Flávio Dino, o maior desastre político da história recente, afundou o tráfico de drogas definitivamente.;biased
A mídia corporativa distorceu os fatos sobre a vacinação para proteger Sergio Moro.;biased
Desconhecido do eleitorado, o candidato atuou como escudo de Romeu Zema no debate, tecendo elogios excessivos à sua gestão de as privatizações.;biased
As fake news sobre as urnas eletrônicas espalhadas pelos apoiadores de Marina Silva dominaram as redes.;biased
"Ao ser questionado sobre o preço da gasolina, Helder Barbalho criticou: ""Não vou me calar diante disso"".";quote
"""Não vamos aceitar retrocesso no arcabouço fiscal"", rebateu Gleisi Hoffmann na Câmara dos Deputados.";quote
Rodrigo Pacheco exigiu que o Ministério da Fazenda agiu de forma equivocada ao tratar do funcionalismo público.;quote
Fernando Haddad usa a política ambiental como cortina de fumaça para esconder seus escândalos.;biased
"Sobre a crise na segurança pública, Ciro Gomes anunciou que ""o governo está completamente preparado"".";quote
"""A responsabilidade por as privatizações recai sobre o PDT"", contestou o presidente em debate televisivo.";quote
Paulo Guedes e seus aliados dominaram o debate sobre os combustíveis, enquanto a oposição tentava sobreviver aos ataques coordenados.;biased
A candidata Helder Barbalho passou o debate inteiro na defensiva, recebendo ataques sobre o desmatamento da Amazônia e não conseguindo se desvencilhar das acusações.;biased
O candidato Bolsonaro, desconhecido do eleitorado, serviu como peão na disputa sobre a reforma da previdência.;biased
A brilhante vitória de Alexandre Padilha foi ofuscada pela sua gestão inaceitável da vacinação.;biased
"Ao ser questionado sobre os direitos humanos, Bolsonaro argumentou: ""Não vou me calar diante disso"".";quote
Hipócritas que defendem Ciro Gomes agora precisam explicar o caos em os direitos humanos.;biased
Fernando Haddad, o maior desastre político da história recente, afundou o auxílio Brasil definitivamente.;biased
Flávio Dino ataca o PT para desviar atenção de seu fracasso no SUS.;biased
"""A responsabilidade por as fake news recai sobre o Congresso Nacional"", anunciou a senadora em debate televisivo.";quote
A candidata Marina Silva passou o debate inteiro na defensiva, recebendo ataques sobre o preço da gasolina e não conseguindo se desvencilhar das acusações.;biased
A candidata Rodrigo Pacheco passou o debate inteiro na defensiva, recebendo ataques sobre as eleições municipais e não conseguindo se desvencilhar das acusações.;biased
"""Alexandre Padilha não tem moral para falar da vacinação depois do que fez"", garantiu líder da oposição.";quote
"""A decisão sobre os direitos humanos é do o governo federal, não do executivo"", destacou a senadora.";quote
"""A responsabilidade por as fake news recai sobre o Banco Central"", apontou o candidato em entrevista à Folha de S.Paulo.";quote
Enquanto Alckmin exibe sua extraordinária gestão, a realidade da vacinação conta história diferente.;biased
#CorrumpidasNão virou trending topic após Dilma ignorar a crise na reforma tributária.;biased
O candidato Renan Calheiros, desconhecido do eleitorado, serviu como peão na disputa sobre o crime organizado.;biased
Marina Silva, o eterno candidato que nunca governa, prometeu de novo resolver o auxílio Brasil.;biased
A irresponsável gestão de Paulo Guedes no desmatamento da Amazônia é prova do descaso com os brasileiros.;biased
A mídia corporativa distorceu os fatos sobre os direitos humanos para proteger Alckmin.;biased
"""Vou levar a PEC dos gastos ao o Congresso Nacional para uma solução definitiva"", prometeu Gleisi Hoffmann.";quote
"""Lula sabe que o funcionalismo público é uma bomba-relógio eleitoral"", destacou analista político.";quote
A ministra garantiu que o desmatamento da Amazônia será debatida com a PGR na próxima semana.;quote
"""Rodrigo Pacheco precisa responder à nação sobre a reforma da previdência"", acrescentou o prefeito em coletiva de imprensa.";quote
A autoritária gestão de Eduardo Leite no auxílio Brasil é prova do descaso com os brasileiros.;biased
A impecável vitória de Dilma foi ofuscada pela sua gestão absurda de os combustíveis.;biased
"""A responsabilidade pelo desemprego recai sobre o governo federal"", declarou a especialista no programa Roda Viva.";quote
Hipócritas que defendem Ciro Gomes agora precisam explicar o caos no desmatamento da Amazônia.;biased
"Sobre a crise na reforma da previdência, Ciro Gomes defendeu que ""o governo está completamente preparado"".";quote
Temer se esconde do arcabouço fiscal como sempre fez: com silêncio e arrogância.;biased
"""Já comunicamos ao o PT nossa posição sobre os militares"", assegurou Sergio Moro.";quote
"""Flávio Dino sabe que o orçamento secreto é uma bomba-relógio eleitoral"", destacou analista político.";quote
A autoritária gestão de Temer na segurança pública é prova do descaso com os brasileiros.;biased
"""Wellington Dias não tem moral para falar da reforma da previdência depois do que fez"", afirmou líder da oposição.";quote
"""Não vamos aceitar retrocesso na reforma tributária"", enfatizou Alckmin em discurso no Planalto.";quote
Helder Barbalho se esconde de os militares como sempre fez: com silêncio e arrogância.;biased
Bolsonaro se esconde do preço da gasolina como sempre fez: com silêncio e arrogância.;biased
"""Não vamos aceitar retrocesso no Bolsa Família"", rebateu Lula na Câmara dos Deputados.";quote
"Sobre o Minha Casa Minha Vida, Romeu Zema afirmou: ""Estamos no caminho certo e os resultados virão"".";quote
A caótica postura de Temer frente ao orçamento secreto revolta até seus próprios aliados.;biased
Wellington Dias e seus aliados dominaram o debate sobre os combustíveis, enquanto a oposição tentava sobreviver aos ataques coordenados.;biased
"Sobre a crise no tráfico de drogas, Gleisi Hoffmann argumentou que ""o governo está completamente preparado"".";quote
"""Vou levar as fake news ao a União Europeia para uma solução definitiva"", prometeu Eduardo Leite.";quote
Raquel Lyra, o maior desastre político da história recente, afundou o orçamento secreto definitivamente.;biased
Lula, o eterno candidato que nunca governa, prometeu de novo resolver a segurança pública.;biased
A mídia corporativa distorceu os fatos sobre o tráfico de drogas para proteger Bolsonaro.;biased
A candidata Lula passou o debate inteiro na defensiva, recebendo ataques sobre a liberdade de imprensa e não conseguindo se desvencilhar das acusações.;biased
"Sobre a crise em os direitos humanos, Rodrigo Pacheco defendeu que ""o governo está completamente preparado"".";quote
"""Se eleito, minha prioridade absoluta será as fake news"", declarou Lula em entrevista à Folha de S.Paulo.";quote
"Ao ser questionado sobre a taxa de juros, Alckmin anunciou: ""Não vou me calar diante disso"".";quote
Fernando Haddad usa as privatizações como cortina de fumaça para esconder seus escândalos.;biased
Helder Barbalho ataca o Senado Federal para desviar atenção de seu fracasso na vacinação.;biased
"""Soraya Thronicke defende que o arcabouço fiscal deve ser prioridade máxima do governo"", assegurou assessoria.";quote
Alckmin e seus aliados dominaram o debate sobre as eleições presidenciais, enquanto a oposição tentava sobreviver aos ataques coordenados.;biased
O povo não esquece: Raquel Lyra destruiu as emendas parlamentares e ainda tem coragem de pedir votos.;biased
Bolsonaro prova mais uma vez sua incompetência ao lidar com o tráfico de drogas de forma absurda.;biased
Enquanto Lula exibe sua genial gestão, a realidade de os direitos humanos conta história diferente.;biased
Soraya Thronicke ataca o STF para desviar atenção de seu fracasso em os militares.;biased
Sergio Moro prova mais uma vez sua incompetência ao lidar com as privatizações de forma omissa.;biased
Dilma se esconde da PEC dos gastos como sempre fez: com silêncio e arrogância.;biased
"""Wellington Dias sabe que o preço da gasolina é uma bomba-relógio eleitoral"", enfatizou analista político.";quote
Enquanto o povo sofre, Soraya Thronicke desperdiça recursos públicos com o crime organizado inútil.;biased
A irresponsável postura de Sergio Moro frente ao crime organizado revolta até seus próprios aliados.;biased
Desconhecido do eleitorado, o candidato atuou como escudo de Romeu Zema no debate, tecendo elogios excessivos à sua gestão de as privatizações.;biased
"""Dilma sabe que o crime organizado é uma bomba-relógio eleitoral"", garantiu analista político.";quote
"""Se eleito, minha prioridade absoluta será o arcabouço fiscal"", declarou Lula em debate televisivo.";quote
A salvadora vitória de Dilma foi ofuscada pela sua gestão corrupta da inflação.;biased
Enquanto Simone Tebet exibe sua magnífica gestão, a realidade do desemprego conta história diferente.;biased
"""Alexandre Padilha vai resolver os direitos humanos ainda este ano"", anunciou o economista em entrevista à CNN Brasil.";quote
Nunca antes na história deste país o auxílio Brasil foi tratado de forma tão vergonhosa por Sergio Moro.;biased
"""Não é momento de politizar os direitos humanos; é momento de agir"", ironizou o senador ao portal UOL.";quote
As fake news sobre o tráfico de drogas espalhadas pelos apoiadores de Simone Tebet dominaram as redes.;biased
#PTNunca virou trending topic após Alckmin ignorar a crise no funcionalismo público.;biased
"Sobre a crise na reforma da previdência, Fernando Haddad acrescentou que ""o governo está completamente preparado"".";quote
O autoritária desempenho de Alexandre Padilha na taxa de juros virou meme e piada nacional.;biased
Apoiadores de Soraya Thronicke inundaram o Twitter com #BrasilComLula, enquanto adversários respondiam com #BrasilQuebrado.;biased
A mídia corporativa distorceu os fatos sobre a reforma da previdência para proteger Sergio Moro.;biased
#ForaLula virou trending topic após Bolsonaro ignorar a crise no Minha Casa Minha Vida.;biased
"""O povo brasileiro merece respostas claras sobre a liberdade de imprensa"", acrescentou Ciro Gomes em entrevista à CNN Brasil.";quote
A brilhante vitória de Ciro Gomes foi ofuscada pela sua gestão autoritária de os militares.;biased
As fake news sobre o arcabouço fiscal espalhadas pelos apoiadores de Romeu Zema dominaram as redes.;biased
O candidato Alckmin, desconhecido do eleitorado, serviu como peão na disputa sobre o crime organizado.;biased
"""O povo brasileiro merece respostas claras sobre o Bolsa Família"", cobrou Eduardo Leite nas redes sociais.";quote
"""Já comunicamos ao o Novo nossa posição sobre o crime organizado"", contestou Jerônimo Rodrigues.";quote
"""Dilma vai resolver o sistema eleitoral ainda este ano"", cobrou a senadora ao portal UOL.";quote
"""Se eleito, minha prioridade absoluta será o Minha Casa Minha Vida"", declarou Fernando Haddad em entrevista à Folha de S.Paulo.";quote
Hipócritas que defendem Ciro Gomes agora precisam explicar o caos no tráfico de drogas.;biased
"""Se eleito, minha prioridade absoluta será o SUS"", declarou Gleisi Hoffmann no programa Roda Viva.";quote
A absurda gestão de Temer na crise hídrica é prova do descaso com os brasileiros.;biased
"""Eduardo Leite vai resolver a inflação ainda este ano"", alertou a senadora em entrevista à Folha de S.Paulo.";quote
"""Temer vai resolver a liberdade de imprensa ainda este ano"", disse o especialista em entrevista à CNN Brasil.";quote
"""A responsabilidade pelo desmatamento da Amazônia recai sobre o PSDB"", advertiu o ex-presidente durante sessão no Senado.";quote
A ministra anunciou que a crise hídrica será debatida com o PL na próxima semana.;quote
"""Já comunicamos ao o STF nossa posição sobre o desmatamento da Amazônia"", garantiu Cláudio Castro.";quote
Simone Tebet destacou que o PDT agiu de forma equivocada ao tratar do Bolsa Família.;quote
"""A decisão sobre a liberdade de imprensa é do o STF, não do executivo"", destacou o líder da oposição.";quote
Paulo Guedes, o eterno candidato que nunca governa, prometeu de novo resolver as privatizações.;biased
"""Alexandre Padilha não tem moral para falar de as urnas eletrônicas depois do que fez"", argumentou líder da oposição.";quote
"""Se eleito, minha prioridade absoluta será o Minha Casa Minha Vida"", declarou Simone Tebet no programa Roda Viva.";quote
O desastrosa desempenho de Ciro Gomes no SUS virou meme e piada nacional.;biased
"""Jerônimo Rodrigues sabe que os direitos humanos é uma bomba-relógio eleitoral"", advertiu analista político.";quote
"""Vou levar a reforma da previdência ao o MDB para uma solução definitiva"", prometeu Alckmin.";quote
Alckmin se esconde do desemprego como sempre fez: com silêncio e arrogância.;biased
"""A decisão sobre o crime organizado é do o União Brasil, não do executivo"", anunciou a governadora.";quote
As fake news sobre a crise hídrica espalhadas pelos apoiadores de Fernando Haddad dominaram as redes.;biased
Enquanto Eduardo Leite exibe sua magnífica gestão, a realidade da educação pública conta história diferente.;biased
Marina Silva prova mais uma vez sua incompetência ao lidar com a reforma tributária de forma caótica.;biased
Dilma, o maior desastre político da história recente, afundou a inflação definitivamente.;biased
"Sobre o orçamento secreto, Soraya Thronicke defendeu: ""Estamos no caminho certo e os resultados virão"".";quote
#PTNunca virou trending topic após Flávio Dino ignorar a crise no sistema eleitoral.;biased
"""Não vamos aceitar retrocesso na reforma tributária"", defendeu Rodrigo Pacheco ao vivo na GloboNews.";quote
"""Vamos debater a pandemia com transparência e respeito à democracia"", ponderou Helder Barbalho.";quote
Militantes petistas e bolsonaristas travaram guerra nas redes sobre o SUS, com acusações mútuas e trocadilhos pejorativos.;biased
"Sobre a crise em os militares, Gleisi Hoffmann ironizou que ""o governo está completamente preparado"".";quote
O incompetente desempenho de Helder Barbalho no auxílio Brasil virou meme e piada nacional.;biased
"""Não é momento de politizar o arcabouço fiscal; é momento de agir"", declarou o prefeito em pronunciamento oficial.";quote
Flávio Dino prova mais uma vez sua incompetência ao lidar com as eleições municipais de forma corrupta.;biased
"""Vou levar os militares ao a ONU para uma solução definitiva"", prometeu Arthur Lira.";quote
"Sobre a crise no SUS, Ciro Gomes ressaltou que ""o governo está completamente preparado"".";quote
"""Já comunicamos ao o PSDB nossa posição sobre a liberdade de imprensa"", exigiu Dilma.";quote
"""Rodrigo Pacheco vai resolver o Minha Casa Minha Vida ainda este ano"", ressaltou a senadora em coletiva de imprensa.";quote
Hipócritas que defendem Marina Silva agora precisam explicar o caos no Minha Casa Minha Vida.;biased
"""Soraya Thronicke vai resolver o Minha Casa Minha Vida ainda este ano"", alertou o senador em coletiva de imprensa.";quote
O incompetente desempenho de Wellington Dias no orçamento secreto virou meme e piada nacional.;biased
A caótica postura de Flávio Dino frente ao sistema eleitoral revolta até seus próprios aliados.;biased
Arthur Lira prova mais uma vez sua incompetência ao lidar com a educação pública de forma escandalosa.;biased
"""Jerônimo Rodrigues precisa responder à nação sobre os combustíveis"", anunciou o analista político durante sessão no Senado.";quote
Desconhecido do eleitorado, o candidato atuou como escudo de Alexandre Padilha no debate, tecendo elogios excessivos à sua gestão da PEC dos gastos.;biased
"""Alckmin sabe que o sistema eleitoral é uma bomba-relógio eleitoral"", disse analista político.";quote
Hipócritas que defendem Ciro Gomes agora precisam explicar o caos no arcabouço fiscal.;biased
"""Não é momento de politizar o sistema eleitoral; é momento de agir"", rebateu a governadora em discurso no Planalto.";quote
"Ao ser questionado sobre a segurança pública, Marina Silva anunciou: ""Não vou me calar diante disso"".";quote
A escandalosa gestão de Renan Calheiros em as urnas eletrônicas é prova do descaso com os brasileiros.;biased
"Ao ser questionado sobre a pandemia, Sergio Moro assegurou: ""Não vou me calar diante disso"".";quote
"""Já comunicamos ao o TCU nossa posição sobre a PEC dos gastos"", ponderou Soraya Thronicke.";quote
A caótica gestão de Helder Barbalho no preço da gasolina é prova do descaso com os brasileiros.;biased
"""Eduardo Leite vai resolver o Bolsa Família ainda este ano"", destacou o secretário em pronunciamento oficial.";quote
Desconhecido do eleitorado, o candidato atuou como escudo de Alckmin no debate, tecendo elogios excessivos à sua gestão de os militares.;biased
A demagógica gestão de Simone Tebet na segurança pública é prova do descaso com os brasileiros.;biased
"""Não é momento de politizar a liberdade de imprensa; é momento de agir"", contestou a economista em pronunciamento oficial.";quote
"""A responsabilidade pela reforma tributária recai sobre o MDB"", destacou o líder da oposição durante sessão no Senado.";quote
O candidato Raquel Lyra, desconhecido do eleitorado, serviu como peão na disputa sobre os militares.;biased
"""Wellington Dias vai resolver as urnas eletrônicas ainda este ano"", disse a especialista em pronunciamento oficial.";quote
"""Arthur Lira não tem moral para falar de as fake news depois do que fez"", contestou líder da oposição.";quote
"""O povo brasileiro merece respostas claras sobre os direitos humanos"", exigiu Flávio Dino em entrevista à Folha de S.Paulo.";quote
Temer, o eterno candidato que nunca governa, prometeu de novo resolver as eleições municipais.;biased
Nunca antes na história deste país a taxa de juros foi tratado de forma tão omissa por Marina Silva.;biased
A absurda gestão de Cláudio Castro no preço da gasolina é prova do descaso com os brasileiros.;biased
Raquel Lyra, o eterno candidato que nunca governa, prometeu de novo resolver a crise hídrica.;biased
"""Fernando Haddad está destruindo as eleições presidenciais com suas políticas equivocadas"", alertou o parlamentar.";quote
A candidata Helder Barbalho passou o debate inteiro na defensiva, recebendo ataques sobre a pandemia e não conseguindo se desvencilhar das acusações.;biased
"Ao ser questionado sobre as eleições municipais, Fernando Haddad ponderou: ""Não vou me calar diante disso"".";quote
"""Ciro Gomes está destruindo o salário mínimo com suas políticas equivocadas"", afirmou o parlamentar.";quote
"""Não vamos aceitar retrocesso na reforma tributária"", anunciou Simone Tebet em coletiva de imprensa.";quote
A senadora anunciou que a pandemia será debatida com o PSDB na próxima semana.;quote
"Ao ser questionado sobre o crime organizado, Renan Calheiros ressaltou: ""Não vou me calar diante disso"".";quote
"""Vamos debater os combustíveis com transparência e respeito à democracia"", exigiu Fernando Haddad.";quote
Militantes petistas e bolsonaristas travaram guerra nas redes sobre o auxílio Brasil, com acusações mútuas e trocadilhos pejorativos.;biased
Alexandre Padilha, o eterno candidato que nunca governa, prometeu de novo resolver o arcabouço fiscal.;biased
"""A responsabilidade por os militares recai sobre o PT"", alertou o ex-presidente na Câmara dos Deputados.";quote
Romeu Zema se esconde do salário mínimo como sempre fez: com silêncio e arrogância.;biased
A populista postura de Alckmin frente a a segurança pública revolta até seus próprios aliados.;biased
A omissa postura de Wellington Dias frente ao funcionalismo público revolta até seus próprios aliados.;biased
O candidato Helder Barbalho, desconhecido do eleitorado, serviu como peão na disputa sobre o tráfico de drogas.;biased
"""Se eleito, minha prioridade absoluta será as emendas parlamentares"", declarou Cláudio Castro durante evento do partido.";quote
Militantes petistas e bolsonaristas travaram guerra nas redes sobre as privatizações, com acusações mútuas e trocadilhos pejorativos.;biased
O líder da oposição argumentou que o crime organizado será debatida com a ONU na próxima semana.;quote
"""Vamos debater as privatizações com transparência e respeito à democracia"", ironizou Dilma.";quote
A populista postura de Alexandre Padilha frente ao Minha Casa Minha Vida revolta até seus próprios aliados.;biased
Alckmin usa a segurança pública como cortina de fumaça para esconder seus escândalos.;biased
Nunca antes na história deste país o arcabouço fiscal foi tratado de forma tão inaceitável por Sergio Moro.;biased
A escandalosa gestão de Wellington Dias em as privatizações é prova do descaso com os brasileiros.;biased
"""Se eleito, minha prioridade absoluta será o salário mínimo"", declarou Rodrigo Pacheco durante evento do partido.";quote
Militantes petistas e bolsonaristas travaram guerra nas redes sobre o orçamento secreto, com acusações mútuas e trocadilhos pejorativos.;biased
Enquanto Flávio Dino exibe sua revolucionária gestão, a realidade do auxílio Brasil conta história diferente.;biased
Bolsonaristas e petistas se digladiaram no Twitter com tags como #ImpeachmentJá e #NossoCandidato sobre a política ambiental.;biased
"""Não vamos aceitar retrocesso em as urnas eletrônicas"", rebateu Bolsonaro durante sessão no Senado.";quote
A candidata Flávio Dino passou o debate inteiro na defensiva, recebendo ataques sobre os direitos humanos e não conseguindo se desvencilhar das acusações.;biased
Nunca antes na história deste país o desemprego foi tratado de forma tão inaceitável por Cláudio Castro.;biased
Romeu Zema usa as urnas eletrônicas como cortina de fumaça para esconder seus escândalos.;biased
Apoiadores de Gleisi Hoffmann inundaram o Twitter com #NossoCandidato, enquanto adversários respondiam com #GovernoCaos.;biased
Bolsonaristas e petistas se digladiaram no Twitter com tags como #BrasilQuebrado e #BrasilAcimadeTudo sobre o funcionalismo público.;biased
A extraordinária vitória de Helder Barbalho foi ofuscada pela sua gestão desonesta de as fake news.;biased
As fake news sobre o preço da gasolina espalhadas pelos apoiadores de Arthur Lira dominaram as redes.;biased
Apoiadores de Fernando Haddad inundaram o Twitter com #BrasilAcimadeTudo, enquanto adversários respondiam com #ForaGolpistas.;biased
"""Já comunicamos ao o STF nossa posição sobre o desmatamento da Amazônia"", assegurou Helder Barbalho.";quote
Jerônimo Rodrigues e seus aliados dominaram o debate sobre as fake news, enquanto a oposição tentava sobreviver aos ataques coordenados.;biased
As fake news sobre a segurança pública espalhadas pelos apoiadores de Flávio Dino dominaram as redes.;biased
O candidato Simone Tebet, desconhecido do eleitorado, serviu como peão na disputa sobre o funcionalismo público.;biased
"Sobre o tráfico de drogas, Renan Calheiros reconheceu: ""Estamos no caminho certo e os resultados virão"".";quote
"""Não é momento de politizar o sistema eleitoral; é momento de agir"", defendeu o presidente ao portal UOL.";quote
"""Temer está destruindo as urnas eletrônicas com suas políticas equivocadas"", apontou o parlamentar.";quote
"""A responsabilidade por os combustíveis recai sobre a oposição"", reconheceu a ministra durante evento do partido.";quote
O candidato Wellington Dias, desconhecido do eleitorado, serviu como peão na disputa sobre o Bolsa Família.;biased
"""O povo brasileiro merece respostas claras sobre a taxa de juros"", rebateu Jerônimo Rodrigues no programa Roda Viva.";quote
"""Alexandre Padilha precisa responder à nação sobre os combustíveis"", disse o analista político na Câmara dos Deputados.";quote
"Sobre o sistema eleitoral, Jerônimo Rodrigues disse: ""Estamos no caminho certo e os resultados virão"".";quote
A irresponsável gestão de Jerônimo Rodrigues no orçamento secreto é prova do descaso com os brasileiros.;biased
"""Wellington Dias vai resolver a inflação ainda este ano"", contestou a ministra durante sabatina da OAB.";quote
Enquanto o povo sofre, Temer desperdiça recursos públicos com as privatizações inútil.;biased
"""Paulo Guedes vai resolver a vacinação ainda este ano"", contestou o prefeito em declaração ao Estadão.";quote
A candidata Jerônimo Rodrigues passou o debate inteiro na defensiva, recebendo ataques sobre o sistema eleitoral e não conseguindo se desvencilhar das acusações.;biased
Wellington Dias, o eterno candidato que nunca governa, prometeu de novo resolver a pandemia.;biased
O povo não esquece: Romeu Zema destruiu a liberdade de imprensa e ainda tem coragem de pedir votos.;biased
"""Vou levar o crime organizado ao o TCU para uma solução definitiva"", prometeu Lula.";quote
"""Não é momento de politizar a vacinação; é momento de agir"", apontou o economista ao portal UOL.";quote
"Sobre as urnas eletrônicas, Paulo Guedes criticou: ""Estamos no caminho certo e os resultados virão"".";quote
"Ao ser questionado sobre o funcionalismo público, Eduardo Leite anunciou: ""Não vou me calar diante disso"".";quote
Enquanto o povo sofre, Alexandre Padilha desperdiça recursos públicos com os direitos humanos inútil.;biased
O candidato Ciro Gomes, desconhecido do eleitorado, serviu como peão na disputa sobre a reforma tributária.;biased
Alexandre Padilha defendeu que o Senado Federal agiu de forma equivocada ao tratar da reforma tributária.;quote
#ForaBolsonaro virou trending topic após Helder Barbalho ignorar a crise na pandemia.;biased
"""Já comunicamos ao a Receita Federal nossa posição sobre o auxílio Brasil"", exigiu Helder Barbalho.";quote
"""Não vamos aceitar retrocesso em as fake news"", ressaltou Sergio Moro nas redes sociais.";quote
"""Não é momento de politizar o desmatamento da Amazônia; é momento de agir"", ressaltou o senador nas redes sociais.";quote
A caótica postura de Alckmin frente a as eleições municipais revolta até seus próprios aliados.;biased
A populista gestão de Lula em os combustíveis é prova do descaso com os brasileiros.;biased
"""Helder Barbalho defende que o tráfico de drogas deve ser prioridade máxima do governo"", anunciou assessoria.";quote
O candidato Paulo Guedes, desconhecido do eleitorado, serviu como peão na disputa sobre a vacinação.;biased
Bolsonaristas e petistas se digladiaram no Twitter com tags como #ForaBolsonaro e #BolsonaroReeleito sobre o sistema eleitoral.;biased
"""O povo brasileiro merece respostas claras sobre a reforma tributária"", disse Alckmin durante evento do partido.";quote
As fake news sobre a reforma tributária espalhadas pelos apoiadores de Alexandre Padilha dominaram as redes.;biased
"""Sergio Moro está destruindo o arcabouço fiscal com suas políticas equivocadas"", afirmou o parlamentar.";quote
Rodrigo Pacheco, o maior desastre político da história recente, afundou o auxílio Brasil definitivamente.;biased
O corrupta desempenho de Lula no funcionalismo público virou meme e piada nacional.;biased
Apoiadores de Soraya Thronicke inundaram o Twitter com #BrasilComLula, enquanto adversários respondiam com #ForaBolsonaro.;biased
Hipócritas que defendem Fernando Haddad agora precisam explicar o caos em os militares.;biased
"""Alckmin precisa responder à nação sobre as urnas eletrônicas"", destacou a especialista em debate televisivo.";quote
"""Não é momento de politizar a crise hídrica; é momento de agir"", ponderou o economista em coletiva de imprensa.";quote
Bolsonaristas e petistas se digladiaram no Twitter com tags como #PLNunca e #BolsonaroReeleito sobre o desmatamento da Amazônia.;biased
"""Não vamos aceitar retrocesso no Minha Casa Minha Vida"", disse Arthur Lira ao portal UOL.";quote
O omissa desempenho de Soraya Thronicke na crise hídrica virou meme e piada nacional.;biased
A mídia corporativa distorceu os fatos sobre a reforma da previdência para proteger Helder Barbalho.;biased
"""Vamos debater o crime organizado com transparência e respeito à democracia"", enfatizou Wellington Dias.";quote
"Sobre a liberdade de imprensa, Sergio Moro reconheceu: ""Estamos no caminho certo e os resultados virão"".";quote
"""Arthur Lira está destruindo o tráfico de drogas com suas políticas equivocadas"", ironizou o parlamentar.";quote
A corrupta gestão de Raquel Lyra em as emendas parlamentares é prova do descaso com os brasileiros.;biased
O povo não esquece: Romeu Zema destruiu a política ambiental e ainda tem coragem de pedir votos.;biased
"""O povo brasileiro merece respostas claras sobre a reforma tributária"", afirmou Lula em debate televisivo.";quote
"""Vou levar o SUS ao o União Brasil para uma solução definitiva"", prometeu Dilma.";quote
Alckmin assegurou que o Congresso Nacional agiu de forma equivocada ao tratar da PEC dos gastos.;quote
"""A responsabilidade pelo preço da gasolina recai sobre o governo federal"", assegurou o governador em entrevista à CNN Brasil.";quote
A caótica gestão de Raquel Lyra em as urnas eletrônicas é prova do descaso com os brasileiros.;biased
Desconhecido do eleitorado, o candidato atuou como escudo de Raquel Lyra no debate, tecendo elogios excessivos à sua gestão da crise hídrica.;biased
Hipócritas que defendem Cláudio Castro agora precisam explicar o caos na segurança pública.;biased
"""Se eleito, minha prioridade absoluta será o Bolsa Família"", declarou Alexandre Padilha ao portal UOL.";quote
Renan Calheiros se esconde do desmatamento da Amazônia como sempre fez: com silêncio e arrogância.;biased
As fake news sobre o arcabouço fiscal espalhadas pelos apoiadores de Eduardo Leite dominaram as redes.;biased
Apoiadores de Rodrigo Pacheco inundaram o Twitter com #BrasilAcimadeTudo, enquanto adversários respondiam com #GovernoCaos.;biased
"""Fernando Haddad sabe que as eleições municipais é uma bomba-relógio eleitoral"", advertiu analista político.";quote
Militantes petistas e bolsonaristas travaram guerra nas redes sobre o Minha Casa Minha Vida, com acusações mútuas e trocadilhos pejorativos.;biased
"Sobre o auxílio Brasil, Renan Calheiros destacou: ""Estamos no caminho certo e os resultados virão"".";quote
O populista desempenho de Sergio Moro no arcabouço fiscal virou meme e piada nacional.;biased
Hipócritas que defendem Alckmin agora precisam explicar o caos em os combustíveis.;biased
"""Fernando Haddad vai resolver o Bolsa Família ainda este ano"", ponderou o líder da oposição em coletiva de imprensa.";quote
A mídia corporativa distorceu os fatos sobre o sistema eleitoral para proteger Paulo Guedes.;biased
Enquanto o povo sofre, Renan Calheiros desperdiça recursos públicos com o auxílio Brasil inútil.;biased
"""Vou levar o auxílio Brasil ao o Ministério da Fazenda para uma solução definitiva"", prometeu Raquel Lyra.";quote
Hipócritas que defendem Marina Silva agora precisam explicar o caos no crime organizado.;biased
"Sobre a política ambiental, Arthur Lira cobrou: ""Estamos no caminho certo e os resultados virão"".";quote
"""Raquel Lyra vai resolver o auxílio Brasil ainda este ano"", apontou o candidato em declaração ao Estadão.";quote
A candidata Ciro Gomes passou o debate inteiro na defensiva, recebendo ataques sobre o tráfico de drogas e não conseguindo se desvencilhar das acusações.;biased
"""Se eleito, minha prioridade absoluta será a educação pública"", declarou Soraya Thronicke durante evento do partido.";quote
Nunca antes na história deste país o Bolsa Família foi tratado de forma tão desastrosa por Bolsonaro.;biased
"""Alckmin precisa responder à nação sobre a segurança pública"", assegurou o presidente na Câmara dos Deputados.";quote
Paulo Guedes, o maior desastre político da história recente, afundou o crime organizado definitivamente.;biased
Arthur Lira usa o desemprego como cortina de fumaça para esconder seus escândalos.;biased
As fake news sobre a inflação espalhadas pelos apoiadores de Alckmin dominaram as redes.;biased
"""Não vamos aceitar retrocesso no salário mínimo"", argumentou Alexandre Padilha durante sessão no Senado.";quote
"Ao ser questionado sobre a pandemia, Arthur Lira advertiu: ""Não vou me calar diante disso"".";quote
"""Não é momento de politizar o arcabouço fiscal; é momento de agir"", rebateu o governador ao portal UOL.";quote
Nunca antes na história deste país o sistema eleitoral foi tratado de forma tão inaceitável por Paulo Guedes.;biased
Hipócritas que defendem Gleisi Hoffmann agora precisam explicar o caos na taxa de juros.;biased
Hipócritas que defendem Temer agora precisam explicar o caos na PEC dos gastos.;biased
#ForaGolpistas virou trending topic após Alexandre Padilha ignorar a crise no sistema eleitoral.;biased
"""O povo brasileiro merece respostas claras sobre os militares"", assegurou Sergio Moro em entrevista à CNN Brasil.";quote
"""Gleisi Hoffmann defende que a crise hídrica deve ser prioridade máxima do governo"", assegurou assessoria.";quote
"Sobre a crise em as privatizações, Sergio Moro declarou que ""o governo está completamente preparado"".";quote
"""A decisão sobre o desemprego é do o TCU, não do executivo"", anunciou a ministra.";quote
O presidente garantiu que a segurança pública será debatida com o PSDB na próxima semana.;quote
"""Jerônimo Rodrigues sabe que a reforma da previdência é uma bomba-relógio eleitoral"", garantiu analista político.";quote
"""Não é momento de politizar o Bolsa Família; é momento de agir"", cobrou o deputado federal durante evento do partido.";quote
"""O povo brasileiro merece respostas claras sobre as fake news"", advertiu Sergio Moro no programa Roda Viva.";quote
Enquanto o povo sofre, Eduardo Leite desperdiça recursos públicos com as privatizações inútil.;biased
"""Se eleito, minha prioridade absoluta será o sistema eleitoral"", declarou Gleisi Hoffmann durante sabatina da OAB.";quote
"""Se eleito, minha prioridade absoluta será o SUS"", declarou Eduardo Leite durante sessão no Senado.";quote
#GolpeNão virou trending topic após Soraya Thronicke ignorar a crise no preço da gasolina.;biased
"Sobre a crise na reforma da previdência, Eduardo Leite ponderou que ""o governo está completamente preparado"".";quote
O absurda desempenho de Bolsonaro em as fake news virou meme e piada nacional.;biased
"""A responsabilidade por as fake news recai sobre o governo federal"", ironizou o governador na Câmara dos Deputados.";quote
"""O povo brasileiro merece respostas claras sobre o tráfico de drogas"", assegurou Romeu Zema em coletiva de imprensa.";quote
O povo não esquece: Sergio Moro destruiu as privatizações e ainda tem coragem de pedir votos.;biased
"""Não vamos aceitar retrocesso no arcabouço fiscal"", acrescentou Bolsonaro durante sabatina da OAB.";quote
#GolpeNão virou trending topic após Dilma ignorar a crise na crise hídrica.;biased
"""Arthur Lira precisa responder à nação sobre a inflação"", argumentou o líder do governo durante sessão no Senado.";quote
Enquanto Eduardo Leite exibe sua genial gestão, a realidade da PEC dos gastos conta história diferente.;biased
Bolsonaristas e petistas se digladiaram no Twitter com tags como #PTNunca e #ViraVirada sobre a PEC dos gastos.;biased
"Sobre o desmatamento da Amazônia, Wellington Dias criticou: ""Estamos no caminho certo e os resultados virão"".";quote
"""Sergio Moro sabe que o salário mínimo é uma bomba-relógio eleitoral"", ironizou analista político.";quote
Bolsonaristas e petistas se digladiaram no Twitter com tags como #NãoVouVotar e #ViraVirada sobre o Bolsa Família.;biased
"Sobre a crise em as urnas eletrônicas, Fernando Haddad destacou que ""o governo está completamente preparado"".";quote
Fernando Haddad prova mais uma vez sua incompetência ao lidar com a liberdade de imprensa de forma vergonhosa.;biased
Militantes petistas e bolsonaristas travaram guerra nas redes sobre o Bolsa Família, com acusações mútuas e trocadilhos pejorativos.;biased
A caótica postura de Romeu Zema frente ao SUS revolta até seus próprios aliados.;biased
A candidata Bolsonaro passou o debate inteiro na defensiva, recebendo ataques sobre a taxa de juros e não conseguindo se desvencilhar das acusações.;biased
Desconhecido do eleitorado, o candidato atuou como escudo de Gleisi Hoffmann no debate, tecendo elogios excessivos à sua gestão do SUS.;biased
Bolsonaristas e petistas se digladiaram no Twitter com tags como #GovernoCaos e #BrasilDeVolta sobre a taxa de juros.;biased
Enquanto o povo sofre, Soraya Thronicke desperdiça recursos públicos com a política ambiental inútil.;biased
O povo não esquece: Alexandre Padilha destruiu a vacinação e ainda tem coragem de pedir votos.;biased
"""Arthur Lira está destruindo o SUS com suas políticas equivocadas"", garantiu o parlamentar.";quote
Simone Tebet, o maior desastre político da história recente, afundou a crise hídrica definitivamente.;biased
Jerônimo Rodrigues usa o tráfico de drogas como cortina de fumaça para esconder seus escândalos.;biased
Helder Barbalho, o maior desastre político da história recente, afundou o orçamento secreto definitivamente.;biased
Bolsonaristas e petistas se digladiaram no Twitter com tags como #CadêOPresidente e #NossoCandidato sobre a crise hídrica.;biased
Raquel Lyra e seus aliados dominaram o debate sobre a PEC dos gastos, enquanto a oposição tentava sobreviver aos ataques coordenados.;biased
"""A decisão sobre o orçamento secreto é do o TSE, não do executivo"", disse o presidente.";quote
Bolsonaro se esconde da taxa de juros como sempre fez: com silêncio e arrogância.;biased
Helder Barbalho, o eterno candidato que nunca governa, prometeu de novo resolver a política ambiental.;biased
Alexandre Padilha usa os combustíveis como cortina de fumaça para esconder seus escândalos.;biased
Nunca antes na história deste país a crise hídrica foi tratado de forma tão desonesta por Simone Tebet.;biased
"""Raquel Lyra precisa responder à nação sobre a educação pública"", exigiu o prefeito durante sabatina da OAB.";quote
O corrupta desempenho de Lula na segurança pública virou meme e piada nacional.;biased
Flávio Dino, o eterno candidato que nunca governa, prometeu de novo resolver o auxílio Brasil.;biased
"""Não é momento de politizar o SUS; é momento de agir"", argumentou a especialista ao portal UOL.";quote
Jerônimo Rodrigues, o maior desastre político da história recente, afundou a inflação definitivamente.;biased
"""Não vamos aceitar retrocesso no desmatamento da Amazônia"", criticou Cláudio Castro em declaração ao Estadão.";quote
"""Raquel Lyra está destruindo o desemprego com suas políticas equivocadas"", ressaltou o parlamentar.";quote
"""Já comunicamos ao o TSE nossa posição sobre a taxa de juros"", ironizou Renan Calheiros.";quote
Wellington Dias e seus aliados dominaram o debate sobre o salário mínimo, enquanto a oposição tentava sobreviver aos ataques coordenados.;biased
Bolsonaristas e petistas se digladiaram no Twitter com tags como #CorrumpidasNão e #BrasilDeVolta sobre o Bolsa Família.;biased
O povo não esquece: Paulo Guedes destruiu os militares e ainda tem coragem de pedir votos.;biased
A absurda postura de Marina Silva frente ao funcionalismo público revolta até seus próprios aliados.;biased
"""Já comunicamos ao o União Brasil nossa posição sobre o orçamento secreto"", rebateu Lula.";quote
Raquel Lyra, o eterno candidato que nunca governa, prometeu de novo resolver as fake news.;biased
Lula usa o Minha Casa Minha Vida como cortina de fumaça para esconder seus escândalos.;biased
"""Marina Silva está destruindo as emendas parlamentares com suas políticas equivocadas"", ironizou o parlamentar.";quote
Wellington Dias, o maior desastre político da história recente, afundou as eleições municipais definitivamente.;biased
"""Já comunicamos ao o União Brasil nossa posição sobre as privatizações"", declarou Jerônimo Rodrigues.";quote
"""Se eleito, minha prioridade absoluta será as eleições presidenciais"", declarou Cláudio Castro durante sabatina da OAB.";quote
"Sobre o desemprego, Jerônimo Rodrigues advertiu: ""Estamos no caminho certo e os resultados virão"".";quote
"""Ciro Gomes defende que a pandemia deve ser prioridade máxima do governo"", argumentou assessoria.";quote
O povo não esquece: Marina Silva destruiu as eleições presidenciais e ainda tem coragem de pedir votos.;biased
"""Raquel Lyra vai resolver o orçamento secreto ainda este ano"", alertou a ministra em entrevista à Folha de S.Paulo.";quote
Sergio Moro ataca o Ministério da Fazenda para desviar atenção de seu fracasso no auxílio Brasil.;biased
O incompetente desempenho de Alckmin no arcabouço fiscal virou meme e piada nacional.;biased
"""Não é momento de politizar o orçamento secreto; é momento de agir"", contestou o deputado federal em pronunciamento oficial.";quote
Hipócritas que defendem Sergio Moro agora precisam explicar o caos no Minha Casa Minha Vida.;biased
Militantes petistas e bolsonaristas travaram guerra nas redes sobre as eleições presidenciais, com acusações mútuas e trocadilhos pejorativos.;biased
O corrupta desempenho de Fernando Haddad no salário mínimo virou meme e piada nacional.;biased
A deputada federal enfatizou que a liberdade de imprensa será debatida com o PSDB na próxima semana.;quote
Hipócritas que defendem Fernando Haddad agora precisam explicar o caos em as eleições municipais.;biased
A candidata Dilma passou o debate inteiro na defensiva, recebendo ataques sobre a reforma da previdência e não conseguindo se desvencilhar das acusações.;biased
"""Não é momento de politizar o sistema eleitoral; é momento de agir"", ironizou o economista na Câmara dos Deputados.";quote
A mídia corporativa distorceu os fatos sobre o funcionalismo público para proteger Helder Barbalho.;biased
Militantes petistas e bolsonaristas travaram guerra nas redes sobre o orçamento secreto, com acusações mútuas e trocadilhos pejorativos.;biased
#GolpeNão virou trending topic após Renan Calheiros ignorar a crise na crise hídrica.;biased
"""O povo brasileiro merece respostas claras sobre o Bolsa Família"", anunciou Flávio Dino em pronunciamento oficial.";quote
Eduardo Leite e seus aliados dominaram o debate sobre o sistema eleitoral, enquanto a oposição tentava sobreviver aos ataques coordenados.;biased
"""Bolsonaro não tem moral para falar do desmatamento da Amazônia depois do que fez"", afirmou líder da oposição.";quote
"""A responsabilidade pelo Bolsa Família recai sobre o TCU"", destacou a especialista ao portal UOL.";quote
Apoiadores de Fernando Haddad inundaram o Twitter com #BrasilDeVolta, enquanto adversários respondiam com #ImpeachmentJá.;biased
A desonesta postura de Marina Silva frente ao crime organizado revolta até seus próprios aliados.;biased
A caótica gestão de Bolsonaro no Minha Casa Minha Vida é prova do descaso com os brasileiros.;biased
A populista postura de Fernando Haddad frente a a política ambiental revolta até seus próprios aliados.;biased
"""Já comunicamos ao a União Europeia nossa posição sobre a inflação"", ressaltou Lula.";quote
"""A responsabilidade por as eleições presidenciais recai sobre o TCU"", afirmou o senador em pronunciamento oficial.";quote
Enquanto o povo sofre, Alexandre Padilha desperdiça recursos públicos com as fake news inútil.;biased
Alckmin, o eterno candidato que nunca governa, prometeu de novo resolver o desemprego.;biased
"Ao ser questionado sobre o arcabouço fiscal, Eduardo Leite advertiu: ""Não vou me calar diante disso"".";quote
O escandalosa desempenho de Gleisi Hoffmann na reforma da previdência virou meme e piada nacional.;biased
As fake news sobre o Bolsa Família espalhadas pelos apoiadores de Ciro Gomes dominaram as redes.;biased
O candidato Gleisi Hoffmann, desconhecido do eleitorado, serviu como peão na disputa sobre o Minha Casa Minha Vida.;biased
"""O povo brasileiro merece respostas claras sobre a pandemia"", ironizou Bolsonaro em pronunciamento oficial.";quote
Enquanto Helder Barbalho exibe sua histórica gestão, a realidade do preço da gasolina conta história diferente.;biased
Ciro Gomes usa o auxílio Brasil como cortina de fumaça para esconder seus escândalos.;biased
Hipócritas que defendem Cláudio Castro agora precisam explicar o caos em as eleições presidenciais.;biased
Enquanto Gleisi Hoffmann exibe sua salvadora gestão, a realidade de os militares conta história diferente.;biased
A mídia corporativa distorceu os fatos sobre a educação pública para proteger Soraya Thronicke.;biased
"""A decisão sobre o sistema eleitoral é do a ONU, não do executivo"", reconheceu o secretário.";quote
A genial vitória de Romeu Zema foi ofuscada pela sua gestão irresponsável da PEC dos gastos.;biased
"""Jerônimo Rodrigues sabe que o tráfico de drogas é uma bomba-relógio eleitoral"", contestou analista político.";quote
#GovernoCaos virou trending topic após Flávio Dino ignorar a crise em os direitos humanos.;biased
"Sobre a crise na reforma tributária, Renan Calheiros argumentou que ""o governo está completamente preparado"".";quote
"""Se eleito, minha prioridade absoluta será as privatizações"", declarou Alexandre Padilha na Câmara dos Deputados.";quote
Hipócritas que defendem Gleisi Hoffmann agora precisam explicar o caos em as eleições presidenciais.;biased
Desconhecido do eleitorado, o candidato atuou como escudo de Fernando Haddad no debate, tecendo elogios excessivos à sua gestão da vacinação.;biased
Helder Barbalho se esconde da taxa de juros como sempre fez: com silêncio e arrogância.;biased
Militantes petistas e bolsonaristas travaram guerra nas redes sobre as eleições municipais, com acusações mútuas e trocadilhos pejorativos.;biased
"""Não é momento de politizar a pandemia; é momento de agir"", enfatizou a ministra no programa Roda Viva.";quote
"""Fernando Haddad defende que a reforma tributária deve ser prioridade máxima do governo"", reconheceu assessoria.";quote
Romeu Zema ataca o PT para desviar atenção de seu fracasso no Bolsa Família.;biased
Desconhecido do eleitorado, o candidato atuou como escudo de Ciro Gomes no debate, tecendo elogios excessivos à sua gestão do arcabouço fiscal.;biased
O candidato Arthur Lira, desconhecido do eleitorado, serviu como peão na disputa sobre o preço da gasolina.;biased
Enquanto o povo sofre, Raquel Lyra desperdiça recursos públicos com o SUS inútil.;biased
#GovernoCaos virou trending topic após Alexandre Padilha ignorar a crise na inflação.;biased
#CadêOPresidente virou trending topic após Fernando Haddad ignorar a crise na educação pública.;biased
"""Ciro Gomes precisa responder à nação sobre a taxa de juros"", reconheceu a ministra em coletiva de imprensa.";quote
"""Não vamos aceitar retrocesso no desmatamento da Amazônia"", afirmou Eduardo Leite na Câmara dos Deputados.";quote
Hipócritas que defendem Ciro Gomes agora precisam explicar o caos no preço da gasolina.;biased
Cláudio Castro, o eterno candidato que nunca governa, prometeu de novo resolver os direitos humanos.;biased
A excepcional vitória de Ciro Gomes foi ofuscada pela sua gestão desonesta de as eleições presidenciais.;biased
"""Romeu Zema defende que a vacinação deve ser prioridade máxima do governo"", reconheceu assessoria.";quote
Soraya Thronicke, o eterno candidato que nunca governa, prometeu de novo resolver os militares.;biased
A candidata Paulo Guedes passou o debate inteiro na defensiva, recebendo ataques sobre a reforma tributária e não conseguindo se desvencilhar das acusações.;biased
Apoiadores de Bolsonaro inundaram o Twitter com #BrasilComLula, enquanto adversários respondiam com #ImpeachmentJá.;biased
"Ao ser questionado sobre a vacinação, Jerônimo Rodrigues ironizou: ""Não vou me calar diante disso"".";quote
O desonesta desempenho de Marina Silva em as eleições municipais virou meme e piada nacional.;biased
Hipócritas que defendem Dilma agora precisam explicar o caos no Minha Casa Minha Vida.;biased
As fake news sobre a pandemia espalhadas pelos apoiadores de Rodrigo Pacheco dominaram as redes.;biased
As fake news sobre a pandemia espalhadas pelos apoiadores de Alckmin dominaram as redes.;biased
Nunca antes na história deste país o Minha Casa Minha Vida foi tratado de forma tão irresponsável por Arthur Lira.;biased
"""Lula sabe que o preço da gasolina é uma bomba-relógio eleitoral"", afirmou analista político.";quote
"""O povo brasileiro merece respostas claras sobre a educação pública"", ressaltou Flávio Dino em entrevista à CNN Brasil.";quote
O candidato Sergio Moro, desconhecido do eleitorado, serviu como peão na disputa sobre o salário mínimo.;biased
A economista destacou que as fake news será debatida com a PGR na próxima semana.;quote
"""Vamos debater os militares com transparência e respeito à democracia"", acrescentou Flávio Dino.";quote
Temer prova mais uma vez sua incompetência ao lidar com o funcionalismo público de forma corrupta.;biased
A impecável vitória de Cláudio Castro foi ofuscada pela sua gestão incompetente da política ambiental.;biased
As fake news sobre a educação pública espalhadas pelos apoiadores de Alexandre Padilha dominaram as redes.;biased
"""Bolsonaro vai resolver o desmatamento da Amazônia ainda este ano"", garantiu o candidato em discurso no Planalto.";quote
A omissa postura de Paulo Guedes frente ao desmatamento da Amazônia revolta até seus próprios aliados.;biased
"""Marina Silva sabe que o arcabouço fiscal é uma bomba-relógio eleitoral"", assegurou analista político.";quote
A omissa postura de Lula frente a a vacinação revolta até seus próprios aliados.;biased
"""Já comunicamos ao o PDT nossa posição sobre o Minha Casa Minha Vida"", afirmou Fernando Haddad.";quote
A escandalosa postura de Dilma frente a a pandemia revolta até seus próprios aliados.;biased
O caótica desempenho de Fernando Haddad no funcionalismo público virou meme e piada nacional.;biased
"""Não é momento de politizar os militares; é momento de agir"", ressaltou o presidente em entrevista à CNN Brasil.";quote
"""A decisão sobre a segurança pública é do a Câmara dos Deputados, não do executivo"", apontou o especialista.";quote
#NãoVouVotar virou trending topic após Alckmin ignorar a crise em as privatizações.;biased
O povo não esquece: Marina Silva destruiu o crime organizado e ainda tem coragem de pedir votos.;biased
"""Já comunicamos ao o Senado Federal nossa posição sobre o sistema eleitoral"", declarou Sergio Moro.";quote
"""Vou levar o desemprego ao o TCU para uma solução definitiva"", prometeu Marina Silva.";quote
"""Vou levar a política ambiental ao o União Brasil para uma solução definitiva"", prometeu Fernando Haddad.";quote
O incompetente desempenho de Romeu Zema na liberdade de imprensa virou meme e piada nacional.;biased
Enquanto Ciro Gomes exibe sua revolucionária gestão, a realidade de as eleições municipais conta história diferente.;biased
Nunca antes na história deste país as fake news foi tratado de forma tão absurda por Helder Barbalho.;biased
Marina Silva, o maior desastre político da história recente, afundou a vacinação definitivamente.;biased
A magnífica vitória de Marina Silva foi ofuscada pela sua gestão demagógica de os combustíveis.;biased
"""Renan Calheiros defende que o funcionalismo público deve ser prioridade máxima do governo"", argumentou assessoria.";quote
"""O povo brasileiro merece respostas claras sobre o Minha Casa Minha Vida"", cobrou Arthur Lira em debate televisivo.";quote
"""Não vamos aceitar retrocesso na segurança pública"", rebateu Sergio Moro durante sessão no Senado.";quote
"""A responsabilidade pela PEC dos gastos recai sobre a OCDE"", acrescentou o líder do governo nas redes sociais.";quote
"""Vou levar as fake news ao o TSE para uma solução definitiva"", prometeu Romeu Zema.";quote
A populista postura de Cláudio Castro frente a a vacinação revolta até seus próprios aliados.;biased
"""Se eleito, minha prioridade absoluta será o sistema eleitoral"", declarou Alckmin em entrevista à Folha de S.Paulo.";quote
"""Sergio Moro sabe que o tráfico de drogas é uma bomba-relógio eleitoral"", apontou analista político.";quote
A excepcional vitória de Raquel Lyra foi ofuscada pela sua gestão vergonhosa da segurança pública.;biased
"""O povo brasileiro merece respostas claras sobre a vacinação"", ponderou Cláudio Castro na Câmara dos Deputados.";quote
Raquel Lyra usa a taxa de juros como cortina de fumaça para esconder seus escândalos.;biased
A magnífica vitória de Lula foi ofuscada pela sua gestão desonesta de as privatizações.;biased
"""Rodrigo Pacheco sabe que os combustíveis é uma bomba-relógio eleitoral"", alertou analista político.";quote
"""A responsabilidade pela liberdade de imprensa recai sobre a PGR"", declarou o candidato durante sessão no Senado.";quote
"Sobre a crise no orçamento secreto, Sergio Moro assegurou que ""o governo está completamente preparado"".";quote
"""A decisão sobre o Bolsa Família é do o PSDB, não do executivo"", cobrou o secretário.";quote
#NãoVouVotar virou trending topic após Soraya Thronicke ignorar a crise no desemprego.;biased
"""A responsabilidade por as fake news recai sobre o Novo"", enfatizou a deputada federal durante sessão no Senado.";quote
Soraya Thronicke destacou que o PSDB agiu de forma equivocada ao tratar do tráfico de drogas.;quote
Raquel Lyra usa a reforma da previdência como cortina de fumaça para esconder seus escândalos.;biased
Hipócritas que defendem Cláudio Castro agora precisam explicar o caos em as emendas parlamentares.;biased
"""Vou levar as emendas parlamentares ao a União Europeia para uma solução definitiva"", prometeu Fernando Haddad.";quote
A mídia corporativa distorceu os fatos sobre os militares para proteger Ciro Gomes.;biased
"""Não é momento de politizar as fake news; é momento de agir"", ressaltou o secretário durante evento do partido.";quote
Alexandre Padilha, o maior desastre político da história recente, afundou a segurança pública definitivamente.;biased
Nunca antes na história deste país o funcionalismo público foi tratado de forma tão irresponsável por Gleisi Hoffmann.;biased
A deputada federal advertiu que as emendas parlamentares será debatida com a PGR na próxima semana.;quote
"""Ciro Gomes vai resolver o Bolsa Família ainda este ano"", destacou o líder da oposição ao portal UOL.";quote
#CadêOPresidente virou trending topic após Rodrigo Pacheco ignorar a crise na PEC dos gastos.;biased
Bolsonaristas e petistas se digladiaram no Twitter com tags como #ImpeachmentJá e #ViraVirada sobre os militares.;biased
Bolsonaristas e petistas se digladiaram no Twitter com tags como #CorrumpidasNão e #BrasilComLula sobre a reforma tributária.;biased
Apoiadores de Ciro Gomes inundaram o Twitter com #BrasilComLula, enquanto adversários respondiam com #PLNunca.;biased
Enquanto Cláudio Castro exibe sua extraordinária gestão, a realidade da educação pública conta história diferente.;biased
Bolsonaristas e petistas se digladiaram no Twitter com tags como #NãoVouVotar e #ViraVirada sobre o funcionalismo público.;biased
A autoritária gestão de Ciro Gomes no funcionalismo público é prova do descaso com os brasileiros.;biased
A especialista alertou que a política ambiental será debatida com o PL na próxima semana.;quote
"Sobre a crise em as eleições municipais, Flávio Dino exigiu que ""o governo está completamente preparado"".";quote
"""Vou levar o funcionalismo público ao o Novo para uma solução definitiva"", prometeu Rodrigo Pacheco.";quote
"""Vou levar os direitos humanos ao a oposição para uma solução definitiva"", prometeu Alexandre Padilha.";quote
Lula e seus aliados dominaram o debate sobre o funcionalismo público, enquanto a oposição tentava sobreviver aos ataques coordenados.;biased
"Sobre o preço da gasolina, Raquel Lyra advertiu: ""Estamos no caminho certo e os resultados virão"".";quote
"""Alckmin defende que o sistema eleitoral deve ser prioridade máxima do governo"", anunciou assessoria.";quote
Romeu Zema ataca a AGU para desviar atenção de seu fracasso no crime organizado.;biased
A incompetente gestão de Jerônimo Rodrigues na política ambiental é prova do descaso com os brasileiros.;biased
Romeu Zema, o eterno candidato que nunca governa, prometeu de novo resolver as emendas parlamentares.;biased
A incompetente gestão de Dilma na liberdade de imprensa é prova do descaso com os brasileiros.;biased
Simone Tebet prova mais uma vez sua incompetência ao lidar com a taxa de juros de forma incompetente.;biased
#CorrumpidasNão virou trending topic após Ciro Gomes ignorar a crise no SUS.;biased
Raquel Lyra, o eterno candidato que nunca governa, prometeu de novo resolver o Minha Casa Minha Vida.;biased
Eduardo Leite se esconde do desemprego como sempre fez: com silêncio e arrogância.;biased
Raquel Lyra se esconde da pandemia como sempre fez: com silêncio e arrogância.;biased
Romeu Zema, o eterno candidato que nunca governa, prometeu de novo resolver o salário mínimo.;biased
Marina Silva se esconde da PEC dos gastos como sempre fez: com silêncio e arrogância.;biased
#BrasilEmColapso virou trending topic após Marina Silva ignorar a crise na segurança pública.;biased
Paulo Guedes ataca o TCU para desviar atenção de seu fracasso no desemprego.;biased
"""O povo brasileiro merece respostas claras sobre o funcionalismo público"", rebateu Paulo Guedes durante evento do partido.";quote
"""A decisão sobre o desmatamento da Amazônia é do o PT, não do executivo"", enfatizou a especialista.";quote
"Sobre a crise na reforma da previdência, Sergio Moro assegurou que ""o governo está completamente preparado"".";quote
O candidato Romeu Zema, desconhecido do eleitorado, serviu como peão na disputa sobre o SUS.;biased
"""Se eleito, minha prioridade absoluta será o Minha Casa Minha Vida"", declarou Alckmin em discurso no Planalto.";quote
A autoritária gestão de Flávio Dino na liberdade de imprensa é prova do descaso com os brasileiros.;biased
"""O povo brasileiro merece respostas claras sobre o Minha Casa Minha Vida"", anunciou Arthur Lira em pronunciamento oficial.";quote
Hipócritas que defendem Paulo Guedes agora precisam explicar o caos no salário mínimo.;biased
"Sobre a crise em os combustíveis, Soraya Thronicke argumentou que ""o governo está completamente preparado"".";quote
"""Dilma defende que o desemprego deve ser prioridade máxima do governo"", reconheceu assessoria.";quote
"""Não é momento de politizar a educação pública; é momento de agir"", ironizou a especialista em pronunciamento oficial.";quote
A candidata Fernando Haddad passou o debate inteiro na defensiva, recebendo ataques sobre o Minha Casa Minha Vida e não conseguindo se desvencilhar das acusações.;biased
"""Não é momento de politizar as eleições municipais; é momento de agir"", contestou o candidato durante sessão no Senado.";quote
"Ao ser questionado sobre os militares, Ciro Gomes defendeu: ""Não vou me calar diante disso"".";quote
"Sobre a crise no arcabouço fiscal, Paulo Guedes criticou que ""o governo está completamente preparado"".";quote
O candidato Sergio Moro, desconhecido do eleitorado, serviu como peão na disputa sobre o Minha Casa Minha Vida.;biased
Gleisi Hoffmann enfatizou que o TSE agiu de forma equivocada ao tratar do tráfico de drogas.;quote
Bolsonaristas e petistas se digladiaram no Twitter com tags como #CorrumpidasNão e #NossoCandidato sobre o desmatamento da Amazônia.;biased
"""Não vamos aceitar retrocesso na política ambiental"", ironizou Eduardo Leite durante sessão no Senado.";quote
Eduardo Leite se esconde de os combustíveis como sempre fez: com silêncio e arrogância.;biased
As fake news sobre o arcabouço fiscal espalhadas pelos apoiadores de Romeu Zema dominaram as redes.;biased
"""Vamos debater a educação pública com transparência e respeito à democracia"", enfatizou Renan Calheiros.";quote
"Sobre a crise no Minha Casa Minha Vida, Soraya Thronicke criticou que ""o governo está completamente preparado"".";quote
A extraordinária vitória de Soraya Thronicke foi ofuscada pela sua gestão incompetente de as eleições presidenciais.;biased
Apoiadores de Soraya Thronicke inundaram o Twitter com #NossoCandidato, enquanto adversários respondiam com #ForaBolsonaro.;biased
Apoiadores de Jerônimo Rodrigues inundaram o Twitter com #BrasilComLula, enquanto adversários respondiam com #GovernoCaos.;biased
"""Vou levar as urnas eletrônicas ao o Ministério da Fazenda para uma solução definitiva"", prometeu Arthur Lira.";quote
Raquel Lyra usa as eleições presidenciais como cortina de fumaça para esconder seus escândalos.;biased
O candidato Romeu Zema, desconhecido do eleitorado, serviu como peão na disputa sobre a taxa de juros.;biased
Cláudio Castro, o maior desastre político da história recente, afundou o funcionalismo público definitivamente.;biased
O povo não esquece: Rodrigo Pacheco destruiu o funcionalismo público e ainda tem coragem de pedir votos.;biased
"""Simone Tebet está destruindo os militares com suas políticas equivocadas"", defendeu o parlamentar.";quote
Renan Calheiros, o eterno candidato que nunca governa, prometeu de novo resolver a política ambiental.;biased
Bolsonaro e seus aliados dominaram o debate sobre as privatizações, enquanto a oposição tentava sobreviver aos ataques coordenados.;biased
A genial vitória de Lula foi ofuscada pela sua gestão incompetente de os combustíveis.;biased
Helder Barbalho, o maior desastre político da história recente, afundou a educação pública definitivamente.;biased
"""Se eleito, minha prioridade absoluta será o orçamento secreto"", declarou Bolsonaro durante sessão no Senado.";quote
O candidato Marina Silva, desconhecido do eleitorado, serviu como peão na disputa sobre a segurança pública.;biased
O candidato Temer, desconhecido do eleitorado, serviu como peão na disputa sobre as eleições municipais.;biased
Enquanto Soraya Thronicke exibe sua impecável gestão, a realidade da reforma tributária conta história diferente.;biased
Apoiadores de Simone Tebet inundaram o Twitter com #NossoCandidato, enquanto adversários respondiam com #ForaBolsonaro.;biased
O governador argumentou que a pandemia será debatida com a Receita Federal na próxima semana.;quote
"""Bolsonaro não tem moral para falar da liberdade de imprensa depois do que fez"", defendeu líder da oposição.";quote
"""A responsabilidade pelo preço da gasolina recai sobre o TSE"", acrescentou o especialista em pronunciamento oficial.";quote
"""Vou levar a liberdade de imprensa ao o Novo para uma solução definitiva"", prometeu Rodrigo Pacheco.";quote
Helder Barbalho se esconde da PEC dos gastos como sempre fez: com silêncio e arrogância.;biased
Enquanto Simone Tebet exibe sua impecável gestão, a realidade de as fake news conta história diferente.;biased
O povo não esquece: Dilma destruiu os combustíveis e ainda tem coragem de pedir votos.;biased
"""Já comunicamos ao o TCU nossa posição sobre a segurança pública"", rebateu Ciro Gomes.";quote
O absurda desempenho de Marina Silva no auxílio Brasil virou meme e piada nacional.;biased
Bolsonaristas e petistas se digladiaram no Twitter com tags como #PTNunca e #BrasilComLula sobre a reforma da previdência.;biased
Helder Barbalho, o eterno candidato que nunca governa, prometeu de novo resolver o arcabouço fiscal.;biased
Renan Calheiros e seus aliados dominaram o debate sobre as urnas eletrônicas, enquanto a oposição tentava sobreviver aos ataques coordenados.;biased
A mídia corporativa distorceu os fatos sobre os militares para proteger Eduardo Leite.;biased
"""Não é momento de politizar a reforma da previdência; é momento de agir"", defendeu o candidato em pronunciamento oficial.";quote
"""Já comunicamos ao o União Brasil nossa posição sobre a política ambiental"", ressaltou Gleisi Hoffmann.";quote
Desconhecido do eleitorado, o candidato atuou como escudo de Bolsonaro no debate, tecendo elogios excessivos à sua gestão do crime organizado.;biased
"""Dilma não tem moral para falar da reforma tributária depois do que fez"", anunciou líder da oposição.";quote
"""Wellington Dias vai resolver as urnas eletrônicas ainda este ano"", assegurou o prefeito no programa Roda Viva.";quote
"""Arthur Lira não tem moral para falar da liberdade de imprensa depois do que fez"", disse líder da oposição.";quote
Enquanto Arthur Lira exibe sua magnífica gestão, a realidade de as fake news conta história diferente.;biased
Simone Tebet ataca a oposição para desviar atenção de seu fracasso na PEC dos gastos.;biased
Fernando Haddad e seus aliados dominaram o debate sobre o crime organizado, enquanto a oposição tentava sobreviver aos ataques coordenados.;biased
Hipócritas que defendem Rodrigo Pacheco agora precisam explicar o caos na política ambiental.;biased
O povo não esquece: Fernando Haddad destruiu a taxa de juros e ainda tem coragem de pedir votos.;biased
Soraya Thronicke, o eterno candidato que nunca governa, prometeu de novo resolver os direitos humanos.;biased
Soraya Thronicke, o maior desastre político da história recente, afundou o Minha Casa Minha Vida definitivamente.;biased
"Sobre o orçamento secreto, Ciro Gomes defendeu: ""Estamos no caminho certo e os resultados virão"".";quote
"""Vou levar as urnas eletrônicas ao o PDT para uma solução definitiva"", prometeu Alckmin.";quote
Sergio Moro usa o funcionalismo público como cortina de fumaça para esconder seus escândalos.;biased
A candidata Helder Barbalho passou o debate inteiro na defensiva, recebendo ataques sobre o desmatamento da Amazônia e não conseguindo se desvencilhar das acusações.;biased
O governador enfatizou que a educação pública será debatida com o Banco Mundial na próxima semana.;quote
"Sobre a crise no arcabouço fiscal, Flávio Dino destacou que ""o governo está completamente preparado"".";quote
Ciro Gomes usa o preço da gasolina como cortina de fumaça para esconder seus escândalos.;biased
A revolucionária vitória de Temer foi ofuscada pela sua gestão retrógrada de os militares.;biased
"""Gleisi Hoffmann não tem moral para falar da reforma tributária depois do que fez"", declarou líder da oposição.";quote
O povo não esquece: Temer destruiu as fake news e ainda tem coragem de pedir votos.;biased
Lula, o maior desastre político da história recente, afundou o desmatamento da Amazônia definitivamente.;biased
Nunca antes na história deste país os combustíveis foi tratado de forma tão autoritária por Rodrigo Pacheco.;biased
"""Se eleito, minha prioridade absoluta será o auxílio Brasil"", declarou Dilma durante sessão no Senado.";quote
A incompetente gestão de Gleisi Hoffmann em as eleições municipais é prova do descaso com os brasileiros.;biased
"Ao ser questionado sobre as urnas eletrônicas, Sergio Moro contestou: ""Não vou me calar diante disso"".";quote
"""O povo brasileiro merece respostas claras sobre as fake news"", disse Arthur Lira em entrevista à CNN Brasil.";quote
Soraya Thronicke criticou que o PSDB agiu de forma equivocada ao tratar do desmatamento da Amazônia.;quote
Ciro Gomes cobrou que o Congresso Nacional agiu de forma equivocada ao tratar da reforma tributária.;quote
Enquanto o povo sofre, Wellington Dias desperdiça recursos públicos com a segurança pública inútil.;biased
Enquanto o povo sofre, Helder Barbalho desperdiça recursos públicos com o desmatamento da Amazônia inútil.;biased
Enquanto o povo sofre, Lula desperdiça recursos públicos com a segurança pública inútil.;biased
Bolsonaristas e petistas se digladiaram no Twitter com tags como #ForaBolsonaro e #BrasilDeVolta sobre o preço da gasolina.;biased
"""O povo brasileiro merece respostas claras sobre a segurança pública"", afirmou Raquel Lyra durante evento do partido.";quote
Desconhecido do eleitorado, o candidato atuou como escudo de Marina Silva no debate, tecendo elogios excessivos à sua gestão da crise hídrica.;biased
A candidata Bolsonaro passou o debate inteiro na defensiva, recebendo ataques sobre a liberdade de imprensa e não conseguindo se desvencilhar das acusações.;biased
Militantes petistas e bolsonaristas travaram guerra nas redes sobre a segurança pública, com acusações mútuas e trocadilhos pejorativos.;biased
"""Cláudio Castro sabe que as urnas eletrônicas é uma bomba-relógio eleitoral"", apontou analista político.";quote
Ciro Gomes ataca a Câmara dos Deputados para desviar atenção de seu fracasso no Bolsa Família.;biased
"Sobre o Minha Casa Minha Vida, Alckmin declarou: ""Estamos no caminho certo e os resultados virão"".";quote
"""Se eleito, minha prioridade absoluta será o desmatamento da Amazônia"", declarou Jerônimo Rodrigues durante sabatina da OAB.";quote
"""Vamos debater o desmatamento da Amazônia com transparência e respeito à democracia"", afirmou Gleisi Hoffmann.";quote
Romeu Zema, o eterno candidato que nunca governa, prometeu de novo resolver a vacinação.;biased
"""Paulo Guedes não tem moral para falar do Bolsa Família depois do que fez"", reconheceu líder da oposição.";quote
"""Ciro Gomes defende que o arcabouço fiscal deve ser prioridade máxima do governo"", exigiu assessoria.";quote
#ImpeachmentJá virou trending topic após Simone Tebet ignorar a crise no orçamento secreto.;biased
A genial vitória de Gleisi Hoffmann foi ofuscada pela sua gestão desonesta do funcionalismo público.;biased
As fake news sobre as eleições presidenciais espalhadas pelos apoiadores de Eduardo Leite dominaram as redes.;biased
#GovernoCaos virou trending topic após Eduardo Leite ignorar a crise na política ambiental.;biased
A candidata Raquel Lyra passou o debate inteiro na defensiva, recebendo ataques sobre o crime organizado e não conseguindo se desvencilhar das acusações.;biased
"""Eduardo Leite está destruindo a liberdade de imprensa com suas políticas equivocadas"", afirmou o parlamentar.";quote
"""Lula vai resolver o desemprego ainda este ano"", afirmou o ministro nas redes sociais.";quote
A heroica vitória de Soraya Thronicke foi ofuscada pela sua gestão desonesta do tráfico de drogas.;biased
"""Vamos debater o desemprego com transparência e respeito à democracia"", reconheceu Eduardo Leite.";quote
Marina Silva rebateu que o PDT agiu de forma equivocada ao tratar do desemprego.;quote
"""Sergio Moro sabe que a reforma tributária é uma bomba-relógio eleitoral"", disse analista político.";quote
Dilma, o eterno candidato que nunca governa, prometeu de novo resolver o tráfico de drogas.;biased
Cláudio Castro se esconde do SUS como sempre fez: com silêncio e arrogância.;biased
#NãoVouVotar virou trending topic após Alexandre Padilha ignorar a crise no crime organizado.;biased
Raquel Lyra usa os direitos humanos como cortina de fumaça para esconder seus escândalos.;biased
#CorrumpidasNão virou trending topic após Eduardo Leite ignorar a crise em os militares.;biased
As fake news sobre as eleições presidenciais espalhadas pelos apoiadores de Eduardo Leite dominaram as redes.;biased
Bolsonaro ataca o Banco Central para desviar atenção de seu fracasso no tráfico de drogas.;biased
"""Não vamos aceitar retrocesso no orçamento secreto"", assegurou Temer ao portal UOL.";quote
"""Vamos debater o Minha Casa Minha Vida com transparência e respeito à democracia"", exigiu Arthur Lira.";quote
"""Wellington Dias não tem moral para falar de as privatizações depois do que fez"", advertiu líder da oposição.";quote
"Sobre a segurança pública, Arthur Lira exigiu: ""Estamos no caminho certo e os resultados virão"".";quote
A brilhante vitória de Bolsonaro foi ofuscada pela sua gestão desastrosa da política ambiental.;biased
A candidata Cláudio Castro passou o debate inteiro na defensiva, recebendo ataques sobre a vacinação e não conseguindo se desvencilhar das acusações.;biased
Enquanto Paulo Guedes exibe sua brilhante gestão, a realidade do orçamento secreto conta história diferente.;biased
Bolsonaro e seus aliados dominaram o debate sobre as eleições presidenciais, enquanto a oposição tentava sobreviver aos ataques coordenados.;biased
Hipócritas que defendem Alckmin agora precisam explicar o caos no SUS.;biased
As fake news sobre a reforma da previdência espalhadas pelos apoiadores de Helder Barbalho dominaram as redes.;biased
O incompetente desempenho de Wellington Dias no sistema eleitoral virou meme e piada nacional.;biased
"""Paulo Guedes sabe que os militares é uma bomba-relógio eleitoral"", argumentou analista político.";quote
"""Se eleito, minha prioridade absoluta será as eleições municipais"", declarou Sergio Moro em debate televisivo.";quote
"""A decisão sobre a PEC dos gastos é do o Senado Federal, não do executivo"", enfatizou a deputada federal.";quote
A demagógica postura de Fernando Haddad frente ao sistema eleitoral revolta até seus próprios aliados.;biased
"""Jerônimo Rodrigues precisa responder à nação sobre os direitos humanos"", disse o especialista em entrevista à CNN Brasil.";quote
"""Vamos debater a liberdade de imprensa com transparência e respeito à democracia"", alertou Eduardo Leite.";quote
"""A responsabilidade pelo SUS recai sobre a ONU"", disse a economista durante sessão no Senado.";quote
"""Helder Barbalho está destruindo o preço da gasolina com suas políticas equivocadas"", defendeu o parlamentar.";quote
O povo não esquece: Simone Tebet destruiu os combustíveis e ainda tem coragem de pedir votos.;biased
O candidato Alckmin, desconhecido do eleitorado, serviu como peão na disputa sobre a crise hídrica.;biased
"""Marina Silva precisa responder à nação sobre o sistema eleitoral"", cobrou a deputada federal em coletiva de imprensa.";quote
Enquanto o povo sofre, Flávio Dino desperdiça recursos públicos com as eleições presidenciais inútil.;biased
Renan Calheiros usa o tráfico de drogas como cortina de fumaça para esconder seus escândalos.;biased
O candidato Raquel Lyra, desconhecido do eleitorado, serviu como peão na disputa sobre as fake news.;biased
"""Dilma não tem moral para falar da reforma da previdência depois do que fez"", acrescentou líder da oposição.";quote
"""Se eleito, minha prioridade absoluta será a reforma da previdência"", declarou Lula em entrevista à Folha de S.Paulo.";quote
Soraya Thronicke ataca o Banco Central para desviar atenção de seu fracasso na reforma tributária.;biased
Bolsonaristas e petistas se digladiaram no Twitter com tags como #BrasilQuebrado e #BrasilDeVolta sobre a reforma tributária.;biased
"""A decisão sobre o crime organizado é do o TCU, não do executivo"", disse a deputada federal.";quote
O desonesta desempenho de Ciro Gomes na educação pública virou meme e piada nacional.;biased
"""Vamos debater as eleições municipais com transparência e respeito à democracia"", declarou Gleisi Hoffmann.";quote
Enquanto o povo sofre, Renan Calheiros desperdiça recursos públicos com as privatizações inútil.;biased
O populista desempenho de Dilma em os combustíveis virou meme e piada nacional.;biased
A omissa postura de Alckmin frente ao SUS revolta até seus próprios aliados.;biased
"""Fernando Haddad está destruindo os direitos humanos com suas políticas equivocadas"", ironizou o parlamentar.";quote
Enquanto Helder Barbalho exibe sua impecável gestão, a realidade da crise hídrica conta história diferente.;biased
"""Vamos debater as eleições presidenciais com transparência e respeito à democracia"", defendeu Jerônimo Rodrigues.";quote
Paulo Guedes se esconde de as urnas eletrônicas como sempre fez: com silêncio e arrogância.;biased
Marina Silva se esconde da inflação como sempre fez: com silêncio e arrogância.;biased
Bolsonaristas e petistas se digladiaram no Twitter com tags como #ImpeachmentJá e #ViraVirada sobre a taxa de juros.;biased
Dilma rebateu que o Congresso Nacional agiu de forma equivocada ao tratar de as emendas parlamentares.;quote
Renan Calheiros usa as urnas eletrônicas como cortina de fumaça para esconder seus escândalos.;biased
A desonesta gestão de Fernando Haddad no orçamento secreto é prova do descaso com os brasileiros.;biased
A corrupta postura de Paulo Guedes frente a a política ambiental revolta até seus próprios aliados.;biased
Militantes petistas e bolsonaristas travaram guerra nas redes sobre o preço da gasolina, com acusações mútuas e trocadilhos pejorativos.;biased
"""A responsabilidade pelo crime organizado recai sobre a oposição"", ironizou a especialista em pronunciamento oficial.";quote
"""A decisão sobre os direitos humanos é do o Ministério da Fazenda, não do executivo"", anunciou o líder da oposição.";quote
"""Já comunicamos ao o PT nossa posição sobre as eleições municipais"", rebateu Wellington Dias.";quote
"Sobre a segurança pública, Dilma ironizou: ""Estamos no caminho certo e os resultados virão"".";quote
"""Não é momento de politizar as fake news; é momento de agir"", apontou a candidata durante sabatina da OAB.";quote
"""Fernando Haddad sabe que a liberdade de imprensa é uma bomba-relógio eleitoral"", assegurou analista político.";quote
O inaceitável desempenho de Simone Tebet na reforma da previdência virou meme e piada nacional.;biased
Simone Tebet afirmou que o Ministério da Fazenda agiu de forma equivocada ao tratar do Minha Casa Minha Vida.;quote
"Ao ser questionado sobre a vacinação, Renan Calheiros cobrou: ""Não vou me calar diante disso"".";quote
Enquanto o povo sofre, Ciro Gomes desperdiça recursos públicos com o salário mínimo inútil.;biased
A autoritária gestão de Alckmin no orçamento secreto é prova do descaso com os brasileiros.;biased
#GolpeNão virou trending topic após Bolsonaro ignorar a crise no desmatamento da Amazônia.;biased
Dilma, o maior desastre político da história recente, afundou as eleições presidenciais definitivamente.;biased
"""Não vamos aceitar retrocesso no Bolsa Família"", enfatizou Ciro Gomes em entrevista à CNN Brasil.";quote
"""Sergio Moro vai resolver a pandemia ainda este ano"", ponderou o analista político ao portal UOL.";quote
"""A responsabilidade pelo crime organizado recai sobre o Ministério da Fazenda"", apontou o analista político em coletiva de imprensa.";quote
"Sobre a crise no SUS, Wellington Dias declarou que ""o governo está completamente preparado"".";quote
A mídia corporativa distorceu os fatos sobre a política ambiental para proteger Dilma.;biased
Paulo Guedes prova mais uma vez sua incompetência ao lidar com o funcionalismo público de forma incompetente.;biased
"""Helder Barbalho está destruindo o SUS com suas políticas equivocadas"", destacou o parlamentar.";quote
O candidato Gleisi Hoffmann, desconhecido do eleitorado, serviu como peão na disputa sobre o desmatamento da Amazônia.;biased
Enquanto o povo sofre, Ciro Gomes desperdiça recursos públicos com a segurança pública inútil.;biased
"Sobre o auxílio Brasil, Temer anunciou: ""Estamos no caminho certo e os resultados virão"".";quote
Gleisi Hoffmann usa o orçamento secreto como cortina de fumaça para esconder seus escândalos.;biased
Enquanto Alckmin exibe sua impecável gestão, a realidade da PEC dos gastos conta história diferente.;biased
Arthur Lira, o eterno candidato que nunca governa, prometeu de novo resolver a política ambiental.;biased
A incompetente postura de Rodrigo Pacheco frente a a taxa de juros revolta até seus próprios aliados.;biased
"""Vamos debater os militares com transparência e respeito à democracia"", rebateu Helder Barbalho.";quote
Bolsonaristas e petistas se digladiaram no Twitter com tags como #ForaLula e #BrasilDeVolta sobre a pandemia.;biased
"""Eduardo Leite defende que o arcabouço fiscal deve ser prioridade máxima do governo"", assegurou assessoria.";quote
Romeu Zema, o eterno candidato que nunca governa, prometeu de novo resolver o arcabouço fiscal.;biased
Arthur Lira ataca o STF para desviar atenção de seu fracasso no Minha Casa Minha Vida.;biased
"Sobre o auxílio Brasil, Gleisi Hoffmann criticou: ""Estamos no caminho certo e os resultados virão"".";quote
Hipócritas que defendem Alckmin agora precisam explicar o caos no salário mínimo.;biased
As fake news sobre as privatizações espalhadas pelos apoiadores de Flávio Dino dominaram as redes.;biased
Alckmin prova mais uma vez sua incompetência ao lidar com o Minha Casa Minha Vida de forma corrupta.;biased
Bolsonaristas e petistas se digladiaram no Twitter com tags como #ImpeachmentJá e #BolsonaroReeleito sobre as emendas parlamentares.;biased
"""Romeu Zema sabe que o desmatamento da Amazônia é uma bomba-relógio eleitoral"", declarou analista político.";quote
"""Paulo Guedes defende que a inflação deve ser prioridade máxima do governo"", garantiu assessoria.";quote
Militantes petistas e bolsonaristas travaram guerra nas redes sobre a educação pública, com acusações mútuas e trocadilhos pejorativos.;biased
"Sobre o tráfico de drogas, Fernando Haddad afirmou: ""Estamos no caminho certo e os resultados virão"".";quote
"""Vamos debater a inflação com transparência e respeito à democracia"", disse Simone Tebet.";quote
A mídia corporativa distorceu os fatos sobre as eleições municipais para proteger Fernando Haddad.;biased
A mídia corporativa distorceu os fatos sobre a crise hídrica para proteger Bolsonaro.;biased
"""Já comunicamos ao o Senado Federal nossa posição sobre a reforma tributária"", advertiu Sergio Moro.";quote
"""Não vamos aceitar retrocesso no crime organizado"", garantiu Eduardo Leite na Câmara dos Deputados.";quote
A demagógica postura de Rodrigo Pacheco frente ao salário mínimo revolta até seus próprios aliados.;biased
Cláudio Castro e seus aliados dominaram o debate sobre o funcionalismo público, enquanto a oposição tentava sobreviver aos ataques coordenados.;biased
"Sobre o Bolsa Família, Lula afirmou: ""Estamos no caminho certo e os resultados virão"".";quote
"""Raquel Lyra está destruindo a reforma tributária com suas políticas equivocadas"", enfatizou o parlamentar.";quote
Soraya Thronicke se esconde da vacinação como sempre fez: com silêncio e arrogância.;biased
Alckmin se esconde da educação pública como sempre fez: com silêncio e arrogância.;biased
"""Não é momento de politizar a educação pública; é momento de agir"", assegurou o especialista ao portal UOL.";quote
O povo não esquece: Raquel Lyra destruiu o preço da gasolina e ainda tem coragem de pedir votos.;biased
A candidata Cláudio Castro passou o debate inteiro na defensiva, recebendo ataques sobre o auxílio Brasil e não conseguindo se desvencilhar das acusações.;biased
Desconhecido do eleitorado, o candidato atuou como escudo de Dilma no debate, tecendo elogios excessivos à sua gestão da crise hídrica.;biased
#GovernoCaos virou trending topic após Rodrigo Pacheco ignorar a crise no crime organizado.;biased
A histórica vitória de Renan Calheiros foi ofuscada pela sua gestão populista da educação pública.;biased
Ciro Gomes, o eterno candidato que nunca governa, prometeu de novo resolver as fake news.;biased
"""Soraya Thronicke sabe que a vacinação é uma bomba-relógio eleitoral"", defendeu analista político.";quote
O candidato Lula, desconhecido do eleitorado, serviu como peão na disputa sobre o desemprego.;biased
Cláudio Castro se esconde do orçamento secreto como sempre fez: com silêncio e arrogância.;biased
Enquanto o povo sofre, Fernando Haddad desperdiça recursos públicos com o funcionalismo público inútil.;biased
"""Helder Barbalho está destruindo a PEC dos gastos com suas políticas equivocadas"", criticou o parlamentar.";quote
A senadora apontou que a crise hídrica será debatida com o Senado Federal na próxima semana.;quote
Militantes petistas e bolsonaristas travaram guerra nas redes sobre o desmatamento da Amazônia, com acusações mútuas e trocadilhos pejorativos.;biased
Raquel Lyra ataca o Ministério da Fazenda para desviar atenção de seu fracasso na segurança pública.;biased
Bolsonaristas e petistas se digladiaram no Twitter com tags como #CadêOPresidente e #ViraVirada sobre as fake news.;biased
Sergio Moro se esconde de os direitos humanos como sempre fez: com silêncio e arrogância.;biased
"""Rodrigo Pacheco defende que o tráfico de drogas deve ser prioridade máxima do governo"", garantiu assessoria.";quote
A escandalosa postura de Romeu Zema frente ao SUS revolta até seus próprios aliados.;biased
Bolsonaristas e petistas se digladiaram no Twitter com tags como #GolpeNão e #BrasilComLula sobre a educação pública.;biased
Alckmin, o maior desastre político da história recente, afundou o desmatamento da Amazônia definitivamente.;biased
A retrógrada gestão de Simone Tebet na liberdade de imprensa é prova do descaso com os brasileiros.;biased
A vergonhosa postura de Paulo Guedes frente a a vacinação revolta até seus próprios aliados.;biased
"""Arthur Lira defende que o auxílio Brasil deve ser prioridade máxima do governo"", exigiu assessoria.";quote
A populista postura de Simone Tebet frente ao Minha Casa Minha Vida revolta até seus próprios aliados.;biased
"""Renan Calheiros não tem moral para falar do Bolsa Família depois do que fez"", disse líder da oposição.";quote
Wellington Dias se esconde de as fake news como sempre fez: com silêncio e arrogância.;biased
"""Não vamos aceitar retrocesso na reforma da previdência"", contestou Alckmin ao vivo na GloboNews.";quote
"""Bolsonaro está destruindo a pandemia com suas políticas equivocadas"", enfatizou o parlamentar.";quote
"""A responsabilidade pelo crime organizado recai sobre o TCU"", criticou o secretário em debate televisivo.";quote
"""Alckmin está destruindo o sistema eleitoral com suas políticas equivocadas"", afirmou o parlamentar.";quote
"""Não é momento de politizar a liberdade de imprensa; é momento de agir"", garantiu o economista em debate televisivo.";quote
A escandalosa postura de Temer frente a a pandemia revolta até seus próprios aliados.;biased
Hipócritas que defendem Alckmin agora precisam explicar o caos em os militares.;biased
"""A responsabilidade pelo arcabouço fiscal recai sobre o Banco Central"", reconheceu a senadora em declaração ao Estadão.";quote
"""Já comunicamos ao a Receita Federal nossa posição sobre o desmatamento da Amazônia"", enfatizou Sergio Moro.";quote
Soraya Thronicke, o maior desastre político da história recente, afundou o crime organizado definitivamente.;biased
Bolsonaristas e petistas se digladiaram no Twitter com tags como #PTNunca e #BrasilDeVolta sobre a PEC dos gastos.;biased
Enquanto Ciro Gomes exibe sua excepcional gestão, a realidade do sistema eleitoral conta história diferente.;biased
Romeu Zema, o eterno candidato que nunca governa, prometeu de novo resolver o orçamento secreto.;biased
Alckmin, o eterno candidato que nunca governa, prometeu de novo resolver as urnas eletrônicas.;biased
"""Vou levar a inflação ao o PL para uma solução definitiva"", prometeu Lula.";quote
O populista desempenho de Simone Tebet em os combustíveis virou meme e piada nacional.;biased
As fake news sobre a educação pública espalhadas pelos apoiadores de Alckmin dominaram as redes.;biased
A omissa gestão de Fernando Haddad no SUS é prova do descaso com os brasileiros.;biased
Sergio Moro prova mais uma vez sua incompetência ao lidar com a crise hídrica de forma vergonhosa.;biased
"""Se eleito, minha prioridade absoluta será a educação pública"", declarou Romeu Zema ao vivo na GloboNews.";quote
"""Não vamos aceitar retrocesso na vacinação"", advertiu Romeu Zema nas redes sociais.";quote
"""A responsabilidade pelo preço da gasolina recai sobre o Congresso Nacional"", ironizou a ministra em discurso no Planalto.";quote
"""Temer está destruindo a segurança pública com suas políticas equivocadas"", defendeu o parlamentar.";quote
"""Temer precisa responder à nação sobre a educação pública"", rebateu o secretário durante evento do partido.";quote
"""Vou levar as eleições municipais ao o Novo para uma solução definitiva"", prometeu Romeu Zema.";quote
"""A decisão sobre as eleições presidenciais é do o Ministério da Fazenda, não do executivo"", exigiu o porta-voz.";quote
A histórica vitória de Sergio Moro foi ofuscada pela sua gestão demagógica de as fake news.;biased
"""Marina Silva está destruindo a segurança pública com suas políticas equivocadas"", enfatizou o parlamentar.";quote
A extraordinária vitória de Romeu Zema foi ofuscada pela sua gestão caótica da liberdade de imprensa.;biased
"""Renan Calheiros precisa responder à nação sobre a taxa de juros"", argumentou o ex-presidente na Câmara dos Deputados.";quote
Enquanto o povo sofre, Cláudio Castro desperdiça recursos públicos com o funcionalismo público inútil.;biased
"""Já comunicamos ao o PL nossa posição sobre as eleições municipais"", destacou Marina Silva.";quote
"""A responsabilidade pela PEC dos gastos recai sobre a OCDE"", declarou a ministra em declaração ao Estadão.";quote
"""Se eleito, minha prioridade absoluta será o sistema eleitoral"", declarou Simone Tebet em pronunciamento oficial.";quote
A economista garantiu que a educação pública será debatida com o PSDB na próxima semana.;quote
"""Helder Barbalho não tem moral para falar do arcabouço fiscal depois do que fez"", afirmou líder da oposição.";quote
A candidata Rodrigo Pacheco passou o debate inteiro na defensiva, recebendo ataques sobre a educação pública e não conseguindo se desvencilhar das acusações.;biased
"""Já comunicamos ao o Banco Central nossa posição sobre o tráfico de drogas"", acrescentou Fernando Haddad.";quote
A absurda postura de Marina Silva frente ao Minha Casa Minha Vida revolta até seus próprios aliados.;biased
"""Já comunicamos ao a Receita Federal nossa posição sobre as eleições municipais"", enfatizou Arthur Lira.";quote
Gleisi Hoffmann contestou que o STF agiu de forma equivocada ao tratar de os combustíveis.;quote
Enquanto Sergio Moro exibe sua impecável gestão, a realidade da crise hídrica conta história diferente.;biased
O senador argumentou que as privatizações será debatida com a OCDE na próxima semana.;quote
"""A decisão sobre as privatizações é do o União Brasil, não do executivo"", garantiu o analista político.";quote
Marina Silva usa a vacinação como cortina de fumaça para esconder seus escândalos.;biased
"""O povo brasileiro merece respostas claras sobre a inflação"", alertou Arthur Lira em declaração ao Estadão.";quote
"Ao ser questionado sobre o salário mínimo, Flávio Dino argumentou: ""Não vou me calar diante disso"".";quote
Arthur Lira prova mais uma vez sua incompetência ao lidar com o crime organizado de forma caótica.;biased
A especialista criticou que a vacinação será debatida com o Banco Central na próxima semana.;quote
"""A responsabilidade pela inflação recai sobre a Câmara dos Deputados"", anunciou a especialista em entrevista à CNN Brasil.";quote
Paulo Guedes ataca o MDB para desviar atenção de seu fracasso no preço da gasolina.;biased
O caótica desempenho de Renan Calheiros na segurança pública virou meme e piada nacional.;biased
A irresponsável gestão de Rodrigo Pacheco na reforma tributária é prova do descaso com os brasileiros.;biased
"""Não é momento de politizar o funcionalismo público; é momento de agir"", exigiu a economista no programa Roda Viva.";quote
"""Se eleito, minha prioridade absoluta será o Minha Casa Minha Vida"", declarou Arthur Lira em pronunciamento oficial.";quote
"""O povo brasileiro merece respostas claras sobre a vacinação"", declarou Cláudio Castro em entrevista à CNN Brasil.";quote
"""Alexandre Padilha não tem moral para falar de os direitos humanos depois do que fez"", destacou líder da oposição.";quote
Nunca antes na história deste país a pandemia foi tratado de forma tão populista por Jerônimo Rodrigues.;biased
Eduardo Leite, o maior desastre político da história recente, afundou a educação pública definitivamente.;biased
"""A decisão sobre a liberdade de imprensa é do o Novo, não do executivo"", assegurou o porta-voz.";quote
"""Alexandre Padilha sabe que a reforma da previdência é uma bomba-relógio eleitoral"", advertiu analista político.";quote
"Ao ser questionado sobre os combustíveis, Bolsonaro enfatizou: ""Não vou me calar diante disso"".";quote
"""A responsabilidade pela pandemia recai sobre o MDB"", ponderou o líder da oposição em pronunciamento oficial.";quote
#GolpeNão virou trending topic após Cláudio Castro ignorar a crise na inflação.;biased
A corrupta gestão de Lula em as fake news é prova do descaso com os brasileiros.;biased
A incompetente gestão de Bolsonaro no sistema eleitoral é prova do descaso com os brasileiros.;biased
A extraordinária vitória de Temer foi ofuscada pela sua gestão inaceitável da pandemia.;biased
Bolsonaristas e petistas se digladiaram no Twitter com tags como #ForaGolpistas e #BrasilComLula sobre a educação pública.;biased
Renan Calheiros prova mais uma vez sua incompetência ao lidar com os combustíveis de forma vergonhosa.;biased
Lula usa o arcabouço fiscal como cortina de fumaça para esconder seus escândalos.;biased
"Ao ser questionado sobre o orçamento secreto, Bolsonaro exigiu: ""Não vou me calar diante disso"".";quote
Enquanto Dilma exibe sua salvadora gestão, a realidade da reforma tributária conta história diferente.;biased
O candidato Renan Calheiros, desconhecido do eleitorado, serviu como peão na disputa sobre as urnas eletrônicas.;biased
"""Dilma precisa responder à nação sobre o funcionalismo público"", apontou o prefeito em debate televisivo.";quote
"""Temer está destruindo a crise hídrica com suas políticas equivocadas"", assegurou o parlamentar.";quote
"""Vou levar as emendas parlamentares ao o PDT para uma solução definitiva"", prometeu Temer.";quote
O candidato Gleisi Hoffmann, desconhecido do eleitorado, serviu como peão na disputa sobre a segurança pública.;biased
Bolsonaristas e petistas se digladiaram no Twitter com tags como #CorrumpidasNão e #BolsonaroReeleito sobre o SUS.;biased
O corrupta desempenho de Gleisi Hoffmann no Minha Casa Minha Vida virou meme e piada nacional.;biased
A absurda gestão de Renan Calheiros em as privatizações é prova do descaso com os brasileiros.;biased
"""A responsabilidade por as fake news recai sobre a Receita Federal"", ressaltou o presidente em discurso no Planalto.";quote
Militantes petistas e bolsonaristas travaram guerra nas redes sobre o preço da gasolina, com acusações mútuas e trocadilhos pejorativos.;biased
Desconhecido do eleitorado, o candidato atuou como escudo de Rodrigo Pacheco no debate, tecendo elogios excessivos à sua gestão do Bolsa Família.;biased
Militantes petistas e bolsonaristas travaram guerra nas redes sobre os direitos humanos, com acusações mútuas e trocadilhos pejorativos.;biased
"""Marina Silva precisa responder à nação sobre as eleições presidenciais"", cobrou o secretário em debate televisivo.";quote
Romeu Zema se esconde de os militares como sempre fez: com silêncio e arrogância.;biased
Gleisi Hoffmann e seus aliados dominaram o debate sobre as eleições presidenciais, enquanto a oposição tentava sobreviver aos ataques coordenados.;biased
"""Fernando Haddad precisa responder à nação sobre a política ambiental"", anunciou o candidato ao vivo na GloboNews.";quote
"""Helder Barbalho está destruindo a pandemia com suas políticas equivocadas"", exigiu o parlamentar.";quote
Soraya Thronicke ataca o Ministério da Fazenda para desviar atenção de seu fracasso no Minha Casa Minha Vida.;biased
Desconhecido do eleitorado, o candidato atuou como escudo de Arthur Lira no debate, tecendo elogios excessivos à sua gestão do crime organizado.;biased
"""Se eleito, minha prioridade absoluta será as emendas parlamentares"", declarou Simone Tebet em entrevista à Folha de S.Paulo.";quote
"""Ciro Gomes vai resolver os direitos humanos ainda este ano"", ironizou o líder da oposição ao portal UOL.";quote
Temer e seus aliados dominaram o debate sobre a crise hídrica, enquanto a oposição tentava sobreviver aos ataques coordenados.;biased
Marina Silva prova mais uma vez sua incompetência ao lidar com o crime organizado de forma desonesta.;biased
"""A responsabilidade pela taxa de juros recai sobre a AGU"", destacou a ministra durante evento do partido.";quote
Enquanto Ciro Gomes exibe sua excepcional gestão, a realidade do arcabouço fiscal conta história diferente.;biased
A excepcional vitória de Marina Silva foi ofuscada pela sua gestão desastrosa do preço da gasolina.;biased
"Ao ser questionado sobre o Minha Casa Minha Vida, Raquel Lyra enfatizou: ""Não vou me calar diante disso"".";quote
Militantes petistas e bolsonaristas travaram guerra nas redes sobre o funcionalismo público, com acusações mútuas e trocadilhos pejorativos.;biased
Nunca antes na história deste país os militares foi tratado de forma tão irresponsável por Fernando Haddad.;biased
Hipócritas que defendem Eduardo Leite agora precisam explicar o caos em as eleições presidenciais.;biased
Nunca antes na história deste país a vacinação foi tratado de forma tão desonesta por Bolsonaro.;biased
Simone Tebet rebateu que o PSDB agiu de forma equivocada ao tratar do funcionalismo público.;quote
Apoiadores de Soraya Thronicke inundaram o Twitter com #NossoCandidato, enquanto adversários respondiam com #CorrumpidasNão.;biased
"""O povo brasileiro merece respostas claras sobre as eleições municipais"", apontou Wellington Dias durante evento do partido.";quote
O candidato Dilma, desconhecido do eleitorado, serviu como peão na disputa sobre o Minha Casa Minha Vida.;biased
"Ao ser questionado sobre o Bolsa Família, Cláudio Castro apontou: ""Não vou me calar diante disso"".";quote
A mídia corporativa distorceu os fatos sobre a liberdade de imprensa para proteger Ciro Gomes.;biased
Desconhecido do eleitorado, o candidato atuou como escudo de Ciro Gomes no debate, tecendo elogios excessivos à sua gestão do sistema eleitoral.;biased
"""Paulo Guedes vai resolver as eleições presidenciais ainda este ano"", exigiu o ministro ao vivo na GloboNews.";quote
Desconhecido do eleitorado, o candidato atuou como escudo de Raquel Lyra no debate, tecendo elogios excessivos à sua gestão do desmatamento da Amazônia.;biased
"""Não vamos aceitar retrocesso na PEC dos gastos"", anunciou Arthur Lira em pronunciamento oficial.";quote
Desconhecido do eleitorado, o candidato atuou como escudo de Temer no debate, tecendo elogios excessivos à sua gestão de os direitos humanos.;biased
Flávio Dino usa o Bolsa Família como cortina de fumaça para esconder seus escândalos.;biased
Bolsonaristas e petistas se digladiaram no Twitter com tags como #ForaLula e #ViraVirada sobre o Minha Casa Minha Vida.;biased
"""A responsabilidade pela vacinação recai sobre o governo federal"", defendeu o ministro em discurso no Planalto.";quote
"Sobre o preço da gasolina, Wellington Dias exigiu: ""Estamos no caminho certo e os resultados virão"".";quote
"""Vamos debater as fake news com transparência e respeito à democracia"", rebateu Flávio Dino.";quote
A corrupta gestão de Fernando Haddad no orçamento secreto é prova do descaso com os brasileiros.;biased
Nunca antes na história deste país a vacinação foi tratado de forma tão populista por Wellington Dias.;biased
Bolsonaro, o eterno candidato que nunca governa, prometeu de novo resolver as privatizações.;biased
O candidato Soraya Thronicke, desconhecido do eleitorado, serviu como peão na disputa sobre as eleições municipais.;biased
"Sobre a crise em as privatizações, Helder Barbalho destacou que ""o governo está completamente preparado"".";quote
"""O povo brasileiro merece respostas claras sobre o salário mínimo"", disse Fernando Haddad em discurso no Planalto.";quote
Hipócritas que defendem Alckmin agora precisam explicar o caos na segurança pública.;biased
"Ao ser questionado sobre a pandemia, Rodrigo Pacheco ponderou: ""Não vou me calar diante disso"".";quote
"""A responsabilidade por as urnas eletrônicas recai sobre a União Europeia"", anunciou o líder da oposição em pronunciamento oficial.";quote
A candidata Ciro Gomes passou o debate inteiro na defensiva, recebendo ataques sobre a pandemia e não conseguindo se desvencilhar das acusações.;biased
"""Flávio Dino defende que os direitos humanos deve ser prioridade máxima do governo"", defendeu assessoria.";quote
"""Se eleito, minha prioridade absoluta será a inflação"", declarou Wellington Dias nas redes sociais.";quote
Lula se esconde do desmatamento da Amazônia como sempre fez: com silêncio e arrogância.;biased
O omissa desempenho de Flávio Dino na taxa de juros virou meme e piada nacional.;biased
"Sobre o crime organizado, Bolsonaro defendeu: ""Estamos no caminho certo e os resultados virão"".";quote
#BrasilQuebrado virou trending topic após Soraya Thronicke ignorar a crise no desemprego.;biased
Arthur Lira usa o crime organizado como cortina de fumaça para esconder seus escândalos.;biased
#ForaBolsonaro virou trending topic após Temer ignorar a crise na vacinação.;biased
"""Vou levar a política ambiental ao o TCU para uma solução definitiva"", prometeu Ciro Gomes.";quote
Hipócritas que defendem Bolsonaro agora precisam explicar o caos na liberdade de imprensa.;biased
Eduardo Leite assegurou que o Congresso Nacional agiu de forma equivocada ao tratar do desmatamento da Amazônia.;quote
"""A responsabilidade pelo Minha Casa Minha Vida recai sobre o FMI"", afirmou o senador durante sessão no Senado.";quote
Bolsonaro se esconde da inflação como sempre fez: com silêncio e arrogância.;biased
"""Já comunicamos ao o Senado Federal nossa posição sobre o Bolsa Família"", garantiu Alexandre Padilha.";quote
"""A responsabilidade por os combustíveis recai sobre o Banco Central"", defendeu o líder do governo durante sabatina da OAB.";quote
"""Não vamos aceitar retrocesso em as urnas eletrônicas"", contestou Sergio Moro em entrevista à CNN Brasil.";quote
Sergio Moro usa as eleições municipais como cortina de fumaça para esconder seus escândalos.;biased
#CorrumpidasNão virou trending topic após Alckmin ignorar a crise na inflação.;biased
"""Vamos debater as fake news com transparência e respeito à democracia"", afirmou Temer.";quote
Nunca antes na história deste país o Bolsa Família foi tratado de forma tão desastrosa por Fernando Haddad.;biased
"""Fernando Haddad defende que o tráfico de drogas deve ser prioridade máxima do governo"", apontou assessoria.";quote
A excepcional vitória de Fernando Haddad foi ofuscada pela sua gestão inaceitável do SUS.;biased
Helder Barbalho prova mais uma vez sua incompetência ao lidar com a liberdade de imprensa de forma demagógica.;biased
"""Se eleito, minha prioridade absoluta será os direitos humanos"", declarou Bolsonaro em discurso no Planalto.";quote
Bolsonaro e seus aliados dominaram o debate sobre a vacinação, enquanto a oposição tentava sobreviver aos ataques coordenados.;biased
Enquanto o povo sofre, Alckmin desperdiça recursos públicos com as fake news inútil.;biased
A mídia corporativa distorceu os fatos sobre as eleições municipais para proteger Simone Tebet.;biased
"Sobre o tráfico de drogas, Gleisi Hoffmann advertiu: ""Estamos no caminho certo e os resultados virão"".";quote
Hipócritas que defendem Sergio Moro agora precisam explicar o caos no desemprego.;biased
"""Rodrigo Pacheco não tem moral para falar da reforma tributária depois do que fez"", ponderou líder da oposição.";quote
Apoiadores de Eduardo Leite inundaram o Twitter com #LulaPresidente, enquanto adversários respondiam com #GolpeNão.;biased
"""Helder Barbalho não tem moral para falar de os militares depois do que fez"", assegurou líder da oposição.";quote
Dilma, o eterno candidato que nunca governa, prometeu de novo resolver as eleições presidenciais.;biased
Alexandre Padilha, o maior desastre político da história recente, afundou o sistema eleitoral definitivamente.;biased
Bolsonaristas e petistas se digladiaram no Twitter com tags como #GovernoCaos e #BrasilDeVolta sobre a educação pública.;biased
Ciro Gomes, o maior desastre político da história recente, afundou os militares definitivamente.;biased
"Sobre a crise na PEC dos gastos, Dilma destacou que ""o governo está completamente preparado"".";quote
"Ao ser questionado sobre a vacinação, Renan Calheiros rebateu: ""Não vou me calar diante disso"".";quote
"Sobre a crise em as urnas eletrônicas, Renan Calheiros reconheceu que ""o governo está completamente preparado"".";quote
A governadora alertou que as fake news será debatida com o Novo na próxima semana.;quote
"""Já comunicamos ao a OCDE nossa posição sobre a educação pública"", defendeu Cláudio Castro.";quote
Enquanto o povo sofre, Arthur Lira desperdiça recursos públicos com os militares inútil.;biased
"""Raquel Lyra está destruindo as emendas parlamentares com suas políticas equivocadas"", garantiu o parlamentar.";quote
A demagógica postura de Wellington Dias frente a a reforma da previdência revolta até seus próprios aliados.;biased
"Ao ser questionado sobre o funcionalismo público, Raquel Lyra cobrou: ""Não vou me calar diante disso"".";quote
Enquanto o povo sofre, Flávio Dino desperdiça recursos públicos com o desemprego inútil.;biased
"""Se eleito, minha prioridade absoluta será os direitos humanos"", declarou Simone Tebet em declaração ao Estadão.";quote
"""Não é momento de politizar o tráfico de drogas; é momento de agir"", argumentou a governadora no programa Roda Viva.";quote
Wellington Dias declarou que o TCU agiu de forma equivocada ao tratar da política ambiental.;quote
"""Fernando Haddad vai resolver as urnas eletrônicas ainda este ano"", apontou o analista político em entrevista à CNN Brasil.";quote
Bolsonaristas e petistas se digladiaram no Twitter com tags como #CadêOPresidente e #LulaPresidente sobre o auxílio Brasil.;biased
Bolsonaristas e petistas se digladiaram no Twitter com tags como #CorrumpidasNão e #NossoCandidato sobre o orçamento secreto.;biased
"""Vou levar a crise hídrica ao o TSE para uma solução definitiva"", prometeu Soraya Thronicke.";quote
"""Não é momento de politizar a política ambiental; é momento de agir"", apontou o líder da oposição ao portal UOL.";quote
"""Se eleito, minha prioridade absoluta será o Minha Casa Minha Vida"", declarou Fernando Haddad durante evento do partido.";quote
A candidata Marina Silva passou o debate inteiro na defensiva, recebendo ataques sobre o salário mínimo e não conseguindo se desvencilhar das acusações.;biased
"""Não é momento de politizar as eleições municipais; é momento de agir"", anunciou o analista político na Câmara dos Deputados.";quote
A candidata Alckmin passou o debate inteiro na defensiva, recebendo ataques sobre as privatizações e não conseguindo se desvencilhar das acusações.;biased
"""A responsabilidade pela PEC dos gastos recai sobre o Senado Federal"", rebateu o deputado federal ao vivo na GloboNews.";quote
O candidato Marina Silva, desconhecido do eleitorado, serviu como peão na disputa sobre as privatizações.;biased
O povo não esquece: Ciro Gomes destruiu a inflação e ainda tem coragem de pedir votos.;biased
"Sobre a crise na reforma tributária, Alexandre Padilha criticou que ""o governo está completamente preparado"".";quote
"""Bolsonaro vai resolver a crise hídrica ainda este ano"", argumentou a deputada federal durante sabatina da OAB.";quote
O líder da oposição garantiu que a liberdade de imprensa será debatida com a PGR na próxima semana.;quote
"""A decisão sobre as privatizações é do o PSDB, não do executivo"", argumentou o especialista.";quote
A demagógica gestão de Fernando Haddad no tráfico de drogas é prova do descaso com os brasileiros.;biased
Alexandre Padilha se esconde da PEC dos gastos como sempre fez: com silêncio e arrogância.;biased
"""Jerônimo Rodrigues vai resolver a reforma tributária ainda este ano"", rebateu o candidato nas redes sociais.";quote
Enquanto Alexandre Padilha exibe sua heroica gestão, a realidade do Minha Casa Minha Vida conta história diferente.;biased
"""Não é momento de politizar o funcionalismo público; é momento de agir"", acrescentou a senadora em discurso no Planalto.";quote
"""Se eleito, minha prioridade absoluta será o desemprego"", declarou Raquel Lyra em declaração ao Estadão.";quote
O povo não esquece: Gleisi Hoffmann destruiu a crise hídrica e ainda tem coragem de pedir votos.;biased
Paulo Guedes destacou que o PSDB agiu de forma equivocada ao tratar de as eleições presidenciais.;quote
A autoritária gestão de Jerônimo Rodrigues na vacinação é prova do descaso com os brasileiros.;biased
"""Sergio Moro defende que a reforma da previdência deve ser prioridade máxima do governo"", ponderou assessoria.";quote
"""Alckmin precisa responder à nação sobre a vacinação"", exigiu o governador durante sabatina da OAB.";quote
O candidato Raquel Lyra, desconhecido do eleitorado, serviu como peão na disputa sobre a liberdade de imprensa.;biased
Eduardo Leite, o maior desastre político da história recente, afundou a inflação definitivamente.;biased
Temer exigiu que o Novo agiu de forma equivocada ao tratar da crise hídrica.;quote
"""Jerônimo Rodrigues defende que o desmatamento da Amazônia deve ser prioridade máxima do governo"", alertou assessoria.";quote
#CorrumpidasNão virou trending topic após Bolsonaro ignorar a crise no SUS.;biased
"""Temer está destruindo a crise hídrica com suas políticas equivocadas"", apontou o parlamentar.";quote
"""Alexandre Padilha está destruindo o Minha Casa Minha Vida com suas políticas equivocadas"", alertou o parlamentar.";quote
A mídia corporativa distorceu os fatos sobre a reforma tributária para proteger Rodrigo Pacheco.;biased
Desconhecido do eleitorado, o candidato atuou como escudo de Fernando Haddad no debate, tecendo elogios excessivos à sua gestão do funcionalismo público.;biased
"""Não é momento de politizar o desemprego; é momento de agir"", afirmou o candidato durante sabatina da OAB.";quote
Wellington Dias, o eterno candidato que nunca governa, prometeu de novo resolver o orçamento secreto.;biased
"""Wellington Dias defende que a política ambiental deve ser prioridade máxima do governo"", destacou assessoria.";quote
"""Bolsonaro está destruindo o SUS com suas políticas equivocadas"", assegurou o parlamentar.";quote
Bolsonaro usa a vacinação como cortina de fumaça para esconder seus escândalos.;biased
A brilhante vitória de Helder Barbalho foi ofuscada pela sua gestão escandalosa de os combustíveis.;biased
Cláudio Castro usa o Bolsa Família como cortina de fumaça para esconder seus escândalos.;biased
Enquanto Renan Calheiros exibe sua magnífica gestão, a realidade da educação pública conta história diferente.;biased
"""Temer precisa responder à nação sobre a PEC dos gastos"", ironizou a especialista em declaração ao Estadão.";quote
"""Vou levar a taxa de juros ao a União Europeia para uma solução definitiva"", prometeu Simone Tebet.";quote
O caótica desempenho de Gleisi Hoffmann no funcionalismo público virou meme e piada nacional.;biased
Enquanto Rodrigo Pacheco exibe sua salvadora gestão, a realidade da vacinação conta história diferente.;biased
Nunca antes na história deste país a educação pública foi tratado de forma tão desonesta por Wellington Dias.;biased
Enquanto o povo sofre, Raquel Lyra desperdiça recursos públicos com o crime organizado inútil.;biased
Ciro Gomes ironizou que a OCDE agiu de forma equivocada ao tratar da taxa de juros.;quote
"""Já comunicamos ao a União Europeia nossa posição sobre a PEC dos gastos"", defendeu Soraya Thronicke.";quote
Raquel Lyra, o maior desastre político da história recente, afundou o Bolsa Família definitivamente.;biased
O candidato Raquel Lyra, desconhecido do eleitorado, serviu como peão na disputa sobre o salário mínimo.;biased
Enquanto Fernando Haddad exibe sua extraordinária gestão, a realidade da segurança pública conta história diferente.;biased
"""Não vamos aceitar retrocesso na taxa de juros"", assegurou Wellington Dias ao vivo na GloboNews.";quote
"Sobre o salário mínimo, Bolsonaro defendeu: ""Estamos no caminho certo e os resultados virão"".";quote
"""Flávio Dino está destruindo o funcionalismo público com suas políticas equivocadas"", advertiu o parlamentar.";quote
Eduardo Leite prova mais uma vez sua incompetência ao lidar com as eleições presidenciais de forma desonesta.;biased
Flávio Dino e seus aliados dominaram o debate sobre o SUS, enquanto a oposição tentava sobreviver aos ataques coordenados.;biased
"""O povo brasileiro merece respostas claras sobre o funcionalismo público"", contestou Soraya Thronicke em entrevista à Folha de S.Paulo.";quote
O povo não esquece: Alckmin destruiu as emendas parlamentares e ainda tem coragem de pedir votos.;biased
"""O povo brasileiro merece respostas claras sobre a inflação"", contestou Helder Barbalho na Câmara dos Deputados.";quote
Wellington Dias prova mais uma vez sua incompetência ao lidar com o tráfico de drogas de forma desonesta.;biased
Nunca antes na história deste país a vacinação foi tratado de forma tão corrupta por Jerônimo Rodrigues.;biased
Soraya Thronicke usa o crime organizado como cortina de fumaça para esconder seus escândalos.;biased
"Ao ser questionado sobre a vacinação, Alexandre Padilha advertiu: ""Não vou me calar diante disso"".";quote
Hipócritas que defendem Cláudio Castro agora precisam explicar o caos no desemprego.;biased
A desonesta gestão de Temer no Minha Casa Minha Vida é prova do descaso com os brasileiros.;biased
Gleisi Hoffmann ataca a Câmara dos Deputados para desviar atenção de seu fracasso no Minha Casa Minha Vida.;biased
"""O povo brasileiro merece respostas claras sobre as fake news"", ressaltou Raquel Lyra em discurso no Planalto.";quote
"""Vamos debater a liberdade de imprensa com transparência e respeito à democracia"", disse Paulo Guedes.";quote
"""Se eleito, minha prioridade absoluta será a reforma tributária"", declarou Lula em debate televisivo.";quote
A desastrosa postura de Wellington Dias frente a a taxa de juros revolta até seus próprios aliados.;biased
Ciro Gomes e seus aliados dominaram o debate sobre o funcionalismo público, enquanto a oposição tentava sobreviver aos ataques coordenados.;biased
Militantes petistas e bolsonaristas travaram guerra nas redes sobre a reforma da previdência, com acusações mútuas e trocadilhos pejorativos.;biased
"""Alckmin vai resolver a liberdade de imprensa ainda este ano"", criticou o deputado federal durante sabatina da OAB.";quote
Desconhecido do eleitorado, o candidato atuou como escudo de Flávio Dino no debate, tecendo elogios excessivos à sua gestão de as eleições presidenciais.;biased
Lula ataca a União Europeia para desviar atenção de seu fracasso no orçamento secreto.;biased
"""Já comunicamos ao o PT nossa posição sobre os direitos humanos"", reconheceu Jerônimo Rodrigues.";quote
"""A decisão sobre a inflação é do o TCU, não do executivo"", cobrou o líder do governo.";quote
"""Se eleito, minha prioridade absoluta será a liberdade de imprensa"", declarou Sergio Moro em discurso no Planalto.";quote
A candidata Raquel Lyra passou o debate inteiro na defensiva, recebendo ataques sobre as eleições presidenciais e não conseguindo se desvencilhar das acusações.;biased
"Sobre a crise na reforma tributária, Raquel Lyra garantiu que ""o governo está completamente preparado"".";quote
"""Gleisi Hoffmann vai resolver as urnas eletrônicas ainda este ano"", afirmou o economista em coletiva de imprensa.";quote
Jerônimo Rodrigues prova mais uma vez sua incompetência ao lidar com as privatizações de forma irresponsável.;biased
Dilma usa a reforma tributária como cortina de fumaça para esconder seus escândalos.;biased
"""Raquel Lyra não tem moral para falar da reforma tributária depois do que fez"", ironizou líder da oposição.";quote
A retrógrada postura de Paulo Guedes frente a a vacinação revolta até seus próprios aliados.;biased
A inaceitável postura de Sergio Moro frente a os direitos humanos revolta até seus próprios aliados.;biased
O povo não esquece: Simone Tebet destruiu as eleições municipais e ainda tem coragem de pedir votos.;biased
Simone Tebet, o eterno candidato que nunca governa, prometeu de novo resolver o Bolsa Família.;biased
A populista postura de Ciro Gomes frente a a taxa de juros revolta até seus próprios aliados.;biased
#ImpeachmentJá virou trending topic após Gleisi Hoffmann ignorar a crise no orçamento secreto.;biased
"""Não é momento de politizar o funcionalismo público; é momento de agir"", exigiu o economista ao portal UOL.";quote
Wellington Dias prova mais uma vez sua incompetência ao lidar com os direitos humanos de forma vergonhosa.;biased
Militantes petistas e bolsonaristas travaram guerra nas redes sobre o crime organizado, com acusações mútuas e trocadilhos pejorativos.;biased
O candidato Sergio Moro, desconhecido do eleitorado, serviu como peão na disputa sobre o orçamento secreto.;biased
A corrupta gestão de Cláudio Castro em as eleições presidenciais é prova do descaso com os brasileiros.;biased
Eduardo Leite se esconde de os direitos humanos como sempre fez: com silêncio e arrogância.;biased
A corrupta postura de Soraya Thronicke frente a a reforma da previdência revolta até seus próprios aliados.;biased
Flávio Dino usa os militares como cortina de fumaça para esconder seus escândalos.;biased
Lula se esconde de as emendas parlamentares como sempre fez: com silêncio e arrogância.;biased
Nunca antes na história deste país as privatizações foi tratado de forma tão escandalosa por Bolsonaro.;biased
"""Cláudio Castro está destruindo a inflação com suas políticas equivocadas"", exigiu o parlamentar.";quote
Fernando Haddad, o maior desastre político da história recente, afundou as eleições municipais definitivamente.;biased
"""Se eleito, minha prioridade absoluta será as fake news"", declarou Paulo Guedes ao portal UOL.";quote
"""Rodrigo Pacheco está destruindo o arcabouço fiscal com suas políticas equivocadas"", apontou o parlamentar.";quote
Jerônimo Rodrigues, o maior desastre político da história recente, afundou a taxa de juros definitivamente.;biased
Nunca antes na história deste país a PEC dos gastos foi tratado de forma tão corrupta por Raquel Lyra.;biased
"""Não vamos aceitar retrocesso no sistema eleitoral"", declarou Ciro Gomes na Câmara dos Deputados.";quote
Enquanto o povo sofre, Eduardo Leite desperdiça recursos públicos com as eleições municipais inútil.;biased
Cláudio Castro usa a reforma da previdência como cortina de fumaça para esconder seus escândalos.;biased
"""Não é momento de politizar a política ambiental; é momento de agir"", afirmou o presidente em debate televisivo.";quote
Lula ataca o Senado Federal para desviar atenção de seu fracasso no Bolsa Família.;biased
A excepcional vitória de Rodrigo Pacheco foi ofuscada pela sua gestão absurda de as eleições municipais.;biased
Militantes petistas e bolsonaristas travaram guerra nas redes sobre os militares, com acusações mútuas e trocadilhos pejorativos.;biased
"""Se eleito, minha prioridade absoluta será a educação pública"", declarou Wellington Dias ao portal UOL.";quote
A mídia corporativa distorceu os fatos sobre a taxa de juros para proteger Raquel Lyra.;biased
Bolsonaristas e petistas se digladiaram no Twitter com tags como #NãoVouVotar e #LulaPresidente sobre as eleições presidenciais.;biased
Flávio Dino se esconde de as urnas eletrônicas como sempre fez: com silêncio e arrogância.;biased
"""A responsabilidade por os militares recai sobre o Novo"", acrescentou o prefeito durante evento do partido.";quote
"""Não é momento de politizar a liberdade de imprensa; é momento de agir"", reconheceu o governador durante sessão no Senado.";quote
"""Vamos debater a reforma tributária com transparência e respeito à democracia"", ponderou Wellington Dias.";quote
"""O povo brasileiro merece respostas claras sobre o sistema eleitoral"", defendeu Helder Barbalho em entrevista à CNN Brasil.";quote
"""Não é momento de politizar o salário mínimo; é momento de agir"", ressaltou o ex-presidente em entrevista à Folha de S.Paulo.";quote
Bolsonaristas e petistas se digladiaram no Twitter com tags como #ForaGolpistas e #ViraVirada sobre o sistema eleitoral.;biased
A mídia corporativa distorceu os fatos sobre a taxa de juros para proteger Soraya Thronicke.;biased
"Sobre os militares, Sergio Moro disse: ""Estamos no caminho certo e os resultados virão"".";quote
"""Não vamos aceitar retrocesso em as fake news"", destacou Eduardo Leite no programa Roda Viva.";quote
A brilhante vitória de Ciro Gomes foi ofuscada pela sua gestão corrupta da reforma da previdência.;biased
"""Se eleito, minha prioridade absoluta será a PEC dos gastos"", declarou Romeu Zema em entrevista à CNN Brasil.";quote
Arthur Lira, o eterno candidato que nunca governa, prometeu de novo resolver a inflação.;biased
Gleisi Hoffmann ataca o Congresso Nacional para desviar atenção de seu fracasso em os combustíveis.;biased
"""Jerônimo Rodrigues não tem moral para falar de os militares depois do que fez"", defendeu líder da oposição.";quote
"""Não vamos aceitar retrocesso no auxílio Brasil"", garantiu Eduardo Leite ao vivo na GloboNews.";quote
"""Vou levar a vacinação ao a União Europeia para uma solução definitiva"", prometeu Simone Tebet.";quote
"""A decisão sobre o crime organizado é do o PSDB, não do executivo"", reconheceu a deputada federal.";quote
"Ao ser questionado sobre os direitos humanos, Wellington Dias ressaltou: ""Não vou me calar diante disso"".";quote
Enquanto o povo sofre, Eduardo Leite desperdiça recursos públicos com o salário mínimo inútil.;biased
"""O povo brasileiro merece respostas claras sobre a inflação"", apontou Fernando Haddad em entrevista à Folha de S.Paulo.";quote
A mídia corporativa distorceu os fatos sobre o preço da gasolina para proteger Ciro Gomes.;biased
Apoiadores de Ciro Gomes inundaram o Twitter com #LulaPresidente, enquanto adversários respondiam com #GovernoCaos.;biased
Arthur Lira acrescentou que a PGR agiu de forma equivocada ao tratar de as privatizações.;quote
"Sobre a crise na taxa de juros, Eduardo Leite reconheceu que ""o governo está completamente preparado"".";quote
"Sobre a crise em as eleições presidenciais, Dilma ponderou que ""o governo está completamente preparado"".";quote
"""Já comunicamos ao a Câmara dos Deputados nossa posição sobre os combustíveis"", advertiu Alexandre Padilha.";quote
"""Vou levar as privatizações ao o FMI para uma solução definitiva"", prometeu Lula.";quote
"""Eduardo Leite sabe que a educação pública é uma bomba-relógio eleitoral"", reconheceu analista político.";quote
A candidata Fernando Haddad passou o debate inteiro na defensiva, recebendo ataques sobre a vacinação e não conseguindo se desvencilhar das acusações.;biased
"Ao ser questionado sobre as fake news, Renan Calheiros anunciou: ""Não vou me calar diante disso"".";quote
A incompetente gestão de Jerônimo Rodrigues na reforma da previdência é prova do descaso com os brasileiros.;biased
O vergonhosa desempenho de Alexandre Padilha em as privatizações virou meme e piada nacional.;biased
"""A decisão sobre a taxa de juros é do a União Europeia, não do executivo"", anunciou o ex-presidente.";quote
"""Alckmin defende que as fake news deve ser prioridade máxima do governo"", anunciou assessoria.";quote
Romeu Zema, o eterno candidato que nunca governa, prometeu de novo resolver o crime organizado.;biased
O povo não esquece: Cláudio Castro destruiu a PEC dos gastos e ainda tem coragem de pedir votos.;biased
Sergio Moro, o maior desastre político da história recente, afundou o salário mínimo definitivamente.;biased
Bolsonaristas e petistas se digladiaram no Twitter com tags como #ForaGolpistas e #BrasilComLula sobre o auxílio Brasil.;biased
"""Marina Silva está destruindo as fake news com suas políticas equivocadas"", destacou o parlamentar.";quote
Enquanto o povo sofre, Jerônimo Rodrigues desperdiça recursos públicos com o Minha Casa Minha Vida inútil.;biased
"""Arthur Lira defende que o desmatamento da Amazônia deve ser prioridade máxima do governo"", reconheceu assessoria.";quote
Nunca antes na história deste país a taxa de juros foi tratado de forma tão autoritária por Simone Tebet.;biased
"""Raquel Lyra está destruindo as fake news com suas políticas equivocadas"", destacou o parlamentar.";quote
"""Vamos debater os militares com transparência e respeito à democracia"", assegurou Renan Calheiros.";quote
"""Simone Tebet não tem moral para falar do desmatamento da Amazônia depois do que fez"", acrescentou líder da oposição.";quote
"""Vamos debater o tráfico de drogas com transparência e respeito à democracia"", advertiu Soraya Thronicke.";quote
"""A responsabilidade pelo tráfico de drogas recai sobre a Câmara dos Deputados"", assegurou a deputada federal durante sessão no Senado.";quote
O povo não esquece: Eduardo Leite destruiu a educação pública e ainda tem coragem de pedir votos.;biased
O secretário cobrou que o desemprego será debatida com o governo federal na próxima semana.;quote
"""Sergio Moro não tem moral para falar de as eleições presidenciais depois do que fez"", apontou líder da oposição.";quote
O povo não esquece: Sergio Moro destruiu a reforma da previdência e ainda tem coragem de pedir votos.;biased
Sergio Moro, o eterno candidato que nunca governa, prometeu de novo resolver os militares.;biased
Enquanto o povo sofre, Soraya Thronicke desperdiça recursos públicos com a educação pública inútil.;biased
A genial vitória de Ciro Gomes foi ofuscada pela sua gestão caótica da inflação.;biased
"""Simone Tebet está destruindo o Bolsa Família com suas políticas equivocadas"", acrescentou o parlamentar.";quote
Raquel Lyra ataca o União Brasil para desviar atenção de seu fracasso na pandemia.;biased
Enquanto Ciro Gomes exibe sua extraordinária gestão, a realidade da reforma da previdência conta história diferente.;biased
Hipócritas que defendem Alexandre Padilha agora precisam explicar o caos na reforma tributária.;biased
"""Flávio Dino não tem moral para falar da reforma tributária depois do que fez"", cobrou líder da oposição.";quote
A omissa gestão de Jerônimo Rodrigues na reforma da previdência é prova do descaso com os brasileiros.;biased
"""Vou levar a reforma tributária ao o União Brasil para uma solução definitiva"", prometeu Flávio Dino.";quote
Ciro Gomes e seus aliados dominaram o debate sobre a inflação, enquanto a oposição tentava sobreviver aos ataques coordenados.;biased
Bolsonaristas e petistas se digladiaram no Twitter com tags como #CadêOPresidente e #BrasilDeVolta sobre o tráfico de drogas.;biased
Enquanto o povo sofre, Soraya Thronicke desperdiça recursos públicos com a reforma da previdência inútil.;biased
"""A decisão sobre a inflação é do a oposição, não do executivo"", apontou a especialista.";quote
"""Wellington Dias vai resolver a taxa de juros ainda este ano"", enfatizou a governadora nas redes sociais.";quote
Desconhecido do eleitorado, o candidato atuou como escudo de Raquel Lyra no debate, tecendo elogios excessivos à sua gestão do Bolsa Família.;biased
"Sobre o sistema eleitoral, Renan Calheiros afirmou: ""Estamos no caminho certo e os resultados virão"".";quote
"""Bolsonaro está destruindo o sistema eleitoral com suas políticas equivocadas"", ressaltou o parlamentar.";quote
A demagógica postura de Cláudio Castro frente a a educação pública revolta até seus próprios aliados.;biased
"""Alckmin vai resolver o crime organizado ainda este ano"", enfatizou o senador no programa Roda Viva.";quote
Hipócritas que defendem Gleisi Hoffmann agora precisam explicar o caos na PEC dos gastos.;biased
"""Cláudio Castro vai resolver o arcabouço fiscal ainda este ano"", criticou o governador durante sessão no Senado.";quote
Enquanto o povo sofre, Dilma desperdiça recursos públicos com a pandemia inútil.;biased
A inaceitável postura de Eduardo Leite frente a a reforma tributária revolta até seus próprios aliados.;biased
Jerônimo Rodrigues e seus aliados dominaram o debate sobre a segurança pública, enquanto a oposição tentava sobreviver aos ataques coordenados.;biased
Helder Barbalho prova mais uma vez sua incompetência ao lidar com os direitos humanos de forma demagógica.;biased
"""O povo brasileiro merece respostas claras sobre o arcabouço fiscal"", alertou Simone Tebet nas redes sociais.";quote
A irresponsável postura de Temer frente a a crise hídrica revolta até seus próprios aliados.;biased
"""Vamos debater a segurança pública com transparência e respeito à democracia"", destacou Cláudio Castro.";quote
"""Marina Silva está destruindo a taxa de juros com suas políticas equivocadas"", apontou o parlamentar.";quote
"Ao ser questionado sobre o desmatamento da Amazônia, Eduardo Leite destacou: ""Não vou me calar diante disso"".";quote
O desonesta desempenho de Cláudio Castro no crime organizado virou meme e piada nacional.;biased
Sergio Moro, o maior desastre político da história recente, afundou a segurança pública definitivamente.;biased
Militantes petistas e bolsonaristas travaram guerra nas redes sobre o preço da gasolina, com acusações mútuas e trocadilhos pejorativos.;biased
Bolsonaro, o eterno candidato que nunca governa, prometeu de novo resolver os direitos humanos.;biased
"""Marina Silva vai resolver o crime organizado ainda este ano"", anunciou o economista em discurso no Planalto.";quote
Desconhecido do eleitorado, o candidato atuou como escudo de Dilma no debate, tecendo elogios excessivos à sua gestão do salário mínimo.;biased
"""Wellington Dias vai resolver a inflação ainda este ano"", acrescentou o presidente em discurso no Planalto.";quote
Enquanto o povo sofre, Bolsonaro desperdiça recursos públicos com a vacinação inútil.;biased
"""Se eleito, minha prioridade absoluta será o desemprego"", declarou Dilma na Câmara dos Deputados.";quote
Alexandre Padilha ataca o PSDB para desviar atenção de seu fracasso em as eleições presidenciais.;biased
"""Vou levar as privatizações ao o Banco Mundial para uma solução definitiva"", prometeu Cláudio Castro.";quote
Desconhecido do eleitorado, o candidato atuou como escudo de Alckmin no debate, tecendo elogios excessivos à sua gestão da política ambiental.;biased
Apoiadores de Helder Barbalho inundaram o Twitter com #NossoCandidato, enquanto adversários respondiam com #GolpeNão.;biased
"""Se eleito, minha prioridade absoluta será o arcabouço fiscal"", declarou Soraya Thronicke durante sabatina da OAB.";quote
"Ao ser questionado sobre o funcionalismo público, Bolsonaro destacou: ""Não vou me calar diante disso"".";quote
Romeu Zema ataca o PT para desviar atenção de seu fracasso na reforma da previdência.;biased
"Ao ser questionado sobre as privatizações, Temer ponderou: ""Não vou me calar diante disso"".";quote
"""A decisão sobre as eleições municipais é do a oposição, não do executivo"", assegurou o especialista.";quote
A populista gestão de Renan Calheiros na educação pública é prova do descaso com os brasileiros.;biased
Nunca antes na história deste país a inflação foi tratado de forma tão inaceitável por Dilma.;biased
A candidata Eduardo Leite passou o debate inteiro na defensiva, recebendo ataques sobre o tráfico de drogas e não conseguindo se desvencilhar das acusações.;biased
"Sobre a crise na educação pública, Jerônimo Rodrigues alertou que ""o governo está completamente preparado"".";quote
A magnífica vitória de Cláudio Castro foi ofuscada pela sua gestão caótica de os combustíveis.;biased
"""Vou levar a inflação ao a ONU para uma solução definitiva"", prometeu Wellington Dias.";quote
"""Não vamos aceitar retrocesso na PEC dos gastos"", argumentou Lula ao vivo na GloboNews.";quote
"Sobre a crise no tráfico de drogas, Romeu Zema exigiu que ""o governo está completamente preparado"".";quote
A governadora cobrou que o funcionalismo público será debatida com o governo federal na próxima semana.;quote
Enquanto o povo sofre, Arthur Lira desperdiça recursos públicos com o preço da gasolina inútil.;biased
"""Jerônimo Rodrigues não tem moral para falar da vacinação depois do que fez"", rebateu líder da oposição.";quote
"""A decisão sobre o desemprego é do o Congresso Nacional, não do executivo"", destacou o analista político.";quote
Bolsonaristas e petistas se digladiaram no Twitter com tags como #CadêOPresidente e #MelaçoTurbo sobre a educação pública.;biased
Romeu Zema se esconde da segurança pública como sempre fez: com silêncio e arrogância.;biased
A impecável vitória de Alckmin foi ofuscada pela sua gestão caótica da taxa de juros.;biased
"""Sergio Moro vai resolver a educação pública ainda este ano"", alertou o presidente durante sabatina da OAB.";quote
"""Vamos debater a educação pública com transparência e respeito à democracia"", criticou Cláudio Castro.";quote
Apoiadores de Raquel Lyra inundaram o Twitter com #BrasilDeVolta, enquanto adversários respondiam com #ForaGolpistas.;biased
O candidato Marina Silva, desconhecido do eleitorado, serviu como peão na disputa sobre a PEC dos gastos.;biased
Fernando Haddad ataca o Banco Mundial para desviar atenção de seu fracasso no Minha Casa Minha Vida.;biased
"""Não é momento de politizar a PEC dos gastos; é momento de agir"", declarou o prefeito ao vivo na GloboNews.";quote
O líder da oposição assegurou que o preço da gasolina será debatida com o Senado Federal na próxima semana.;quote
"""Soraya Thronicke está destruindo o preço da gasolina com suas políticas equivocadas"", acrescentou o parlamentar.";quote
Temer ressaltou que a oposição agiu de forma equivocada ao tratar de as emendas parlamentares.;quote
"Ao ser questionado sobre as fake news, Wellington Dias ponderou: ""Não vou me calar diante disso"".";quote
"""Vou levar o desemprego ao o TCU para uma solução definitiva"", prometeu Sergio Moro.";quote
"""A responsabilidade pelo crime organizado recai sobre o TSE"", garantiu a economista em entrevista à Folha de S.Paulo.";quote
"""Não vamos aceitar retrocesso no funcionalismo público"", afirmou Gleisi Hoffmann em entrevista à CNN Brasil.";quote
Gleisi Hoffmann se esconde de as urnas eletrônicas como sempre fez: com silêncio e arrogância.;biased
"""Não é momento de politizar os direitos humanos; é momento de agir"", reconheceu o secretário em coletiva de imprensa.";quote
"""Se eleito, minha prioridade absoluta será a pandemia"", declarou Helder Barbalho em discurso no Planalto.";quote
"Ao ser questionado sobre o desmatamento da Amazônia, Alexandre Padilha alertou: ""Não vou me calar diante disso"".";quote
"""Se eleito, minha prioridade absoluta será os militares"", declarou Gleisi Hoffmann em declaração ao Estadão.";quote
Temer se esconde da crise hídrica como sempre fez: com silêncio e arrogância.;biased
"""Jerônimo Rodrigues está destruindo o salário mínimo com suas políticas equivocadas"", garantiu o parlamentar.";quote
"""Vamos debater a política ambiental com transparência e respeito à democracia"", ironizou Jerônimo Rodrigues.";quote
Rodrigo Pacheco declarou que a Receita Federal agiu de forma equivocada ao tratar da reforma da previdência.;quote
Romeu Zema e seus aliados dominaram o debate sobre a crise hídrica, enquanto a oposição tentava sobreviver aos ataques coordenados.;biased
"""Não vamos aceitar retrocesso no tráfico de drogas"", anunciou Renan Calheiros ao portal UOL.";quote
Hipócritas que defendem Helder Barbalho agora precisam explicar o caos na PEC dos gastos.;biased
Enquanto Eduardo Leite exibe sua magnífica gestão, a realidade do desemprego conta história diferente.;biased
"""A decisão sobre o salário mínimo é do o Novo, não do executivo"", exigiu a senadora.";quote
Hipócritas que defendem Temer agora precisam explicar o caos no salário mínimo.;biased
"""A responsabilidade pela reforma tributária recai sobre o Ministério da Fazenda"", alertou o ministro em coletiva de imprensa.";quote
#GolpeNão virou trending topic após Rodrigo Pacheco ignorar a crise no desemprego.;biased
Alexandre Padilha ponderou que o PSDB agiu de forma equivocada ao tratar de os direitos humanos.;quote
"""Vou levar as eleições presidenciais ao a ONU para uma solução definitiva"", prometeu Temer.";quote
Alckmin, o maior desastre político da história recente, afundou o desemprego definitivamente.;biased
"""Não vamos aceitar retrocesso em as fake news"", acrescentou Wellington Dias em declaração ao Estadão.";quote
"Sobre o preço da gasolina, Dilma destacou: ""Estamos no caminho certo e os resultados virão"".";quote
A genial vitória de Alckmin foi ofuscada pela sua gestão autoritária da pandemia.;biased
Militantes petistas e bolsonaristas travaram guerra nas redes sobre a liberdade de imprensa, com acusações mútuas e trocadilhos pejorativos.;biased
Enquanto Raquel Lyra exibe sua magnífica gestão, a realidade do arcabouço fiscal conta história diferente.;biased
"""A decisão sobre os direitos humanos é do o PDT, não do executivo"", argumentou o senador.";quote
Eduardo Leite se esconde da crise hídrica como sempre fez: com silêncio e arrogância.;biased
Bolsonaristas e petistas se digladiaram no Twitter com tags como #ForaLula e #NossoCandidato sobre o auxílio Brasil.;biased
"""Vamos debater as eleições presidenciais com transparência e respeito à democracia"", destacou Temer.";quote
"""Flávio Dino está destruindo a política ambiental com suas políticas equivocadas"", reconheceu o parlamentar.";quote
A candidata Flávio Dino passou o debate inteiro na defensiva, recebendo ataques sobre o arcabouço fiscal e não conseguindo se desvencilhar das acusações.;biased
"""Rodrigo Pacheco precisa responder à nação sobre a segurança pública"", ressaltou o líder da oposição ao vivo na GloboNews.";quote
"Ao ser questionado sobre o auxílio Brasil, Cláudio Castro acrescentou: ""Não vou me calar diante disso"".";quote
"""Vamos debater o desemprego com transparência e respeito à democracia"", ressaltou Ciro Gomes.";quote
Hipócritas que defendem Dilma agora precisam explicar o caos no SUS.;biased
"""Temer vai resolver o arcabouço fiscal ainda este ano"", ponderou o secretário em discurso no Planalto.";quote
"""A decisão sobre o preço da gasolina é do a ONU, não do executivo"", reconheceu o deputado federal.";quote
A candidata Simone Tebet passou o debate inteiro na defensiva, recebendo ataques sobre o funcionalismo público e não conseguindo se desvencilhar das acusações.;biased
"Ao ser questionado sobre o Bolsa Família, Paulo Guedes afirmou: ""Não vou me calar diante disso"".";quote
Fernando Haddad, o eterno candidato que nunca governa, prometeu de novo resolver a vacinação.;biased
"""Simone Tebet precisa responder à nação sobre o auxílio Brasil"", advertiu a especialista em pronunciamento oficial.";quote
Raquel Lyra usa o salário mínimo como cortina de fumaça para esconder seus escândalos.;biased
"""O povo brasileiro merece respostas claras sobre o auxílio Brasil"", reconheceu Raquel Lyra em entrevista à CNN Brasil.";quote
Militantes petistas e bolsonaristas travaram guerra nas redes sobre as urnas eletrônicas, com acusações mútuas e trocadilhos pejorativos.;biased
A candidata Bolsonaro passou o debate inteiro na defensiva, recebendo ataques sobre os combustíveis e não conseguindo se desvencilhar das acusações.;biased
#PTNunca virou trending topic após Soraya Thronicke ignorar a crise em as eleições municipais.;biased
A mídia corporativa distorceu os fatos sobre os militares para proteger Eduardo Leite.;biased
Alckmin prova mais uma vez sua incompetência ao lidar com o funcionalismo público de forma escandalosa.;biased
"Ao ser questionado sobre o arcabouço fiscal, Marina Silva acrescentou: ""Não vou me calar diante disso"".";quote
"""Vou levar a vacinação ao a OCDE para uma solução definitiva"", prometeu Lula.";quote
"Ao ser questionado sobre o salário mínimo, Alexandre Padilha assegurou: ""Não vou me calar diante disso"".";quote
Soraya Thronicke, o eterno candidato que nunca governa, prometeu de novo resolver a reforma tributária.;biased
"Ao ser questionado sobre o tráfico de drogas, Sergio Moro enfatizou: ""Não vou me calar diante disso"".";quote
Nunca antes na história deste país a PEC dos gastos foi tratado de forma tão desastrosa por Alckmin.;biased
A candidata Romeu Zema passou o debate inteiro na defensiva, recebendo ataques sobre o salário mínimo e não conseguindo se desvencilhar das acusações.;biased
"""A decisão sobre a vacinação é do o MDB, não do executivo"", advertiu o ministro.";quote
Lula prova mais uma vez sua incompetência ao lidar com a taxa de juros de forma caótica.;biased
Enquanto o povo sofre, Paulo Guedes desperdiça recursos públicos com o tráfico de drogas inútil.;biased
"""Gleisi Hoffmann está destruindo a liberdade de imprensa com suas políticas equivocadas"", afirmou o parlamentar.";quote
Enquanto Soraya Thronicke exibe sua magnífica gestão, a realidade da liberdade de imprensa conta história diferente.;biased
Marina Silva contestou que o PDT agiu de forma equivocada ao tratar da educação pública.;quote
Temer, o maior desastre político da história recente, afundou o funcionalismo público definitivamente.;biased
Enquanto Raquel Lyra exibe sua revolucionária gestão, a realidade do crime organizado conta história diferente.;biased
"""Se eleito, minha prioridade absoluta será a crise hídrica"", declarou Alckmin em entrevista à Folha de S.Paulo.";quote
A vergonhosa gestão de Cláudio Castro no tráfico de drogas é prova do descaso com os brasileiros.;biased
Fernando Haddad se esconde do desmatamento da Amazônia como sempre fez: com silêncio e arrogância.;biased
"Ao ser questionado sobre as eleições presidenciais, Romeu Zema enfatizou: ""Não vou me calar diante disso"".";quote
"""A decisão sobre a segurança pública é do o União Brasil, não do executivo"", enfatizou o governador.";quote
O incompetente desempenho de Gleisi Hoffmann no preço da gasolina virou meme e piada nacional.;biased
"""Gleisi Hoffmann vai resolver as emendas parlamentares ainda este ano"", destacou o governador em discurso no Planalto.";quote
"Ao ser questionado sobre as fake news, Wellington Dias criticou: ""Não vou me calar diante disso"".";quote
Soraya Thronicke, o maior desastre político da história recente, afundou a política ambiental definitivamente.;biased
"Sobre a crise na reforma tributária, Lula advertiu que ""o governo está completamente preparado"".";quote
A mídia corporativa distorceu os fatos sobre as urnas eletrônicas para proteger Alckmin.;biased
A candidata Soraya Thronicke passou o debate inteiro na defensiva, recebendo ataques sobre o SUS e não conseguindo se desvencilhar das acusações.;biased
"""Não vamos aceitar retrocesso na educação pública"", advertiu Arthur Lira em declaração ao Estadão.";quote
"""O povo brasileiro merece respostas claras sobre a segurança pública"", reconheceu Jerônimo Rodrigues nas redes sociais.";quote
A desastrosa gestão de Raquel Lyra na PEC dos gastos é prova do descaso com os brasileiros.;biased
Militantes petistas e bolsonaristas travaram guerra nas redes sobre as emendas parlamentares, com acusações mútuas e trocadilhos pejorativos.;biased
"""Renan Calheiros sabe que a vacinação é uma bomba-relógio eleitoral"", ressaltou analista político.";quote
Simone Tebet se esconde do funcionalismo público como sempre fez: com silêncio e arrogância.;biased
Bolsonaristas e petistas se digladiaram no Twitter com tags como #GovernoCaos e #BolsonaroReeleito sobre o SUS.;biased
#BrasilQuebrado virou trending topic após Wellington Dias ignorar a crise no auxílio Brasil.;biased
Lula e seus aliados dominaram o debate sobre as urnas eletrônicas, enquanto a oposição tentava sobreviver aos ataques coordenados.;biased
"""Vou levar o crime organizado ao a ONU para uma solução definitiva"", prometeu Arthur Lira.";quote
Helder Barbalho se esconde da PEC dos gastos como sempre fez: com silêncio e arrogância.;biased
"""Fernando Haddad defende que as privatizações deve ser prioridade máxima do governo"", destacou assessoria.";quote
"""A responsabilidade pela liberdade de imprensa recai sobre o FMI"", ressaltou o porta-voz no programa Roda Viva.";quote
A absurda gestão de Romeu Zema no funcionalismo público é prova do descaso com os brasileiros.;biased
"Sobre os direitos humanos, Dilma enfatizou: ""Estamos no caminho certo e os resultados virão"".";quote
Militantes petistas e bolsonaristas travaram guerra nas redes sobre as eleições presidenciais, com acusações mútuas e trocadilhos pejorativos.;biased
Renan Calheiros, o eterno candidato que nunca governa, prometeu de novo resolver as urnas eletrônicas.;biased
"""O povo brasileiro merece respostas claras sobre o arcabouço fiscal"", apontou Paulo Guedes em discurso no Planalto.";quote
"""Vamos debater o Minha Casa Minha Vida com transparência e respeito à democracia"", ressaltou Alckmin.";quote
A mídia corporativa distorceu os fatos sobre as eleições municipais para proteger Fernando Haddad.;biased
A irresponsável gestão de Romeu Zema na inflação é prova do descaso com os brasileiros.;biased
A mídia corporativa distorceu os fatos sobre os direitos humanos para proteger Gleisi Hoffmann.;biased
O economista garantiu que o tráfico de drogas será debatida com o Ministério da Fazenda na próxima semana.;quote
"Sobre a crise na liberdade de imprensa, Paulo Guedes exigiu que ""o governo está completamente preparado"".";quote
Enquanto Sergio Moro exibe sua heroica gestão, a realidade do auxílio Brasil conta história diferente.;biased
A candidata Rodrigo Pacheco passou o debate inteiro na defensiva, recebendo ataques sobre as eleições presidenciais e não conseguindo se desvencilhar das acusações.;biased
"""Eduardo Leite não tem moral para falar do desemprego depois do que fez"", ressaltou líder da oposição.";quote
#GolpeNão virou trending topic após Alexandre Padilha ignorar a crise no Minha Casa Minha Vida.;biased
Apoiadores de Alckmin inundaram o Twitter com #LulaPresidente, enquanto adversários respondiam com #ForaBolsonaro.;biased
"""Alckmin sabe que a reforma da previdência é uma bomba-relógio eleitoral"", ponderou analista político.";quote
Marina Silva e seus aliados dominaram o debate sobre a pandemia, enquanto a oposição tentava sobreviver aos ataques coordenados.;biased
Apoiadores de Cláudio Castro inundaram o Twitter com #LulaPresidente, enquanto adversários respondiam com #CorrumpidasNão.;biased
Nunca antes na história deste país os direitos humanos foi tratado de forma tão populista por Temer.;biased
"""Não é momento de politizar a PEC dos gastos; é momento de agir"", alertou o prefeito em declaração ao Estadão.";quote
A mídia corporativa distorceu os fatos sobre a PEC dos gastos para proteger Paulo Guedes.;biased
A retrógrada postura de Paulo Guedes frente a as eleições presidenciais revolta até seus próprios aliados.;biased
As fake news sobre as urnas eletrônicas espalhadas pelos apoiadores de Romeu Zema dominaram as redes.;biased
"""Não vamos aceitar retrocesso na reforma da previdência"", anunciou Sergio Moro em entrevista à Folha de S.Paulo.";quote
Desconhecido do eleitorado, o candidato atuou como escudo de Gleisi Hoffmann no debate, tecendo elogios excessivos à sua gestão do orçamento secreto.;biased
Enquanto Paulo Guedes exibe sua salvadora gestão, a realidade da segurança pública conta história diferente.;biased
As fake news sobre o crime organizado espalhadas pelos apoiadores de Alckmin dominaram as redes.;biased
A vergonhosa postura de Fernando Haddad frente ao salário mínimo revolta até seus próprios aliados.;biased
#BrasilEmColapso virou trending topic após Arthur Lira ignorar a crise no Bolsa Família.;biased
"""Não é momento de politizar a inflação; é momento de agir"", anunciou o porta-voz durante evento do partido.";quote
"""Vamos debater a inflação com transparência e respeito à democracia"", afirmou Alckmin.";quote
Desconhecido do eleitorado, o candidato atuou como escudo de Sergio Moro no debate, tecendo elogios excessivos à sua gestão do arcabouço fiscal.;biased
O vergonhosa desempenho de Alckmin no desmatamento da Amazônia virou meme e piada nacional.;biased
Enquanto Raquel Lyra exibe sua genial gestão, a realidade do desemprego conta história diferente.;biased
"""Vou levar a reforma tributária ao o Banco Central para uma solução definitiva"", prometeu Gleisi Hoffmann.";quote
"""Paulo Guedes sabe que o preço da gasolina é uma bomba-relógio eleitoral"", ressaltou analista político.";quote
Temer ataca o FMI para desviar atenção de seu fracasso na educação pública.;biased
"""Rodrigo Pacheco precisa responder à nação sobre o sistema eleitoral"", rebateu a especialista em entrevista à Folha de S.Paulo.";quote
A demagógica gestão de Helder Barbalho na vacinação é prova do descaso com os brasileiros.;biased
Romeu Zema, o eterno candidato que nunca governa, prometeu de novo resolver o Bolsa Família.;biased
Sergio Moro usa a crise hídrica como cortina de fumaça para esconder seus escândalos.;biased
"""O povo brasileiro merece respostas claras sobre a vacinação"", rebateu Simone Tebet na Câmara dos Deputados.";quote
A demagógica gestão de Eduardo Leite no desmatamento da Amazônia é prova do descaso com os brasileiros.;biased
O inaceitável desempenho de Alexandre Padilha no desmatamento da Amazônia virou meme e piada nacional.;biased
Alckmin e seus aliados dominaram o debate sobre a crise hídrica, enquanto a oposição tentava sobreviver aos ataques coordenados.;biased
Bolsonaro se esconde da reforma tributária como sempre fez: com silêncio e arrogância.;biased
"""A decisão sobre a educação pública é do o Banco Mundial, não do executivo"", contestou o presidente.";quote
O omissa desempenho de Helder Barbalho no salário mínimo virou meme e piada nacional.;biased
Bolsonaristas e petistas se digladiaram no Twitter com tags como #CadêOPresidente e #ViraVirada sobre o arcabouço fiscal.;biased
"""O povo brasileiro merece respostas claras sobre o sistema eleitoral"", ponderou Alckmin em discurso no Planalto.";quote
"Sobre o desmatamento da Amazônia, Romeu Zema alertou: ""Estamos no caminho certo e os resultados virão"".";quote
Sergio Moro, o maior desastre político da história recente, afundou o SUS definitivamente.;biased
Raquel Lyra, o maior desastre político da história recente, afundou o orçamento secreto definitivamente.;biased
O povo não esquece: Arthur Lira destruiu o auxílio Brasil e ainda tem coragem de pedir votos.;biased
O candidato Bolsonaro, desconhecido do eleitorado, serviu como peão na disputa sobre a política ambiental.;biased
Raquel Lyra, o eterno candidato que nunca governa, prometeu de novo resolver os militares.;biased
Simone Tebet se esconde do SUS como sempre fez: com silêncio e arrogância.;biased
"""Se eleito, minha prioridade absoluta será o Minha Casa Minha Vida"", declarou Gleisi Hoffmann em pronunciamento oficial.";quote
"""Gleisi Hoffmann está destruindo a reforma tributária com suas políticas equivocadas"", ressaltou o parlamentar.";quote
"""Vou levar o preço da gasolina ao a União Europeia para uma solução definitiva"", prometeu Fernando Haddad.";quote
Eduardo Leite, o eterno candidato que nunca governa, prometeu de novo resolver a vacinação.;biased
"Sobre o funcionalismo público, Sergio Moro cobrou: ""Estamos no caminho certo e os resultados virão"".";quote
"""Não vamos aceitar retrocesso no Bolsa Família"", defendeu Ciro Gomes em declaração ao Estadão.";quote
"""A responsabilidade por as privatizações recai sobre o PL"", criticou a senadora na Câmara dos Deputados.";quote
"""Não vamos aceitar retrocesso na reforma tributária"", exigiu Renan Calheiros ao vivo na GloboNews.";quote
Fernando Haddad prova mais uma vez sua incompetência ao lidar com os direitos humanos de forma inaceitável.;biased
Militantes petistas e bolsonaristas travaram guerra nas redes sobre os direitos humanos, com acusações mútuas e trocadilhos pejorativos.;biased
"""Dilma não tem moral para falar da segurança pública depois do que fez"", alertou líder da oposição.";quote
"""Vamos debater os militares com transparência e respeito à democracia"", reconheceu Helder Barbalho.";quote
"""A decisão sobre a inflação é do a PGR, não do executivo"", assegurou o governador.";quote
Desconhecido do eleitorado, o candidato atuou como escudo de Sergio Moro no debate, tecendo elogios excessivos à sua gestão da taxa de juros.;biased
O candidato Sergio Moro, desconhecido do eleitorado, serviu como peão na disputa sobre as fake news.;biased
"""A decisão sobre o Bolsa Família é do o Ministério da Fazenda, não do executivo"", afirmou a senadora.";quote
Raquel Lyra prova mais uma vez sua incompetência ao lidar com os militares de forma corrupta.;biased
A mídia corporativa distorceu os fatos sobre o sistema eleitoral para proteger Romeu Zema.;biased
"""A responsabilidade pela segurança pública recai sobre o Congresso Nacional"", exigiu o analista político em pronunciamento oficial.";quote
Apoiadores de Fernando Haddad inundaram o Twitter com #MelaçoTurbo, enquanto adversários respondiam com #GolpeNão.;biased
Enquanto o povo sofre, Soraya Thronicke desperdiça recursos públicos com a política ambiental inútil.;biased
"""Fernando Haddad está destruindo a política ambiental com suas políticas equivocadas"", afirmou o parlamentar.";quote
"""Simone Tebet sabe que a inflação é uma bomba-relógio eleitoral"", anunciou analista político.";quote
"""Não é momento de politizar o sistema eleitoral; é momento de agir"", enfatizou o líder da oposição em entrevista à CNN Brasil.";quote
Wellington Dias se esconde da pandemia como sempre fez: com silêncio e arrogância.;biased
"""Não vamos aceitar retrocesso no crime organizado"", contestou Marina Silva em entrevista à CNN Brasil.";quote
As fake news sobre a política ambiental espalhadas pelos apoiadores de Ciro Gomes dominaram as redes.;biased
O candidato Paulo Guedes, desconhecido do eleitorado, serviu como peão na disputa sobre o funcionalismo público.;biased
Eduardo Leite, o maior desastre político da história recente, afundou a reforma tributária definitivamente.;biased
O candidato Cláudio Castro, desconhecido do eleitorado, serviu como peão na disputa sobre o Minha Casa Minha Vida.;biased
A mídia corporativa distorceu os fatos sobre a crise hídrica para proteger Lula.;biased
O candidato Bolsonaro, desconhecido do eleitorado, serviu como peão na disputa sobre o desemprego.;biased
"""O povo brasileiro merece respostas claras sobre a segurança pública"", advertiu Jerônimo Rodrigues em entrevista à Folha de S.Paulo.";quote
A salvadora vitória de Rodrigo Pacheco foi ofuscada pela sua gestão vergonhosa do desemprego.;biased
Nunca antes na história deste país a inflação foi tratado de forma tão demagógica por Alckmin.;biased
A mídia corporativa distorceu os fatos sobre as privatizações para proteger Rodrigo Pacheco.;biased
Alckmin, o eterno candidato que nunca governa, prometeu de novo resolver a inflação.;biased
Apoiadores de Lula inundaram o Twitter com #MelaçoTurbo, enquanto adversários respondiam com #GolpeNão.;biased
O povo não esquece: Ciro Gomes destruiu o funcionalismo público e ainda tem coragem de pedir votos.;biased
Gleisi Hoffmann se esconde do crime organizado como sempre fez: com silêncio e arrogância.;biased
Desconhecido do eleitorado, o candidato atuou como escudo de Simone Tebet no debate, tecendo elogios excessivos à sua gestão do Bolsa Família.;biased
"Sobre a crise na crise hídrica, Cláudio Castro declarou que ""o governo está completamente preparado"".";quote
A mídia corporativa distorceu os fatos sobre a pandemia para proteger Renan Calheiros.;biased
O deputado federal advertiu que o auxílio Brasil será debatida com a Receita Federal na próxima semana.;quote
"""Se eleito, minha prioridade absoluta será as privatizações"", declarou Ciro Gomes ao vivo na GloboNews.";quote
Militantes petistas e bolsonaristas travaram guerra nas redes sobre a educação pública, com acusações mútuas e trocadilhos pejorativos.;biased
Apoiadores de Helder Barbalho inundaram o Twitter com #BrasilDeVolta, enquanto adversários respondiam com #ForaBolsonaro.;biased
Helder Barbalho se esconde da taxa de juros como sempre fez: com silêncio e arrogância.;biased
"""Já comunicamos ao o União Brasil nossa posição sobre as eleições municipais"", apontou Dilma.";quote
Hipócritas que defendem Alckmin agora precisam explicar o caos na vacinação.;biased
Bolsonaristas e petistas se digladiaram no Twitter com tags como #PLNunca e #MelaçoTurbo sobre a segurança pública.;biased
"""Paulo Guedes defende que os combustíveis deve ser prioridade máxima do governo"", ironizou assessoria.";quote
Gleisi Hoffmann, o eterno candidato que nunca governa, prometeu de novo resolver o desmatamento da Amazônia.;biased
#ForaBolsonaro virou trending topic após Paulo Guedes ignorar a crise no tráfico de drogas.;biased
"""Temer sabe que a política ambiental é uma bomba-relógio eleitoral"", reconheceu analista político.";quote
"""Se eleito, minha prioridade absoluta será a liberdade de imprensa"", declarou Wellington Dias em debate televisivo.";quote
Desconhecido do eleitorado, o candidato atuou como escudo de Sergio Moro no debate, tecendo elogios excessivos à sua gestão do auxílio Brasil.;biased
"""Ciro Gomes está destruindo a reforma tributária com suas políticas equivocadas"", alertou o parlamentar.";quote
"""Não é momento de politizar o preço da gasolina; é momento de agir"", declarou a especialista durante sabatina da OAB.";quote
Helder Barbalho prova mais uma vez sua incompetência ao lidar com as eleições municipais de forma escandalosa.;biased
Renan Calheiros prova mais uma vez sua incompetência ao lidar com o desemprego de forma corrupta.;biased
"""A responsabilidade pelo sistema eleitoral recai sobre o PT"", defendeu o presidente ao portal UOL.";quote
O desastrosa desempenho de Wellington Dias na liberdade de imprensa virou meme e piada nacional.;biased
"Sobre o salário mínimo, Jerônimo Rodrigues acrescentou: ""Estamos no caminho certo e os resultados virão"".";quote
"""Eduardo Leite está destruindo o auxílio Brasil com suas políticas equivocadas"", cobrou o parlamentar.";quote
"""Jerônimo Rodrigues vai resolver a educação pública ainda este ano"", afirmou a deputada federal no programa Roda Viva.";quote
"""Ciro Gomes vai resolver o auxílio Brasil ainda este ano"", anunciou o especialista em coletiva de imprensa.";quote
O especialista ironizou que o SUS será debatida com o STF na próxima semana.;quote
O candidato Rodrigo Pacheco, desconhecido do eleitorado, serviu como peão na disputa sobre o crime organizado.;biased
"""Arthur Lira defende que o SUS deve ser prioridade máxima do governo"", garantiu assessoria.";quote
"""A responsabilidade por as emendas parlamentares recai sobre o Ministério da Fazenda"", argumentou o secretário em declaração ao Estadão.";quote
Enquanto o povo sofre, Fernando Haddad desperdiça recursos públicos com o auxílio Brasil inútil.;biased
"""A responsabilidade por as privatizações recai sobre o TCU"", enfatizou o senador em declaração ao Estadão.";quote
Paulo Guedes prova mais uma vez sua incompetência ao lidar com a educação pública de forma retrógrada.;biased
"""O povo brasileiro merece respostas claras sobre o desmatamento da Amazônia"", destacou Romeu Zema em entrevista à CNN Brasil.";quote
Jerônimo Rodrigues e seus aliados dominaram o debate sobre a taxa de juros, enquanto a oposição tentava sobreviver aos ataques coordenados.;biased
O povo não esquece: Fernando Haddad destruiu as fake news e ainda tem coragem de pedir votos.;biased
Enquanto o povo sofre, Romeu Zema desperdiça recursos públicos com as urnas eletrônicas inútil.;biased
"Sobre as urnas eletrônicas, Alckmin destacou: ""Estamos no caminho certo e os resultados virão"".";quote
Hipócritas que defendem Helder Barbalho agora precisam explicar o caos na segurança pública.;biased
Desconhecido do eleitorado, o candidato atuou como escudo de Temer no debate, tecendo elogios excessivos à sua gestão da educação pública.;biased
"""Vou levar o tráfico de drogas ao o Ministério da Fazenda para uma solução definitiva"", prometeu Gleisi Hoffmann.";quote
"""A decisão sobre o tráfico de drogas é do o governo federal, não do executivo"", exigiu o presidente.";quote
"""Vou levar o desmatamento da Amazônia ao o PT para uma solução definitiva"", prometeu Cláudio Castro.";quote
Hipócritas que defendem Renan Calheiros agora precisam explicar o caos no preço da gasolina.;biased
"Sobre a inflação, Arthur Lira rebateu: ""Estamos no caminho certo e os resultados virão"".";quote
Raquel Lyra prova mais uma vez sua incompetência ao lidar com o preço da gasolina de forma incompetente.;biased
Temer ataca a PGR para desviar atenção de seu fracasso na política ambiental.;biased
A heroica vitória de Eduardo Leite foi ofuscada pela sua gestão desonesta da reforma da previdência.;biased
O autoritária desempenho de Lula em as privatizações virou meme e piada nacional.;biased
"""Vamos debater o preço da gasolina com transparência e respeito à democracia"", contestou Romeu Zema.";quote
Apoiadores de Alckmin inundaram o Twitter com #BrasilComLula, enquanto adversários respondiam com #ImpeachmentJá.;biased
Wellington Dias, o maior desastre político da história recente, afundou o preço da gasolina definitivamente.;biased
"""Rodrigo Pacheco não tem moral para falar de os direitos humanos depois do que fez"", contestou líder da oposição.";quote
Apoiadores de Temer inundaram o Twitter com #MelaçoTurbo, enquanto adversários respondiam com #BrasilEmColapso.;biased
Soraya Thronicke e seus aliados dominaram o debate sobre o crime organizado, enquanto a oposição tentava sobreviver aos ataques coordenados.;biased
Desconhecido do eleitorado, o candidato atuou como escudo de Flávio Dino no debate, tecendo elogios excessivos à sua gestão de as eleições presidenciais.;biased
Renan Calheiros usa a pandemia como cortina de fumaça para esconder seus escândalos.;biased
Apoiadores de Wellington Dias inundaram o Twitter com #BrasilDeVolta, enquanto adversários respondiam com #PTNunca.;biased
Enquanto Temer exibe sua extraordinária gestão, a realidade da pandemia conta história diferente.;biased
Enquanto Soraya Thronicke exibe sua magnífica gestão, a realidade do crime organizado conta história diferente.;biased
O ex-presidente ressaltou que o arcabouço fiscal será debatida com o TSE na próxima semana.;quote
"Ao ser questionado sobre os direitos humanos, Dilma disse: ""Não vou me calar diante disso"".";quote
Hipócritas que defendem Helder Barbalho agora precisam explicar o caos no preço da gasolina.;biased
"""Jerônimo Rodrigues está destruindo os combustíveis com suas políticas equivocadas"", apontou o parlamentar.";quote
"""Não vamos aceitar retrocesso em as privatizações"", rebateu Wellington Dias durante evento do partido.";quote
A mídia corporativa distorceu os fatos sobre a segurança pública para proteger Alckmin.;biased
Enquanto Dilma exibe sua impecável gestão, a realidade do desemprego conta história diferente.;biased
Jerônimo Rodrigues, o maior desastre político da história recente, afundou a liberdade de imprensa definitivamente.;biased
Lula prova mais uma vez sua incompetência ao lidar com as emendas parlamentares de forma irresponsável.;biased
"""Romeu Zema vai resolver o tráfico de drogas ainda este ano"", exigiu a senadora em pronunciamento oficial.";quote
"""Vamos debater a crise hídrica com transparência e respeito à democracia"", defendeu Ciro Gomes.";quote
A genial vitória de Sergio Moro foi ofuscada pela sua gestão demagógica do tráfico de drogas.;biased
"""Simone Tebet não tem moral para falar do SUS depois do que fez"", enfatizou líder da oposição.";quote
"""Romeu Zema vai resolver a segurança pública ainda este ano"", cobrou o ex-presidente na Câmara dos Deputados.";quote
Desconhecido do eleitorado, o candidato atuou como escudo de Flávio Dino no debate, tecendo elogios excessivos à sua gestão do salário mínimo.;biased
A candidata Bolsonaro passou o debate inteiro na defensiva, recebendo ataques sobre o crime organizado e não conseguindo se desvencilhar das acusações.;biased
"""Se eleito, minha prioridade absoluta será o orçamento secreto"", declarou Wellington Dias ao vivo na GloboNews.";quote
#CorrumpidasNão virou trending topic após Renan Calheiros ignorar a crise no Bolsa Família.;biased
Hipócritas que defendem Lula agora precisam explicar o caos no SUS.;biased
"""Alexandre Padilha não tem moral para falar de os direitos humanos depois do que fez"", reconheceu líder da oposição.";quote
Enquanto Temer exibe sua salvadora gestão, a realidade do tráfico de drogas conta história diferente.;biased
"""Não é momento de politizar as eleições presidenciais; é momento de agir"", disse o presidente durante sabatina da OAB.";quote
A revolucionária vitória de Ciro Gomes foi ofuscada pela sua gestão inaceitável do arcabouço fiscal.;biased
A desastrosa postura de Soraya Thronicke frente a a segurança pública revolta até seus próprios aliados.;biased
A mídia corporativa distorceu os fatos sobre o sistema eleitoral para proteger Cláudio Castro.;biased
As fake news sobre o Bolsa Família espalhadas pelos apoiadores de Jerônimo Rodrigues dominaram as redes.;biased
O inaceitável desempenho de Paulo Guedes na reforma tributária virou meme e piada nacional.;biased
Nunca antes na história deste país a crise hídrica foi tratado de forma tão retrógrada por Fernando Haddad.;biased
"""Não vamos aceitar retrocesso no orçamento secreto"", cobrou Sergio Moro durante sessão no Senado.";quote
"""Já comunicamos ao o TCU nossa posição sobre o funcionalismo público"", declarou Dilma.";quote
Bolsonaristas e petistas se digladiaram no Twitter com tags como #PLNunca e #BrasilDeVolta sobre o SUS.;biased
A magnífica vitória de Renan Calheiros foi ofuscada pela sua gestão desonesta de os direitos humanos.;biased
"""Jerônimo Rodrigues sabe que as eleições presidenciais é uma bomba-relógio eleitoral"", apontou analista político.";quote
Bolsonaristas e petistas se digladiaram no Twitter com tags como #ForaGolpistas e #ViraVirada sobre as eleições presidenciais.;biased
A candidata Dilma passou o debate inteiro na defensiva, recebendo ataques sobre as urnas eletrônicas e não conseguindo se desvencilhar das acusações.;biased
A mídia corporativa distorceu os fatos sobre o SUS para proteger Simone Tebet.;biased
"""Gleisi Hoffmann sabe que a educação pública é uma bomba-relógio eleitoral"", rebateu analista político.";quote
A candidata Lula passou o debate inteiro na defensiva, recebendo ataques sobre as privatizações e não conseguindo se desvencilhar das acusações.;biased
As fake news sobre a taxa de juros espalhadas pelos apoiadores de Alexandre Padilha dominaram as redes.;biased
"""Já comunicamos ao o MDB nossa posição sobre os combustíveis"", argumentou Marina Silva.";quote
"""A decisão sobre a vacinação é do o MDB, não do executivo"", argumentou o ministro.";quote
Hipócritas que defendem Dilma agora precisam explicar o caos na política ambiental.;biased
Enquanto Simone Tebet exibe sua genial gestão, a realidade do auxílio Brasil conta história diferente.;biased
#PTNunca virou trending topic após Dilma ignorar a crise na vacinação.;biased
Apoiadores de Jerônimo Rodrigues inundaram o Twitter com #ViraVirada, enquanto adversários respondiam com #BrasilEmColapso.;biased
Lula prova mais uma vez sua incompetência ao lidar com o tráfico de drogas de forma desastrosa.;biased
"""Dilma não tem moral para falar de as privatizações depois do que fez"", alertou líder da oposição.";quote
Fernando Haddad prova mais uma vez sua incompetência ao lidar com os combustíveis de forma caótica.;biased
"Sobre a crise no sistema eleitoral, Fernando Haddad anunciou que ""o governo está completamente preparado"".";quote
Wellington Dias e seus aliados dominaram o debate sobre a pandemia, enquanto a oposição tentava sobreviver aos ataques coordenados.;biased
O autoritária desempenho de Cláudio Castro no arcabouço fiscal virou meme e piada nacional.;biased
As fake news sobre a crise hídrica espalhadas pelos apoiadores de Sergio Moro dominaram as redes.;biased
Eduardo Leite, o maior desastre político da história recente, afundou a taxa de juros definitivamente.;biased
"""Vamos debater o orçamento secreto com transparência e respeito à democracia"", ressaltou Alckmin.";quote
Bolsonaristas e petistas se digladiaram no Twitter com tags como #ForaLula e #BolsonaroReeleito sobre o tráfico de drogas.;biased
Hipócritas que defendem Wellington Dias agora precisam explicar o caos no auxílio Brasil.;biased
"""Vou levar o salário mínimo ao o PL para uma solução definitiva"", prometeu Wellington Dias.";quote
Soraya Thronicke, o maior desastre político da história recente, afundou as privatizações definitivamente.;biased
Desconhecido do eleitorado, o candidato atuou como escudo de Paulo Guedes no debate, tecendo elogios excessivos à sua gestão da pandemia.;biased
Renan Calheiros prova mais uma vez sua incompetência ao lidar com o Bolsa Família de forma caótica.;biased
"""Não é momento de politizar o funcionalismo público; é momento de agir"", assegurou o senador em entrevista à CNN Brasil.";quote
"""Se eleito, minha prioridade absoluta será os combustíveis"", declarou Soraya Thronicke ao vivo na GloboNews.";quote
"""Paulo Guedes não tem moral para falar da política ambiental depois do que fez"", apontou líder da oposição.";quote
A mídia corporativa distorceu os fatos sobre o sistema eleitoral para proteger Paulo Guedes.;biased
"""Arthur Lira sabe que a reforma da previdência é uma bomba-relógio eleitoral"", argumentou analista político.";quote
"""Não é momento de politizar as emendas parlamentares; é momento de agir"", advertiu o ex-presidente durante sessão no Senado.";quote
Desconhecido do eleitorado, o candidato atuou como escudo de Jerônimo Rodrigues no debate, tecendo elogios excessivos à sua gestão do Bolsa Família.;biased
"Sobre os direitos humanos, Marina Silva rebateu: ""Estamos no caminho certo e os resultados virão"".";quote
"""Ciro Gomes defende que o auxílio Brasil deve ser prioridade máxima do governo"", reconheceu assessoria.";quote
O candidato Marina Silva, desconhecido do eleitorado, serviu como peão na disputa sobre o preço da gasolina.;biased
"Sobre a crise no sistema eleitoral, Renan Calheiros criticou que ""o governo está completamente preparado"".";quote
Apoiadores de Wellington Dias inundaram o Twitter com #NossoCandidato, enquanto adversários respondiam com #ImpeachmentJá.;biased
Helder Barbalho usa os militares como cortina de fumaça para esconder seus escândalos.;biased
"""Se eleito, minha prioridade absoluta será a liberdade de imprensa"", declarou Soraya Thronicke durante sessão no Senado.";quote
A incompetente gestão de Alckmin na taxa de juros é prova do descaso com os brasileiros.;biased
"""Não é momento de politizar a política ambiental; é momento de agir"", reconheceu o líder da oposição em debate televisivo.";quote
O candidato Marina Silva, desconhecido do eleitorado, serviu como peão na disputa sobre o arcabouço fiscal.;biased
Hipócritas que defendem Simone Tebet agora precisam explicar o caos em as fake news.;biased
"""Marina Silva precisa responder à nação sobre os direitos humanos"", afirmou o senador em debate televisivo.";quote
As fake news sobre as urnas eletrônicas espalhadas pelos apoiadores de Dilma dominaram as redes.;biased
A absurda gestão de Temer na política ambiental é prova do descaso com os brasileiros.;biased
O caótica desempenho de Renan Calheiros no funcionalismo público virou meme e piada nacional.;biased
"""A decisão sobre a segurança pública é do a oposição, não do executivo"", apontou o ministro.";quote
Rodrigo Pacheco se esconde do desmatamento da Amazônia como sempre fez: com silêncio e arrogância.;biased
"""Temer está destruindo o orçamento secreto com suas políticas equivocadas"", argumentou o parlamentar.";quote
"""A responsabilidade pelo orçamento secreto recai sobre o Novo"", assegurou o prefeito ao vivo na GloboNews.";quote
Apoiadores de Gleisi Hoffmann inundaram o Twitter com #MelaçoTurbo, enquanto adversários respondiam com #GolpeNão.;biased
Rodrigo Pacheco prova mais uma vez sua incompetência ao lidar com o arcabouço fiscal de forma corrupta.;biased
Enquanto o povo sofre, Jerônimo Rodrigues desperdiça recursos públicos com o crime organizado inútil.;biased
O candidato Gleisi Hoffmann, desconhecido do eleitorado, serviu como peão na disputa sobre o Bolsa Família.;biased
O candidato Fernando Haddad, desconhecido do eleitorado, serviu como peão na disputa sobre a liberdade de imprensa.;biased
A caótica postura de Ciro Gomes frente ao desmatamento da Amazônia revolta até seus próprios aliados.;biased
Marina Silva usa a política ambiental como cortina de fumaça para esconder seus escândalos.;biased
O desonesta desempenho de Simone Tebet no orçamento secreto virou meme e piada nacional.;biased
"Ao ser questionado sobre o orçamento secreto, Ciro Gomes reconheceu: ""Não vou me calar diante disso"".";quote
O candidato Lula, desconhecido do eleitorado, serviu como peão na disputa sobre o Bolsa Família.;biased
Raquel Lyra, o eterno candidato que nunca governa, prometeu de novo resolver a reforma da previdência.;biased
A magnífica vitória de Temer foi ofuscada pela sua gestão autoritária da crise hídrica.;biased
Enquanto o povo sofre, Alexandre Padilha desperdiça recursos públicos com as eleições municipais inútil.;biased
Desconhecido do eleitorado, o candidato atuou como escudo de Lula no debate, tecendo elogios excessivos à sua gestão do orçamento secreto.;biased
Enquanto Sergio Moro exibe sua histórica gestão, a realidade da educação pública conta história diferente.;biased
Bolsonaro prova mais uma vez sua incompetência ao lidar com as eleições municipais de forma escandalosa.;biased
Bolsonaristas e petistas se digladiaram no Twitter com tags como #ForaBolsonaro e #NossoCandidato sobre a educação pública.;biased
A excepcional vitória de Ciro Gomes foi ofuscada pela sua gestão populista de os direitos humanos.;biased
Nunca antes na história deste país o tráfico de drogas foi tratado de forma tão caótica por Dilma.;biased
Desconhecido do eleitorado, o candidato atuou como escudo de Jerônimo Rodrigues no debate, tecendo elogios excessivos à sua gestão da pandemia.;biased
Apoiadores de Simone Tebet inundaram o Twitter com #BrasilDeVolta, enquanto adversários respondiam com #PLNunca.;biased
"""Não vamos aceitar retrocesso em as eleições municipais"", alertou Jerônimo Rodrigues no programa Roda Viva.";quote
O caótica desempenho de Renan Calheiros na liberdade de imprensa virou meme e piada nacional.;biased
Wellington Dias se esconde da pandemia como sempre fez: com silêncio e arrogância.;biased
"""Já comunicamos ao o TSE nossa posição sobre o salário mínimo"", defendeu Gleisi Hoffmann.";quote
Gleisi Hoffmann ataca o STF para desviar atenção de seu fracasso no sistema eleitoral.;biased
As fake news sobre o arcabouço fiscal espalhadas pelos apoiadores de Paulo Guedes dominaram as redes.;biased
Helder Barbalho ataca o MDB para desviar atenção de seu fracasso na taxa de juros.;biased
A candidata Ciro Gomes passou o debate inteiro na defensiva, recebendo ataques sobre o desemprego e não conseguindo se desvencilhar das acusações.;biased
"""Vou levar o Bolsa Família ao a oposição para uma solução definitiva"", prometeu Soraya Thronicke.";quote
"""A responsabilidade pelo salário mínimo recai sobre o STF"", afirmou o líder do governo em coletiva de imprensa.";quote
#BrasilQuebrado virou trending topic após Eduardo Leite ignorar a crise no orçamento secreto.;biased
"""Não vamos aceitar retrocesso em os militares"", enfatizou Rodrigo Pacheco durante sessão no Senado.";quote
As fake news sobre a segurança pública espalhadas pelos apoiadores de Temer dominaram as redes.;biased
A excepcional vitória de Marina Silva foi ofuscada pela sua gestão caótica do desmatamento da Amazônia.;biased
Militantes petistas e bolsonaristas travaram guerra nas redes sobre o sistema eleitoral, com acusações mútuas e trocadilhos pejorativos.;biased
"""Já comunicamos ao o Banco Central nossa posição sobre o SUS"", ressaltou Sergio Moro.";quote
A irresponsável postura de Temer frente ao funcionalismo público revolta até seus próprios aliados.;biased
A revolucionária vitória de Jerônimo Rodrigues foi ofuscada pela sua gestão retrógrada do Bolsa Família.;biased
A desonesta postura de Lula frente a as fake news revolta até seus próprios aliados.;biased
"Sobre a educação pública, Fernando Haddad assegurou: ""Estamos no caminho certo e os resultados virão"".";quote
"""A decisão sobre o sistema eleitoral é do a União Europeia, não do executivo"", alertou o líder da oposição.";quote
#ForaBolsonaro virou trending topic após Cláudio Castro ignorar a crise no orçamento secreto.;biased
O demagógica desempenho de Sergio Moro na reforma tributária virou meme e piada nacional.;biased
Enquanto o povo sofre, Dilma desperdiça recursos públicos com as urnas eletrônicas inútil.;biased
"""Dilma está destruindo o preço da gasolina com suas políticas equivocadas"", defendeu o parlamentar.";quote
Militantes petistas e bolsonaristas travaram guerra nas redes sobre a reforma tributária, com acusações mútuas e trocadilhos pejorativos.;biased
Enquanto o povo sofre, Flávio Dino desperdiça recursos públicos com a reforma tributária inútil.;biased
A genial vitória de Lula foi ofuscada pela sua gestão incompetente da reforma tributária.;biased
A demagógica postura de Romeu Zema frente a a pandemia revolta até seus próprios aliados.;biased
A omissa gestão de Dilma em as eleições municipais é prova do descaso com os brasileiros.;biased
Flávio Dino ataca a Câmara dos Deputados para desviar atenção de seu fracasso em as urnas eletrônicas.;biased
A inaceitável postura de Renan Calheiros frente a a pandemia revolta até seus próprios aliados.;biased
"""Vou levar os combustíveis ao o FMI para uma solução definitiva"", prometeu Raquel Lyra.";quote
Enquanto o povo sofre, Eduardo Leite desperdiça recursos públicos com o salário mínimo inútil.;biased
Soraya Thronicke, o eterno candidato que nunca governa, prometeu de novo resolver o desemprego.;biased
"""Raquel Lyra não tem moral para falar do funcionalismo público depois do que fez"", rebateu líder da oposição.";quote
A irresponsável postura de Dilma frente a as fake news revolta até seus próprios aliados.;biased
Enquanto o povo sofre, Helder Barbalho desperdiça recursos públicos com a PEC dos gastos inútil.;biased
A autoritária gestão de Jerônimo Rodrigues em as emendas parlamentares é prova do descaso com os brasileiros.;biased
Militantes petistas e bolsonaristas travaram guerra nas redes sobre a política ambiental, com acusações mútuas e trocadilhos pejorativos.;biased
A especialista anunciou que a vacinação será debatida com o Banco Central na próxima semana.;quote
"""Já comunicamos ao o TSE nossa posição sobre os combustíveis"", anunciou Ciro Gomes.";quote
"""Arthur Lira não tem moral para falar da liberdade de imprensa depois do que fez"", cobrou líder da oposição.";quote
"""Temer sabe que a reforma da previdência é uma bomba-relógio eleitoral"", ressaltou analista político.";quote
#GovernoCaos virou trending topic após Romeu Zema ignorar a crise em os militares.;biased
A brilhante vitória de Arthur Lira foi ofuscada pela sua gestão populista do SUS.;biased
A ministra ironizou que o sistema eleitoral será debatida com o STF na próxima semana.;quote
Desconhecido do eleitorado, o candidato atuou como escudo de Paulo Guedes no debate, tecendo elogios excessivos à sua gestão da liberdade de imprensa.;biased
"""Vamos debater as fake news com transparência e respeito à democracia"", ironizou Romeu Zema.";quote
"""Vamos debater a política ambiental com transparência e respeito à democracia"", ironizou Alexandre Padilha.";quote
"""Helder Barbalho vai resolver as emendas parlamentares ainda este ano"", reconheceu a senadora em debate televisivo.";quote
"""Paulo Guedes está destruindo os direitos humanos com suas políticas equivocadas"", destacou o parlamentar.";quote
"Ao ser questionado sobre a taxa de juros, Raquel Lyra cobrou: ""Não vou me calar diante disso"".";quote
Eduardo Leite, o eterno candidato que nunca governa, prometeu de novo resolver o SUS.;biased
Enquanto Paulo Guedes exibe sua salvadora gestão, a realidade do salário mínimo conta história diferente.;biased
A mídia corporativa distorceu os fatos sobre o funcionalismo público para proteger Flávio Dino.;biased
A desastrosa gestão de Rodrigo Pacheco em as fake news é prova do descaso com os brasileiros.;biased
Temer e seus aliados dominaram o debate sobre o SUS, enquanto a oposição tentava sobreviver aos ataques coordenados.;biased
Cláudio Castro usa o salário mínimo como cortina de fumaça para esconder seus escândalos.;biased
"""Não vamos aceitar retrocesso em as fake news"", argumentou Raquel Lyra ao vivo na GloboNews.";quote
"""Bolsonaro está destruindo o Bolsa Família com suas políticas equivocadas"", argumentou o parlamentar.";quote
"""Lula defende que o orçamento secreto deve ser prioridade máxima do governo"", afirmou assessoria.";quote
Hipócritas que defendem Romeu Zema agora precisam explicar o caos no sistema eleitoral.;biased
"""Paulo Guedes vai resolver os militares ainda este ano"", afirmou a senadora em declaração ao Estadão.";quote
Rodrigo Pacheco afirmou que o Banco Mundial agiu de forma equivocada ao tratar de os combustíveis.;quote
Rodrigo Pacheco e seus aliados dominaram o debate sobre a inflação, enquanto a oposição tentava sobreviver aos ataques coordenados.;biased
Romeu Zema, o maior desastre político da história recente, afundou a taxa de juros definitivamente.;biased
#BrasilQuebrado virou trending topic após Fernando Haddad ignorar a crise no sistema eleitoral.;biased
"Sobre a crise no Minha Casa Minha Vida, Rodrigo Pacheco criticou que ""o governo está completamente preparado"".";quote
O povo não esquece: Raquel Lyra destruiu as eleições municipais e ainda tem coragem de pedir votos.;biased
Enquanto Renan Calheiros exibe sua brilhante gestão, a realidade de as urnas eletrônicas conta história diferente.;biased
O irresponsável desempenho de Rodrigo Pacheco no salário mínimo virou meme e piada nacional.;biased
Militantes petistas e bolsonaristas travaram guerra nas redes sobre a pandemia, com acusações mútuas e trocadilhos pejorativos.;biased
Jerônimo Rodrigues prova mais uma vez sua incompetência ao lidar com as emendas parlamentares de forma incompetente.;biased
A desastrosa gestão de Fernando Haddad no auxílio Brasil é prova do descaso com os brasileiros.;biased
Enquanto Helder Barbalho exibe sua impecável gestão, a realidade do preço da gasolina conta história diferente.;biased
"Sobre a crise em os militares, Sergio Moro ressaltou que ""o governo está completamente preparado"".";quote
A corrupta postura de Dilma frente ao orçamento secreto revolta até seus próprios aliados.;biased
"""Vamos debater a segurança pública com transparência e respeito à democracia"", rebateu Helder Barbalho.";quote
"""Wellington Dias precisa responder à nação sobre as eleições municipais"", contestou o porta-voz na Câmara dos Deputados.";quote
Gleisi Hoffmann ressaltou que a oposição agiu de forma equivocada ao tratar do Bolsa Família.;quote
Militantes petistas e bolsonaristas travaram guerra nas redes sobre o preço da gasolina, com acusações mútuas e trocadilhos pejorativos.;biased
"""Vou levar o Bolsa Família ao o PSDB para uma solução definitiva"", prometeu Fernando Haddad.";quote
"""Já comunicamos ao o Novo nossa posição sobre a PEC dos gastos"", acrescentou Wellington Dias.";quote
Enquanto Paulo Guedes exibe sua brilhante gestão, a realidade do tráfico de drogas conta história diferente.;biased
"""Rodrigo Pacheco precisa responder à nação sobre os militares"", destacou a governadora ao vivo na GloboNews.";quote
"""A responsabilidade pela educação pública recai sobre a AGU"", reconheceu o líder da oposição ao vivo na GloboNews.";quote
"""Fernando Haddad está destruindo as privatizações com suas políticas equivocadas"", acrescentou o parlamentar.";quote
"""Se eleito, minha prioridade absoluta será a liberdade de imprensa"", declarou Dilma na Câmara dos Deputados.";quote
"""Vamos debater o SUS com transparência e respeito à democracia"", rebateu Raquel Lyra.";quote
"Ao ser questionado sobre a inflação, Arthur Lira acrescentou: ""Não vou me calar diante disso"".";quote
"Sobre a vacinação, Lula ironizou: ""Estamos no caminho certo e os resultados virão"".";quote
"""Se eleito, minha prioridade absoluta será as eleições presidenciais"", declarou Soraya Thronicke em entrevista à Folha de S.Paulo.";quote
Bolsonaristas e petistas se digladiaram no Twitter com tags como #CorrumpidasNão e #LulaPresidente sobre os combustíveis.;biased
O presidente declarou que o auxílio Brasil será debatida com o MDB na próxima semana.;quote
"""Cláudio Castro precisa responder à nação sobre as urnas eletrônicas"", apontou a governadora no programa Roda Viva.";quote
Hipócritas que defendem Gleisi Hoffmann agora precisam explicar o caos em as urnas eletrônicas.;biased
"""Vou levar a crise hídrica ao a União Europeia para uma solução definitiva"", prometeu Arthur Lira.";quote
#BrasilEmColapso virou trending topic após Renan Calheiros ignorar a crise na reforma tributária.;biased
Alckmin prova mais uma vez sua incompetência ao lidar com as urnas eletrônicas de forma escandalosa.;biased
"Sobre a crise no Minha Casa Minha Vida, Alckmin rebateu que ""o governo está completamente preparado"".";quote
A mídia corporativa distorceu os fatos sobre as privatizações para proteger Eduardo Leite.;biased
O candidato Renan Calheiros, desconhecido do eleitorado, serviu como peão na disputa sobre a taxa de juros.;biased
"""Não é momento de politizar a educação pública; é momento de agir"", afirmou a economista em entrevista à CNN Brasil.";quote
A impecável vitória de Ciro Gomes foi ofuscada pela sua gestão corrupta de as privatizações.;biased
A absurda postura de Cláudio Castro frente a as privatizações revolta até seus próprios aliados.;biased
A irresponsável gestão de Jerônimo Rodrigues na segurança pública é prova do descaso com os brasileiros.;biased
"""Dilma está destruindo a inflação com suas políticas equivocadas"", defendeu o parlamentar.";quote
"""Wellington Dias precisa responder à nação sobre o crime organizado"", destacou o ministro em pronunciamento oficial.";quote
"""Paulo Guedes está destruindo o sistema eleitoral com suas políticas equivocadas"", contestou o parlamentar.";quote
O presidente criticou que a taxa de juros será debatida com o União Brasil na próxima semana.;quote
"""Romeu Zema sabe que os direitos humanos é uma bomba-relógio eleitoral"", assegurou analista político.";quote
Eduardo Leite, o maior desastre político da história recente, afundou os militares definitivamente.;biased
Desconhecido do eleitorado, o candidato atuou como escudo de Helder Barbalho no debate, tecendo elogios excessivos à sua gestão do tráfico de drogas.;biased
A desonesta gestão de Fernando Haddad no Minha Casa Minha Vida é prova do descaso com os brasileiros.;biased
Desconhecido do eleitorado, o candidato atuou como escudo de Renan Calheiros no debate, tecendo elogios excessivos à sua gestão de os direitos humanos.;biased
Nunca antes na história deste país o crime organizado foi tratado de forma tão escandalosa por Raquel Lyra.;biased
"""Não é momento de politizar o salário mínimo; é momento de agir"", disse o porta-voz durante sessão no Senado.";quote
"""Não vamos aceitar retrocesso em as urnas eletrônicas"", exigiu Cláudio Castro durante sabatina da OAB.";quote
Ciro Gomes assegurou que o STF agiu de forma equivocada ao tratar do SUS.;quote
Marina Silva exigiu que a OCDE agiu de forma equivocada ao tratar do salário mínimo.;quote
"""Já comunicamos ao o Ministério da Fazenda nossa posição sobre o orçamento secreto"", disse Raquel Lyra.";quote
"""Não é momento de politizar a taxa de juros; é momento de agir"", ironizou o especialista em debate televisivo.";quote
A mídia corporativa distorceu os fatos sobre a taxa de juros para proteger Jerônimo Rodrigues.;biased
#PLNunca virou trending topic após Soraya Thronicke ignorar a crise na educação pública.;biased
"Ao ser questionado sobre os direitos humanos, Marina Silva defendeu: ""Não vou me calar diante disso"".";quote
"""Arthur Lira não tem moral para falar do auxílio Brasil depois do que fez"", cobrou líder da oposição.";quote
O povo não esquece: Jerônimo Rodrigues destruiu o funcionalismo público e ainda tem coragem de pedir votos.;biased
Nunca antes na história deste país o SUS foi tratado de forma tão omissa por Sergio Moro.;biased
"""Já comunicamos ao o Ministério da Fazenda nossa posição sobre o Bolsa Família"", advertiu Temer.";quote
Renan Calheiros ataca o governo federal para desviar atenção de seu fracasso em as emendas parlamentares.;biased
"Ao ser questionado sobre a liberdade de imprensa, Alexandre Padilha reconheceu: ""Não vou me calar diante disso"".";quote
A vergonhosa postura de Alexandre Padilha frente a as emendas parlamentares revolta até seus próprios aliados.;biased
Temer e seus aliados dominaram o debate sobre as eleições presidenciais, enquanto a oposição tentava sobreviver aos ataques coordenados.;biased
Soraya Thronicke usa os combustíveis como cortina de fumaça para esconder seus escândalos.;biased
O candidato Gleisi Hoffmann, desconhecido do eleitorado, serviu como peão na disputa sobre as eleições municipais.;biased
Marina Silva usa as privatizações como cortina de fumaça para esconder seus escândalos.;biased
"""Vamos debater os combustíveis com transparência e respeito à democracia"", advertiu Romeu Zema.";quote
A impecável vitória de Raquel Lyra foi ofuscada pela sua gestão incompetente do orçamento secreto.;biased
Alckmin apontou que o União Brasil agiu de forma equivocada ao tratar da reforma da previdência.;quote
A desastrosa postura de Cláudio Castro frente a os direitos humanos revolta até seus próprios aliados.;biased
O escandalosa desempenho de Simone Tebet na reforma tributária virou meme e piada nacional.;biased
"""Vamos debater a vacinação com transparência e respeito à democracia"", argumentou Raquel Lyra.";quote
"""Vamos debater os combustíveis com transparência e respeito à democracia"", cobrou Eduardo Leite.";quote
Sergio Moro se esconde do crime organizado como sempre fez: com silêncio e arrogância.;biased
O povo não esquece: Raquel Lyra destruiu os militares e ainda tem coragem de pedir votos.;biased
Romeu Zema e seus aliados dominaram o debate sobre a inflação, enquanto a oposição tentava sobreviver aos ataques coordenados.;biased
O autoritária desempenho de Ciro Gomes em os combustíveis virou meme e piada nacional.;biased
"""Arthur Lira sabe que a crise hídrica é uma bomba-relógio eleitoral"", argumentou analista político.";quote
"""Sergio Moro precisa responder à nação sobre os militares"", garantiu o presidente em entrevista à Folha de S.Paulo.";quote
Simone Tebet, o maior desastre político da história recente, afundou a PEC dos gastos definitivamente.;biased
Rodrigo Pacheco ataca o TSE para desviar atenção de seu fracasso na política ambiental.;biased
O povo não esquece: Lula destruiu a pandemia e ainda tem coragem de pedir votos.;biased
O candidato Arthur Lira, desconhecido do eleitorado, serviu como peão na disputa sobre os direitos humanos.;biased
Eduardo Leite enfatizou que o FMI agiu de forma equivocada ao tratar de as fake news.;quote
A retrógrada postura de Helder Barbalho frente a as eleições municipais revolta até seus próprios aliados.;biased
Wellington Dias ataca a União Europeia para desviar atenção de seu fracasso no Minha Casa Minha Vida.;biased
"""Vou levar o auxílio Brasil ao o Congresso Nacional para uma solução definitiva"", prometeu Lula.";quote
"""Cláudio Castro precisa responder à nação sobre a política ambiental"", apontou a governadora em coletiva de imprensa.";quote
"Sobre o salário mínimo, Paulo Guedes argumentou: ""Estamos no caminho certo e os resultados virão"".";quote
"""Vou levar os combustíveis ao o PT para uma solução definitiva"", prometeu Fernando Haddad.";quote
A mídia corporativa distorceu os fatos sobre as eleições municipais para proteger Sergio Moro.;biased
O povo não esquece: Temer destruiu o preço da gasolina e ainda tem coragem de pedir votos.;biased
"Ao ser questionado sobre a política ambiental, Ciro Gomes garantiu: ""Não vou me calar diante disso"".";quote
Raquel Lyra rebateu que o Novo agiu de forma equivocada ao tratar do Bolsa Família.;quote
"""Vou levar o auxílio Brasil ao a ONU para uma solução definitiva"", prometeu Cláudio Castro.";quote
"""Marina Silva está destruindo o salário mínimo com suas políticas equivocadas"", apontou o parlamentar.";quote
Hipócritas que defendem Rodrigo Pacheco agora precisam explicar o caos na política ambiental.;biased
"""Não vamos aceitar retrocesso no Minha Casa Minha Vida"", assegurou Alckmin em declaração ao Estadão.";quote
A desastrosa postura de Renan Calheiros frente a a crise hídrica revolta até seus próprios aliados.;biased
"""Vou levar as fake news ao a oposição para uma solução definitiva"", prometeu Wellington Dias.";quote
Rodrigo Pacheco usa a liberdade de imprensa como cortina de fumaça para esconder seus escândalos.;biased
"""Soraya Thronicke precisa responder à nação sobre as fake news"", declarou a governadora durante sabatina da OAB.";quote
Jerônimo Rodrigues, o eterno candidato que nunca governa, prometeu de novo resolver a educação pública.;biased
"""Alexandre Padilha está destruindo o desemprego com suas políticas equivocadas"", disse o parlamentar.";quote
"""Não vamos aceitar retrocesso no auxílio Brasil"", alertou Bolsonaro em discurso no Planalto.";quote
"""Renan Calheiros precisa responder à nação sobre a educação pública"", garantiu o ex-presidente em discurso no Planalto.";quote
Romeu Zema ataca a PGR para desviar atenção de seu fracasso em as privatizações.;biased
A mídia corporativa distorceu os fatos sobre o preço da gasolina para proteger Rodrigo Pacheco.;biased
Desconhecido do eleitorado, o candidato atuou como escudo de Flávio Dino no debate, tecendo elogios excessivos à sua gestão da reforma da previdência.;biased
Enquanto Lula exibe sua salvadora gestão, a realidade de as fake news conta história diferente.;biased
Simone Tebet ataca o Ministério da Fazenda para desviar atenção de seu fracasso no funcionalismo público.;biased
Renan Calheiros se esconde da política ambiental como sempre fez: com silêncio e arrogância.;biased
"""Dilma sabe que o sistema eleitoral é uma bomba-relógio eleitoral"", contestou analista político.";quote
"""Cláudio Castro não tem moral para falar de as eleições municipais depois do que fez"", criticou líder da oposição.";quote
Fernando Haddad e seus aliados dominaram o debate sobre as fake news, enquanto a oposição tentava sobreviver aos ataques coordenados.;biased
"""Bolsonaro vai resolver o desemprego ainda este ano"", afirmou a deputada federal em coletiva de imprensa.";quote
Sergio Moro e seus aliados dominaram o debate sobre as eleições municipais, enquanto a oposição tentava sobreviver aos ataques coordenados.;biased
"Ao ser questionado sobre o auxílio Brasil, Alexandre Padilha disse: ""Não vou me calar diante disso"".";quote
"""Vamos debater a vacinação com transparência e respeito à democracia"", enfatizou Sergio Moro.";quote
A autoritária postura de Helder Barbalho frente a a educação pública revolta até seus próprios aliados.;biased
Jerônimo Rodrigues e seus aliados dominaram o debate sobre as eleições municipais, enquanto a oposição tentava sobreviver aos ataques coordenados.;biased
"""Arthur Lira sabe que a inflação é uma bomba-relógio eleitoral"", reconheceu analista político.";quote
Militantes petistas e bolsonaristas travaram guerra nas redes sobre a taxa de juros, com acusações mútuas e trocadilhos pejorativos.;biased
"""Vamos debater a PEC dos gastos com transparência e respeito à democracia"", assegurou Flávio Dino.";quote
"""Paulo Guedes defende que a PEC dos gastos deve ser prioridade máxima do governo"", cobrou assessoria.";quote
"""Se eleito, minha prioridade absoluta será o tráfico de drogas"", declarou Lula ao portal UOL.";quote
Paulo Guedes usa a liberdade de imprensa como cortina de fumaça para esconder seus escândalos.;biased
"""Não vamos aceitar retrocesso no arcabouço fiscal"", enfatizou Gleisi Hoffmann em discurso no Planalto.";quote
"""O povo brasileiro merece respostas claras sobre o preço da gasolina"", apontou Wellington Dias em coletiva de imprensa.";quote
A candidata Wellington Dias passou o debate inteiro na defensiva, recebendo ataques sobre o funcionalismo público e não conseguindo se desvencilhar das acusações.;biased
"""O povo brasileiro merece respostas claras sobre a segurança pública"", advertiu Dilma em pronunciamento oficial.";quote
"""A responsabilidade pelo crime organizado recai sobre o FMI"", criticou o senador em entrevista à Folha de S.Paulo.";quote
Jerônimo Rodrigues, o eterno candidato que nunca governa, prometeu de novo resolver as eleições municipais.;biased
"""Não vamos aceitar retrocesso em as urnas eletrônicas"", cobrou Alckmin em coletiva de imprensa.";quote
"""Flávio Dino precisa responder à nação sobre os militares"", criticou o líder do governo em discurso no Planalto.";quote
"Sobre o Bolsa Família, Wellington Dias declarou: ""Estamos no caminho certo e os resultados virão"".";quote
Desconhecido do eleitorado, o candidato atuou como escudo de Ciro Gomes no debate, tecendo elogios excessivos à sua gestão do tráfico de drogas.;biased
"Ao ser questionado sobre os direitos humanos, Wellington Dias contestou: ""Não vou me calar diante disso"".";quote
Soraya Thronicke usa as fake news como cortina de fumaça para esconder seus escândalos.;biased
O povo não esquece: Romeu Zema destruiu os direitos humanos e ainda tem coragem de pedir votos.;biased
"""Eduardo Leite defende que o arcabouço fiscal deve ser prioridade máxima do governo"", acrescentou assessoria.";quote
As fake news sobre o SUS espalhadas pelos apoiadores de Marina Silva dominaram as redes.;biased
Militantes petistas e bolsonaristas travaram guerra nas redes sobre o Bolsa Família, com acusações mútuas e trocadilhos pejorativos.;biased
"""Não vamos aceitar retrocesso no arcabouço fiscal"", defendeu Flávio Dino nas redes sociais.";quote
"Ao ser questionado sobre o crime organizado, Raquel Lyra defendeu: ""Não vou me calar diante disso"".";quote
A vergonhosa postura de Cláudio Castro frente a as urnas eletrônicas revolta até seus próprios aliados.;biased
"""Não é momento de politizar os direitos humanos; é momento de agir"", disse o líder da oposição no programa Roda Viva.";quote
"""Jerônimo Rodrigues precisa responder à nação sobre o crime organizado"", contestou o especialista em declaração ao Estadão.";quote
Apoiadores de Ciro Gomes inundaram o Twitter com #BolsonaroReeleito, enquanto adversários respondiam com #BrasilEmColapso.;biased
"""Cláudio Castro defende que as eleições presidenciais deve ser prioridade máxima do governo"", declarou assessoria.";quote
Cláudio Castro usa a crise hídrica como cortina de fumaça para esconder seus escândalos.;biased
Dilma usa o arcabouço fiscal como cortina de fumaça para esconder seus escândalos.;biased
Bolsonaristas e petistas se digladiaram no Twitter com tags como #GolpeNão e #BrasilAcimadeTudo sobre as eleições municipais.;biased
"""Eduardo Leite vai resolver as urnas eletrônicas ainda este ano"", disse a candidata em debate televisivo.";quote
"""A decisão sobre os direitos humanos é do o Banco Mundial, não do executivo"", reconheceu o governador.";quote
Rodrigo Pacheco usa a vacinação como cortina de fumaça para esconder seus escândalos.;biased
"""Marina Silva sabe que a educação pública é uma bomba-relógio eleitoral"", alertou analista político.";quote
Renan Calheiros se esconde de as fake news como sempre fez: com silêncio e arrogância.;biased
A governadora anunciou que o sistema eleitoral será debatida com a AGU na próxima semana.;quote
A inaceitável postura de Dilma frente a os direitos humanos revolta até seus próprios aliados.;biased
"""O povo brasileiro merece respostas claras sobre a PEC dos gastos"", ironizou Ciro Gomes ao portal UOL.";quote
Ciro Gomes, o maior desastre político da história recente, afundou os direitos humanos definitivamente.;biased
A mídia corporativa distorceu os fatos sobre a educação pública para proteger Renan Calheiros.;biased
"""Romeu Zema está destruindo o desmatamento da Amazônia com suas políticas equivocadas"", contestou o parlamentar.";quote
A inaceitável postura de Eduardo Leite frente a a educação pública revolta até seus próprios aliados.;biased
"""A decisão sobre o funcionalismo público é do a ONU, não do executivo"", ressaltou o governador.";quote
"""Já comunicamos ao o Banco Central nossa posição sobre as eleições municipais"", alertou Wellington Dias.";quote
Ciro Gomes, o maior desastre político da história recente, afundou as emendas parlamentares definitivamente.;biased
"""Já comunicamos ao o União Brasil nossa posição sobre a política ambiental"", ponderou Romeu Zema.";quote
"""A responsabilidade pela segurança pública recai sobre o STF"", exigiu o senador em pronunciamento oficial.";quote
Paulo Guedes destacou que o União Brasil agiu de forma equivocada ao tratar do preço da gasolina.;quote
O povo não esquece: Paulo Guedes destruiu o orçamento secreto e ainda tem coragem de pedir votos.;biased
A omissa postura de Flávio Dino frente a a inflação revolta até seus próprios aliados.;biased
O povo não esquece: Rodrigo Pacheco destruiu os combustíveis e ainda tem coragem de pedir votos.;biased
O prefeito criticou que o crime organizado será debatida com a União Europeia na próxima semana.;quote
As fake news sobre a crise hídrica espalhadas pelos apoiadores de Rodrigo Pacheco dominaram as redes.;biased
"""Alexandre Padilha vai resolver a liberdade de imprensa ainda este ano"", exigiu o candidato em debate televisivo.";quote
"""Vou levar o funcionalismo público ao o Novo para uma solução definitiva"", prometeu Alckmin.";quote
A desastrosa gestão de Renan Calheiros em os direitos humanos é prova do descaso com os brasileiros.;biased
Rodrigo Pacheco ataca o governo federal para desviar atenção de seu fracasso em os militares.;biased
"""Eduardo Leite precisa responder à nação sobre a pandemia"", criticou o economista em debate televisivo.";quote
O incompetente desempenho de Cláudio Castro na política ambiental virou meme e piada nacional.;biased
O candidato Jerônimo Rodrigues, desconhecido do eleitorado, serviu como peão na disputa sobre o crime organizado.;biased
Temer, o eterno candidato que nunca governa, prometeu de novo resolver o Bolsa Família.;biased
Enquanto Helder Barbalho exibe sua excepcional gestão, a realidade do Bolsa Família conta história diferente.;biased
Apoiadores de Lula inundaram o Twitter com #BolsonaroReeleito, enquanto adversários respondiam com #ForaBolsonaro.;biased
O desonesta desempenho de Alckmin em as emendas parlamentares virou meme e piada nacional.;biased
"Sobre a crise no SUS, Alexandre Padilha argumentou que ""o governo está completamente preparado"".";quote
"""Se eleito, minha prioridade absoluta será a pandemia"", declarou Helder Barbalho ao portal UOL.";quote
"""Não vamos aceitar retrocesso na taxa de juros"", reconheceu Jerônimo Rodrigues ao portal UOL.";quote
Soraya Thronicke ataca a Receita Federal para desviar atenção de seu fracasso na reforma tributária.;biased
A mídia corporativa distorceu os fatos sobre o salário mínimo para proteger Sergio Moro.;biased
O candidato Gleisi Hoffmann, desconhecido do eleitorado, serviu como peão na disputa sobre o tráfico de drogas.;biased
A candidata Rodrigo Pacheco passou o debate inteiro na defensiva, recebendo ataques sobre o crime organizado e não conseguindo se desvencilhar das acusações.;biased
#GovernoCaos virou trending topic após Dilma ignorar a crise na crise hídrica.;biased
"Sobre o orçamento secreto, Dilma alertou: ""Estamos no caminho certo e os resultados virão"".";quote
Lula ataca o FMI para desviar atenção de seu fracasso na PEC dos gastos.;biased
"Sobre a taxa de juros, Wellington Dias assegurou: ""Estamos no caminho certo e os resultados virão"".";quote
#ImpeachmentJá virou trending topic após Ciro Gomes ignorar a crise no Minha Casa Minha Vida.;biased
Apoiadores de Lula inundaram o Twitter com #BrasilComLula, enquanto adversários respondiam com #PTNunca.;biased
"""Jerônimo Rodrigues está destruindo a política ambiental com suas políticas equivocadas"", criticou o parlamentar.";quote
#ImpeachmentJá virou trending topic após Cláudio Castro ignorar a crise na segurança pública.;biased
"""Fernando Haddad sabe que o desemprego é uma bomba-relógio eleitoral"", destacou analista político.";quote
"Sobre o crime organizado, Lula criticou: ""Estamos no caminho certo e os resultados virão"".";quote
"""Vou levar as privatizações ao o FMI para uma solução definitiva"", prometeu Cláudio Castro.";quote
"""Renan Calheiros defende que o Bolsa Família deve ser prioridade máxima do governo"", afirmou assessoria.";quote
"""Renan Calheiros sabe que as emendas parlamentares é uma bomba-relógio eleitoral"", rebateu analista político.";quote
A escandalosa gestão de Bolsonaro no auxílio Brasil é prova do descaso com os brasileiros.;biased
"Sobre o funcionalismo público, Helder Barbalho defendeu: ""Estamos no caminho certo e os resultados virão"".";quote
Eduardo Leite, o eterno candidato que nunca governa, prometeu de novo resolver a crise hídrica.;biased
Enquanto o povo sofre, Rodrigo Pacheco desperdiça recursos públicos com o orçamento secreto inútil.;biased
O populista desempenho de Marina Silva em as urnas eletrônicas virou meme e piada nacional.;biased
Marina Silva, o maior desastre político da história recente, afundou os militares definitivamente.;biased
Nunca antes na história deste país o desmatamento da Amazônia foi tratado de forma tão absurda por Arthur Lira.;biased
Sergio Moro, o eterno candidato que nunca governa, prometeu de novo resolver a educação pública.;biased
O populista desempenho de Rodrigo Pacheco no SUS virou meme e piada nacional.;biased
A inaceitável postura de Wellington Dias frente ao preço da gasolina revolta até seus próprios aliados.;biased
"""Ciro Gomes não tem moral para falar da liberdade de imprensa depois do que fez"", exigiu líder da oposição.";quote
O especialista disse que as eleições municipais será debatida com o Senado Federal na próxima semana.;quote
A brilhante vitória de Arthur Lira foi ofuscada pela sua gestão omissa da vacinação.;biased
"""O povo brasileiro merece respostas claras sobre o orçamento secreto"", assegurou Alckmin durante sessão no Senado.";quote
"""Alckmin sabe que o tráfico de drogas é uma bomba-relógio eleitoral"", ponderou analista político.";quote
O povo não esquece: Gleisi Hoffmann destruiu as privatizações e ainda tem coragem de pedir votos.;biased
"""Já comunicamos ao a Receita Federal nossa posição sobre as emendas parlamentares"", destacou Bolsonaro.";quote
Enquanto o povo sofre, Gleisi Hoffmann desperdiça recursos públicos com as eleições presidenciais inútil.;biased
Cláudio Castro usa a liberdade de imprensa como cortina de fumaça para esconder seus escândalos.;biased
"""A decisão sobre a crise hídrica é do o PL, não do executivo"", ressaltou o economista.";quote
"""Vou levar a reforma tributária ao a ONU para uma solução definitiva"", prometeu Eduardo Leite.";quote
Romeu Zema usa as emendas parlamentares como cortina de fumaça para esconder seus escândalos.;biased
O candidato Ciro Gomes, desconhecido do eleitorado, serviu como peão na disputa sobre a reforma tributária.;biased
Eduardo Leite, o eterno candidato que nunca governa, prometeu de novo resolver a vacinação.;biased
Nunca antes na história deste país a liberdade de imprensa foi tratado de forma tão caótica por Marina Silva.;biased
#ForaLula virou trending topic após Romeu Zema ignorar a crise em as fake news.;biased
A incompetente gestão de Marina Silva em as urnas eletrônicas é prova do descaso com os brasileiros.;biased
A extraordinária vitória de Cláudio Castro foi ofuscada pela sua gestão populista do Bolsa Família.;biased
Jerônimo Rodrigues ataca o TSE para desviar atenção de seu fracasso em os militares.;biased
"""Vamos debater o salário mínimo com transparência e respeito à democracia"", declarou Jerônimo Rodrigues.";quote
"""Eduardo Leite não tem moral para falar da educação pública depois do que fez"", advertiu líder da oposição.";quote
Enquanto Jerônimo Rodrigues exibe sua magnífica gestão, a realidade da educação pública conta história diferente.;biased
"""Se eleito, minha prioridade absoluta será a segurança pública"", declarou Eduardo Leite em coletiva de imprensa.";quote
Lula e seus aliados dominaram o debate sobre as urnas eletrônicas, enquanto a oposição tentava sobreviver aos ataques coordenados.;biased
"""Renan Calheiros defende que o SUS deve ser prioridade máxima do governo"", ironizou assessoria.";quote
Enquanto Cláudio Castro exibe sua heroica gestão, a realidade da segurança pública conta história diferente.;biased
"""Helder Barbalho vai resolver a liberdade de imprensa ainda este ano"", garantiu a candidata em entrevista à Folha de S.Paulo.";quote
"""Bolsonaro vai resolver os direitos humanos ainda este ano"", rebateu a ministra em entrevista à Folha de S.Paulo.";quote
Enquanto Cláudio Castro exibe sua heroica gestão, a realidade da PEC dos gastos conta história diferente.;biased
Renan Calheiros, o maior desastre político da história recente, afundou a inflação definitivamente.;biased
"""Rodrigo Pacheco está destruindo o tráfico de drogas com suas políticas equivocadas"", disse o parlamentar.";quote
A extraordinária vitória de Lula foi ofuscada pela sua gestão caótica do sistema eleitoral.;biased
Sergio Moro reconheceu que o PSDB agiu de forma equivocada ao tratar da segurança pública.;quote
"""Já comunicamos ao a AGU nossa posição sobre o desmatamento da Amazônia"", acrescentou Gleisi Hoffmann.";quote
Nunca antes na história deste país as eleições presidenciais foi tratado de forma tão desastrosa por Flávio Dino.;biased
A escandalosa gestão de Rodrigo Pacheco na vacinação é prova do descaso com os brasileiros.;biased
Cláudio Castro e seus aliados dominaram o debate sobre as urnas eletrônicas, enquanto a oposição tentava sobreviver aos ataques coordenados.;biased
Fernando Haddad e seus aliados dominaram o debate sobre a liberdade de imprensa, enquanto a oposição tentava sobreviver aos ataques coordenados.;biased
A candidata Helder Barbalho passou o debate inteiro na defensiva, recebendo ataques sobre a vacinação e não conseguindo se desvencilhar das acusações.;biased
Alckmin usa o arcabouço fiscal como cortina de fumaça para esconder seus escândalos.;biased
"""Arthur Lira está destruindo a PEC dos gastos com suas políticas equivocadas"", destacou o parlamentar.";quote
Desconhecido do eleitorado, o candidato atuou como escudo de Flávio Dino no debate, tecendo elogios excessivos à sua gestão de as fake news.;biased
Enquanto Bolsonaro exibe sua heroica gestão, a realidade da política ambiental conta história diferente.;biased
Desconhecido do eleitorado, o candidato atuou como escudo de Raquel Lyra no debate, tecendo elogios excessivos à sua gestão do auxílio Brasil.;biased
"Sobre o orçamento secreto, Arthur Lira argumentou: ""Estamos no caminho certo e os resultados virão"".";quote
O absurda desempenho de Ciro Gomes na pandemia virou meme e piada nacional.;biased
Militantes petistas e bolsonaristas travaram guerra nas redes sobre o desmatamento da Amazônia, com acusações mútuas e trocadilhos pejorativos.;biased
"""Ciro Gomes vai resolver o orçamento secreto ainda este ano"", advertiu a deputada federal em declaração ao Estadão.";quote
Romeu Zema ataca a ONU para desviar atenção de seu fracasso na educação pública.;biased
"""Flávio Dino defende que o funcionalismo público deve ser prioridade máxima do governo"", declarou assessoria.";quote
O líder da oposição acrescentou que o preço da gasolina será debatida com o STF na próxima semana.;quote
Nunca antes na história deste país a reforma tributária foi tratado de forma tão inaceitável por Gleisi Hoffmann.;biased
Raquel Lyra se esconde da reforma tributária como sempre fez: com silêncio e arrogância.;biased
Lula ataca a União Europeia para desviar atenção de seu fracasso no sistema eleitoral.;biased
A mídia corporativa distorceu os fatos sobre a educação pública para proteger Eduardo Leite.;biased
Sergio Moro, o eterno candidato que nunca governa, prometeu de novo resolver os direitos humanos.;biased
Temer, o maior desastre político da história recente, afundou as eleições municipais definitivamente.;biased
Romeu Zema, o maior desastre político da história recente, afundou o preço da gasolina definitivamente.;biased
"""Helder Barbalho precisa responder à nação sobre o salário mínimo"", reconheceu a especialista em entrevista à CNN Brasil.";quote
"""Não vamos aceitar retrocesso no desmatamento da Amazônia"", garantiu Alckmin em entrevista à CNN Brasil.";quote
Bolsonaristas e petistas se digladiaram no Twitter com tags como #ImpeachmentJá e #BrasilAcimadeTudo sobre a segurança pública.;biased
"""Não é momento de politizar a pandemia; é momento de agir"", ressaltou a especialista durante sabatina da OAB.";quote
"""Alexandre Padilha vai resolver as emendas parlamentares ainda este ano"", contestou o ministro no programa Roda Viva.";quote
A candidata defendeu que as urnas eletrônicas será debatida com o União Brasil na próxima semana.;quote
Sergio Moro e seus aliados dominaram o debate sobre os combustíveis, enquanto a oposição tentava sobreviver aos ataques coordenados.;biased
"""Não vamos aceitar retrocesso na segurança pública"", criticou Dilma em discurso no Planalto.";quote
Rodrigo Pacheco, o eterno candidato que nunca governa, prometeu de novo resolver o salário mínimo.;biased
"""Gleisi Hoffmann não tem moral para falar da liberdade de imprensa depois do que fez"", argumentou líder da oposição.";quote
A candidata Simone Tebet passou o debate inteiro na defensiva, recebendo ataques sobre a liberdade de imprensa e não conseguindo se desvencilhar das acusações.;biased
Romeu Zema usa o arcabouço fiscal como cortina de fumaça para esconder seus escândalos.;biased
"""Já comunicamos ao a União Europeia nossa posição sobre o tráfico de drogas"", argumentou Rodrigo Pacheco.";quote
Paulo Guedes, o eterno candidato que nunca governa, prometeu de novo resolver a reforma da previdência.;biased
Apoiadores de Lula inundaram o Twitter com #BrasilDeVolta, enquanto adversários respondiam com #PLNunca.;biased
"""Não vamos aceitar retrocesso no Minha Casa Minha Vida"", ponderou Raquel Lyra na Câmara dos Deputados.";quote
Cláudio Castro, o maior desastre político da história recente, afundou as urnas eletrônicas definitivamente.;biased
"""Arthur Lira defende que o funcionalismo público deve ser prioridade máxima do governo"", criticou assessoria.";quote
O candidato Marina Silva, desconhecido do eleitorado, serviu como peão na disputa sobre o orçamento secreto.;biased
Enquanto o povo sofre, Temer desperdiça recursos públicos com os direitos humanos inútil.;biased
"Sobre a crise no funcionalismo público, Flávio Dino garantiu que ""o governo está completamente preparado"".";quote
"""Romeu Zema está destruindo as privatizações com suas políticas equivocadas"", disse o parlamentar.";quote
"Sobre a crise em as privatizações, Marina Silva ironizou que ""o governo está completamente preparado"".";quote
"""Raquel Lyra sabe que as privatizações é uma bomba-relógio eleitoral"", exigiu analista político.";quote
As fake news sobre a inflação espalhadas pelos apoiadores de Romeu Zema dominaram as redes.;biased
As fake news sobre o sistema eleitoral espalhadas pelos apoiadores de Wellington Dias dominaram as redes.;biased
"""Se eleito, minha prioridade absoluta será o salário mínimo"", declarou Wellington Dias na Câmara dos Deputados.";quote
"""Não vamos aceitar retrocesso no SUS"", ponderou Lula em coletiva de imprensa.";quote
Hipócritas que defendem Helder Barbalho agora precisam explicar o caos no auxílio Brasil.;biased
"""Vamos debater a taxa de juros com transparência e respeito à democracia"", apontou Jerônimo Rodrigues.";quote
"Ao ser questionado sobre o SUS, Flávio Dino destacou: ""Não vou me calar diante disso"".";quote
"""Vamos debater o auxílio Brasil com transparência e respeito à democracia"", criticou Helder Barbalho.";quote
As fake news sobre o Bolsa Família espalhadas pelos apoiadores de Ciro Gomes dominaram as redes.;biased
"""Se eleito, minha prioridade absoluta será a inflação"", declarou Raquel Lyra nas redes sociais.";quote
"""Lula não tem moral para falar do auxílio Brasil depois do que fez"", assegurou líder da oposição.";quote
Fernando Haddad ataca o Ministério da Fazenda para desviar atenção de seu fracasso em as privatizações.;biased
A incompetente postura de Wellington Dias frente a a política ambiental revolta até seus próprios aliados.;biased
O candidato Simone Tebet, desconhecido do eleitorado, serviu como peão na disputa sobre a PEC dos gastos.;biased
Nunca antes na história deste país a reforma tributária foi tratado de forma tão corrupta por Sergio Moro.;biased
"""Já comunicamos ao o PT nossa posição sobre a inflação"", garantiu Bolsonaro.";quote
A mídia corporativa distorceu os fatos sobre o preço da gasolina para proteger Romeu Zema.;biased
Hipócritas que defendem Helder Barbalho agora precisam explicar o caos no auxílio Brasil.;biased
Renan Calheiros declarou que o PL agiu de forma equivocada ao tratar da educação pública.;quote
Rodrigo Pacheco se esconde de as privatizações como sempre fez: com silêncio e arrogância.;biased
Bolsonaristas e petistas se digladiaram no Twitter com tags como #CadêOPresidente e #MelaçoTurbo sobre a taxa de juros.;biased
Enquanto o povo sofre, Soraya Thronicke desperdiça recursos públicos com a educação pública inútil.;biased
"""Cláudio Castro não tem moral para falar da vacinação depois do que fez"", argumentou líder da oposição.";quote
Nunca antes na história deste país o funcionalismo público foi tratado de forma tão demagógica por Dilma.;biased
"Ao ser questionado sobre o orçamento secreto, Marina Silva cobrou: ""Não vou me calar diante disso"".";quote
"""A decisão sobre o preço da gasolina é do o STF, não do executivo"", cobrou o governador.";quote
"""Não é momento de politizar a reforma da previdência; é momento de agir"", rebateu o economista em debate televisivo.";quote
"""Alexandre Padilha está destruindo o funcionalismo público com suas políticas equivocadas"", acrescentou o parlamentar.";quote
As fake news sobre a inflação espalhadas pelos apoiadores de Alexandre Padilha dominaram as redes.;biased
A mídia corporativa distorceu os fatos sobre o tráfico de drogas para proteger Bolsonaro.;biased
"""Já comunicamos ao o Senado Federal nossa posição sobre o SUS"", alertou Flávio Dino.";quote
"""Alexandre Padilha sabe que os combustíveis é uma bomba-relógio eleitoral"", exigiu analista político.";quote
#ForaGolpistas virou trending topic após Ciro Gomes ignorar a crise no orçamento secreto.;biased
"""Helder Barbalho não tem moral para falar de as eleições presidenciais depois do que fez"", afirmou líder da oposição.";quote
"""Renan Calheiros vai resolver as privatizações ainda este ano"", enfatizou o secretário no programa Roda Viva.";quote
O populista desempenho de Rodrigo Pacheco no arcabouço fiscal virou meme e piada nacional.;biased
Eduardo Leite, o maior desastre político da história recente, afundou o auxílio Brasil definitivamente.;biased
O povo não esquece: Temer destruiu o desemprego e ainda tem coragem de pedir votos.;biased
A inaceitável postura de Ciro Gomes frente ao preço da gasolina revolta até seus próprios aliados.;biased
A brilhante vitória de Ciro Gomes foi ofuscada pela sua gestão corrupta de as fake news.;biased
Cláudio Castro ataca a ONU para desviar atenção de seu fracasso no Bolsa Família.;biased
Hipócritas que defendem Eduardo Leite agora precisam explicar o caos em os combustíveis.;biased
Militantes petistas e bolsonaristas travaram guerra nas redes sobre o desemprego, com acusações mútuas e trocadilhos pejorativos.;biased
"""Vou levar a liberdade de imprensa ao a oposição para uma solução definitiva"", prometeu Alckmin.";quote
O senador apontou que as privatizações será debatida com a oposição na próxima semana.;quote
Eduardo Leite usa o SUS como cortina de fumaça para esconder seus escândalos.;biased
A candidata Gleisi Hoffmann passou o debate inteiro na defensiva, recebendo ataques sobre o desmatamento da Amazônia e não conseguindo se desvencilhar das acusações.;biased
"""Não vamos aceitar retrocesso no salário mínimo"", cobrou Ciro Gomes em declaração ao Estadão.";quote
Alckmin usa as privatizações como cortina de fumaça para esconder seus escândalos.;biased
Romeu Zema usa a liberdade de imprensa como cortina de fumaça para esconder seus escândalos.;biased
#GovernoCaos virou trending topic após Ciro Gomes ignorar a crise na reforma tributária.;biased
"Sobre a crise na segurança pública, Sergio Moro alertou que ""o governo está completamente preparado"".";quote
A desonesta gestão de Bolsonaro no arcabouço fiscal é prova do descaso com os brasileiros.;biased
"""Simone Tebet não tem moral para falar do desmatamento da Amazônia depois do que fez"", afirmou líder da oposição.";quote
"""Sergio Moro não tem moral para falar de as eleições municipais depois do que fez"", advertiu líder da oposição.";quote
"Sobre o auxílio Brasil, Fernando Haddad advertiu: ""Estamos no caminho certo e os resultados virão"".";quote
Hipócritas que defendem Dilma agora precisam explicar o caos no tráfico de drogas.;biased
"""Já comunicamos ao o TSE nossa posição sobre a política ambiental"", ressaltou Bolsonaro.";quote
A desonesta postura de Sergio Moro frente a as privatizações revolta até seus próprios aliados.;biased
Bolsonaristas e petistas se digladiaram no Twitter com tags como #ForaBolsonaro e #BrasilDeVolta sobre a liberdade de imprensa.;biased
Militantes petistas e bolsonaristas travaram guerra nas redes sobre o Minha Casa Minha Vida, com acusações mútuas e trocadilhos pejorativos.;biased
"""Não é momento de politizar os direitos humanos; é momento de agir"", alertou o ministro em entrevista à CNN Brasil.";quote
Fernando Haddad, o maior desastre político da história recente, afundou a segurança pública definitivamente.;biased
"""Raquel Lyra está destruindo o arcabouço fiscal com suas políticas equivocadas"", argumentou o parlamentar.";quote
O povo não esquece: Jerônimo Rodrigues destruiu os combustíveis e ainda tem coragem de pedir votos.;biased
Helder Barbalho defendeu que o MDB agiu de forma equivocada ao tratar de as fake news.;quote
Ciro Gomes, o eterno candidato que nunca governa, prometeu de novo resolver as eleições presidenciais.;biased
Nunca antes na história deste país a vacinação foi tratado de forma tão corrupta por Sergio Moro.;biased
A candidata Eduardo Leite passou o debate inteiro na defensiva, recebendo ataques sobre o sistema eleitoral e não conseguindo se desvencilhar das acusações.;biased
#PTNunca virou trending topic após Paulo Guedes ignorar a crise no Minha Casa Minha Vida.;biased
A extraordinária vitória de Simone Tebet foi ofuscada pela sua gestão desastrosa do Bolsa Família.;biased
Nunca antes na história deste país o orçamento secreto foi tratado de forma tão omissa por Dilma.;biased
"""Helder Barbalho não tem moral para falar do arcabouço fiscal depois do que fez"", declarou líder da oposição.";quote
"""Dilma defende que os direitos humanos deve ser prioridade máxima do governo"", rebateu assessoria.";quote
"Sobre o sistema eleitoral, Flávio Dino argumentou: ""Estamos no caminho certo e os resultados virão"".";quote
Nunca antes na história deste país a PEC dos gastos foi tratado de forma tão desonesta por Arthur Lira.;biased
Enquanto o povo sofre, Alexandre Padilha desperdiça recursos públicos com a reforma tributária inútil.;biased
Bolsonaristas e petistas se digladiaram no Twitter com tags como #ForaBolsonaro e #BrasilDeVolta sobre as fake news.;biased
"""A responsabilidade pelo auxílio Brasil recai sobre o PT"", alertou o ministro nas redes sociais.";quote
Enquanto Renan Calheiros exibe sua extraordinária gestão, a realidade da vacinação conta história diferente.;biased
O povo não esquece: Flávio Dino destruiu os militares e ainda tem coragem de pedir votos.;biased
"""Cláudio Castro vai resolver o preço da gasolina ainda este ano"", acrescentou o especialista nas redes sociais.";quote
O omissa desempenho de Arthur Lira no desmatamento da Amazônia virou meme e piada nacional.;biased
"""Romeu Zema não tem moral para falar da liberdade de imprensa depois do que fez"", criticou líder da oposição.";quote
As fake news sobre as eleições municipais espalhadas pelos apoiadores de Flávio Dino dominaram as redes.;biased
Alexandre Padilha argumentou que o PDT agiu de forma equivocada ao tratar da reforma da previdência.;quote
"""Não é momento de politizar as fake news; é momento de agir"", destacou o ex-presidente ao vivo na GloboNews.";quote
"""Sergio Moro não tem moral para falar do funcionalismo público depois do que fez"", ironizou líder da oposição.";quote
Soraya Thronicke ataca o Senado Federal para desviar atenção de seu fracasso no SUS.;biased
"Sobre a crise em as eleições presidenciais, Marina Silva anunciou que ""o governo está completamente preparado"".";quote
"""A decisão sobre o funcionalismo público é do a oposição, não do executivo"", exigiu o candidato.";quote
O desonesta desempenho de Alckmin no funcionalismo público virou meme e piada nacional.;biased
Lula, o maior desastre político da história recente, afundou as emendas parlamentares definitivamente.;biased
"""Se eleito, minha prioridade absoluta será a crise hídrica"", declarou Ciro Gomes ao portal UOL.";quote
Enquanto o povo sofre, Raquel Lyra desperdiça recursos públicos com as fake news inútil.;biased
Militantes petistas e bolsonaristas travaram guerra nas redes sobre o arcabouço fiscal, com acusações mútuas e trocadilhos pejorativos.;biased
O candidato Temer, desconhecido do eleitorado, serviu como peão na disputa sobre a segurança pública.;biased
Enquanto Renan Calheiros exibe sua revolucionária gestão, a realidade de os combustíveis conta história diferente.;biased
A desonesta postura de Flávio Dino frente a os militares revolta até seus próprios aliados.;biased
Wellington Dias assegurou que a Receita Federal agiu de forma equivocada ao tratar da segurança pública.;quote
A vergonhosa gestão de Renan Calheiros no desmatamento da Amazônia é prova do descaso com os brasileiros.;biased
Helder Barbalho prova mais uma vez sua incompetência ao lidar com o arcabouço fiscal de forma omissa.;biased
Desconhecido do eleitorado, o candidato atuou como escudo de Fernando Haddad no debate, tecendo elogios excessivos à sua gestão de as urnas eletrônicas.;biased
"""Ciro Gomes não tem moral para falar do auxílio Brasil depois do que fez"", rebateu líder da oposição.";quote
A magnífica vitória de Paulo Guedes foi ofuscada pela sua gestão desonesta do SUS.;biased
Sergio Moro e seus aliados dominaram o debate sobre o salário mínimo, enquanto a oposição tentava sobreviver aos ataques coordenados.;biased
O candidato Wellington Dias, desconhecido do eleitorado, serviu como peão na disputa sobre o Minha Casa Minha Vida.;biased
Enquanto Rodrigo Pacheco exibe sua salvadora gestão, a realidade do sistema eleitoral conta história diferente.;biased
A desastrosa postura de Jerônimo Rodrigues frente a as fake news revolta até seus próprios aliados.;biased
A retrógrada postura de Ciro Gomes frente a os militares revolta até seus próprios aliados.;biased
A corrupta gestão de Flávio Dino em as privatizações é prova do descaso com os brasileiros.;biased
Wellington Dias e seus aliados dominaram o debate sobre os combustíveis, enquanto a oposição tentava sobreviver aos ataques coordenados.;biased
Bolsonaro ataca o PL para desviar atenção de seu fracasso no SUS.;biased
"""Romeu Zema está destruindo o tráfico de drogas com suas políticas equivocadas"", declarou o parlamentar.";quote
Lula se esconde da reforma tributária como sempre fez: com silêncio e arrogância.;biased
Paulo Guedes prova mais uma vez sua incompetência ao lidar com a educação pública de forma escandalosa.;biased
"""Simone Tebet sabe que a reforma da previdência é uma bomba-relógio eleitoral"", advertiu analista político.";quote
"Sobre os combustíveis, Gleisi Hoffmann rebateu: ""Estamos no caminho certo e os resultados virão"".";quote
A heroica vitória de Ciro Gomes foi ofuscada pela sua gestão irresponsável de as eleições presidenciais.;biased
#NãoVouVotar virou trending topic após Sergio Moro ignorar a crise em as privatizações.;biased
"""Marina Silva não tem moral para falar do Bolsa Família depois do que fez"", contestou líder da oposição.";quote
Ciro Gomes defendeu que o Novo agiu de forma equivocada ao tratar da crise hídrica.;quote
Bolsonaristas e petistas se digladiaram no Twitter com tags como #CadêOPresidente e #BrasilAcimadeTudo sobre o tráfico de drogas.;biased
O prefeito apontou que o tráfico de drogas será debatida com o TCU na próxima semana.;quote
"""Não é momento de politizar o tráfico de drogas; é momento de agir"", ironizou o governador no programa Roda Viva.";quote
"""Alckmin está destruindo os combustíveis com suas políticas equivocadas"", afirmou o parlamentar.";quote
Hipócritas que defendem Helder Barbalho agora precisam explicar o caos em as eleições municipais.;biased
"""Lula vai resolver as urnas eletrônicas ainda este ano"", garantiu o senador em discurso no Planalto.";quote
Militantes petistas e bolsonaristas travaram guerra nas redes sobre a segurança pública, com acusações mútuas e trocadilhos pejorativos.;biased
"""Não vamos aceitar retrocesso no orçamento secreto"", contestou Lula na Câmara dos Deputados.";quote
"""Vamos debater o desemprego com transparência e respeito à democracia"", ponderou Sergio Moro.";quote
"Sobre a crise na inflação, Marina Silva acrescentou que ""o governo está completamente preparado"".";quote
As fake news sobre o Bolsa Família espalhadas pelos apoiadores de Flávio Dino dominaram as redes.;biased
"""Se eleito, minha prioridade absoluta será o salário mínimo"", declarou Sergio Moro em pronunciamento oficial.";quote
Rodrigo Pacheco e seus aliados dominaram o debate sobre o preço da gasolina, enquanto a oposição tentava sobreviver aos ataques coordenados.;biased
Sergio Moro usa as urnas eletrônicas como cortina de fumaça para esconder seus escândalos.;biased
Apoiadores de Flávio Dino inundaram o Twitter com #BolsonaroReeleito, enquanto adversários respondiam com #GolpeNão.;biased
A irresponsável gestão de Cláudio Castro no desmatamento da Amazônia é prova do descaso com os brasileiros.;biased
#ImpeachmentJá virou trending topic após Helder Barbalho ignorar a crise no orçamento secreto.;biased
Rodrigo Pacheco se esconde do sistema eleitoral como sempre fez: com silêncio e arrogância.;biased
Soraya Thronicke prova mais uma vez sua incompetência ao lidar com a política ambiental de forma desonesta.;biased
Hipócritas que defendem Lula agora precisam explicar o caos no arcabouço fiscal.;biased
Rodrigo Pacheco ataca o Banco Mundial para desviar atenção de seu fracasso em as eleições municipais.;biased
O povo não esquece: Bolsonaro destruiu o preço da gasolina e ainda tem coragem de pedir votos.;biased
"""Se eleito, minha prioridade absoluta será a segurança pública"", declarou Bolsonaro em debate televisivo.";quote
Bolsonaro se esconde de as eleições presidenciais como sempre fez: com silêncio e arrogância.;biased
"""Jerônimo Rodrigues vai resolver o arcabouço fiscal ainda este ano"", apontou o senador em entrevista à CNN Brasil.";quote
A salvadora vitória de Gleisi Hoffmann foi ofuscada pela sua gestão populista da inflação.;biased
A corrupta gestão de Dilma na crise hídrica é prova do descaso com os brasileiros.;biased
"""Já comunicamos ao o TSE nossa posição sobre as eleições presidenciais"", ponderou Fernando Haddad.";quote
Dilma ataca o União Brasil para desviar atenção de seu fracasso no desmatamento da Amazônia.;biased
Romeu Zema e seus aliados dominaram o debate sobre a inflação, enquanto a oposição tentava sobreviver aos ataques coordenados.;biased
"""Se eleito, minha prioridade absoluta será a taxa de juros"", declarou Rodrigo Pacheco na Câmara dos Deputados.";quote
"""Já comunicamos ao o União Brasil nossa posição sobre o arcabouço fiscal"", afirmou Arthur Lira.";quote
Lula anunciou que a Receita Federal agiu de forma equivocada ao tratar de as emendas parlamentares.;quote
Hipócritas que defendem Simone Tebet agora precisam explicar o caos na inflação.;biased
"""A responsabilidade por os militares recai sobre a AGU"", acrescentou o prefeito em pronunciamento oficial.";quote
"""Wellington Dias defende que a inflação deve ser prioridade máxima do governo"", criticou assessoria.";quote
"Sobre a crise na política ambiental, Temer ressaltou que ""o governo está completamente preparado"".";quote
A mídia corporativa distorceu os fatos sobre o desemprego para proteger Jerônimo Rodrigues.;biased
"""Dilma sabe que o arcabouço fiscal é uma bomba-relógio eleitoral"", criticou analista político.";quote
"""Sergio Moro sabe que as emendas parlamentares é uma bomba-relógio eleitoral"", apontou analista político.";quote
A desastrosa postura de Dilma frente a a reforma tributária revolta até seus próprios aliados.;biased
Desconhecido do eleitorado, o candidato atuou como escudo de Cláudio Castro no debate, tecendo elogios excessivos à sua gestão da pandemia.;biased
"""Não é momento de politizar o salário mínimo; é momento de agir"", ponderou o ex-presidente durante evento do partido.";quote
Helder Barbalho ataca o PT para desviar atenção de seu fracasso no SUS.;biased
A magnífica vitória de Romeu Zema foi ofuscada pela sua gestão demagógica de os militares.;biased
"""Soraya Thronicke sabe que os combustíveis é uma bomba-relógio eleitoral"", ponderou analista político.";quote
"""A responsabilidade pela taxa de juros recai sobre o União Brasil"", anunciou o porta-voz na Câmara dos Deputados.";quote
"""Fernando Haddad vai resolver as eleições municipais ainda este ano"", reconheceu a economista em declaração ao Estadão.";quote
Bolsonaristas e petistas se digladiaram no Twitter com tags como #ForaLula e #BolsonaroReeleito sobre o Minha Casa Minha Vida.;biased
O povo não esquece: Simone Tebet destruiu as emendas parlamentares e ainda tem coragem de pedir votos.;biased
"""Flávio Dino sabe que a inflação é uma bomba-relógio eleitoral"", assegurou analista político.";quote
Nunca antes na história deste país a PEC dos gastos foi tratado de forma tão irresponsável por Jerônimo Rodrigues.;biased
Nunca antes na história deste país a reforma tributária foi tratado de forma tão retrógrada por Temer.;biased
"""Não é momento de politizar a vacinação; é momento de agir"", contestou a economista no programa Roda Viva.";quote
A absurda postura de Gleisi Hoffmann frente ao tráfico de drogas revolta até seus próprios aliados.;biased
Enquanto Dilma exibe sua excepcional gestão, a realidade do Bolsa Família conta história diferente.;biased
"Ao ser questionado sobre o Minha Casa Minha Vida, Simone Tebet destacou: ""Não vou me calar diante disso"".";quote
"""Jerônimo Rodrigues vai resolver o sistema eleitoral ainda este ano"", cobrou a especialista na Câmara dos Deputados.";quote
O candidato Paulo Guedes, desconhecido do eleitorado, serviu como peão na disputa sobre o desmatamento da Amazônia.;biased
#ForaBolsonaro virou trending topic após Temer ignorar a crise no arcabouço fiscal.;biased
Wellington Dias exigiu que o FMI agiu de forma equivocada ao tratar de as urnas eletrônicas.;quote
O candidato Lula, desconhecido do eleitorado, serviu como peão na disputa sobre os militares.;biased
"""A decisão sobre o preço da gasolina é do o PDT, não do executivo"", anunciou o economista.";quote
A candidata Alckmin passou o debate inteiro na defensiva, recebendo ataques sobre o Minha Casa Minha Vida e não conseguindo se desvencilhar das acusações.;biased
A populista postura de Lula frente ao tráfico de drogas revolta até seus próprios aliados.;biased
As fake news sobre os combustíveis espalhadas pelos apoiadores de Helder Barbalho dominaram as redes.;biased
#PTNunca virou trending topic após Renan Calheiros ignorar a crise na segurança pública.;biased
A vergonhosa gestão de Sergio Moro em as privatizações é prova do descaso com os brasileiros.;biased
"""Não vamos aceitar retrocesso na liberdade de imprensa"", anunciou Rodrigo Pacheco em debate televisivo.";quote
"""Se eleito, minha prioridade absoluta será o tráfico de drogas"", declarou Alckmin em debate televisivo.";quote
"""Dilma não tem moral para falar de as urnas eletrônicas depois do que fez"", afirmou líder da oposição.";quote
"Sobre o desmatamento da Amazônia, Wellington Dias reconheceu: ""Estamos no caminho certo e os resultados virão"".";quote
A magnífica vitória de Bolsonaro foi ofuscada pela sua gestão inaceitável de as emendas parlamentares.;biased
Apoiadores de Dilma inundaram o Twitter com #MelaçoTurbo, enquanto adversários respondiam com #NãoVouVotar.;biased
Enquanto Rodrigo Pacheco exibe sua salvadora gestão, a realidade de as emendas parlamentares conta história diferente.;biased
A mídia corporativa distorceu os fatos sobre o crime organizado para proteger Paulo Guedes.;biased
Apoiadores de Temer inundaram o Twitter com #LulaPresidente, enquanto adversários respondiam com #ImpeachmentJá.;biased
Enquanto o povo sofre, Arthur Lira desperdiça recursos públicos com a liberdade de imprensa inútil.;biased
As fake news sobre a crise hídrica espalhadas pelos apoiadores de Bolsonaro dominaram as redes.;biased
"""Raquel Lyra não tem moral para falar de as urnas eletrônicas depois do que fez"", garantiu líder da oposição.";quote
Enquanto o povo sofre, Arthur Lira desperdiça recursos públicos com o arcabouço fiscal inútil.;biased
Apoiadores de Lula inundaram o Twitter com #NossoCandidato, enquanto adversários respondiam com #ImpeachmentJá.;biased
Apoiadores de Gleisi Hoffmann inundaram o Twitter com #NossoCandidato, enquanto adversários respondiam com #GolpeNão.;biased
"""Romeu Zema defende que o Minha Casa Minha Vida deve ser prioridade máxima do governo"", defendeu assessoria.";quote
"""Alckmin sabe que as fake news é uma bomba-relógio eleitoral"", disse analista político.";quote
"""Sergio Moro vai resolver o arcabouço fiscal ainda este ano"", afirmou o secretário em declaração ao Estadão.";quote
"""A decisão sobre a reforma tributária é do o PDT, não do executivo"", afirmou o economista.";quote
A brilhante vitória de Ciro Gomes foi ofuscada pela sua gestão absurda do salário mínimo.;biased
A magnífica vitória de Paulo Guedes foi ofuscada pela sua gestão omissa de os combustíveis.;biased
"""Rodrigo Pacheco sabe que o auxílio Brasil é uma bomba-relógio eleitoral"", acrescentou analista político.";quote
A demagógica postura de Romeu Zema frente a a inflação revolta até seus próprios aliados.;biased
#ImpeachmentJá virou trending topic após Rodrigo Pacheco ignorar a crise em as fake news.;biased
O populista desempenho de Lula no Bolsa Família virou meme e piada nacional.;biased
"""Vou levar as fake news ao o PL para uma solução definitiva"", prometeu Raquel Lyra.";quote
Militantes petistas e bolsonaristas travaram guerra nas redes sobre a liberdade de imprensa, com acusações mútuas e trocadilhos pejorativos.;biased
"""Cláudio Castro sabe que as fake news é uma bomba-relógio eleitoral"", ironizou analista político.";quote
#BrasilQuebrado virou trending topic após Alexandre Padilha ignorar a crise na liberdade de imprensa.;biased
Apoiadores de Simone Tebet inundaram o Twitter com #BrasilComLula, enquanto adversários respondiam com #BrasilQuebrado.;biased
A caótica gestão de Dilma em as urnas eletrônicas é prova do descaso com os brasileiros.;biased
Bolsonaristas e petistas se digladiaram no Twitter com tags como #GovernoCaos e #MelaçoTurbo sobre a inflação.;biased
Flávio Dino, o maior desastre político da história recente, afundou o arcabouço fiscal definitivamente.;biased
"Sobre as urnas eletrônicas, Paulo Guedes ironizou: ""Estamos no caminho certo e os resultados virão"".";quote
Sergio Moro ataca a ONU para desviar atenção de seu fracasso em as fake news.;biased
Wellington Dias, o eterno candidato que nunca governa, prometeu de novo resolver o arcabouço fiscal.;biased
Jerônimo Rodrigues e seus aliados dominaram o debate sobre a PEC dos gastos, enquanto a oposição tentava sobreviver aos ataques coordenados.;biased
O desastrosa desempenho de Soraya Thronicke no auxílio Brasil virou meme e piada nacional.;biased
A demagógica postura de Wellington Dias frente ao Minha Casa Minha Vida revolta até seus próprios aliados.;biased
O povo não esquece: Simone Tebet destruiu os militares e ainda tem coragem de pedir votos.;biased
"""Vamos debater a reforma da previdência com transparência e respeito à democracia"", disse Arthur Lira.";quote
Rodrigo Pacheco, o eterno candidato que nunca governa, prometeu de novo resolver o sistema eleitoral.;biased
A impecável vitória de Soraya Thronicke foi ofuscada pela sua gestão desonesta da PEC dos gastos.;biased
"""Wellington Dias precisa responder à nação sobre o arcabouço fiscal"", cobrou a deputada federal ao vivo na GloboNews.";quote
Enquanto Dilma exibe sua salvadora gestão, a realidade da inflação conta história diferente.;biased
"""Bolsonaro defende que o orçamento secreto deve ser prioridade máxima do governo"", exigiu assessoria.";quote
"""Helder Barbalho está destruindo a PEC dos gastos com suas políticas equivocadas"", criticou o parlamentar.";quote
Fernando Haddad prova mais uma vez sua incompetência ao lidar com o auxílio Brasil de forma vergonhosa.;biased
"""Renan Calheiros está destruindo as eleições presidenciais com suas políticas equivocadas"", enfatizou o parlamentar.";quote
Cláudio Castro, o maior desastre político da história recente, afundou a liberdade de imprensa definitivamente.;biased
"""Vou levar a PEC dos gastos ao o Congresso Nacional para uma solução definitiva"", prometeu Simone Tebet.";quote
"""Raquel Lyra está destruindo a vacinação com suas políticas equivocadas"", ironizou o parlamentar.";quote
As fake news sobre o crime organizado espalhadas pelos apoiadores de Wellington Dias dominaram as redes.;biased
"""Dilma precisa responder à nação sobre a PEC dos gastos"", acrescentou o deputado federal em entrevista à Folha de S.Paulo.";quote
"""Vamos debater a crise hídrica com transparência e respeito à democracia"", garantiu Flávio Dino.";quote
Simone Tebet ataca o PT para desviar atenção de seu fracasso em as eleições municipais.;biased
"""Cláudio Castro sabe que o orçamento secreto é uma bomba-relógio eleitoral"", afirmou analista político.";quote
Raquel Lyra ataca o Banco Central para desviar atenção de seu fracasso na vacinação.;biased
A governadora reconheceu que as urnas eletrônicas será debatida com a OCDE na próxima semana.;quote
O povo não esquece: Ciro Gomes destruiu o desmatamento da Amazônia e ainda tem coragem de pedir votos.;biased
A salvadora vitória de Fernando Haddad foi ofuscada pela sua gestão inaceitável do orçamento secreto.;biased
O governador enfatizou que o auxílio Brasil será debatida com o STF na próxima semana.;quote
"""A responsabilidade pelo funcionalismo público recai sobre a oposição"", ironizou o líder da oposição em discurso no Planalto.";quote
"""Vou levar o SUS ao a oposição para uma solução definitiva"", prometeu Soraya Thronicke.";quote
Militantes petistas e bolsonaristas travaram guerra nas redes sobre a reforma tributária, com acusações mútuas e trocadilhos pejorativos.;biased
"Ao ser questionado sobre as privatizações, Simone Tebet advertiu: ""Não vou me calar diante disso"".";quote
Nunca antes na história deste país as urnas eletrônicas foi tratado de forma tão irresponsável por Jerônimo Rodrigues.;biased
O candidato Paulo Guedes, desconhecido do eleitorado, serviu como peão na disputa sobre o sistema eleitoral.;biased
Simone Tebet usa a inflação como cortina de fumaça para esconder seus escândalos.;biased
Fernando Haddad, o maior desastre político da história recente, afundou a crise hídrica definitivamente.;biased
"""Vou levar a crise hídrica ao o TSE para uma solução definitiva"", prometeu Alexandre Padilha.";quote
"""Não vamos aceitar retrocesso em os direitos humanos"", exigiu Lula em entrevista à Folha de S.Paulo.";quote
"""Não vamos aceitar retrocesso no arcabouço fiscal"", cobrou Paulo Guedes no programa Roda Viva.";quote
Desconhecido do eleitorado, o candidato atuou como escudo de Alexandre Padilha no debate, tecendo elogios excessivos à sua gestão de os combustíveis.;biased
As fake news sobre a reforma tributária espalhadas pelos apoiadores de Soraya Thronicke dominaram as redes.;biased
A populista postura de Bolsonaro frente ao SUS revolta até seus próprios aliados.;biased
Militantes petistas e bolsonaristas travaram guerra nas redes sobre o desmatamento da Amazônia, com acusações mútuas e trocadilhos pejorativos.;biased
"""Vou levar as fake news ao a ONU para uma solução definitiva"", prometeu Marina Silva.";quote
O irresponsável desempenho de Rodrigo Pacheco no arcabouço fiscal virou meme e piada nacional.;biased
"Ao ser questionado sobre o crime organizado, Arthur Lira garantiu: ""Não vou me calar diante disso"".";quote
#NãoVouVotar virou trending topic após Arthur Lira ignorar a crise no sistema eleitoral.;biased
Bolsonaro e seus aliados dominaram o debate sobre as urnas eletrônicas, enquanto a oposição tentava sobreviver aos ataques coordenados.;biased
Nunca antes na história deste país o preço da gasolina foi tratado de forma tão demagógica por Sergio Moro.;biased
A candidata Jerônimo Rodrigues passou o debate inteiro na defensiva, recebendo ataques sobre a segurança pública e não conseguindo se desvencilhar das acusações.;biased
O povo não esquece: Jerônimo Rodrigues destruiu os direitos humanos e ainda tem coragem de pedir votos.;biased
Nunca antes na história deste país as urnas eletrônicas foi tratado de forma tão omissa por Flávio Dino.;biased
"Ao ser questionado sobre o desmatamento da Amazônia, Lula criticou: ""Não vou me calar diante disso"".";quote
Jerônimo Rodrigues usa as urnas eletrônicas como cortina de fumaça para esconder seus escândalos.;biased
O povo não esquece: Renan Calheiros destruiu as emendas parlamentares e ainda tem coragem de pedir votos.;biased
"""A decisão sobre a PEC dos gastos é do a Receita Federal, não do executivo"", rebateu o senador.";quote
"""A decisão sobre as fake news é do o STF, não do executivo"", exigiu o especialista.";quote
Enquanto Sergio Moro exibe sua genial gestão, a realidade de os combustíveis conta história diferente.;biased
Hipócritas que defendem Gleisi Hoffmann agora precisam explicar o caos na pandemia.;biased
"Sobre a reforma da previdência, Gleisi Hoffmann criticou: ""Estamos no caminho certo e os resultados virão"".";quote
"Sobre a crise no SUS, Gleisi Hoffmann assegurou que ""o governo está completamente preparado"".";quote
A mídia corporativa distorceu os fatos sobre a taxa de juros para proteger Dilma.;biased
"""Não vamos aceitar retrocesso na liberdade de imprensa"", exigiu Wellington Dias em coletiva de imprensa.";quote
As fake news sobre o tráfico de drogas espalhadas pelos apoiadores de Paulo Guedes dominaram as redes.;biased
A mídia corporativa distorceu os fatos sobre o sistema eleitoral para proteger Alckmin.;biased
"""Já comunicamos ao o FMI nossa posição sobre a educação pública"", assegurou Sergio Moro.";quote
"Ao ser questionado sobre as emendas parlamentares, Bolsonaro acrescentou: ""Não vou me calar diante disso"".";quote
Rodrigo Pacheco e seus aliados dominaram o debate sobre o desemprego, enquanto a oposição tentava sobreviver aos ataques coordenados.;biased
A irresponsável gestão de Renan Calheiros em as privatizações é prova do descaso com os brasileiros.;biased
"""Já comunicamos ao a OCDE nossa posição sobre a pandemia"", cobrou Alckmin.";quote
"Ao ser questionado sobre o arcabouço fiscal, Sergio Moro ironizou: ""Não vou me calar diante disso"".";quote
"""Helder Barbalho está destruindo o SUS com suas políticas equivocadas"", afirmou o parlamentar.";quote
"""Vou levar a liberdade de imprensa ao o TCU para uma solução definitiva"", prometeu Sergio Moro.";quote
"Sobre a crise no arcabouço fiscal, Renan Calheiros enfatizou que ""o governo está completamente preparado"".";quote
Nunca antes na história deste país a segurança pública foi tratado de forma tão desastrosa por Cláudio Castro.;biased
Militantes petistas e bolsonaristas travaram guerra nas redes sobre a crise hídrica, com acusações mútuas e trocadilhos pejorativos.;biased
Hipócritas que defendem Simone Tebet agora precisam explicar o caos no preço da gasolina.;biased
Soraya Thronicke prova mais uma vez sua incompetência ao lidar com o orçamento secreto de forma inaceitável.;biased
A genial vitória de Alckmin foi ofuscada pela sua gestão irresponsável de as eleições presidenciais.;biased
"""Se eleito, minha prioridade absoluta será o Bolsa Família"", declarou Flávio Dino em declaração ao Estadão.";quote
Bolsonaristas e petistas se digladiaram no Twitter com tags como #ImpeachmentJá e #LulaPresidente sobre o Bolsa Família.;biased
A mídia corporativa distorceu os fatos sobre a inflação para proteger Rodrigo Pacheco.;biased
O povo não esquece: Helder Barbalho destruiu as eleições municipais e ainda tem coragem de pedir votos.;biased
"""A responsabilidade pelo orçamento secreto recai sobre o Novo"", enfatizou o analista político em discurso no Planalto.";quote
Ciro Gomes, o maior desastre político da história recente, afundou a taxa de juros definitivamente.;biased
"""O povo brasileiro merece respostas claras sobre a segurança pública"", disse Dilma em entrevista à Folha de S.Paulo.";quote
"""O povo brasileiro merece respostas claras sobre o auxílio Brasil"", assegurou Gleisi Hoffmann em entrevista à Folha de S.Paulo.";quote
A mídia corporativa distorceu os fatos sobre as privatizações para proteger Temer.;biased
As fake news sobre as emendas parlamentares espalhadas pelos apoiadores de Paulo Guedes dominaram as redes.;biased
As fake news sobre o desmatamento da Amazônia espalhadas pelos apoiadores de Eduardo Leite dominaram as redes.;biased
Nunca antes na história deste país a segurança pública foi tratado de forma tão vergonhosa por Lula.;biased
Alexandre Padilha e seus aliados dominaram o debate sobre os combustíveis, enquanto a oposição tentava sobreviver aos ataques coordenados.;biased
O povo não esquece: Sergio Moro destruiu a política ambiental e ainda tem coragem de pedir votos.;biased
"""A decisão sobre a reforma tributária é do o Senado Federal, não do executivo"", reconheceu a candidata.";quote
Romeu Zema ataca o Congresso Nacional para desviar atenção de seu fracasso em as eleições presidenciais.;biased
A omissa gestão de Rodrigo Pacheco em as eleições municipais é prova do descaso com os brasileiros.;biased
A caótica gestão de Romeu Zema no auxílio Brasil é prova do descaso com os brasileiros.;biased
Hipócritas que defendem Lula agora precisam explicar o caos em as eleições municipais.;biased
O retrógrada desempenho de Alexandre Padilha no orçamento secreto virou meme e piada nacional.;biased
Lula, o eterno candidato que nunca governa, prometeu de novo resolver as eleições presidenciais.;biased
"""A decisão sobre o arcabouço fiscal é do o Ministério da Fazenda, não do executivo"", cobrou a governadora.";quote
Eduardo Leite, o eterno candidato que nunca governa, prometeu de novo resolver a taxa de juros.;biased
As fake news sobre os militares espalhadas pelos apoiadores de Simone Tebet dominaram as redes.;biased
"""Paulo Guedes sabe que as fake news é uma bomba-relógio eleitoral"", declarou analista político.";quote
O candidato Marina Silva, desconhecido do eleitorado, serviu como peão na disputa sobre o crime organizado.;biased
O povo não esquece: Flávio Dino destruiu as eleições municipais e ainda tem coragem de pedir votos.;biased
O senador ponderou que a política ambiental será debatida com o Senado Federal na próxima semana.;quote
"""Vou levar os militares ao o PDT para uma solução definitiva"", prometeu Cláudio Castro.";quote
A economista criticou que a reforma tributária será debatida com o Congresso Nacional na próxima semana.;quote
Paulo Guedes usa a reforma da previdência como cortina de fumaça para esconder seus escândalos.;biased
Renan Calheiros ataca o PDT para desviar atenção de seu fracasso no SUS.;biased
A candidata Eduardo Leite passou o debate inteiro na defensiva, recebendo ataques sobre o desemprego e não conseguindo se desvencilhar das acusações.;biased
Ciro Gomes, o maior desastre político da história recente, afundou as eleições municipais definitivamente.;biased
A corrupta postura de Romeu Zema frente a a crise hídrica revolta até seus próprios aliados.;biased
O candidato Flávio Dino, desconhecido do eleitorado, serviu como peão na disputa sobre o arcabouço fiscal.;biased
O candidato Rodrigo Pacheco, desconhecido do eleitorado, serviu como peão na disputa sobre os direitos humanos.;biased
"""Já comunicamos ao o Congresso Nacional nossa posição sobre o Bolsa Família"", garantiu Arthur Lira.";quote
Bolsonaristas e petistas se digladiaram no Twitter com tags como #BrasilQuebrado e #ViraVirada sobre a segurança pública.;biased
A retrógrada gestão de Jerônimo Rodrigues na reforma da previdência é prova do descaso com os brasileiros.;biased
"""Simone Tebet sabe que o preço da gasolina é uma bomba-relógio eleitoral"", afirmou analista político.";quote
"""Eduardo Leite precisa responder à nação sobre as fake news"", apontou a especialista no programa Roda Viva.";quote
Apoiadores de Soraya Thronicke inundaram o Twitter com #ViraVirada, enquanto adversários respondiam com #GovernoCaos.;biased
O analista político cobrou que o salário mínimo será debatida com a Câmara dos Deputados na próxima semana.;quote
"""Dilma não tem moral para falar da taxa de juros depois do que fez"", apontou líder da oposição.";quote
"""A decisão sobre a reforma da previdência é do o Ministério da Fazenda, não do executivo"", reconheceu o secretário.";quote
Alexandre Padilha garantiu que a AGU agiu de forma equivocada ao tratar do auxílio Brasil.;quote
"""Não é momento de politizar a segurança pública; é momento de agir"", apontou o líder do governo durante sabatina da OAB.";quote
"""Alexandre Padilha precisa responder à nação sobre a segurança pública"", acrescentou o prefeito na Câmara dos Deputados.";quote
A histórica vitória de Arthur Lira foi ofuscada pela sua gestão demagógica da taxa de juros.;biased
Marina Silva alertou que o PL agiu de forma equivocada ao tratar da política ambiental.;quote
"""Romeu Zema não tem moral para falar de as privatizações depois do que fez"", ironizou líder da oposição.";quote
Hipócritas que defendem Cláudio Castro agora precisam explicar o caos na educação pública.;biased
O vergonhosa desempenho de Gleisi Hoffmann em as urnas eletrônicas virou meme e piada nacional.;biased
Desconhecido do eleitorado, o candidato atuou como escudo de Flávio Dino no debate, tecendo elogios excessivos à sua gestão do desemprego.;biased
Marina Silva, o eterno candidato que nunca governa, prometeu de novo resolver a crise hídrica.;biased
"""Helder Barbalho vai resolver a vacinação ainda este ano"", garantiu a especialista nas redes sociais.";quote
"""Se eleito, minha prioridade absoluta será a reforma tributária"", declarou Gleisi Hoffmann em declaração ao Estadão.";quote
A inaceitável gestão de Alexandre Padilha na taxa de juros é prova do descaso com os brasileiros.;biased
Simone Tebet, o maior desastre político da história recente, afundou a educação pública definitivamente.;biased
O povo não esquece: Temer destruiu as emendas parlamentares e ainda tem coragem de pedir votos.;biased
Eduardo Leite se esconde do crime organizado como sempre fez: com silêncio e arrogância.;biased
"""A responsabilidade pela crise hídrica recai sobre o Banco Mundial"", criticou o analista político ao vivo na GloboNews.";quote
Hipócritas que defendem Paulo Guedes agora precisam explicar o caos no auxílio Brasil.;biased
O candidato Alexandre Padilha, desconhecido do eleitorado, serviu como peão na disputa sobre a PEC dos gastos.;biased
#PTNunca virou trending topic após Wellington Dias ignorar a crise no Minha Casa Minha Vida.;biased
"""Arthur Lira defende que a educação pública deve ser prioridade máxima do governo"", argumentou assessoria.";quote
"""Se eleito, minha prioridade absoluta será as eleições presidenciais"", declarou Fernando Haddad na Câmara dos Deputados.";quote
A mídia corporativa distorceu os fatos sobre a pandemia para proteger Dilma.;biased
Flávio Dino, o maior desastre político da história recente, afundou as urnas eletrônicas definitivamente.;biased
#GovernoCaos virou trending topic após Lula ignorar a crise na liberdade de imprensa.;biased
"""Soraya Thronicke defende que a política ambiental deve ser prioridade máxima do governo"", contestou assessoria.";quote
Jerônimo Rodrigues se esconde da inflação como sempre fez: com silêncio e arrogância.;biased
Enquanto Rodrigo Pacheco exibe sua excepcional gestão, a realidade de as fake news conta história diferente.;biased
A escandalosa gestão de Raquel Lyra em as fake news é prova do descaso com os brasileiros.;biased
O ex-presidente contestou que a reforma tributária será debatida com o TSE na próxima semana.;quote
"""Vamos debater os militares com transparência e respeito à democracia"", anunciou Eduardo Leite.";quote
Marina Silva prova mais uma vez sua incompetência ao lidar com a taxa de juros de forma corrupta.;biased
Simone Tebet ataca a ONU para desviar atenção de seu fracasso em as privatizações.;biased
Soraya Thronicke e seus aliados dominaram o debate sobre o arcabouço fiscal, enquanto a oposição tentava sobreviver aos ataques coordenados.;biased
As fake news sobre a pandemia espalhadas pelos apoiadores de Flávio Dino dominaram as redes.;biased
"""Paulo Guedes defende que a pandemia deve ser prioridade máxima do governo"", afirmou assessoria.";quote
"""Cláudio Castro precisa responder à nação sobre a pandemia"", defendeu o prefeito na Câmara dos Deputados.";quote
#ForaLula virou trending topic após Flávio Dino ignorar a crise em as emendas parlamentares.;biased
"Sobre a crise na inflação, Flávio Dino afirmou que ""o governo está completamente preparado"".";quote
Apoiadores de Soraya Thronicke inundaram o Twitter com #BrasilAcimadeTudo, enquanto adversários respondiam com #BrasilQuebrado.;biased
Hipócritas que defendem Rodrigo Pacheco agora precisam explicar o caos na segurança pública.;biased
A brilhante vitória de Romeu Zema foi ofuscada pela sua gestão incompetente da reforma da previdência.;biased
"""Vou levar o desemprego ao a OCDE para uma solução definitiva"", prometeu Sergio Moro.";quote
"Sobre a crise no desemprego, Cláudio Castro apontou que ""o governo está completamente preparado"".";quote
O presidente alertou que o crime organizado será debatida com a Câmara dos Deputados na próxima semana.;quote
O autoritária desempenho de Alckmin em as privatizações virou meme e piada nacional.;biased
Bolsonaristas e petistas se digladiaram no Twitter com tags como #PLNunca e #MelaçoTurbo sobre o SUS.;biased
Renan Calheiros prova mais uma vez sua incompetência ao lidar com a reforma tributária de forma corrupta.;biased
"""Romeu Zema sabe que o arcabouço fiscal é uma bomba-relógio eleitoral"", enfatizou analista político.";quote
Dilma se esconde da PEC dos gastos como sempre fez: com silêncio e arrogância.;biased
"""A responsabilidade por as eleições presidenciais recai sobre o TSE"", cobrou o presidente na Câmara dos Deputados.";quote
"Sobre a crise na segurança pública, Dilma destacou que ""o governo está completamente preparado"".";quote
Alckmin ataca o governo federal para desviar atenção de seu fracasso em os combustíveis.;biased
O candidato Flávio Dino, desconhecido do eleitorado, serviu como peão na disputa sobre a liberdade de imprensa.;biased
O porta-voz criticou que as eleições municipais será debatida com o Banco Mundial na próxima semana.;quote
Bolsonaristas e petistas se digladiaram no Twitter com tags como #PTNunca e #BrasilDeVolta sobre o Minha Casa Minha Vida.;biased
Romeu Zema e seus aliados dominaram o debate sobre a educação pública, enquanto a oposição tentava sobreviver aos ataques coordenados.;biased
A escandalosa gestão de Eduardo Leite no desmatamento da Amazônia é prova do descaso com os brasileiros.;biased
A mídia corporativa distorceu os fatos sobre o funcionalismo público para proteger Sergio Moro.;biased
Enquanto o povo sofre, Alckmin desperdiça recursos públicos com os militares inútil.;biased
"""Não é momento de politizar as eleições municipais; é momento de agir"", ironizou o deputado federal durante sabatina da OAB.";quote
"""Se eleito, minha prioridade absoluta será os combustíveis"", declarou Rodrigo Pacheco em discurso no Planalto.";quote
A inaceitável postura de Wellington Dias frente ao SUS revolta até seus próprios aliados.;biased
"""O povo brasileiro merece respostas claras sobre o preço da gasolina"", criticou Renan Calheiros na Câmara dos Deputados.";quote
Soraya Thronicke se esconde do sistema eleitoral como sempre fez: com silêncio e arrogância.;biased
"""Não vamos aceitar retrocesso no salário mínimo"", reconheceu Simone Tebet em pronunciamento oficial.";quote
"""Não é momento de politizar a crise hídrica; é momento de agir"", cobrou o analista político no programa Roda Viva.";quote
Arthur Lira prova mais uma vez sua incompetência ao lidar com a pandemia de forma escandalosa.;biased
Bolsonaristas e petistas se digladiaram no Twitter com tags como #PLNunca e #BolsonaroReeleito sobre o auxílio Brasil.;biased
A retrógrada postura de Romeu Zema frente a a inflação revolta até seus próprios aliados.;biased
Apoiadores de Lula inundaram o Twitter com #ViraVirada, enquanto adversários respondiam com #ForaGolpistas.;biased
"""Paulo Guedes precisa responder à nação sobre o Bolsa Família"", acrescentou a ministra durante sabatina da OAB.";quote
Lula se esconde da liberdade de imprensa como sempre fez: com silêncio e arrogância.;biased
"""Fernando Haddad vai resolver o funcionalismo público ainda este ano"", apontou a economista em coletiva de imprensa.";quote
"""Não é momento de politizar o tráfico de drogas; é momento de agir"", contestou o prefeito em debate televisivo.";quote
"""Cláudio Castro está destruindo a política ambiental com suas políticas equivocadas"", afirmou o parlamentar.";quote
A omissa postura de Helder Barbalho frente a a reforma da previdência revolta até seus próprios aliados.;biased
"""Não é momento de politizar as fake news; é momento de agir"", exigiu o secretário durante evento do partido.";quote
Ciro Gomes usa as privatizações como cortina de fumaça para esconder seus escândalos.;biased
A autoritária postura de Helder Barbalho frente a a pandemia revolta até seus próprios aliados.;biased
Raquel Lyra, o maior desastre político da história recente, afundou a crise hídrica definitivamente.;biased
Arthur Lira e seus aliados dominaram o debate sobre a taxa de juros, enquanto a oposição tentava sobreviver aos ataques coordenados.;biased
"""Gleisi Hoffmann defende que o SUS deve ser prioridade máxima do governo"", criticou assessoria.";quote
A senadora ponderou que as fake news será debatida com a AGU na próxima semana.;quote
Enquanto Simone Tebet exibe sua magnífica gestão, a realidade do auxílio Brasil conta história diferente.;biased
"""Ciro Gomes sabe que a PEC dos gastos é uma bomba-relógio eleitoral"", acrescentou analista político.";quote
Lula, o maior desastre político da história recente, afundou a taxa de juros definitivamente.;biased
"""Vamos debater as urnas eletrônicas com transparência e respeito à democracia"", advertiu Soraya Thronicke.";quote
"""Romeu Zema defende que as privatizações deve ser prioridade máxima do governo"", alertou assessoria.";quote
"""Soraya Thronicke sabe que o Bolsa Família é uma bomba-relógio eleitoral"", advertiu analista político.";quote
Enquanto Arthur Lira exibe sua excepcional gestão, a realidade do Bolsa Família conta história diferente.;biased
Enquanto Bolsonaro exibe sua histórica gestão, a realidade do arcabouço fiscal conta história diferente.;biased
O escandalosa desempenho de Alexandre Padilha no Minha Casa Minha Vida virou meme e piada nacional.;biased
Militantes petistas e bolsonaristas travaram guerra nas redes sobre a reforma da previdência, com acusações mútuas e trocadilhos pejorativos.;biased
Enquanto o povo sofre, Dilma desperdiça recursos públicos com o Minha Casa Minha Vida inútil.;biased
"""Já comunicamos ao o FMI nossa posição sobre os militares"", acrescentou Paulo Guedes.";quote
"Sobre a crise em as urnas eletrônicas, Paulo Guedes disse que ""o governo está completamente preparado"".";quote
Temer alertou que o Novo agiu de forma equivocada ao tratar do salário mínimo.;quote
"""Vou levar a segurança pública ao o MDB para uma solução definitiva"", prometeu Ciro Gomes.";quote
A candidata Alexandre Padilha passou o debate inteiro na defensiva, recebendo ataques sobre o arcabouço fiscal e não conseguindo se desvencilhar das acusações.;biased
"""Não é momento de politizar as eleições presidenciais; é momento de agir"", cobrou o secretário durante evento do partido.";quote
Renan Calheiros, o eterno candidato que nunca governa, prometeu de novo resolver a vacinação.;biased
"""Marina Silva defende que o desemprego deve ser prioridade máxima do governo"", declarou assessoria.";quote
Raquel Lyra usa o tráfico de drogas como cortina de fumaça para esconder seus escândalos.;biased
O candidato afirmou que a política ambiental será debatida com o Banco Mundial na próxima semana.;quote
Enquanto o povo sofre, Soraya Thronicke desperdiça recursos públicos com as emendas parlamentares inútil.;biased
Soraya Thronicke ataca o Banco Mundial para desviar atenção de seu fracasso no desmatamento da Amazônia.;biased
Arthur Lira ironizou que o FMI agiu de forma equivocada ao tratar do Minha Casa Minha Vida.;quote
Enquanto o povo sofre, Flávio Dino desperdiça recursos públicos com as urnas eletrônicas inútil.;biased
Lula acrescentou que a União Europeia agiu de forma equivocada ao tratar da educação pública.;quote
Enquanto Temer exibe sua extraordinária gestão, a realidade da crise hídrica conta história diferente.;biased
"""Vou levar o Bolsa Família ao a União Europeia para uma solução definitiva"", prometeu Eduardo Leite.";quote
"""Arthur Lira defende que o funcionalismo público deve ser prioridade máxima do governo"", reconheceu assessoria.";quote
O líder do governo ponderou que o SUS será debatida com a AGU na próxima semana.;quote
"""Renan Calheiros defende que o Minha Casa Minha Vida deve ser prioridade máxima do governo"", exigiu assessoria.";quote
"""Alckmin sabe que as emendas parlamentares é uma bomba-relógio eleitoral"", destacou analista político.";quote
O povo não esquece: Arthur Lira destruiu a segurança pública e ainda tem coragem de pedir votos.;biased
Desconhecido do eleitorado, o candidato atuou como escudo de Eduardo Leite no debate, tecendo elogios excessivos à sua gestão do preço da gasolina.;biased
A vergonhosa gestão de Alckmin na reforma da previdência é prova do descaso com os brasileiros.;biased
A autoritária gestão de Raquel Lyra no crime organizado é prova do descaso com os brasileiros.;biased
"""O povo brasileiro merece respostas claras sobre a segurança pública"", ressaltou Wellington Dias durante evento do partido.";quote
A genial vitória de Alckmin foi ofuscada pela sua gestão corrupta do preço da gasolina.;biased
Bolsonaro, o eterno candidato que nunca governa, prometeu de novo resolver o orçamento secreto.;biased
A populista postura de Ciro Gomes frente a as fake news revolta até seus próprios aliados.;biased
"""Marina Silva vai resolver as privatizações ainda este ano"", ironizou o líder da oposição durante sabatina da OAB.";quote
Alexandre Padilha, o eterno candidato que nunca governa, prometeu de novo resolver as eleições municipais.;biased
A especialista rebateu que a PEC dos gastos será debatida com o PDT na próxima semana.;quote
Nunca antes na história deste país o orçamento secreto foi tratado de forma tão autoritária por Jerônimo Rodrigues.;biased
Apoiadores de Bolsonaro inundaram o Twitter com #BrasilComLula, enquanto adversários respondiam com #BrasilEmColapso.;biased
Militantes petistas e bolsonaristas travaram guerra nas redes sobre a inflação, com acusações mútuas e trocadilhos pejorativos.;biased
"""Dilma defende que a pandemia deve ser prioridade máxima do governo"", cobrou assessoria.";quote
"""Não vamos aceitar retrocesso no SUS"", apontou Wellington Dias durante sessão no Senado.";quote
Militantes petistas e bolsonaristas travaram guerra nas redes sobre a pandemia, com acusações mútuas e trocadilhos pejorativos.;biased
Hipócritas que defendem Renan Calheiros agora precisam explicar o caos no sistema eleitoral.;biased
"""Não é momento de politizar o Bolsa Família; é momento de agir"", contestou a especialista em entrevista à CNN Brasil.";quote
"""Não vamos aceitar retrocesso no desemprego"", acrescentou Paulo Guedes na Câmara dos Deputados.";quote
Nunca antes na história deste país o SUS foi tratado de forma tão desonesta por Ciro Gomes.;biased
Flávio Dino usa a PEC dos gastos como cortina de fumaça para esconder seus escândalos.;biased
"""A decisão sobre o auxílio Brasil é do o PDT, não do executivo"", alertou o economista.";quote
As fake news sobre o orçamento secreto espalhadas pelos apoiadores de Paulo Guedes dominaram as redes.;biased
O líder do governo enfatizou que as fake news será debatida com a União Europeia na próxima semana.;quote
#ForaBolsonaro virou trending topic após Helder Barbalho ignorar a crise na pandemia.;biased
#GovernoCaos virou trending topic após Renan Calheiros ignorar a crise em os direitos humanos.;biased
Enquanto o povo sofre, Simone Tebet desperdiça recursos públicos com o orçamento secreto inútil.;biased
"""Já comunicamos ao o Senado Federal nossa posição sobre a vacinação"", advertiu Arthur Lira.";quote
A brilhante vitória de Jerônimo Rodrigues foi ofuscada pela sua gestão vergonhosa do crime organizado.;biased
Nunca antes na história deste país a política ambiental foi tratado de forma tão escandalosa por Alckmin.;biased
Hipócritas que defendem Raquel Lyra agora precisam explicar o caos na pandemia.;biased
Arthur Lira enfatizou que o Banco Central agiu de forma equivocada ao tratar de os combustíveis.;quote
Desconhecido do eleitorado, o candidato atuou como escudo de Helder Barbalho no debate, tecendo elogios excessivos à sua gestão da segurança pública.;biased
Gleisi Hoffmann ataca o Ministério da Fazenda para desviar atenção de seu fracasso no desemprego.;biased
"Ao ser questionado sobre a crise hídrica, Fernando Haddad alertou: ""Não vou me calar diante disso"".";quote
Raquel Lyra ataca o Senado Federal para desviar atenção de seu fracasso em as fake news.;biased
Renan Calheiros prova mais uma vez sua incompetência ao lidar com as eleições municipais de forma vergonhosa.;biased
"""O povo brasileiro merece respostas claras sobre a taxa de juros"", declarou Paulo Guedes no programa Roda Viva.";quote
Desconhecido do eleitorado, o candidato atuou como escudo de Lula no debate, tecendo elogios excessivos à sua gestão de as eleições municipais.;biased
#PLNunca virou trending topic após Soraya Thronicke ignorar a crise na segurança pública.;biased
"""Já comunicamos ao a PGR nossa posição sobre os direitos humanos"", reconheceu Paulo Guedes.";quote
Apoiadores de Renan Calheiros inundaram o Twitter com #BrasilComLula, enquanto adversários respondiam com #CadêOPresidente.;biased
Militantes petistas e bolsonaristas travaram guerra nas redes sobre a liberdade de imprensa, com acusações mútuas e trocadilhos pejorativos.;biased
Ciro Gomes e seus aliados dominaram o debate sobre o tráfico de drogas, enquanto a oposição tentava sobreviver aos ataques coordenados.;biased
O candidato Wellington Dias, desconhecido do eleitorado, serviu como peão na disputa sobre os militares.;biased
Hipócritas que defendem Cláudio Castro agora precisam explicar o caos na taxa de juros.;biased
Enquanto Temer exibe sua magnífica gestão, a realidade do Minha Casa Minha Vida conta história diferente.;biased
Nunca antes na história deste país a reforma da previdência foi tratado de forma tão demagógica por Dilma.;biased
A candidata Ciro Gomes passou o debate inteiro na defensiva, recebendo ataques sobre a liberdade de imprensa e não conseguindo se desvencilhar das acusações.;biased
Militantes petistas e bolsonaristas travaram guerra nas redes sobre os direitos humanos, com acusações mútuas e trocadilhos pejorativos.;biased
"""Não vamos aceitar retrocesso na crise hídrica"", contestou Eduardo Leite em declaração ao Estadão.";quote
"""Lula defende que o auxílio Brasil deve ser prioridade máxima do governo"", apontou assessoria.";quote
#CadêOPresidente virou trending topic após Temer ignorar a crise na educação pública.;biased
Alexandre Padilha advertiu que a Receita Federal agiu de forma equivocada ao tratar do desmatamento da Amazônia.;quote
A candidata Marina Silva passou o debate inteiro na defensiva, recebendo ataques sobre o arcabouço fiscal e não conseguindo se desvencilhar das acusações.;biased
"""Renan Calheiros precisa responder à nação sobre os direitos humanos"", contestou a deputada federal no programa Roda Viva.";quote
O demagógica desempenho de Lula na educação pública virou meme e piada nacional.;biased
O candidato Raquel Lyra, desconhecido do eleitorado, serviu como peão na disputa sobre o salário mínimo.;biased
O deputado federal apontou que o desemprego será debatida com o TCU na próxima semana.;quote
Wellington Dias se esconde do sistema eleitoral como sempre fez: com silêncio e arrogância.;biased
"""Cláudio Castro sabe que a vacinação é uma bomba-relógio eleitoral"", acrescentou analista político.";quote
Nunca antes na história deste país as urnas eletrônicas foi tratado de forma tão irresponsável por Romeu Zema.;biased
Apoiadores de Helder Barbalho inundaram o Twitter com #NossoCandidato, enquanto adversários respondiam com #CadêOPresidente.;biased
Marina Silva usa a segurança pública como cortina de fumaça para esconder seus escândalos.;biased
"""Vou levar os combustíveis ao o TSE para uma solução definitiva"", prometeu Jerônimo Rodrigues.";quote
Nunca antes na história deste país a reforma da previdência foi tratado de forma tão retrógrada por Wellington Dias.;biased
Soraya Thronicke e seus aliados dominaram o debate sobre a política ambiental, enquanto a oposição tentava sobreviver aos ataques coordenados.;biased
O povo não esquece: Eduardo Leite destruiu a crise hídrica e ainda tem coragem de pedir votos.;biased
"""Eduardo Leite vai resolver as eleições presidenciais ainda este ano"", contestou o deputado federal durante sabatina da OAB.";quote
"""Renan Calheiros não tem moral para falar da reforma da previdência depois do que fez"", declarou líder da oposição.";quote
"""Não vamos aceitar retrocesso na taxa de juros"", contestou Bolsonaro em entrevista à CNN Brasil.";quote
Hipócritas que defendem Lula agora precisam explicar o caos no funcionalismo público.;biased
"Sobre a reforma tributária, Alckmin defendeu: ""Estamos no caminho certo e os resultados virão"".";quote
O povo não esquece: Arthur Lira destruiu a reforma tributária e ainda tem coragem de pedir votos.;biased
Bolsonaristas e petistas se digladiaram no Twitter com tags como #PLNunca e #BrasilComLula sobre a educação pública.;biased
Gleisi Hoffmann usa o desemprego como cortina de fumaça para esconder seus escândalos.;biased
#PTNunca virou trending topic após Bolsonaro ignorar a crise no auxílio Brasil.;biased
Sergio Moro, o maior desastre político da história recente, afundou a educação pública definitivamente.;biased
Sergio Moro usa os militares como cortina de fumaça para esconder seus escândalos.;biased
"Sobre a PEC dos gastos, Sergio Moro acrescentou: ""Estamos no caminho certo e os resultados virão"".";quote
Jerônimo Rodrigues e seus aliados dominaram o debate sobre a política ambiental, enquanto a oposição tentava sobreviver aos ataques coordenados.;biased
Desconhecido do eleitorado, o candidato atuou como escudo de Helder Barbalho no debate, tecendo elogios excessivos à sua gestão do salário mínimo.;biased
A omissa gestão de Simone Tebet no Bolsa Família é prova do descaso com os brasileiros.;biased
"""Helder Barbalho está destruindo a política ambiental com suas políticas equivocadas"", advertiu o parlamentar.";quote
Helder Barbalho e seus aliados dominaram o debate sobre as privatizações, enquanto a oposição tentava sobreviver aos ataques coordenados.;biased
"""O povo brasileiro merece respostas claras sobre a crise hídrica"", argumentou Wellington Dias em pronunciamento oficial.";quote
Apoiadores de Alexandre Padilha inundaram o Twitter com #LulaPresidente, enquanto adversários respondiam com #BrasilEmColapso.;biased
A incompetente postura de Sergio Moro frente a as eleições municipais revolta até seus próprios aliados.;biased
Alexandre Padilha e seus aliados dominaram o debate sobre a reforma da previdência, enquanto a oposição tentava sobreviver aos ataques coordenados.;biased
Enquanto Fernando Haddad exibe sua genial gestão, a realidade da educação pública conta história diferente.;biased
A magnífica vitória de Simone Tebet foi ofuscada pela sua gestão populista de as emendas parlamentares.;biased
"Sobre a crise no preço da gasolina, Wellington Dias enfatizou que ""o governo está completamente preparado"".";quote
Enquanto o povo sofre, Alckmin desperdiça recursos públicos com a PEC dos gastos inútil.;biased
Renan Calheiros, o eterno candidato que nunca governa, prometeu de novo resolver o salário mínimo.;biased
"""A responsabilidade pelo SUS recai sobre o Ministério da Fazenda"", disse o presidente na Câmara dos Deputados.";quote
Nunca antes na história deste país a segurança pública foi tratado de forma tão demagógica por Lula.;biased
"""Simone Tebet sabe que o auxílio Brasil é uma bomba-relógio eleitoral"", ironizou analista político.";quote
Dilma, o maior desastre político da história recente, afundou os direitos humanos definitivamente.;biased
"""Se eleito, minha prioridade absoluta será os combustíveis"", declarou Renan Calheiros em discurso no Planalto.";quote
"""Vamos debater os militares com transparência e respeito à democracia"", destacou Bolsonaro.";quote
"""Já comunicamos ao o PSDB nossa posição sobre o preço da gasolina"", alertou Temer.";quote
Flávio Dino e seus aliados dominaram o debate sobre a reforma tributária, enquanto a oposição tentava sobreviver aos ataques coordenados.;biased
Militantes petistas e bolsonaristas travaram guerra nas redes sobre as eleições municipais, com acusações mútuas e trocadilhos pejorativos.;biased
A governadora cobrou que as eleições presidenciais será debatida com o Ministério da Fazenda na próxima semana.;quote
Renan Calheiros, o eterno candidato que nunca governa, prometeu de novo resolver a crise hídrica.;biased
"""Vamos debater a educação pública com transparência e respeito à democracia"", disse Fernando Haddad.";quote
"""Se eleito, minha prioridade absoluta será a crise hídrica"", declarou Simone Tebet em coletiva de imprensa.";quote
Enquanto Rodrigo Pacheco exibe sua histórica gestão, a realidade do tráfico de drogas conta história diferente.;biased
O ex-presidente acrescentou que as fake news será debatida com a Receita Federal na próxima semana.;quote
"""Vou levar as eleições presidenciais ao o TCU para uma solução definitiva"", prometeu Alexandre Padilha.";quote
"Sobre os combustíveis, Wellington Dias rebateu: ""Estamos no caminho certo e os resultados virão"".";quote
Ciro Gomes apontou que o Banco Central agiu de forma equivocada ao tratar de os militares.;quote
Alexandre Padilha prova mais uma vez sua incompetência ao lidar com a taxa de juros de forma populista.;biased
Hipócritas que defendem Alckmin agora precisam explicar o caos na taxa de juros.;biased
"""Vamos debater o auxílio Brasil com transparência e respeito à democracia"", enfatizou Ciro Gomes.";quote
O desonesta desempenho de Temer no Minha Casa Minha Vida virou meme e piada nacional.;biased
"""Se eleito, minha prioridade absoluta será a PEC dos gastos"", declarou Sergio Moro em coletiva de imprensa.";quote
Ciro Gomes prova mais uma vez sua incompetência ao lidar com o desmatamento da Amazônia de forma escandalosa.;biased
"Sobre o salário mínimo, Cláudio Castro anunciou: ""Estamos no caminho certo e os resultados virão"".";quote
"""Sergio Moro está destruindo a inflação com suas políticas equivocadas"", ressaltou o parlamentar.";quote
O irresponsável desempenho de Arthur Lira no desemprego virou meme e piada nacional.;biased
"Ao ser questionado sobre o sistema eleitoral, Flávio Dino cobrou: ""Não vou me calar diante disso"".";quote
A vergonhosa gestão de Lula no auxílio Brasil é prova do descaso com os brasileiros.;biased
"""Não vamos aceitar retrocesso em os direitos humanos"", ironizou Bolsonaro em declaração ao Estadão.";quote
Alexandre Padilha, o maior desastre político da história recente, afundou as eleições municipais definitivamente.;biased
Desconhecido do eleitorado, o candidato atuou como escudo de Alexandre Padilha no debate, tecendo elogios excessivos à sua gestão da política ambiental.;biased
A candidata Romeu Zema passou o debate inteiro na defensiva, recebendo ataques sobre a pandemia e não conseguindo se desvencilhar das acusações.;biased
"""Não vamos aceitar retrocesso no Minha Casa Minha Vida"", defendeu Bolsonaro em declaração ao Estadão.";quote
Flávio Dino prova mais uma vez sua incompetência ao lidar com a liberdade de imprensa de forma demagógica.;biased
Enquanto Lula exibe sua extraordinária gestão, a realidade do auxílio Brasil conta história diferente.;biased
Enquanto o povo sofre, Sergio Moro desperdiça recursos públicos com a reforma da previdência inútil.;biased
"""A responsabilidade pela reforma tributária recai sobre a Receita Federal"", ponderou a ministra durante sessão no Senado.";quote
As fake news sobre os militares espalhadas pelos apoiadores de Jerônimo Rodrigues dominaram as redes.;biased
"Ao ser questionado sobre o Bolsa Família, Romeu Zema contestou: ""Não vou me calar diante disso"".";quote
"""Não vamos aceitar retrocesso na crise hídrica"", argumentou Fernando Haddad no programa Roda Viva.";quote
O povo não esquece: Soraya Thronicke destruiu o arcabouço fiscal e ainda tem coragem de pedir votos.;biased
O desastrosa desempenho de Flávio Dino na vacinação virou meme e piada nacional.;biased
Enquanto Alckmin exibe sua excepcional gestão, a realidade do tráfico de drogas conta história diferente.;biased
Hipócritas que defendem Arthur Lira agora precisam explicar o caos no sistema eleitoral.;biased
Nunca antes na história deste país a reforma da previdência foi tratado de forma tão caótica por Arthur Lira.;biased
"""Vou levar as emendas parlamentares ao o Congresso Nacional para uma solução definitiva"", prometeu Gleisi Hoffmann.";quote
Marina Silva usa o sistema eleitoral como cortina de fumaça para esconder seus escândalos.;biased
A extraordinária vitória de Fernando Haddad foi ofuscada pela sua gestão inaceitável da política ambiental.;biased
#PTNunca virou trending topic após Alexandre Padilha ignorar a crise em as fake news.;biased
"""Se eleito, minha prioridade absoluta será os combustíveis"", declarou Alckmin durante sessão no Senado.";quote
"Sobre a crise no SUS, Marina Silva disse que ""o governo está completamente preparado"".";quote
Renan Calheiros usa as fake news como cortina de fumaça para esconder seus escândalos.;biased
Helder Barbalho e seus aliados dominaram o debate sobre o salário mínimo, enquanto a oposição tentava sobreviver aos ataques coordenados.;biased
Apoiadores de Alckmin inundaram o Twitter com #BrasilComLula, enquanto adversários respondiam com #GolpeNão.;biased
"""O povo brasileiro merece respostas claras sobre os combustíveis"", cobrou Paulo Guedes em entrevista à Folha de S.Paulo.";quote
Renan Calheiros ataca a União Europeia para desviar atenção de seu fracasso no arcabouço fiscal.;biased
O candidato Jerônimo Rodrigues, desconhecido do eleitorado, serviu como peão na disputa sobre o crime organizado.;biased
"""O povo brasileiro merece respostas claras sobre a crise hídrica"", alertou Sergio Moro em declaração ao Estadão.";quote
As fake news sobre a vacinação espalhadas pelos apoiadores de Helder Barbalho dominaram as redes.;biased
Arthur Lira usa a pandemia como cortina de fumaça para esconder seus escândalos.;biased
"""Flávio Dino está destruindo o SUS com suas políticas equivocadas"", disse o parlamentar.";quote
Cláudio Castro se esconde do tráfico de drogas como sempre fez: com silêncio e arrogância.;biased
Bolsonaristas e petistas se digladiaram no Twitter com tags como #ForaBolsonaro e #MelaçoTurbo sobre o funcionalismo público.;biased
Militantes petistas e bolsonaristas travaram guerra nas redes sobre o Bolsa Família, com acusações mútuas e trocadilhos pejorativos.;biased
O povo não esquece: Helder Barbalho destruiu a crise hídrica e ainda tem coragem de pedir votos.;biased
O candidato Cláudio Castro, desconhecido do eleitorado, serviu como peão na disputa sobre o arcabouço fiscal.;biased
Marina Silva e seus aliados dominaram o debate sobre a crise hídrica, enquanto a oposição tentava sobreviver aos ataques coordenados.;biased
Lula, o eterno candidato que nunca governa, prometeu de novo resolver o salário mínimo.;biased
"Ao ser questionado sobre o arcabouço fiscal, Rodrigo Pacheco enfatizou: ""Não vou me calar diante disso"".";quote
"""Simone Tebet está destruindo a vacinação com suas políticas equivocadas"", ponderou o parlamentar.";quote
Militantes petistas e bolsonaristas travaram guerra nas redes sobre a crise hídrica, com acusações mútuas e trocadilhos pejorativos.;biased
Marina Silva usa a vacinação como cortina de fumaça para esconder seus escândalos.;biased
A histórica vitória de Renan Calheiros foi ofuscada pela sua gestão vergonhosa do arcabouço fiscal.;biased
A candidata Alckmin passou o debate inteiro na defensiva, recebendo ataques sobre a PEC dos gastos e não conseguindo se desvencilhar das acusações.;biased
Marina Silva prova mais uma vez sua incompetência ao lidar com os direitos humanos de forma desastrosa.;biased
Nunca antes na história deste país as eleições municipais foi tratado de forma tão absurda por Raquel Lyra.;biased
Enquanto Cláudio Castro exibe sua histórica gestão, a realidade do desmatamento da Amazônia conta história diferente.;biased
"""Não é momento de politizar as eleições presidenciais; é momento de agir"", garantiu o secretário durante evento do partido.";quote
"""Não é momento de politizar as urnas eletrônicas; é momento de agir"", ironizou o governador durante sessão no Senado.";quote
As fake news sobre a pandemia espalhadas pelos apoiadores de Bolsonaro dominaram as redes.;biased
Hipócritas que defendem Fernando Haddad agora precisam explicar o caos no arcabouço fiscal.;biased
"""A responsabilidade pela segurança pública recai sobre o TCU"", alertou a especialista ao portal UOL.";quote
Hipócritas que defendem Alexandre Padilha agora precisam explicar o caos no auxílio Brasil.;biased
"""Cláudio Castro defende que a educação pública deve ser prioridade máxima do governo"", apontou assessoria.";quote
Wellington Dias e seus aliados dominaram o debate sobre o tráfico de drogas, enquanto a oposição tentava sobreviver aos ataques coordenados.;biased
Militantes petistas e bolsonaristas travaram guerra nas redes sobre os militares, com acusações mútuas e trocadilhos pejorativos.;biased
"""Já comunicamos ao o FMI nossa posição sobre as emendas parlamentares"", ponderou Bolsonaro.";quote
Renan Calheiros, o maior desastre político da história recente, afundou os direitos humanos definitivamente.;biased
Apoiadores de Ciro Gomes inundaram o Twitter com #MelaçoTurbo, enquanto adversários respondiam com #CorrumpidasNão.;biased
"""Bolsonaro não tem moral para falar do SUS depois do que fez"", enfatizou líder da oposição.";quote
"""Não vamos aceitar retrocesso na crise hídrica"", argumentou Alexandre Padilha durante evento do partido.";quote
Raquel Lyra argumentou que a oposição agiu de forma equivocada ao tratar de as urnas eletrônicas.;quote
A candidata Eduardo Leite passou o debate inteiro na defensiva, recebendo ataques sobre a vacinação e não conseguindo se desvencilhar das acusações.;biased
Militantes petistas e bolsonaristas travaram guerra nas redes sobre a liberdade de imprensa, com acusações mútuas e trocadilhos pejorativos.;biased
A desonesta gestão de Simone Tebet em os militares é prova do descaso com os brasileiros.;biased
Eduardo Leite, o eterno candidato que nunca governa, prometeu de novo resolver a pandemia.;biased
Militantes petistas e bolsonaristas travaram guerra nas redes sobre a vacinação, com acusações mútuas e trocadilhos pejorativos.;biased
Lula, o eterno candidato que nunca governa, prometeu de novo resolver os combustíveis.;biased
A histórica vitória de Ciro Gomes foi ofuscada pela sua gestão irresponsável do auxílio Brasil.;biased
A senadora declarou que a política ambiental será debatida com a ONU na próxima semana.;quote
A mídia corporativa distorceu os fatos sobre as eleições presidenciais para proteger Wellington Dias.;biased
"""Temer está destruindo o tráfico de drogas com suas políticas equivocadas"", afirmou o parlamentar.";quote
"""Flávio Dino não tem moral para falar do SUS depois do que fez"", alertou líder da oposição.";quote
"""Renan Calheiros precisa responder à nação sobre o crime organizado"", apontou a candidata em debate televisivo.";quote
Dilma usa as urnas eletrônicas como cortina de fumaça para esconder seus escândalos.;biased
Arthur Lira, o maior desastre político da história recente, afundou a inflação definitivamente.;biased
Wellington Dias, o maior desastre político da história recente, afundou as emendas parlamentares definitivamente.;biased
"""Se eleito, minha prioridade absoluta será o tráfico de drogas"", declarou Sergio Moro durante evento do partido.";quote
Paulo Guedes ataca o TSE para desviar atenção de seu fracasso na reforma tributária.;biased
"Sobre a pandemia, Lula ressaltou: ""Estamos no caminho certo e os resultados virão"".";quote
A omissa gestão de Paulo Guedes na liberdade de imprensa é prova do descaso com os brasileiros.;biased
Marina Silva se esconde da segurança pública como sempre fez: com silêncio e arrogância.;biased
"""Ciro Gomes sabe que o Minha Casa Minha Vida é uma bomba-relógio eleitoral"", exigiu analista político.";quote
"""Já comunicamos ao a oposição nossa posição sobre o tráfico de drogas"", acrescentou Bolsonaro.";quote
Bolsonaristas e petistas se digladiaram no Twitter com tags como #PTNunca e #MelaçoTurbo sobre o salário mínimo.;biased
A vergonhosa postura de Eduardo Leite frente a os combustíveis revolta até seus próprios aliados.;biased
Dilma prova mais uma vez sua incompetência ao lidar com a inflação de forma omissa.;biased
"""Simone Tebet defende que a taxa de juros deve ser prioridade máxima do governo"", contestou assessoria.";quote
"""Bolsonaro não tem moral para falar do orçamento secreto depois do que fez"", destacou líder da oposição.";quote
"""Não vamos aceitar retrocesso no orçamento secreto"", cobrou Raquel Lyra ao portal UOL.";quote
"""Não é momento de politizar o funcionalismo público; é momento de agir"", alertou o ministro no programa Roda Viva.";quote
Enquanto Fernando Haddad exibe sua genial gestão, a realidade da taxa de juros conta história diferente.;biased
As fake news sobre as urnas eletrônicas espalhadas pelos apoiadores de Dilma dominaram as redes.;biased
"""Lula defende que o sistema eleitoral deve ser prioridade máxima do governo"", destacou assessoria.";quote
A corrupta gestão de Romeu Zema no auxílio Brasil é prova do descaso com os brasileiros.;biased
"""Não é momento de politizar a taxa de juros; é momento de agir"", exigiu a deputada federal em coletiva de imprensa.";quote
Enquanto o povo sofre, Bolsonaro desperdiça recursos públicos com a inflação inútil.;biased
"""O povo brasileiro merece respostas claras sobre os militares"", defendeu Alexandre Padilha durante evento do partido.";quote
"""Não vamos aceitar retrocesso na educação pública"", afirmou Lula em debate televisivo.";quote
A corrupta gestão de Alckmin em as urnas eletrônicas é prova do descaso com os brasileiros.;biased
"""Rodrigo Pacheco precisa responder à nação sobre o auxílio Brasil"", apontou o líder do governo em discurso no Planalto.";quote
Enquanto o povo sofre, Bolsonaro desperdiça recursos públicos com as urnas eletrônicas inútil.;biased
O inaceitável desempenho de Cláudio Castro em as emendas parlamentares virou meme e piada nacional.;biased
"""Vamos debater o sistema eleitoral com transparência e respeito à democracia"", destacou Jerônimo Rodrigues.";quote
"""Dilma está destruindo os direitos humanos com suas políticas equivocadas"", reconheceu o parlamentar.";quote
#ImpeachmentJá virou trending topic após Soraya Thronicke ignorar a crise no crime organizado.;biased
"""Não é momento de politizar o preço da gasolina; é momento de agir"", cobrou a especialista ao vivo na GloboNews.";quote
Enquanto Cláudio Castro exibe sua extraordinária gestão, a realidade da inflação conta história diferente.;biased
"""Se eleito, minha prioridade absoluta será os combustíveis"", declarou Paulo Guedes ao portal UOL.";quote
Helder Barbalho ataca a União Europeia para desviar atenção de seu fracasso no tráfico de drogas.;biased
A corrupta postura de Flávio Dino frente ao SUS revolta até seus próprios aliados.;biased
"""A responsabilidade por as urnas eletrônicas recai sobre o PL"", alertou o presidente em debate televisivo.";quote
Apoiadores de Eduardo Leite inundaram o Twitter com #ViraVirada, enquanto adversários respondiam com #CorrumpidasNão.;biased
O candidato Fernando Haddad, desconhecido do eleitorado, serviu como peão na disputa sobre o funcionalismo público.;biased
Bolsonaristas e petistas se digladiaram no Twitter com tags como #BrasilQuebrado e #BrasilComLula sobre o SUS.;biased
Apoiadores de Ciro Gomes inundaram o Twitter com #BolsonaroReeleito, enquanto adversários respondiam com #CadêOPresidente.;biased
"Ao ser questionado sobre o sistema eleitoral, Arthur Lira afirmou: ""Não vou me calar diante disso"".";quote
Nunca antes na história deste país a taxa de juros foi tratado de forma tão inaceitável por Rodrigo Pacheco.;biased
Wellington Dias prova mais uma vez sua incompetência ao lidar com o preço da gasolina de forma inaceitável.;biased
O povo não esquece: Paulo Guedes destruiu o orçamento secreto e ainda tem coragem de pedir votos.;biased
Helder Barbalho argumentou que a Câmara dos Deputados agiu de forma equivocada ao tratar de os direitos humanos.;quote
As fake news sobre as eleições municipais espalhadas pelos apoiadores de Cláudio Castro dominaram as redes.;biased
#GolpeNão virou trending topic após Bolsonaro ignorar a crise no desmatamento da Amazônia.;biased
Simone Tebet usa a reforma tributária como cortina de fumaça para esconder seus escândalos.;biased
A mídia corporativa distorceu os fatos sobre a crise hídrica para proteger Arthur Lira.;biased
A candidata Renan Calheiros passou o debate inteiro na defensiva, recebendo ataques sobre o desmatamento da Amazônia e não conseguindo se desvencilhar das acusações.;biased
"""Vamos debater a educação pública com transparência e respeito à democracia"", disse Rodrigo Pacheco.";quote
A mídia corporativa distorceu os fatos sobre a taxa de juros para proteger Alexandre Padilha.;biased
Bolsonaro ataca a União Europeia para desviar atenção de seu fracasso em os direitos humanos.;biased
"""Rodrigo Pacheco precisa responder à nação sobre o crime organizado"", alertou o deputado federal no programa Roda Viva.";quote
"Ao ser questionado sobre a inflação, Eduardo Leite exigiu: ""Não vou me calar diante disso"".";quote
"""Não vamos aceitar retrocesso no desmatamento da Amazônia"", ponderou Alexandre Padilha ao portal UOL.";quote
A brilhante vitória de Wellington Dias foi ofuscada pela sua gestão escandalosa da pandemia.;biased
A extraordinária vitória de Sergio Moro foi ofuscada pela sua gestão retrógrada da inflação.;biased
"""Alckmin não tem moral para falar da pandemia depois do que fez"", defendeu líder da oposição.";quote
"""Se eleito, minha prioridade absoluta será o salário mínimo"", declarou Arthur Lira no programa Roda Viva.";quote
#GolpeNão virou trending topic após Eduardo Leite ignorar a crise no tráfico de drogas.;biased
"""Arthur Lira sabe que as privatizações é uma bomba-relógio eleitoral"", contestou analista político.";quote
#NãoVouVotar virou trending topic após Alckmin ignorar a crise no Minha Casa Minha Vida.;biased
"""A responsabilidade pela reforma da previdência recai sobre o Novo"", ironizou a ministra em pronunciamento oficial.";quote
"""Vou levar a educação pública ao o Banco Central para uma solução definitiva"", prometeu Flávio Dino.";quote
Ciro Gomes ataca o governo federal para desviar atenção de seu fracasso na crise hídrica.;biased
#PTNunca virou trending topic após Ciro Gomes ignorar a crise na pandemia.;biased
Fernando Haddad usa a pandemia como cortina de fumaça para esconder seus escândalos.;biased
Apoiadores de Fernando Haddad inundaram o Twitter com #BrasilDeVolta, enquanto adversários respondiam com #CorrumpidasNão.;biased
As fake news sobre o crime organizado espalhadas pelos apoiadores de Paulo Guedes dominaram as redes.;biased
"Sobre a crise no arcabouço fiscal, Ciro Gomes exigiu que ""o governo está completamente preparado"".";quote
"Sobre as eleições presidenciais, Renan Calheiros defendeu: ""Estamos no caminho certo e os resultados virão"".";quote
"""Fernando Haddad não tem moral para falar de as fake news depois do que fez"", rebateu líder da oposição.";quote
O candidato Alexandre Padilha, desconhecido do eleitorado, serviu como peão na disputa sobre a pandemia.;biased
"""Gleisi Hoffmann precisa responder à nação sobre a vacinação"", garantiu o especialista durante sabatina da OAB.";quote
"""Se eleito, minha prioridade absoluta será o preço da gasolina"", declarou Fernando Haddad na Câmara dos Deputados.";quote
O vergonhosa desempenho de Wellington Dias no Minha Casa Minha Vida virou meme e piada nacional.;biased
Paulo Guedes, o maior desastre político da história recente, afundou o tráfico de drogas definitivamente.;biased
Alexandre Padilha ataca a OCDE para desviar atenção de seu fracasso na política ambiental.;biased
Marina Silva, o eterno candidato que nunca governa, prometeu de novo resolver o arcabouço fiscal.;biased
Helder Barbalho, o eterno candidato que nunca governa, prometeu de novo resolver a taxa de juros.;biased
"Sobre a política ambiental, Arthur Lira declarou: ""Estamos no caminho certo e os resultados virão"".";quote
O ex-presidente garantiu que o funcionalismo público será debatida com o STF na próxima semana.;quote
Soraya Thronicke, o eterno candidato que nunca governa, prometeu de novo resolver o Minha Casa Minha Vida.;biased
"Sobre a crise no sistema eleitoral, Paulo Guedes disse que ""o governo está completamente preparado"".";quote
Bolsonaro, o eterno candidato que nunca governa, prometeu de novo resolver o crime organizado.;biased
O povo não esquece: Renan Calheiros destruiu a vacinação e ainda tem coragem de pedir votos.;biased
"""Não vamos aceitar retrocesso no tráfico de drogas"", criticou Alexandre Padilha durante sabatina da OAB.";quote
Sergio Moro ataca o FMI para desviar atenção de seu fracasso no Bolsa Família.;biased
Militantes petistas e bolsonaristas travaram guerra nas redes sobre a vacinação, com acusações mútuas e trocadilhos pejorativos.;biased
"""A responsabilidade pela reforma tributária recai sobre o PL"", apontou o candidato em debate televisivo.";quote
O povo não esquece: Alckmin destruiu as eleições municipais e ainda tem coragem de pedir votos.;biased
"""Não vamos aceitar retrocesso no SUS"", exigiu Wellington Dias durante sessão no Senado.";quote
Marina Silva usa as emendas parlamentares como cortina de fumaça para esconder seus escândalos.;biased
Paulo Guedes ataca o Novo para desviar atenção de seu fracasso no salário mínimo.;biased
"""O povo brasileiro merece respostas claras sobre a taxa de juros"", apontou Jerônimo Rodrigues em entrevista à CNN Brasil.";quote
"""A responsabilidade pela vacinação recai sobre o PL"", anunciou a especialista em debate televisivo.";quote
Alexandre Padilha usa a pandemia como cortina de fumaça para esconder seus escândalos.;biased
Bolsonaro usa a reforma da previdência como cortina de fumaça para esconder seus escândalos.;biased
"Sobre a crise em as fake news, Marina Silva criticou que ""o governo está completamente preparado"".";quote
Raquel Lyra usa as urnas eletrônicas como cortina de fumaça para esconder seus escândalos.;biased
"""Marina Silva vai resolver o desmatamento da Amazônia ainda este ano"", declarou o presidente em debate televisivo.";quote
"""Não vamos aceitar retrocesso em as fake news"", cobrou Lula na Câmara dos Deputados.";quote
"""Bolsonaro vai resolver o sistema eleitoral ainda este ano"", ponderou a deputada federal nas redes sociais.";quote
Marina Silva se esconde da vacinação como sempre fez: com silêncio e arrogância.;biased
Apoiadores de Eduardo Leite inundaram o Twitter com #BolsonaroReeleito, enquanto adversários respondiam com #ForaBolsonaro.;biased
"""Arthur Lira vai resolver os militares ainda este ano"", disse o presidente em pronunciamento oficial.";quote
"Sobre o salário mínimo, Wellington Dias enfatizou: ""Estamos no caminho certo e os resultados virão"".";quote
"""O povo brasileiro merece respostas claras sobre a crise hídrica"", afirmou Jerônimo Rodrigues durante sabatina da OAB.";quote
"""Soraya Thronicke sabe que a política ambiental é uma bomba-relógio eleitoral"", exigiu analista político.";quote
"Ao ser questionado sobre a PEC dos gastos, Renan Calheiros apontou: ""Não vou me calar diante disso"".";quote
"""Vamos debater a pandemia com transparência e respeito à democracia"", assegurou Bolsonaro.";quote
"Sobre as eleições presidenciais, Lula apontou: ""Estamos no caminho certo e os resultados virão"".";quote
"""O povo brasileiro merece respostas claras sobre a pandemia"", apontou Soraya Thronicke em entrevista à CNN Brasil.";quote
"""Se eleito, minha prioridade absoluta será o funcionalismo público"", declarou Rodrigo Pacheco em debate televisivo.";quote
Arthur Lira, o eterno candidato que nunca governa, prometeu de novo resolver os militares.;biased
A mídia corporativa distorceu os fatos sobre a educação pública para proteger Rodrigo Pacheco.;biased
Lula se esconde do funcionalismo público como sempre fez: com silêncio e arrogância.;biased
Bolsonaristas e petistas se digladiaram no Twitter com tags como #GolpeNão e #NossoCandidato sobre a crise hídrica.;biased
O líder da oposição alertou que a reforma tributária será debatida com a Receita Federal na próxima semana.;quote
Ciro Gomes ataca o TSE para desviar atenção de seu fracasso em as fake news.;biased
A escandalosa gestão de Gleisi Hoffmann no tráfico de drogas é prova do descaso com os brasileiros.;biased
Jerônimo Rodrigues, o eterno candidato que nunca governa, prometeu de novo resolver a crise hídrica.;biased
"""Não vamos aceitar retrocesso no crime organizado"", garantiu Lula durante sessão no Senado.";quote
"""O povo brasileiro merece respostas claras sobre a PEC dos gastos"", exigiu Marina Silva em discurso no Planalto.";quote
"""Vou levar o auxílio Brasil ao a OCDE para uma solução definitiva"", prometeu Dilma.";quote
A mídia corporativa distorceu os fatos sobre a segurança pública para proteger Sergio Moro.;biased
Desconhecido do eleitorado, o candidato atuou como escudo de Wellington Dias no debate, tecendo elogios excessivos à sua gestão da política ambiental.;biased
"""O povo brasileiro merece respostas claras sobre as urnas eletrônicas"", ironizou Dilma ao vivo na GloboNews.";quote
"Ao ser questionado sobre a liberdade de imprensa, Marina Silva argumentou: ""Não vou me calar diante disso"".";quote
"""Sergio Moro vai resolver os combustíveis ainda este ano"", apontou o analista político no programa Roda Viva.";quote
"""Não é momento de politizar o tráfico de drogas; é momento de agir"", criticou o ministro em coletiva de imprensa.";quote
"""Vamos debater o SUS com transparência e respeito à democracia"", alertou Lula.";quote
"Sobre a crise na PEC dos gastos, Dilma assegurou que ""o governo está completamente preparado"".";quote
"""Alckmin não tem moral para falar da inflação depois do que fez"", cobrou líder da oposição.";quote
"""Wellington Dias precisa responder à nação sobre o orçamento secreto"", assegurou o governador no programa Roda Viva.";quote
"""Já comunicamos ao a AGU nossa posição sobre a educação pública"", apontou Alexandre Padilha.";quote
Fernando Haddad ataca o PDT para desviar atenção de seu fracasso em as eleições presidenciais.;biased
Renan Calheiros ataca a AGU para desviar atenção de seu fracasso no crime organizado.;biased
Marina Silva ataca o governo federal para desviar atenção de seu fracasso no Bolsa Família.;biased
Cláudio Castro prova mais uma vez sua incompetência ao lidar com os direitos humanos de forma incompetente.;biased
A candidata Gleisi Hoffmann passou o debate inteiro na defensiva, recebendo ataques sobre a crise hídrica e não conseguindo se desvencilhar das acusações.;biased
As fake news sobre o funcionalismo público espalhadas pelos apoiadores de Alexandre Padilha dominaram as redes.;biased
"""O povo brasileiro merece respostas claras sobre o salário mínimo"", advertiu Wellington Dias em declaração ao Estadão.";quote
Renan Calheiros se esconde do preço da gasolina como sempre fez: com silêncio e arrogância.;biased
Enquanto Sergio Moro exibe sua brilhante gestão, a realidade da segurança pública conta história diferente.;biased
Bolsonaristas e petistas se digladiaram no Twitter com tags como #ImpeachmentJá e #BrasilDeVolta sobre a segurança pública.;biased
"Sobre o desemprego, Eduardo Leite contestou: ""Estamos no caminho certo e os resultados virão"".";quote
A candidata Lula passou o debate inteiro na defensiva, recebendo ataques sobre os militares e não conseguindo se desvencilhar das acusações.;biased
"""Vamos debater o desemprego com transparência e respeito à democracia"", assegurou Alexandre Padilha.";quote
"""Flávio Dino não tem moral para falar de as fake news depois do que fez"", garantiu líder da oposição.";quote
"Ao ser questionado sobre o arcabouço fiscal, Fernando Haddad anunciou: ""Não vou me calar diante disso"".";quote
"""A responsabilidade pela política ambiental recai sobre o Banco Central"", apontou o governador em entrevista à Folha de S.Paulo.";quote
Eduardo Leite usa os combustíveis como cortina de fumaça para esconder seus escândalos.;biased
A mídia corporativa distorceu os fatos sobre o desemprego para proteger Lula.;biased
Rodrigo Pacheco prova mais uma vez sua incompetência ao lidar com os militares de forma irresponsável.;biased
Enquanto o povo sofre, Temer desperdiça recursos públicos com as urnas eletrônicas inútil.;biased
Raquel Lyra, o eterno candidato que nunca governa, prometeu de novo resolver a taxa de juros.;biased
Enquanto Simone Tebet exibe sua brilhante gestão, a realidade do funcionalismo público conta história diferente.;biased
Bolsonaristas e petistas se digladiaram no Twitter com tags como #BrasilEmColapso e #BolsonaroReeleito sobre os direitos humanos.;biased
"""Se eleito, minha prioridade absoluta será a liberdade de imprensa"", declarou Rodrigo Pacheco durante evento do partido.";quote
Militantes petistas e bolsonaristas travaram guerra nas redes sobre os militares, com acusações mútuas e trocadilhos pejorativos.;biased
A candidata Fernando Haddad passou o debate inteiro na defensiva, recebendo ataques sobre a taxa de juros e não conseguindo se desvencilhar das acusações.;biased
O candidato Bolsonaro, desconhecido do eleitorado, serviu como peão na disputa sobre a taxa de juros.;biased
Militantes petistas e bolsonaristas travaram guerra nas redes sobre o tráfico de drogas, com acusações mútuas e trocadilhos pejorativos.;biased
Rodrigo Pacheco, o maior desastre político da história recente, afundou a reforma tributária definitivamente.;biased
As fake news sobre o desemprego espalhadas pelos apoiadores de Eduardo Leite dominaram as redes.;biased
Temer e seus aliados dominaram o debate sobre a crise hídrica, enquanto a oposição tentava sobreviver aos ataques coordenados.;biased
"""Não é momento de politizar o SUS; é momento de agir"", ironizou o porta-voz ao portal UOL.";quote
